unit,family,seed,training_vr,phase_response,lambda,status,seconds,best_objective,data_mse,shared_gradient_max,simplex_kkt,mean_eV,sd_eV,q05_eV,median_eV,q95_eV,kernel_width_V,phase_beta,mode_eV,peak_status,peak_to_uniform,peak_halfheight_low_eV,peak_halfheight_high_eV,peak_fwhm_eV,peak_halfheight_mass,ar4s_mass,below_ar4s_mass
A462576033E3851DB93E46F2B7D003F854FA6CC991B0C9EE3DA478917BAA98CE,H1,0,"[6.0, 8.0]",False,0.0,stationary,8.315110700001242,0.0008286818472941283,0.0007563829131362367,1.9733967707588021e-07,0.0,11.687193894230589,0.0,11.687193894230589,11.687193894230589,11.687193894230589,2.2096042342134004,0.0,11.687193894230589,delta,,,,,,,
828F9FEAF3F88D9D1086299E570CBF96A527D75DD1C74EA81CFDB5D6E99BCDDF,H1,0,"[6.0, 8.0]",True,0.0,stationary,8.58082800000011,0.00043171842282044054,0.00035184115431794545,5.731440043335525e-07,0.0,11.672714580520722,0.0,11.672714580520722,11.672714580520722,11.672714580520722,2.1685530671233093,0.38479024942635,11.672714580520722,delta,,,,,,,
1EE5A074C03EE6A2DBA7188D69B079A55325895B4CD457CB66930D01D43B7853,G1,0,"[6.0, 8.0]",False,0.0,stationary,13.94532700000127,0.0008302548453579757,0.0007568354475269604,1.7471976836935115e-08,0.0,11.687322349498618,0.05000000000000293,11.60501116529939,11.687322275557786,11.769633134822026,2.1999631298102393,0.0,11.685,concentrated,55.79170642508339,11.628387019999765,11.746255369202256,0.11786834920249056,0.7610836746847374,0.9948001877263433,0.0027431436813724324
1B0837DC2F8C83E6FA8BD482114A1C821DC9088657703BE1DC23C327B9063FB4,G1,0,"[6.0, 8.0]",True,0.0,stationary,26.588570899999468,0.00043445273247190246,0.00035181287855604563,2.8465743505500847e-06,0.0,11.673195555199133,0.05007593951779572,11.590760192248036,11.673195822761443,11.755632143452242,2.158464422209673,0.384944630350297,11.675,concentrated,55.731026502719494,11.614195759366515,11.73220371388147,0.1180079545149546,0.7609283274043848,0.9926297823415376,0.0063703853835490095
E2FFA054E3165573861335152CB76B47D250B3B6DD950991FA24FB7B1666720D,C,0,"[6.0, 8.0]",False,0.0,stationary,20.466084199999386,0.0005425150460997624,0.0005061345487054152,1.39506202066442e-07,3.230091677669758e-08,11.943433198434732,1.7782985644203295,9.479163597753779,12.287475921028685,14.68281156831851,2.5804582016143742,0.0,16.0,boundary_peak,12.481559354637083,15.979334257974735,16.0,0.020665742025265388,0.02695903677912717,2.7971673998346414e-12,0.40366570493796805
5436CA8BCB9FAA4EE4CD5A9B3E3BD2B18B2CF6E3B370B44B934145DC331BD0BD,C,0,"[6.0, 8.0]",False,1e-08,stationary,20.8329061000004,0.0005599097429758931,0.0005170872907226813,2.8940616006770344e-09,9.495932209447252e-09,11.94433147110224,1.742340422301889,9.575750824874182,12.243081059363373,14.746422751942685,2.5601772718441262,0.0,12.325,concentrated,6.33704137451898,12.13643068428155,12.51726537663256,0.3808346923510104,0.2817384899312103,2.7971673999048932e-12,0.39964195273745434
C398554D01608F1E2B90D901E474901DF5CBDE58008769DA062C9C9AB8BE90ED,C,0,"[6.0, 8.0]",False,1e-06,stationary,20.422006999999212,0.0006483377998381657,0.0005889956725894835,1.7400859502442183e-08,8.63900335313771e-09,11.967307322747253,1.6591236050611229,9.605313163255115,12.211844981494009,14.781815988646958,2.3517001805632525,0.0,12.33,concentrated,3.7697582294431284,11.999921140185064,12.691690887080158,0.6917697468950941,0.3032524827298232,0.005007331189291048,0.3827441480917866
B73A854B702E5F89D112028B94C0C55985FB30E83D63E9475BF7549D2935CF3A,C,0,"[6.0, 8.0]",False,0.0001,stationary,21.709209900000133,0.000997554500545185,0.0006977523925937372,1.8543308520992994e-08,4.622566338741011e-08,11.73079236256332,1.6057048269453524,9.434619569662482,11.910300826789129,14.625041066181721,2.7249933609230035,0.0,12.355,concentrated,2.241520160979641,11.739717470006966,13.071576514525692,1.3318590445187262,0.34485278947351544,0.039553220560093014,0.4430824390032866
C06B54E31153A8AABC0D8431C02FEB9907517942E2203E429C9D43877F24C6EF,C,0,"[6.0, 8.0]",True,0.0,stationary,34.81834610000078,0.000186473247855705,0.0001408601392459549,1.8121482506098055e-08,2.7825524359355327e-08,12.00080602907129,1.6905622448623636,9.661293906841035,12.278763004995188,15.241107514574193,2.2860796879665775,0.3882745047751581,12.3,concentrated,15.617399398929143,12.227756773786794,12.372243226213207,0.14448645242641334,0.2609340043016686,2.79716739982936e-12,0.3790438731586282
3594BEE7B08FAF352839C519F61AB00C8AB846B40A372DF92EB67C5396E4C2C9,C,0,"[6.0, 8.0]",True,1e-08,stationary,35.66341399999874,0.00016868502796767761,0.00011518964067910463,1.747839954461336e-09,7.216195274571761e-09,11.821899121750944,1.6454955592055152,9.492067394136956,12.109931231596365,14.803144576487709,2.1889682658331164,0.38724026138254497,12.18,concentrated,6.173311742665979,11.987530894120178,12.37934818118561,0.3918172870654324,0.28229090204623625,0.0012217605796032444,0.38808418642976006
6B3ADAA07273F705DBAD7EE29C3C20E82D0AF55C2CE33AF1AC4F1BF64D241CFD,C,0,"[6.0, 8.0]",True,1e-06,stationary,35.30864670000119,0.00026328323787848325,0.00018989726124160592,4.191401220826771e-09,3.051613729193451e-09,11.887960820553126,1.623043945332463,9.535129097738636,12.144956975756184,14.671124615158458,2.209044090212787,0.3866118660773534,12.254999999999999,concentrated,3.9367229659727854,11.93395880270981,12.61420809764805,0.680249294938239,0.3112105146975238,0.012547724713292008,0.37778386476135617
576ECA5AF407C9C4FEDB69C1FDC1CFE034D8361EEE37911256BD6044A93E91B7,H1,0,"[4.0, 8.0]",False,0.0,stationary,7.523459699999876,0.0016108523470619936,0.0013866342494258158,1.9169797779176976e-07,0.0,11.723471385891683,0.0,11.723471385891683,11.723471385891683,11.723471385891683,2.2902952197130215,0.0,11.723471385891683,delta,,,,,,,
2C27613F5AB301DAE602B7B5BA9156213B6FA1A2C4841C2C1F0451BC64458325,H1,0,"[4.0, 8.0]",True,0.0,stationary,6.709635600000183,0.0004841989503427367,0.0003111333714188609,8.25298480627533e-08,0.0,11.651660937390787,0.0,11.651660937390787,11.651660937390787,11.651660937390787,2.152873360708809,0.4338085554532358,11.651660937390787,delta,,,,,,,
D5D1DC4075A8ABD10D52DB622C5C5B55A530F0AF693C57BDCFBAE42CACCBF08C,C,0,"[6.0, 8.0]",True,0.0001,stationary,34.59848449999845,0.0006398819255498447,0.0003134763987464364,6.048601603522889e-08,1.6865637531514582e-07,11.729242324677744,1.6053978874052124,9.429913209198238,11.911900340034064,14.615872945900142,2.722904291604975,0.3826747594328519,12.33,concentrated,2.2661918480696306,11.722905667348535,13.047821029007794,1.3249153616592597,0.34678793026160837,0.04167722559977133,0.4397949675277173
A4DCEC4D34F4E1607B86C6238E8C3D929E8E2D21068CC7067969477C134546F3,G1,0,"[4.0, 8.0]",False,0.0,stationary,14.071149500001411,0.0016122506977468939,0.0013875097745286828,5.081836973358351e-08,0.0,11.72262106131942,0.05000000277268381,11.640310220887766,11.722621111844424,11.804932173122616,2.282576792398219,0.0,11.725,concentrated,55.78873482936027,11.663685322963765,11.781558368701331,0.11787304573756607,0.761102354546177,0.9822040280413135,0.000248508495130098
BCAE91660D59B1ED695D26EA11604E5E5E3B35CEB2453EC356AAC39C0BC998E4,C,0,"[4.0, 8.0]",False,0.0,stationary,19.66899150000063,0.0013986000165506253,0.001258062596292862,8.769281163637475e-09,1.0761092120855482e-08,11.85800666747872,1.8005000462665606,9.487915930213356,12.418413085106833,14.80028341619038,2.6973083245609017,0.0,12.5,concentrated,14.110973592470442,12.42775677378677,12.57224322621323,0.14448645242645952,0.23576478708305404,2.7971673998433603e-12,0.47524728920838166
60FF6F5FE58D60F806CA0F5EC9AD4772219138BF0503EF0015F7BAD2EE55CE20,G1,0,"[4.0, 8.0]",True,0.0,stationary,24.437968800000817,0.00048685065982207137,0.000312723527853128,3.8034897498847686e-08,0.0,11.652142761426209,0.049999999999999996,11.569831345294416,11.652142615042834,11.734453416425739,2.142016294867693,0.4339807832904632,11.65,concentrated,55.800654800740126,11.59321349069227,11.711067335348913,0.1178538446566435,0.7610259244498806,0.9807418724890274,0.019038815289596975
5EC8A9C267506FDD788B78747F4DA050E470606AF98872D108BA2714E3A53D3B,C,0,"[4.0, 8.0]",False,1e-08,stationary,19.482303200000388,0.0014117247863238997,0.0012687785276872545,1.602622363649268e-08,2.307905537190144e-08,11.850671206375457,1.7665023254269956,9.523028908477713,12.27475100424529,14.904617549196905,2.7857565927698804,0.0,12.54,concentrated,5.102152878080807,12.326254675668157,12.737736227780207,0.4114815521120505,0.24510206977396265,2.7971673999104864e-12,0.4836762390245138
265C8284AE8489531D70E5590D6BF6435D7F444B10166D020B370EF4E0F35489,C,0,"[4.0, 8.0]",False,1e-06,stationary,21.318002400001205,0.0014234256366996258,0.0012818789275244053,3.1922982027602476e-09,1.2661883643639806e-08,11.786990612163136,1.7010382933928134,9.47607109027566,11.268958767156303,14.712394459949662,3.6767005521393425,0.0,10.68,concentrated,2.7452392569215185,9.967688210802399,11.079853455814304,1.112165245011905,0.3504282129072372,0.0014947335299669358,0.5026529956586719
0ED14B92720EF077D6E930857B2D90D8CA858EE2AB3A02C40C5C9A5C4497BDCF,C,0,"[4.0, 8.0]",False,0.0001,stationary,21.134777100000065,0.0017382506536383088,0.001388445032050015,5.675710199187708e-07,2.0689896544070704e-09,11.649535103173097,1.6402983921981507,9.380385973448394,11.275457519950658,14.762815654279265,3.019442765524268,0.0,10.49,concentrated,2.3650914154216505,9.670974055369095,11.092746425163796,1.4217723697947005,0.3816648326969637,0.019907170369022866,0.5196832514452496
D72A3BFE7DDC1FCB15B6C826C1D11FB4B46D320DBA93F321E4426E666C8A5812,C,0,"[4.0, 8.0]",True,0.0,stationary,33.08381009999903,0.0003060354329309869,0.00019204611554557666,7.3156832730081445e-09,9.593200854062078e-09,11.783920848488409,1.7094413499078465,9.613182862280981,12.165324645029669,15.129764877002463,2.3266630767877023,0.4401659871980461,12.2,concentrated,16.59303995245544,12.127756773786807,12.272243226213194,0.1444864524263867,0.2772349126595227,2.7971673998321635e-12,0.4000759197562209
77FB7EFCC24B844A47C17B0CFA57543F6E9FE1CB712E990E4CD6B8D6AB6B38AE,H1,0,"[4.0, 6.0]",False,0.0,stationary,6.7861615999991045,0.0007296213825556235,0.0006294288002772439,7.803112035881348e-08,0.0,11.592722752125747,0.0,11.592722752125747,11.592722752125747,11.592722752125747,2.122546068919474,0.0,11.592722752125747,delta,,,,,,,
6F44F53222851FADF27C98481A4C0637997D4260A46D517BE61B1C05C975D1BF,C,0,"[4.0, 8.0]",True,1e-08,stationary,34.18173339999885,0.00032076177114045924,0.00021231165679355058,1.0627092835669448e-07,8.822664294406326e-08,11.883494875008493,1.75710984154086,9.53575224148144,12.223478808073565,14.757367854742435,2.564788639367092,0.4399393666130096,12.325,concentrated,6.525878642852825,12.14674400463022,12.510150413194712,0.3634064085644919,0.27697983427164874,2.7977717654890263e-12,0.4195439982315815
43C6AFF197E81608F39DB8C198A9033AAF8E36B4726213A88AB7137479B89B74,C,0,"[4.0, 8.0]",True,1e-06,stationary,34.915064699998766,0.00038209923062785926,0.00025566612520552356,3.9962314903826035e-08,5.980179631149467e-09,11.844089861739711,1.6919817070874892,9.478800162913295,12.132965317829004,14.781499363118908,2.511125981670694,0.4370270059488166,12.325,concentrated,3.7444894051589226,11.985908310193146,12.682418486911391,0.6965101767182453,0.3037807855169935,0.007326249722254015,0.41264136421848385
3215306FCBFC0968E14922927E1C0E1E7F3F68527915B953FF703CBDAA891458,H1,0,"[4.0, 6.0]",True,0.0,stationary,6.616514499999539,0.00040504646011935917,0.00028696959531630345,3.28020853907909e-08,0.0,11.582271232518195,0.0,11.582271232518195,11.582271232518195,11.582271232518195,2.0712948637791166,0.4539539184190957,11.582271232518195,delta,,,,,,,
1EB842499DABF2F1F755814EB753117BB5E0AE5F79D6541C5DEB270ECF9FD474,C,0,"[4.0, 8.0]",True,0.0001,stationary,35.75765719999981,0.0007426083867943963,0.0003490313336595968,5.567302378288097e-07,7.026767537106826e-07,11.61279340236251,1.632726842698683,9.357089725214376,11.45365024717593,14.678793968713114,3.100217082846982,0.4401071731775652,10.395,concentrated,2.4068739442153677,9.626919689629378,10.964453515824657,1.337533826195278,0.36602237038648333,0.024635517320641783,0.5044578552830545
29C336C84C04DFFBCC69D865B0C432A046FF76256AEE52B6B091DB801363975C,G1,0,"[4.0, 6.0]",False,0.0,stationary,14.565102199998364,0.0007319412130545773,0.0006306450472846755,8.639593025182796e-08,0.0,11.593729927775751,0.05,11.511419366996707,11.593730317434936,11.676041805768362,2.1130219851650587,0.0,11.595,concentrated,55.8339034010903,11.534842860399444,11.652634427599875,0.11779156720043105,0.7607784954930468,0.8177307146167034,0.18226787182714368
F77F41D3D260ED1E4AB27BE8F4301D909A9503794BAC54B0CDF11CDC0CC7EA5B,C,0,"[4.0, 6.0]",False,0.0,stationary,18.565611899999567,0.0005595274585663762,0.0004945676610263726,3.0218498851074995e-08,5.485111610218213e-09,12.03294636832384,1.7230685586165149,9.66846100950725,12.271932420353576,15.25866303219498,2.2814282556663215,0.0,12.295,concentrated,13.863740726040035,12.213174180967162,12.370119355739593,0.15694517477243153,0.2510856715880123,2.797167399837764e-12,0.3671356175523277
812E9066396D12E32BB1875460276E3B64DB79ACBEC05F8B7D2C1D57A2E3FE0F,G1,0,"[4.0, 6.0]",True,0.0,stationary,24.708030300000246,0.00040730946350007167,0.0002879738227552456,9.361090805859133e-08,0.0,11.582814846234935,0.05,11.500504164474206,11.582814975849914,11.665126212415364,2.0613330408736332,0.45413422434505213,11.585,concentrated,55.798607284086685,11.523888301980929,11.641745518486305,0.11785721650537617,0.7610393466572911,0.754474104359627,0.24552541918684356
D78C141A19FAC1C5E619D3A28C80009E047F42B2D27C9D88BA6072E32967193D,C,0,"[4.0, 6.0]",False,1e-08,stationary,19.338510400000814,0.0005729447644910397,0.0005021509735353343,1.66886344409402e-09,1.0886660432072004e-09,11.967554951927546,1.676951443407245,9.588301259317154,12.199685946800642,15.169712976869489,2.2530838186143276,0.0,12.24,concentrated,6.304968844336866,12.0489823582463,12.44228733717677,0.3933049789304697,0.28954855421971504,6.700758180691108e-06,0.36221656290988813
D5C515914D5D42959107BAAEBA3E016994D4B34D5AF417DA9B3CB96EB5048EDD,C,0,"[4.0, 6.0]",False,1e-06,stationary,20.632116899998437,0.0006163498736259484,0.0005356352830867612,6.307641180722064e-08,2.618603275284458e-08,11.948211921973204,1.6939467518267122,9.567767647620578,12.177393964131966,14.781726491290112,2.376212788343997,0.0,12.3,concentrated,3.496498328191407,11.952971710094419,12.685930321634133,0.7329586115397149,0.29757578456206624,0.010439174547452232,0.38454893519662714
B7B41E998C7296B831D94F73B64B04EF24972427354B22B627D16139E9AA17AE,C,0,"[4.0, 6.0]",False,0.0001,stationary,21.58878679999907,0.0009171382651098983,0.0006332228992760391,2.7133605412602714e-09,8.270314576453103e-08,11.761038238486384,1.6545822032605608,9.432465739302716,11.880236554479712,14.705032835628787,2.7713233746523556,0.0,10.27,concentrated,2.137597453553139,9.530949426274766,10.858014022052119,1.3270645957773528,0.3235047592039355,0.04131896850334451,0.44803272102548364
B729538E4F888A6A534C890C697E977C14B307C6A4E3B6AAD36F74A964DB5253,C,0,"[4.0, 6.0]",True,0.0,stationary,31.724899599999844,0.00022892834601037404,0.00014955884778027255,3.177247424776905e-09,1.717721069270392e-08,11.913007313268059,1.6880582522536338,9.582812894456199,12.182003064763366,15.070487087285269,2.1898393140561296,0.4620798945019837,12.2,concentrated,16.10686239883611,12.1277567737868,12.272243226213199,0.14448645242639913,0.269111904940593,2.797167399832165e-12,0.36818911254691983
8BAC5CBA08A9925C7D38D8BCA5346C2FC0DC0F6A3059AD568CA4B7E015B836C8,C,0,"[4.0, 6.0]",True,1e-08,stationary,32.633987799999886,0.00024516774131470436,0.0001598010192989788,4.229300443455504e-10,6.313560355265422e-10,11.940250812158105,1.656313935611736,9.55382375753347,12.174732563043277,15.08948755400647,2.1643255530972967,0.4632886085420578,12.21,concentrated,6.514317524862936,12.0252296890222,12.408996417642184,0.3837667286199835,0.29176380880594543,9.443890431551371e-06,0.36044048140887086
BC6B6D5A7BA1D73C0D3842B3CDE4940ED1F7AD330C6EA9F392D9B7DA6D988817,C,0,"[4.0, 6.0]",True,1e-06,stationary,33.15535160000036,0.0002980122616952439,0.00020090357846437387,3.755098696538941e-08,5.668240730475065e-09,11.939494020561614,1.6794058226412325,9.561567492417144,12.157919679721244,14.760742021532968,2.2417495130142218,0.4643392661882102,12.26,concentrated,3.6180791894930917,11.928173369301227,12.6329332026425,0.7047598333412726,0.2960470613275292,0.012756439803605642,0.3785675592913684
410AD1F3940F72FE2A058BA62947B8DDBAE348BDE96E7F876C355AFC69EBA9B4,C,0,"[4.0, 6.0]",True,0.0001,stationary,29.584676400001626,0.000610840950157894,0.00029965814571220544,1.849723473573561e-08,3.461543665502767e-08,11.763218414084097,1.6526681209876373,9.43753932876104,11.8824741304488,14.693064705763314,2.7427983182282376,0.4675064225297829,10.25,concentrated,2.1234495561638056,9.516343154019019,10.838769169882898,1.3224260158638792,0.3203400399531454,0.04404808819676137,0.44423886435721455
262327DBFA516EFCC64B1394AE3BB2E7B698276E39EA880C7BADDE750DF5C7A5,H1,0,"[4.0, 6.0, 8.0]",False,0.0,stationary,6.730921800000942,0.001316818798444986,0.0011592205273318985,1.3034890445820543e-07,0.0,11.679634746313514,0.0,11.679634746313514,11.679634746313514,11.679634746313514,2.2441363328819945,0.0,11.679634746313514,delta,,,,,,,
EF41E09D967B433A0CA7CF4E849DD8CC7DA0D7987C0997482D616076EABF3A62,H1,2,"[4.0, 6.0, 8.0]",False,0.0,stationary,6.940552500000194,0.0013167904889949235,0.0011591461006199353,9.712027748525508e-08,0.0,11.679624522622248,0.0,11.679624522622248,11.679624522622248,11.679624522622248,2.2441429150917473,0.0,11.679624522622248,delta,,,,,,,
594397E2CD0F11DDF0B13AC5D1C55D3CD1CA23C839AC47134D92B15C6CAEFFDC,H1,1,"[4.0, 6.0, 8.0]",False,0.0,stationary,7.070127999999386,0.002231500706265274,0.002032094154552363,7.759012142151743e-08,0.0,11.03100078540847,0.0,11.03100078540847,11.03100078540847,11.03100078540847,2.0598977013233273,0.0,11.03100078540847,delta,,,,,,,
EC9CC98625A002C3262536303B5E8695A5DAC0F762899B600970580B8D20004E,G1,0,"[4.0, 6.0, 8.0]",False,0.0,stationary,16.515971799999534,0.0013181442735767093,0.001158997625398236,3.252506532985639e-07,0.0,11.680301638075381,0.05,11.59799011894715,11.680301430104794,11.762612739219206,2.2356849309970994,0.0,11.68,concentrated,55.8509029221693,11.621414924761053,11.739182853538777,0.1177679287777238,0.7606854574774795,0.9942405695548184,0.00418572484812378
5B4D9FC08CCE89C68ECAB72AF5E437A101BEC55FA8FD1F2FFAE3C6A1AA8CE195,G1,1,"[4.0, 6.0, 8.0]",False,0.0,iteration_limit,14.14017530000092,0.0022956141983491996,0.002085417074021497,1.3262265893900682e-05,0.0,11.033380756982773,0.05084220163795582,10.949685038632998,11.033381068927884,11.117076388185854,2.040185901120667,0.0,11.035,concentrated,54.898881987114976,10.973478565919836,11.093282077787014,0.11980351186717897,0.7609007682681981,2.2264140336208465e-24,1.0000000000000002
3D32318E8423A1301E0CBB5EAA8FC0A9A8A908F77C64F466764F36B562221B5E,G1,2,"[4.0, 6.0, 8.0]",False,0.0,stationary,17.66879390000031,0.0013185236597294545,0.001160035581193734,3.1293235727184465e-07,0.0,11.680518569222158,0.05,11.598206920855773,11.68051826168855,11.76282952013301,2.235737664976161,0.0,11.68,concentrated,55.848915463948146,11.621628806488227,11.739398915541857,0.11777010905363028,0.7606940017057453,0.9942715073299847,0.004132545226134193
24294152306EBF47A8CB3B96118F440E039E90A904700D5213E03A220A57F4D0,C,0,"[4.0, 6.0, 8.0]",True,0.0001,stationary,52.667565300000206,0.0006926979167435017,0.0003528585302479648,5.597409088280181e-08,7.946563676959053e-08,11.71911932470001,1.634609069403065,9.410376546618675,11.857450031332972,14.650455039089678,2.811759393904542,0.43010781503204565,12.3,concentrated,2.1737391540215647,11.681654789133106,13.014163864185951,1.3325090750528457,0.33455574952743683,0.04429801077397088,0.44936245536802405
F6C91FF8090A965B60041704990E8A7AD5C30430F31DD9030258E1CAE629354A,C,1,"[4.0, 6.0, 8.0]",True,0.0001,stationary,46.82081449999896,0.0009465991597874992,0.0005111958940444024,1.823496381695242e-08,1.854255578549453e-07,11.75926892555792,1.6360013924031367,9.545799905036628,11.242719763034472,14.896474585556781,3.28998330011045,0.4423207820919248,10.89,concentrated,2.745153323142034,10.155814098050417,11.48822392805605,1.3324098300056324,0.41818635838211426,0.031797347983701645,0.5736289616945236
F32C738CB620582B25F790D5341373F2178BA95ED84FE61BAC95FCC383EF5796,C,2,"[4.0, 6.0, 8.0]",True,0.0001,stationary,48.46902930000033,0.0006927010713861057,0.0003528601239261201,6.248354219270232e-08,7.370476847172892e-08,11.719124670887968,1.6346086757998475,9.410376576123662,11.857462948311518,14.65046094286468,2.8116908004338206,0.43010767015738227,12.3,concentrated,2.173756722937024,11.681660483923007,13.01416270433674,1.3325022204137333,0.3345566297817082,0.044297788959523035,0.4493598133051562
5FA028F2DF9246F8291D020028F5EA88DB46024E4010E14A49F05D0B25AE104F,H1,0,"[0.0, 8.0]",False,0.0,iteration_limit,6.883055100001002,0.0016194266773402227,0.0013624339787329347,1.6501001090062777e-05,0.0,11.776328769820392,0.0,11.776328769820392,11.776328769820392,11.776328769820392,2.338035401574058,0.0,11.776328769820392,delta,,,,,,,
C307CEDEA13B05DEA2048127B05BC887070AC0B7819009E9E2DA3BBD007FAD65,H1,0,"[0.0, 8.0]",True,0.0,stationary,7.456634599999234,0.000698030689912371,0.0004244523500057262,4.718099033868705e-06,0.0,11.700925898029258,0.0,11.700925898029258,11.700925898029258,11.700925898029258,2.1995782909976676,0.4600881457984336,11.700925898029258,delta,,,,,,,
C12107E4B8E8DC4545D5CA9425154B3AA5940A570A56A772AEF9B4EE10981066,G1,0,"[0.0, 8.0]",False,0.0,iteration_limit,15.624640300000465,0.0016171266949393838,0.0013611108963564296,2.5828427253570963e-05,0.0,11.77842499720576,0.05000000000000002,11.696114490796424,11.778425331030189,11.860736824189896,2.3441974115488544,0.0,11.780000000000001,concentrated,55.824216497047566,11.719525468347005,11.837337249423829,0.11781178107682422,0.7608586803360032,0.8394228122479466,2.1384784104480243e-06
17B8039F40D943A04AD990BA3779568BB45041B1B52652F4A8DD364478EBC0A0,G1,0,"[0.0, 8.0]",True,0.0,iteration_limit,23.60752019999927,0.0007048554502070482,0.00043865584010159916,2.252395672571089e-05,0.0,11.7005078180258,0.05009097932694416,11.618046741354208,11.70050751561834,11.782968202802298,2.2104053275618467,0.4585031224734746,11.7,concentrated,55.747611571784205,11.641511869992469,11.759494067647228,0.1179821976547597,0.7606865997168957,0.9933261663188087,0.0012028030645072976
A398299F827A4E6C542DB6837CD34D01461145AF912536BA618E3C34F285CCC0,C,0,"[0.0, 8.0]",False,0.0,stationary,18.294456499999797,0.001221030573556972,0.0009616276824150893,1.4122392600189078e-07,8.894227217900779e-09,11.904349359287998,1.7748690209365314,9.43521504815263,12.423837679601588,14.913339864341566,2.730791269061571,0.0,12.5,concentrated,14.161195158036168,12.42275868452506,12.571510456199569,0.14875177167450815,0.24346100105573049,0.00011310018003349449,0.457871721679826
57E6875404DF3930F1598AFF101C2A22149953F8E515846EF41A314952B34787,C,0,"[0.0, 8.0]",False,1e-08,stationary,19.39959909999925,0.0012084748280108777,0.0009548958202919304,5.030474363471205e-06,5.539650358028708e-07,11.863698180557785,1.7512998694818602,9.496809150124975,12.288283822421322,14.977064651228616,2.871241724838189,0.0,12.52,concentrated,5.146639432252719,12.292455854005647,12.728285427039495,0.43582957303384795,0.26161049760160693,2.797167399913282e-12,0.46703409146121155
B0B0B3FA16D5512154950174A57BA7299238AC53422D4114E3BC2F250ECC4258,C,0,"[0.0, 8.0]",False,1e-06,stationary,20.31708350000008,0.0012350916820505285,0.0009726314517135967,5.1093093699267505e-06,1.4623507518430573e-07,11.81024710376814,1.6906608596423478,9.432716998390815,12.12708671329345,14.766508819429985,3.1205343014427975,0.0,12.565,concentrated,3.0251853546784946,12.126602705098332,13.006873980253467,0.8802712751551347,0.3111896848788638,0.001590797865313513,0.4652095589384927
6A7764BA9E86E8128D43F20C7C2959692493D352D54542CBD0E998DEB1B0ADCA,C,0,"[0.0, 8.0]",False,0.0001,stationary,22.525943800001187,0.0016666017158058208,0.0011218223451258387,5.820685254962557e-06,4.1138156593750795e-05,11.72132993976436,1.6561643419489882,9.359249208663588,11.890151427270329,14.796915341483166,2.5069583743573642,0.0,12.504999999999999,concentrated,2.280015250046808,11.942874547147369,13.126318097549257,1.183443550401888,0.3136704705640604,0.018650455955062515,0.4735126823059601
85FC48C25C61247E98F23AF11085FDCDE651F7F877D554A135784F8EF1569457,C,0,"[0.0, 8.0]",True,0.0,stationary,31.722994699999617,0.00040641427012759305,0.00022614460194453074,1.8713465944114715e-06,6.108951027849825e-08,11.802074043229926,1.76222316658555,9.392355869621202,12.251234975722674,14.65939171295649,2.599610212856506,0.465346649887326,12.3,concentrated,16.471896306728954,12.227756773786805,12.372243226213195,0.14448645242639024,0.2752108562998461,2.797167399829361e-12,0.42707118036060643
CA9F5B142EA72A343A4EE81BCA5F3DC33FA075C84CB8C5B189A2B3D17D14736B,C,0,"[0.0, 8.0]",True,1e-08,stationary,33.645205499999065,0.00042619687643810774,0.00024017922716400932,1.0107048693030384e-06,2.3072634544787495e-07,11.832748376984794,1.737536867762702,9.434680901977275,12.207476682542685,14.74230325465434,2.6098136105985255,0.46504954366748663,12.32,concentrated,6.599432353437277,12.134704114357104,12.512746326851072,0.37804221249396797,0.2913705753379389,2.797167399907684e-12,0.4224659826099603
E2BAAD21E1FB122FD95CB6C445593F6C8DB311F6AA2902897034A749226BC8C3,H1,0,"[0.0, 6.0]",False,0.0,stationary,6.593719799999235,0.0014469633799159985,0.0012029360671399856,7.542109303410446e-06,0.0,11.693100316197704,0.0,11.693100316197704,11.693100316197704,11.693100316197704,2.289131842368856,0.0,11.693100316197704,delta,,,,,,,
FACEF23E3C50C27EBA7894636C368D2BFB9140E3C3235A76AC94368F38D26A73,H1,0,"[0.0, 6.0]",True,0.0,stationary,6.733177099999011,0.00075815197657933,0.0005105841601203503,8.508470527328067e-06,0.0,11.628646925643855,0.0,11.628646925643855,11.628646925643855,11.628646925643855,2.14613856249204,0.4726654010962079,11.628646925643855,delta,,,,,,,
1BEE7FA6FCB88DDF6D662E1B6AE5BA0C2D301F4262A030288C031932546FEC3E,C,0,"[0.0, 8.0]",True,1e-06,stationary,35.578067599999486,0.00046349047389034965,0.0002908726164851562,8.952330897779028e-09,8.461429135105732e-09,11.72532604086794,1.6909542368911055,9.361031307872357,11.986214187382139,14.596396811339007,3.3892277071214245,0.466261530993195,12.425,concentrated,2.8629429282264782,11.883137610299261,12.884965389102051,1.0018277788027898,0.33690763055764505,0.023406898964553412,0.4419451582588265
E2DA4E1A16B4D79853F21D1B524C7386AE87BBC30C51B99C9BF35924EA3A64B1,G1,0,"[0.0, 6.0]",False,0.0,stationary,14.165887499999371,0.0014648631502266062,0.0012167903330387994,8.359069130431745e-06,0.0,11.695413171271467,0.05000027449443437,11.613101132484859,11.695412907206487,11.777724645027575,2.3353807806341806,0.0,11.695,concentrated,55.849705799213865,11.636524638589613,11.754294184663134,0.11776954607352152,0.7606892654131394,0.9943386886732891,0.00164816520813346
0669165A710B1324799271A19667CBA97D05FBA6C8F8753D220BFBF94C08EE45,C,0,"[0.0, 8.0]",True,0.0001,stationary,35.53603730000032,0.0008597556819481976,0.0004556452731531678,1.9416332125918257e-07,4.205705740103474e-07,11.669914902018682,1.6229197839204632,9.37117750467301,11.796747101772775,14.645315521101077,2.8254976694324743,0.4756163480004112,12.325,concentrated,2.207885572567725,11.720500979895567,12.987572908586436,1.2670719286908696,0.3242050314126707,0.04102429521361874,0.46503609391014666
A5EA171CFEA56C31BBF778AEC1822F4DFE8978493557527A116EA7F2CA3317BD,G1,0,"[0.0, 6.0]",True,0.0,stationary,23.128688499999043,0.000778740364213543,0.0005252645387926547,8.145022379069386e-06,0.0,11.622288665515534,0.055154697773224126,11.531505643432936,11.62228859343184,11.71307185780769,2.133308710454113,0.4741508049230547,11.620000000000001,concentrated,50.58848784456824,11.557290352196327,11.687287438270651,0.12999708607432403,0.7610722540815142,0.9097107579909205,0.09019292676141372
5E7D63E8583EA89D7A5C92E9138DB699C72B71344CD62B14AE69B9FAAC67AF2B,C,0,"[0.0, 6.0]",False,0.0,stationary,19.375270900000032,0.001022643801427287,0.0008285252918537926,4.60656501240162e-06,1.5054303292088277e-07,11.915341550270684,1.7104233841856962,9.579920685478548,12.131360826830457,14.45070105779627,3.6838267013898416,0.0,16.0,boundary_peak,10.498662021322867,15.97933425797468,16.0,0.020665742025320455,0.022676158284665578,2.797167399843379e-12,0.4324215005983529
05900D96C5C499618F4B39CC2274AB1234DFF0867B15B9702713F13C3C2B292B,C,0,"[0.0, 6.0]",False,1e-08,iteration_limit,18.961890399999902,0.001037952728399492,0.0008362496817820569,1.975902069649447e-05,1.843456221751501e-08,11.874164066071861,1.6727324666121413,9.540490798380107,12.168207374202435,14.545100124324462,3.8598398889608663,0.0,12.72,concentrated,3.9863669661483403,12.366014961726137,12.94453328329316,0.5785183215670227,0.2570532210851044,0.0003179071077907294,0.43930521782040854
F8D93FC41AC8F3120A8AE5D35949DFA0A3D01E5E6477E01506C4A7F6165C15CF,C,0,"[0.0, 6.0]",False,1e-06,stationary,20.097506000000067,0.001058586875071032,0.0008487048290604007,1.7884190389706993e-06,2.470405807087825e-07,11.802152434835477,1.655309573985559,9.469713864045028,12.118170806842375,14.61369591377322,3.624116888985258,0.0,12.515,concentrated,3.0758960572381904,12.054889883713251,12.959132281184411,0.90424239747116,0.32560252620743646,0.005022371028874492,0.4484915756852845
D2E5DE7D17352CB4A92CBD6E6C02CA30F0D162B62AA8EFB82CB9CBC6872E3BAE,C,0,"[0.0, 6.0]",False,0.0001,stationary,22.223869500001456,0.0014710353208551858,0.0010118333633221898,7.341266366941591e-06,2.6671429457489674e-06,11.736330514443921,1.6339585720910221,9.410516983337086,11.88183971358984,14.724886201764031,2.6822479536696466,0.0,10.39,concentrated,2.238504937801209,9.64013100794967,10.962428976848358,1.3222979688986882,0.33753738426338753,0.025834436484814025,0.4661881530091407
38CFE0744FFE438FCCD0FA106D5BC324F4BC34B8D31D44A09B0E114925FC09F5,C,0,"[0.0, 6.0]",True,0.0,stationary,31.387239100000443,0.00042166034900188265,0.00024307186288734386,4.411597611775282e-07,7.000369604485859e-08,11.941380239274055,1.7635684125771611,9.564242969888813,12.28783843716824,14.642903384196833,2.654357460882528,0.48064552134629146,12.325,concentrated,11.91308850417641,12.23804398161241,12.435580400007767,0.19753641839535696,0.2737663609313899,2.797167399832167e-12,0.40907825306370393
7DB91F8771445EE0C69983BC58D297F1F56A8A715184986BA2471DA59C7AC42A,C,0,"[0.0, 6.0]",True,1e-08,stationary,33.05107450000105,0.0004165314949579698,0.00025803587633730155,3.784959507572876e-06,1.389373564799428e-06,11.81250211932387,1.6876229690307112,9.498541081327344,11.98731063712967,14.46216896524526,3.810149240230783,0.4868295647184506,12.65,concentrated,4.175040650248663,12.417931623129968,12.858881308404696,0.44094968527472744,0.21430615424645985,0.017910038522012204,0.42851410783412813
2C0A3F9D5B40DF4156816B305C7150F339B9B508E1F9F3ECBCE066CF797754C7,C,0,"[0.0, 6.0]",True,1e-06,stationary,33.367074499999944,0.00044055855021115,0.00027381230857203144,7.014000944975796e-07,7.42751593220248e-07,11.69856997030703,1.6443351967294355,9.419758777076558,11.953628519936403,14.499219885585287,3.887002422496757,0.4946413093256421,12.425,concentrated,2.875095701247281,11.827568672817069,12.86012350913352,1.0325548363164518,0.34648043304575216,0.03444362897897723,0.43551015005489013
5DDBC85B0F7D1FBDD1BB8462D5F483A1F15EB39D7618DC99BE5EDFC7A0889793,C,0,"[0.0, 6.0]",True,0.0001,stationary,28.68989859999965,0.000827474879905923,0.0004251091005863103,3.343172430369284e-08,2.736083664274004e-07,11.666763897840859,1.610056231127298,9.413879769450757,11.788620500237897,14.594564977603406,3.1241136230652526,0.49734482736937013,10.28,concentrated,2.2500105025370694,9.537627558074623,10.857132576179591,1.3195050181049677,0.33861487783938193,0.041208272075370755,0.46635090771643445
B46B2C76B673242788A39BED3E989D14A2117FB139DDC8334934AD745C6DBC06,H1,0,"[0.0, 6.0, 8.0]",False,0.0,stationary,6.844572600000902,0.0015404626220192374,0.001291595123034028,6.25974677114963e-06,0.0,11.733875585684803,0.0,11.733875585684803,11.733875585684803,11.733875585684803,2.256003209803794,0.0,11.733875585684803,delta,,,,,,,
6AACF09BFBF10405C2581685295BB959114E6AF2D48BACA630ABB2F999256DFD,H1,1,"[0.0, 6.0, 8.0]",False,0.0,stationary,7.47021930000119,0.002333647440295646,0.0020783738333038865,9.951552725579607e-08,0.0,11.058918548482085,0.0,11.058918548482085,11.058918548482085,11.058918548482085,2.070681875179974,0.0,11.058918548482085,delta,,,,,,,
FF8A88987B430C5415A1D452553C007B7AA4289385464B506B3DD46D352F58B2,H1,2,"[0.0, 6.0, 8.0]",False,0.0,stationary,7.665970499998366,0.0015396395898167876,0.0012918690349292819,4.095620896641488e-06,0.0,11.733672488030834,0.0,11.733672488030834,11.733672488030834,11.733672488030834,2.2553151016471267,0.0,11.733672488030834,delta,,,,,,,
FD7612ED8FA04F447E45775CA21496FFE19AE4D7D9B6DA990B99077F68CD6A9D,G1,0,"[0.0, 6.0, 8.0]",False,0.0,stationary,13.456578999999692,0.0015424340184616889,0.0012933886077340139,6.892538878574617e-06,0.0,11.734285482488415,0.05000099425460671,11.651973024823924,11.734285847763788,11.81659886184824,2.247838754387084,0.0,11.735,concentrated,55.84510641404653,11.675404245142804,11.793179635626649,0.11777539048384433,0.7607055357504122,0.9694420393367257,0.00010145390077747154
60D9A3D0F501C48BFD9FEE5A80DD579FDC9A4691DEF28869F448089AA46106E5,G1,2,"[0.0, 6.0, 8.0]",False,0.0,stationary,15.47315399999934,0.0015412851226094565,0.001293663583065825,3.522528943856503e-06,0.0,11.73411942888437,0.050000901699566114,11.651807219236705,11.734119821488134,11.816432720986432,2.246814045428013,0.0,11.735,concentrated,55.842251604497015,11.675238131537501,11.793016553378429,0.1177784218409279,0.7607182706181936,0.969668857328187,0.00010279073898616367
8069BC9CEE20ED8A58B2DD93C9D598DE68355832AE840D42BEF32412EA93C89D,G1,1,"[0.0, 6.0, 8.0]",False,0.0,stationary,17.308127400001467,0.0023409931080540817,0.0020858365140726722,6.593185264468652e-07,0.0,11.05901688581243,0.049999999999999996,10.976706210201982,11.059017286246762,11.141328726598777,2.06032882783863,0.0,11.06,concentrated,55.84112397275572,11.000136349928553,11.117915010606874,0.11777866067832043,0.7607275208153705,6.927629837283123e-23,1.0000000000000002
63854B2BBADE06726E72EF54FC75F2B6C55438BD24BBC395E45E6DE220FB7396,C,0,"[0.0, 6.0, 8.0]",True,0.0001,stationary,52.02234589999898,0.000869125379943487,0.000465897820032539,2.9543785760790496e-06,9.732707421581093e-08,11.687115052798223,1.628376610672986,9.388405993711578,11.825063325268749,14.654700862860299,2.8834748330217383,0.4599037653964906,10.305,concentrated,2.2208983787953556,9.555955367948618,10.874899662401893,1.3189442944532743,0.3330474842730823,0.038544052165621394,0.4620303253294593
C44C60BE98FCA46500519A41015B229B6FB314EB5827F3D5C5F70963B0624F25,C,1,"[0.0, 6.0, 8.0]",True,0.0001,stationary,47.15707950000069,0.0012534217696096935,0.0007749144972222941,5.315441776389904e-09,3.1763399543200364e-07,11.85679487348183,1.6672847454224058,9.562005798685712,11.355272784392831,15.028000546575326,3.100518878020611,0.4860873036730957,10.895,concentrated,2.5324917826807285,10.122080487800158,11.512927271775064,1.3908467839749061,0.40080339939887255,0.033381687554803474,0.5399542556067651
72F5A157BBBAB21A5CCF9004E1DFA02962ED2A7E076069D7BA7798BD6EF944DE,C,2,"[0.0, 6.0, 8.0]",True,0.0001,stationary,47.75189320000027,0.0008691299433390804,0.0004669554347313942,2.1169013439799304e-07,6.326696980326826e-09,11.686096572958776,1.631058540119685,9.386669726486645,11.819523135438716,14.66377667303884,2.8871135342492615,0.4591675186112474,10.32,concentrated,2.235383014535223,9.566437481755859,10.886657877466384,1.3202203957105247,0.33561360036223864,0.036542962963221966,0.4650121537150097
134E46E909E1EA0F571C38DC4388EEE151D49272F99B9B2E92DB3A70F3F7E02A,H1,0,"[0.0, 4.0]",False,0.0,stationary,6.725292099999933,0.0008327188460260418,0.0006619718053162866,4.511200267383919e-08,0.0,11.586906577009676,0.0,11.586906577009676,11.586906577009676,11.586906577009676,2.139082295988036,0.0,11.586906577009676,delta,,,,,,,
BF5DDBE9AF42F37B7B47C85AC9F19548F16606E9306E78FCBA62EFC0312EA27F,H1,0,"[0.0, 4.0]",True,0.0,stationary,7.04805419999866,0.00048711961653422325,0.00033922444967715494,9.786054465963631e-08,0.0,11.515596789632411,0.0,11.515596789632411,11.515596789632411,11.515596789632411,2.0514101630295754,0.488847498714404,11.515596789632411,delta,,,,,,,
9C9C772DE88C5E7E8A2E5AF0DB9086AA2954C8C798DA60F3967DEF1872BFDAA4,G1,0,"[0.0, 4.0]",False,0.0,stationary,13.956217500001003,0.0008340968816783336,0.0006636067828066515,3.4444957689185503e-08,0.0,11.58625758802296,0.05,11.50394571005699,11.586257196979897,11.668568152635189,2.131974525843389,0.0,11.585,concentrated,55.834255779115786,11.527353384309542,11.64514415934605,0.11779077503650726,0.7607753565593525,0.7756047768467195,0.22439454840772433
1F6C3DA38F3E7C40385E15C38716DA3ED763279280DDBE876355F79B31B55ED0,G1,0,"[0.0, 4.0]",True,0.0,stationary,22.70720579999943,0.00048777016356657993,0.0003404589729530313,8.271854875089877e-08,0.0,11.515777707290752,0.049999999999999996,11.43346593447457,11.515777329375156,11.598088493955215,2.040021645706224,0.4875199139699926,11.515,concentrated,55.845163496854184,11.45688358327177,11.574657809491743,0.11777422621997324,0.7607101381632935,0.25752693151945427,0.7424730682628558
26A64D3FB941A38A98BFCBF83A6C96BB783D0D0FD2747C5DD99A3F8B1191399C,C,0,"[0.0, 4.0]",False,1e-08,stationary,18.730972100000145,0.0005992435930978544,0.0005005065795101425,1.5159160403066936e-08,1.0529872648595244e-08,11.727726101138508,1.6859391988236703,9.501102340377292,11.954461309552503,14.54567607399781,4.886431036454055,0.0,12.695,concentrated,3.3538782297943803,12.413221533477842,12.931844761785703,0.5186232283078613,0.19945578402383163,0.00491882783632286,0.4715388343013578
B0F94136C2950D1E249CB966D21F92EA4B670CD4791260A99F2FEB8BDF151B98,C,0,"[0.0, 4.0]",False,0.0,stationary,20.78307700000005,0.0005969901007177708,0.00044731774205457537,6.361141194714985e-06,8.13460099811295e-06,11.654194085931396,1.7118005385597137,9.495846658507219,11.945510455775816,14.42495675459299,4.631134254957057,0.0,9.0,boundary_peak,13.252112759073317,9.0,9.020665742025248,0.020665742025247624,0.028623362283653742,2.1565950830114257e-05,0.48542805212975926
19CA4517D771D5C6DDF3D5D98952938BCAFB036183FE86491EB026A96FD48BED,C,0,"[0.0, 4.0]",False,1e-06,stationary,20.03465519999918,0.0006174797453031197,0.0005121803243551496,7.153367724582179e-08,8.521824786601777e-09,11.695488939090644,1.663568546548331,9.431034727633525,11.912532004403882,14.566507399758672,4.845720502026543,0.0,10.38,concentrated,2.9480116928594833,9.849234846568203,10.824707035260902,0.9754721886926987,0.33466920704356806,0.013868910375307108,0.474454949979173
2D3BECD2ABB1A796A75971AF84ED9A2FE46D91C9C17AD517D188FEDFAF7C476F,C,0,"[0.0, 4.0]",False,0.0001,stationary,20.93453739999859,0.0009255601636630622,0.0007157471360620639,7.039978991291023e-10,5.974483789368112e-09,11.775976054989309,1.6662666241072075,9.420942309523324,11.815255376915552,14.766112515366197,2.5129716103078614,0.0,10.34,concentrated,2.039700534240742,9.499949584108029,10.996747935784494,1.4967983516764658,0.34478923927384497,0.03840139088668912,0.46378454567817584
0E48397F438F0C8060383E7F85F28107922FA5CA1A6A48326F564782E3474F30,C,0,"[0.0, 4.0]",True,0.0,stationary,30.07194569999956,0.0003171448724467753,0.00020890687834142918,2.501627575514541e-09,4.3851232345594096e-09,11.91516624474309,1.8300614771283212,9.063173176641122,12.216190154906156,15.943579887734378,2.6897037048811847,0.4674628804910781,16.0,boundary_peak,14.493578898600957,15.979334257974777,16.0,0.020665742025222755,0.03130481660872229,2.7971673998321607e-12,0.41913759919973376
17960A80D18685A104FDBAC83CE97DACC8732B1A75A64D9CE6FF2648B967B6FA,C,0,"[0.0, 4.0]",True,1e-08,stationary,33.29605179999999,0.0003032831380095147,0.00020996552615860307,6.893636437755955e-08,5.039480410216379e-09,11.73731725207602,1.7130075771788698,9.443247552912467,11.861001257472212,14.515276600458629,4.25853580019286,0.47445149899705474,12.6,concentrated,3.5893657995652255,12.353846072112857,12.824899795817027,0.47105372370416987,0.19636843425477252,0.05160362332743418,0.4364774007224477
546CE7CAE1558640F58431F1F9C1C8211EBF98F280E982497E6637518DAAFF6F,C,0,"[0.0, 4.0]",True,1e-06,stationary,32.19209570000021,0.00032581232999120713,0.00022652831401929913,1.0367040605978311e-08,5.110451624209991e-09,11.701549502807747,1.6801101466612163,9.417041433821515,11.889531357373388,14.536706945622077,4.388659294079282,0.4762118160654194,10.245000000000001,concentrated,2.7109085416120684,9.720465392672551,10.723404682754943,1.0029392900823915,0.31773945187955555,0.04056831336586428,0.44546840932236276
FDED64FDF8D92E6E828B8893EEE43012FE86518EE78F8144640CBBD5148E8C84,C,0,"[0.0, 4.0]",True,0.0001,stationary,29.485935200000313,0.0006164114888386686,0.0003632205712711097,1.1561792244547692e-07,2.9290807660961073e-08,11.734113479308103,1.6662820148512258,9.41126421170131,11.795084010484013,14.709405720408911,2.9947231998997297,0.46695735649288794,10.22,concentrated,2.070525028334734,9.424734172304332,10.83983478431352,1.415100612009189,0.3320388026339548,0.049923620910132624,0.4571888388615253
FDCE8F721C9E0B2945B04574CC1D5D2ACDF68CB6DE7BBCDD6CF8A8EA1639E87C,H1,0,"[0.0, 4.0, 8.0]",False,0.0,stationary,6.3231472999996186,0.0019392949054313395,0.0016898779243007126,3.169026372264161e-06,0.0,11.776679507151984,0.0,11.776679507151984,11.776679507151984,11.776679507151984,2.3850328513566836,0.0,11.776679507151984,delta,,,,,,,
8DED4491F10281DF7C6D9962820284B00F5D480D09E8B65E215ED8918E6455E0,H1,1,"[0.0, 4.0, 8.0]",False,0.0,stationary,6.687186799999836,0.0026399333628372105,0.002380986830313225,5.791935180832844e-07,0.0,11.050593650550145,0.0,11.050593650550145,11.050593650550145,11.050593650550145,2.194433338840799,0.0,11.050593650550145,delta,,,,,,,
5DB100A68B1727F3AAA4F63DCEDB67A214A144B4E6F301C4F534D428C2C03514,H1,2,"[0.0, 4.0, 8.0]",False,0.0,stationary,6.744670699999915,0.0019368449571960955,0.0016895377354793327,2.84463283272672e-06,0.0,11.776122135750908,0.0,11.776122135750908,11.776122135750908,11.776122135750908,2.3833702002051074,0.0,11.776122135750908,delta,,,,,,,
D735369AC3EB9F8CDB8C193C0DE56E11DB94D28BA5BFA44E7629333A95971B62,G1,0,"[0.0, 4.0, 8.0]",False,0.0,stationary,14.788361499999155,0.001985375102131871,0.0017274109997006556,3.6109395345337037e-07,0.0,11.77487451274126,0.050000000180242636,11.692563285905202,11.774874609653782,11.857185915629463,2.3928126013599846,0.0,11.775,concentrated,55.851743154524975,11.715992154476785,11.833759161836475,0.11776700735969037,0.7606818450927756,0.8561170161712875,2.9983942461899324e-06
A20B861D2909990725F5BF0AC6FBF6588CD09FD82AD9C78551528869DEF3598E,G1,1,"[0.0, 4.0, 8.0]",False,0.0,stationary,14.61881380000159,0.002644794003243496,0.0023862093963142794,1.0859096035711927e-06,0.0,11.050702730430231,0.05000000000000003,10.968390989631013,11.050702367808498,11.133013562285083,2.1929066591200637,0.0,11.05,concentrated,55.84640325730127,10.991809947667551,11.109582813281795,0.11777286561424383,0.7607048052655189,1.3236173039503584e-23,1.0000000000000002
2CB50892C08DE8C0AC076771092D183D3B249B242CD8E2CBDB199A5A667F5FE7,G1,2,"[0.0, 4.0, 8.0]",False,0.0,stationary,14.389610500000344,0.0019377155923064864,0.0016905443763586456,3.947707812334404e-06,0.0,11.775063216744908,0.050003986060631424,11.69274531060666,11.77506316601949,11.85738103394184,2.3796369662182375,0.0,11.775,concentrated,55.84742239825957,11.71617455734595,11.833950719169636,0.11777616182368611,0.7606809840623041,0.8552411486882866,2.950402354960736e-06
CE22C85127D16D6C08BCD34422DD3D4E7228201EE7634EB7F8BEDC59158B15C7,C,0,"[0.0, 4.0, 8.0]",True,0.0,stationary,43.04081570000017,0.00043643933100535886,0.000289875234213007,3.893113757576238e-09,5.844561413545979e-09,11.851178317974982,1.766109399458748,9.470929107009802,12.271147909931917,14.667373700301374,2.6335126330192864,0.4542772119057754,12.32,concentrated,12.28588375072224,12.235646775057095,12.42558368737732,0.18993691232022591,0.2698996413701103,2.7971673998349597e-12,0.4278321247835838
50F7E2E1F5FA2EBB1DB7B38BF3FAAE949048BB8AC1692E7FEC69AA54CC2ED754,C,1,"[0.0, 4.0, 8.0]",True,0.0,stationary,38.43119849999857,0.0007853184104963653,0.0006182254705546703,2.488286074999586e-09,5.379351467991553e-09,12.573470982460012,1.5460957596054496,10.63818940662609,12.73469902373904,15.306678498242219,1.7374386881088064,0.4567469342834394,10.7,concentrated,15.609898249184447,10.627756773786793,10.772243226213206,0.14448645242641334,0.26080867581452727,2.797167399820967e-12,0.3348120588454885
79991CE4B177F919421B4558DA99B0DC9935FB63B34883AC38014DDA1C935253,C,2,"[0.0, 4.0, 8.0]",True,0.0,stationary,35.3830979000013,0.000536107792629389,0.0003393994328781601,2.057855033883259e-07,2.8614304741171684e-08,11.40465813963289,1.2798310485953905,9.259865991557295,11.776769182038114,14.013869809100553,2.038329677149922,0.46309246799965176,11.8,concentrated,29.379763122480565,11.727756773786899,11.8722432262131,0.14448645242620195,0.4908742512852867,0.42838911875701097,0.2802665240124497
4883B0DF336763D0929419C053EFE30F69B8C70464761C7D9C0CCEE40C2BB05A,H1,1,"[0.0, 4.0, 6.0]",False,0.0,stationary,6.446245699999054,0.0018078672861822562,0.0015351282621895131,8.910478045672779e-08,0.0,10.927029887094127,0.0,10.927029887094127,10.927029887094127,10.927029887094127,1.9924202166329201,0.0,10.927029887094127,delta,,,,,,,
1972E53D39E83DC6E4E8E464D48D14C663172623ADE8FC012DB3D29CA0F47C05,H1,0,"[0.0, 4.0, 6.0]",False,0.0,stationary,6.997353500000827,0.0012119012142199485,0.0009751043340276693,1.931131665865672e-06,0.0,11.64448359528231,0.0,11.64448359528231,11.64448359528231,11.64448359528231,2.2015571005658234,0.0,11.64448359528231,delta,,,,,,,
A604E4445891011D6D60F7547551423FA7D574CBB8A9FE5A4038273D6E750E1A,H1,2,"[0.0, 4.0, 6.0]",False,0.0,stationary,7.899825000000419,0.0012118896693661767,0.0009751622188746911,9.37566920169405e-06,0.0,11.644443042221791,0.0,11.644443042221791,11.644443042221791,11.644443042221791,2.201523511560163,0.0,11.644443042221791,delta,,,,,,,
72720802F05A5C4DB5E22B49D79358955C05E6F626800A11D44B5EC3603209C6,G1,0,"[0.0, 4.0, 6.0]",False,0.0,stationary,13.53425950000019,0.001213939585508712,0.0009771677108602593,4.680831189970746e-06,0.0,11.645824288307264,0.05000000086267204,11.563512496019396,11.645823902854895,11.728135049465136,2.1962400888598834,0.0,11.645,concentrated,55.84432907775453,11.586929297751839,11.704704440777608,0.11777514302576897,0.760713723777428,0.974142692029922,0.025722017733847746
DA8ABF6CF94FEBDAB0284E8042C362E2630C3D0F3ECE9A6A8CB8C0B28996F600,G1,1,"[0.0, 4.0, 6.0]",False,0.0,stationary,13.850621399999,0.001811771574011978,0.0015391230921260825,8.057878049849944e-08,0.0,10.92687625697171,0.050000000000000044,10.844564591083522,10.9268760123343,11.009186796337321,1.984311187166879,0.0,10.925,concentrated,55.81260954459265,10.86795538496293,10.985788767786659,0.11783338282372924,0.7609445173373706,1.020738519747801e-35,1.0000000000000002
77A5ABD10C459A46AC7D1810AD97924A761DB86D94C980D7C16A54446D687C45,G1,2,"[0.0, 4.0, 6.0]",False,0.0,stationary,14.02139790000001,0.0012356161892022085,0.0009662696431421093,7.29999065877861e-08,0.0,11.645625002167089,0.049999999999999996,11.563313298136082,11.64562465967538,11.7279358830178,2.166528414197861,0.0,11.645,concentrated,55.84755596519407,11.58673354186088,11.704505142560294,0.11777160069941317,0.7606998476587166,0.9739054823287933,0.025961305829857475
1FA540EFC1EFB1937ACF28D3236D2B1F64FC66C09687CDFA4BEFBABF42D87435,C,0,"[0.0, 4.0, 6.0]",True,1e-06,stationary,48.19614560000082,0.0003862699703280867,0.0002478805091434691,5.886531091286149e-09,1.2663508575918111e-08,11.74626456060515,1.688536176177982,9.428866771174249,11.962108905993675,14.555516208746155,3.794819251035382,0.4854244064051796,12.48,concentrated,2.6873264552060627,11.83257283405117,12.904780501346345,1.0722076672951744,0.33412087154953374,0.032258189621030504,0.4382089993482371
74435435334BD9A3EF6480909BC36C9EC3229BAF54E787D737BB354509D3D411,C,1,"[0.0, 4.0, 6.0]",True,1e-06,stationary,43.88686020000023,0.0006860149549674929,0.00041611086719696633,2.049715817293469e-09,2.749560075619912e-09,12.082043247132903,1.540569641112615,10.438352135975402,11.30720023602083,14.994427296564199,4.99999989029411,0.5092466547643775,10.935,concentrated,4.379799467601836,10.49363377376617,11.383912051938193,0.8902782781720227,0.46224566148979596,0.008085944892555909,0.5621271901934372
CD4300D33AD08C3AC17C5DAA2677B9B7C1803A73304FC8B48A136ACF38D395C1,C,2,"[0.0, 4.0, 6.0]",True,1e-06,stationary,43.423965699999826,0.00038627058491842416,0.00024786339394435925,5.946995243437982e-09,1.2639559280883458e-08,11.746432343002267,1.6886262028913996,9.428934827279667,11.962197890683948,14.555674214646704,3.7941206633568396,0.4854005082481829,12.48,concentrated,2.6870593867750086,11.832632397992358,12.90487061090647,1.0722382129141117,0.33409404057572933,0.03224858197329769,0.43820346788944375
B469B2D8A694D6F63D24146DECD26109203F7CDB9B65E4696C97514750A4F668,H1,0,"[4.0, 6.0, 8.0]",False,0.0,stationary,7.264725700000781,0.001316818798444986,0.0011592205273318985,1.3034890445820543e-07,0.0,11.679634746313514,0.0,11.679634746313514,11.679634746313514,11.679634746313514,2.2441363328819945,0.0,11.679634746313514,delta,,,,,,,
31550441508723C4EBC47213A2A29E5E05A7189E59C750C3836C4F2C969D18C1,H1,0,"[4.0, 6.0, 8.0]",True,0.0,stationary,7.35578600000008,0.0004577827680094312,0.00030775477188279405,6.015522127705633e-08,0.0,11.63714784716139,0.0,11.63714784716139,11.63714784716139,11.63714784716139,2.1391985376267026,0.4260137342975565,11.63714784716139,delta,,,,,,,
1D32457D93728F6880B7272553803951FBAEF5C6188B2E86DE14C41D3A9966CC,G1,0,"[4.0, 6.0, 8.0]",False,0.0,stationary,17.281235200000083,0.0013181442735767093,0.001158997625398236,3.252506532985639e-07,0.0,11.680301638075381,0.05,11.59799011894715,11.680301430104794,11.762612739219206,2.2356849309970994,0.0,11.68,concentrated,55.8509029221693,11.621414924761053,11.739182853538777,0.1177679287777238,0.7606854574774795,0.9942405695548184,0.00418572484812378
E9B54A131159924BD2C4DD2008DA43A0C754D68D1F588E289EB64AE706FB00E9,C,0,"[4.0, 6.0, 8.0]",False,0.0,stationary,19.275782999999137,0.0011238871489656214,0.001032920226973495,3.4899591277550333e-10,4.380688857643454e-09,11.924895876878784,1.8046744494382734,9.53505030577241,12.353425063027121,14.704372662745426,2.614856349830351,0.0,12.4,concentrated,15.276596657466534,12.327756773786788,12.472243226213212,0.144486452426424,0.25523990493627396,2.7971673998349605e-12,0.4288258999877737
07F9C3C9DEF601FDBE3D0B141DD22A6DE326098979AE04CE2F8690B1AA005F7B,C,0,"[4.0, 6.0, 8.0]",False,1e-08,stationary,19.78266000000076,0.001141798466513254,0.001047130152863499,1.1209434156149178e-07,1.3825093696712604e-08,11.923404957706916,1.7717504345892061,9.556194066826418,12.279649558867241,14.794625595589663,2.6226984372692788,0.0,12.4,concentrated,5.997141750831226,12.2061615113187,12.590413178809309,0.38425166749060935,0.26908029183343424,2.7971673999048924e-12,0.42724295353521036
C9A7A7187EB666A90F784E3475512289BD31C0C2496789E64E9429361573F8D8,G1,0,"[4.0, 6.0, 8.0]",True,0.0,stationary,34.80041530000017,0.0004601267212105656,0.0003088869296184863,9.992529499859215e-09,0.0,11.637353424534226,0.049999999999999996,11.55504228325367,11.637353363428103,11.719664237033959,2.1287118769448896,0.42636860020495315,11.635,concentrated,55.79008514338965,11.578417014568183,11.696287932101173,0.11787091753298995,0.7610939037380496,0.9622687414823256,0.03766212016061413
470C1FAAF2211E4FD4D0F84A0F365BA03B0B58C4FB13E6D743741E4148AD1E89,C,0,"[4.0, 6.0, 8.0]",False,1e-06,stationary,20.943405199999688,0.0011749837614195653,0.0010833283675448647,3.800655437138403e-07,1.5108320512186187e-08,11.789198059452945,1.7097326109661992,9.445333241968473,12.019924705086416,14.62587370271196,3.530248020758758,0.0,12.565,concentrated,2.6225952374020003,11.942290320714932,13.006571307819907,1.0642809871049757,0.32565103646013793,0.01575272112594018,0.45031621760448826
88A32A64820ABCD418153733F76CBA8BC4DA36B6D756985F4216C0ECEFF733EE,C,0,"[4.0, 6.0, 8.0]",False,0.0001,stationary,22.325741000000562,0.00150475776366159,0.0011626652600439736,3.6585846033291894e-08,5.2061091551311185e-08,11.656862863670574,1.646569551794119,9.3750977568359,11.580610808911242,14.73002660189418,3.0700363993005255,0.0,10.4,concentrated,2.357751431691954,9.63128971397315,10.98125316560832,1.3499634516351708,0.3624143454471642,0.023704101715371996,0.49817838935560066
BF504F775943A6A4D73BCEC1901F2AA6891F918583818D7EC3B807168D8BA687,H1,0,"[0.0, 6.0, 8.0]",False,0.0,stationary,6.546087900000202,0.0015404626220192374,0.001291595123034028,6.25974677114963e-06,0.0,11.733875585684803,0.0,11.733875585684803,11.733875585684803,11.733875585684803,2.256003209803794,0.0,11.733875585684803,delta,,,,,,,
D262D03D2B129E4EEEDBA52D2717E97DD4761B52DF198CACFBEF1C5FBBCA1F81,H1,0,"[0.0, 6.0, 8.0]",True,0.0,stationary,7.861941999999544,0.0007092500947797438,0.00048272082254598875,5.1155814697212005e-06,0.0,11.679039575605005,0.0,11.679039575605005,11.679039575605005,11.679039575605005,2.1777235058778905,0.44103928641948764,11.679039575605005,delta,,,,,,,
1FDB87888E826759E79395FEECB56BF75C8403794F11EA76CC34DAA668A95B95,C,0,"[4.0, 6.0, 8.0]",True,0.0,stationary,48.65249419999964,0.00027576188779492093,0.00018451769256357773,2.2415072130066198e-09,1.610291822244009e-09,11.851600416907143,1.6798706268589192,9.566741970616143,12.175183700647407,15.057318964875629,2.223314551546103,0.42980197264960585,12.2,concentrated,16.448931694461557,12.127756773786805,12.272243226213195,0.14448645242639024,0.27482716577089855,2.797167399832168e-12,0.3804176079324676
14730FF99F5CEAB53F29DE31413578713071370D1417E167736D59A54499259D,G1,0,"[0.0, 6.0, 8.0]",False,0.0,stationary,15.305559799999173,0.0015424340184616889,0.0012933886077340139,6.892538878574617e-06,0.0,11.734285482488415,0.05000099425460671,11.651973024823924,11.734285847763788,11.81659886184824,2.247838754387084,0.0,11.735,concentrated,55.84510641404653,11.675404245142804,11.793179635626649,0.11777539048384433,0.7607055357504122,0.9694420393367257,0.00010145390077747154
D70564FC54B31AF6B7FBA9C864B7B416683993AC6442D18588384617AD259B52,C,0,"[4.0, 6.0, 8.0]",True,1e-08,stationary,49.82143350000115,0.00029352877426188766,0.00019677273401174993,7.001447913865164e-08,6.362302585554192e-09,11.852188119113212,1.6423795825023115,9.521698913541407,12.134017454021828,15.022782304524437,2.2063365943436644,0.43015675057040537,12.19,concentrated,6.819073175377794,12.004930602048237,12.383555804123482,0.37862520207524497,0.3013907438378708,0.0005037450195870842,0.37205494979801823
A89097D6542ADCBA2A6677CA0E4D9C91C0ED4EC02CB45D571E87802F88489A6E,C,0,"[4.0, 6.0, 8.0]",True,1e-06,stationary,52.86837139999989,0.0003517921836373634,0.00024408149390003038,9.645140359977633e-09,1.009294493682346e-08,11.868691855648905,1.6531067725364772,9.506045192926912,12.116140108870656,14.711038868716962,2.2426215548777675,0.42965975558062386,12.235,concentrated,3.8409712827007825,11.910121669511433,12.597506721881828,0.687385052370395,0.30687159467561964,0.015844674758560044,0.3835591161441708
8990C64A271C7FD725F6ECC5AA103382EB1959C27CB31477054D5CCAAF47816D,C,0,"[0.0, 6.0, 8.0]",False,0.0,stationary,19.96040290000019,0.0012356167241388699,0.0010382981225402932,8.111631817809643e-06,2.1022021230761527e-09,11.886231782351917,1.777471279995819,9.537284307412547,12.356160203404222,14.762079461314634,2.696813776715736,0.0,12.41,concentrated,12.60496726949614,12.332376097301687,12.505284771359864,0.17290867405817778,0.2511448496901652,2.7971673998433587e-12,0.44273791062585227
31C91561D2759B48B5A0F82815FC599761F2589A764398FC548CB73863D6AE4F,C,0,"[0.0, 6.0, 8.0]",False,1e-08,stationary,18.245476699999926,0.0012491083467651308,0.0010510194043858475,4.27557387552064e-06,1.1279200640899225e-06,11.902645397517245,1.747365366264718,9.5369557434678,12.309936508741739,14.831518752473768,2.7255427468130273,0.0,12.455,concentrated,6.014169899415342,12.255558814662383,12.649819567919886,0.39426075325750354,0.2769949953866235,2.7971673999076914e-12,0.43899512807141816
6B2454AE7DB772DF44E7EA53A1BC8DAB492EB773C3CE7D36D715844BD788082A,C,0,"[0.0, 6.0, 8.0]",False,1e-06,stationary,21.275725699999384,0.0012796909346735603,0.0010831871126861174,6.99307963680433e-06,1.6678864026750482e-06,11.812784098046636,1.6877162103493093,9.44694086317216,12.132871676049104,14.672310689838667,3.1396120793753073,0.0,12.5,concentrated,3.180132935149715,12.066431130324355,12.9260063819537,0.8595752516293445,0.3192990464747236,0.004096616200899736,0.446735522035012
C24B71C77594B5B09264F0AD9014E799E708521543D05263411FCB29422023FC,G1,0,"[0.0, 6.0, 8.0]",True,0.0,stationary,37.22279739999976,0.0007129400863213496,0.000488089621515395,3.128275586389001e-08,0.0,11.677597338076133,0.05000000000000002,11.595286479609404,11.677597378734104,11.75990841462471,2.16745646053396,0.44081674009802674,11.68,concentrated,55.78747225047669,11.618660456878896,11.73653547921811,0.11787502233921465,0.7611102540093305,0.9937788698402847,0.0049019475117228276
FADE13D7B3304B8BF1184A2D497024DDBD750684564D0124A4DD8DEC02E86BED,C,0,"[0.0, 6.0, 8.0]",False,0.0001,iteration_limit,22.71094980000089,0.0017340977338466863,0.0013410995990733917,1.1626427582108524e-05,9.990649727731338e-06,11.713113623297712,1.6374264351161016,9.384364347507306,11.855229057546287,14.739230035457444,2.6709117541953487,0.0,10.39,concentrated,2.2468159783813864,9.628577801053785,10.960228336964759,1.331650535910974,0.3402190196675151,0.02551902250160318,0.47057623145856065
4B5304AEC53FC5949B61DD94B19391AF457CA269E3344BCBA16F62FDC3AAFEA6,H1,0,"[0.0, 4.0, 8.0]",False,0.0,stationary,6.362992500000473,0.0019392949054313395,0.0016898779243007126,3.169026372264161e-06,0.0,11.776679507151984,0.0,11.776679507151984,11.776679507151984,11.776679507151984,2.3850328513566836,0.0,11.776679507151984,delta,,,,,,,
AE7537130D51542EFA1FAE95C21D488335B64194DE620D030500CD945EB2CFDF,H1,0,"[0.0, 4.0, 8.0]",True,0.0,stationary,8.140367300000435,0.0007345414639708359,0.0005016851116220637,5.25454323845246e-07,0.0,11.674812976025818,0.0,11.674812976025818,11.674812976025818,11.674812976025818,2.17352050933432,0.4438132798291998,11.674812976025818,delta,,,,,,,
CF4D4A18CB062864C1A5266F753A86285E5C3C8A35486320C52F94CB6E3B5929,C,0,"[0.0, 6.0, 8.0]",True,0.0,stationary,46.8966247999997,0.000415892437893153,0.00027175762149431935,3.5452505636784618e-09,1.2768069201268376e-09,11.826851527792368,1.7476995960354345,9.439324380341851,12.255577803785442,14.635052719455791,2.574950411150142,0.45003802683892324,12.3,concentrated,16.70339930287276,12.227756773786808,12.372243226213191,0.14448645242638314,0.2790787860523231,2.7971673998265675e-12,0.4182744432043459
B4F1787CDC81F13D296690A43AEB60F896478FE50B846F49F33761EEF55460E5,G1,0,"[0.0, 4.0, 8.0]",False,0.0,stationary,16.57281680000051,0.001985375102131871,0.0017274109997006556,3.6109395345337037e-07,0.0,11.77487451274126,0.050000000180242636,11.692563285905202,11.774874609653782,11.857185915629463,2.3928126013599846,0.0,11.775,concentrated,55.851743154524975,11.715992154476785,11.833759161836475,0.11776700735969037,0.7606818450927756,0.8561170161712875,2.9983942461899324e-06
38A2B10D20A0E33B0427E142B598533C57090010A98D3CA0113E3E00CD734DEC,C,0,"[0.0, 6.0, 8.0]",True,1e-08,stationary,49.62203860000045,0.00043650487258897123,0.00028567697451903926,1.2766511909311698e-10,1.400575765559992e-10,11.884717017559504,1.7257586962308427,9.542510724124307,12.235819427211709,14.705187207891266,2.5669424718915046,0.44954821656053134,12.335,concentrated,6.738183146632683,12.150328945631472,12.523959748731688,0.373630803100216,0.2939840216498603,2.7971673999048924e-12,0.40967140351667736
CF4A314F9BC2AF3FA087B4B8FAF158265BE4B88E6FE79003C60EB2EACB5C0FA0,C,0,"[0.0, 6.0, 8.0]",True,1e-06,stationary,53.703859700000976,0.00048255814221549747,0.00034872835198663133,1.9939875862997323e-09,4.068724171636125e-09,11.759164919974014,1.6842497080889411,9.409737117488428,12.016358561173266,14.579323658789875,3.4188629503918064,0.45120611247145104,12.46,concentrated,2.873514277918955,11.89319808884724,12.900880393267826,1.0076823044205856,0.33898053603290224,0.023052343972672203,0.43524135058627433
D2EDEE938DE0A856DC7FA1925C1A6D3D09BE445D7137AA784F94A04BC297FA89,C,0,"[0.0, 4.0, 8.0]",False,0.0,stationary,20.614130800000567,0.0015766809025124162,0.0013804387858798715,1.825324964517879e-06,3.61621318447388e-06,11.993987872745306,1.7751084771297378,9.63101591644488,12.271937210034594,14.598388974988595,3.34410194309967,0.0,16.0,boundary_peak,13.739974254351877,15.979334257974763,16.0,0.020665742025236966,0.02967709888983007,2.797167399848938e-12,0.45308243545636906
59D304B510BE4BA7E8849715EF868DA47A3FEF69E0BDBC08309DDD9B5027FFB3,C,0,"[0.0, 4.0, 8.0]",False,1e-08,stationary,19.02001129999917,0.0015841332089836018,0.0013839007982420356,2.858572375396149e-06,2.267578209214473e-09,11.964825358835638,1.7570057598567417,9.582195321950735,12.260419777947877,14.687502705752268,3.330203958680251,0.0,12.8,concentrated,3.38536186264077,12.196717553119502,13.065443332774132,0.8687257796546302,0.31646511938404764,2.797167399910488e-12,0.45647976796424106
74FB6BC9FEACD197FBA5F9E5E0BAB334B0432BBDAE0EF11DBE1E8DCF4EEC3F42,G1,0,"[0.0, 4.0, 8.0]",True,0.0,stationary,36.79700810000031,0.0007369460571111443,0.0005026159366337898,2.8789416526356207e-07,0.0,11.675175344412228,0.050008272729607096,11.592850321162265,11.675175213221104,11.757500121808182,2.162291893486379,0.44424852625014366,11.675,concentrated,55.842336558999385,11.616280491958477,11.734066981708125,0.11778648974964767,0.7606819490167396,0.9932335332269485,0.0056407877509653285
08F7C1BB7B2F9181B5804980C097A52180621A69B1A1E41C44901B1DF4B4C878,C,0,"[0.0, 4.0, 8.0]",False,1e-06,stationary,22.490275199999815,0.0015571406852875676,0.0013368403241795668,5.047209822057778e-06,5.654522280249238e-06,11.936597118388336,1.6979593970154605,9.576522914222206,12.11094138744918,14.871981547275466,3.3415135925752355,0.0,10.72,concentrated,3.052666504001158,10.227888905387882,11.12927052774331,0.9013816223554283,0.3200186139540577,6.2529957377093894e-06,0.4934485264056641
9869E65ABA1DCAA179EB4E2428DC813618136B570AF9AA58A5B7258B3FB0FD27,C,0,"[0.0, 4.0, 8.0]",False,0.0001,stationary,22.982632100000046,0.0019415083314070062,0.001517058036926779,4.30290612515928e-07,3.736707678307291e-08,11.693168855268848,1.6591157552115279,9.374923468970941,11.311513838508336,14.844905928328723,2.7865527758287914,0.0,10.535,concentrated,2.3634542247992893,9.718841439203572,11.111449354795019,1.3926079155914461,0.3729584943187829,0.013047798878448973,0.5136097399237554
7B0712884CF800E37DF571513610877B9072A70617A4C8A983E66CCE13DC752F,H1,0,"[0.0, 4.0, 6.0]",False,0.0,stationary,7.059611900000164,0.0012119012142199485,0.0009751043340276693,1.931131665865672e-06,0.0,11.64448359528231,0.0,11.64448359528231,11.64448359528231,11.64448359528231,2.2015571005658234,0.0,11.64448359528231,delta,,,,,,,
2B8B614BB905FF375C724E77C442F719A9FC5CAAE079AB881D3DD9538B7789F8,H1,0,"[0.0, 4.0, 6.0]",True,0.0,stationary,6.992566399998395,0.0005925554706497085,0.00036695904007619083,5.4952401119551865e-08,0.0,11.582062705826411,0.0,11.582062705826411,11.582062705826411,11.582062705826411,2.0987626420527756,0.4810960766749206,11.582062705826411,delta,,,,,,,
E0A8329C342FED1B78F0D0BF5FD65C7D63EF00AB6DBD28072B96CE0C29A8ABE8,G1,0,"[0.0, 4.0, 6.0]",False,0.0,stationary,15.2853430999985,0.001213939585508712,0.0009771677108602593,4.680831189970746e-06,0.0,11.645824288307264,0.05000000086267204,11.563512496019396,11.645823902854895,11.728135049465136,2.1962400888598834,0.0,11.645,concentrated,55.84432907775453,11.586929297751839,11.704704440777608,0.11777514302576897,0.760713723777428,0.974142692029922,0.025722017733847746
6D846E18D2C7E8FE7942B2EBEC8A7F0F8ACB2E109D2665CB0B396154B500A9EB,C,0,"[0.0, 4.0, 8.0]",True,1e-08,stationary,49.22137060000023,0.0004543972853440383,0.00030287094187666987,1.1240058206224556e-08,9.118708494874913e-09,11.860875596771434,1.734180724416631,9.49502053166418,12.232770714525765,14.733990672627222,2.6498219369782325,0.4534849533326728,12.355,concentrated,6.403038676158191,12.162253894454505,12.545332509458461,0.38307861500395646,0.28649240855248875,2.7971673999048916e-12,0.42419168780755967
D1B883AB6B3A20856C35F2CAD486531800A6930039DCCD886E8F737A5C6B05E6,C,0,"[0.0, 4.0, 8.0]",True,1e-06,stationary,56.526014099999884,0.0004487148471985859,0.0003069179976642207,9.461280035564178e-09,9.753071818123727e-09,11.752719252332234,1.6802941122824628,9.44572484222406,11.961312436832408,14.619369263584508,3.6288672379609825,0.4538078233207996,10.47,concentrated,2.7055799631866706,9.868283222690646,10.896514699454693,1.0282314767640468,0.325680661761116,0.01502550543322725,0.4630067013263576
321F1DAE36AD4604993FF1D2E705E4E061AFE7E30C440025AFE3E8CE8FAF44EF,C,0,"[0.0, 4.0, 8.0]",True,0.0001,stationary,56.11568400000033,0.0007918087247453839,0.00040140493253625547,5.163632141323974e-08,1.1279970445383664e-08,11.612583894648862,1.6266344077918193,9.359683637084167,11.485976684380965,14.66515297317355,2.9757174472017773,0.4616294409005288,10.39,concentrated,2.354573162043099,9.592001777197273,10.972236480111839,1.3802347029145654,0.36835911469704036,0.027387177327915936,0.5037251830095435
0030E8E6FF27EA1B8050F67A10D3A55E0366F81AF29AE203236EB751470C8D1E,C,0,"[0.0, 4.0, 6.0]",False,0.0,stationary,19.316846199999418,0.0009662654435939782,0.0008090437667609708,5.551502717079289e-09,1.383828996678035e-09,11.963371442337161,1.7984154391462723,9.622568750779353,12.39020488006694,14.70030705385919,2.6775002965925494,0.0,16.0,boundary_peak,12.975380223998084,15.979334257974747,16.0,0.020665742025252953,0.028025645093116433,2.797167399832153e-12,0.4333381649692368
D05971B1F38CB892076C84956079D72FD2E59B39ADB0038BDA6B8A2F75C0953B,G1,0,"[0.0, 4.0, 6.0]",True,0.0,stationary,36.02530629999819,0.0005943592851189773,0.00036857928990576265,4.0987368901318475e-08,0.0,11.5823472040084,0.05,11.500036054265323,11.582347140328103,11.664658010955323,2.088473511276884,0.4820449635112489,11.58,concentrated,55.79041140901555,11.523411011080212,11.641281413108201,0.11787040202798948,0.7610918505325466,0.7515235686370272,0.24847597706566626
141D0E0DA46D846FA6C074B84D0DDF7FBD5CDB34DEA9548F5B226B38CE28250E,C,0,"[0.0, 4.0, 6.0]",False,1e-08,iteration_limit,19.241683199999898,0.0009348203890641353,0.0007592035242941961,1.1827159798159541e-05,4.280567623626443e-07,11.86740279778987,1.7394170337636106,9.519791137150097,12.117588732720208,14.535037530397629,3.6221552044046503,0.0,12.72,concentrated,3.880950092411765,12.44817468004922,12.938188084624848,0.4900134045756275,0.21829081635939215,0.0006674926017192056,0.4520181197852666
74BD615AF1FADFF9EB4A605C3C8F3896A8443462BB4E14DFA23BE64ABB7A5D8B,C,0,"[0.0, 4.0, 6.0]",False,1e-06,iteration_limit,20.48258039999928,0.0009607324283833948,0.0007742938003968415,1.3719433025254465e-05,2.454379430205585e-06,11.795312645122399,1.699846693082813,9.430849426761988,12.085988995182495,14.638890043185798,3.567683225804261,0.0,12.530000000000001,concentrated,2.9174335022328384,12.063928744368974,12.967219912765856,0.9032911683968816,0.30817014031188583,0.004810339450274545,0.45990309750079017
DB46F487144FFA57985C51A1C2D3335374316834A04FA6DD38397DE4B0F8EED9,C,0,"[0.0, 4.0, 6.0]",False,0.0001,stationary,21.67444290000094,0.0013149259326553778,0.0009861697627408625,4.150950627580854e-08,7.315895885986632e-08,11.667577788535478,1.6467270532916565,9.376038270396025,11.661499077790253,14.700851062666082,3.034481582806042,0.0,10.370000000000001,concentrated,2.279181332687648,9.56897477532579,10.965893893448309,1.3969191181225185,0.36110589161208206,0.028106246221152896,0.4910459855199961
9EC9A3D81007A77459A9C1D2A17597ADBDBD7EBB4AEE4E9E5723DDD71B79B91E,C,0,"[0.0, 4.0, 6.0]",True,0.0,stationary,43.8867936000006,0.00035956486625738325,0.0001999453784587467,6.481510315879776e-09,2.409034629948153e-09,11.915117115886218,1.790043847486804,9.545198603652285,12.262144975843288,14.638097276753324,2.6351777819516715,0.4798159550765033,12.3,concentrated,15.640467685277923,12.227756773786794,12.372243226213206,0.14448645242641156,0.26131942700717603,2.7971673998293625e-12,0.41176713676296617
789A76E0C0ADF26BBA5DCE18B9F6E4B82C8ADA11FA63DD2A9993ADA3D7BFB1F3,C,0,"[0.0, 4.0, 6.0]",True,1e-08,stationary,45.08529439999984,0.00037461842928669214,0.00022378580834561782,1.9084822141350057e-09,1.1350859233810897e-09,11.909776289098774,1.7576367313304964,9.572231689568264,12.205772451822968,14.691275478244833,2.651321217364117,0.4812449297603494,12.305,concentrated,6.071556931447296,12.108398960738791,12.500976764607465,0.392577803868674,0.2782725510401007,1.756780953838217e-06,0.4090396353345688
1BD7858B61ACB5351A6EB261018867DECB6B7646E45C34E2F49EC5AC561638F9,C,0,"[0.0, 4.0, 6.0]",True,0.0001,stationary,47.10549259999971,0.0007302885321830231,0.0003715481819805742,6.41139866551878e-08,3.326426907139307e-08,11.679819275123318,1.6292999091272404,9.410863251657958,11.786151080225087,14.589139911481523,3.1000856940383867,0.49467082193533285,10.23,concentrated,2.170714311691317,9.460570627433777,10.82002129801541,1.3594506705816336,0.335827501034771,0.048130207413207254,0.46084393828516446
439A6F87DC0B3315AED6F6C1315FB5E786B316A2CAF86B59F36846CC4AB2664C,H1,1,"[0.0, 4.0, 6.0, 8.0]",False,0.0,stationary,6.4823199000002205,0.0025011014720984926,0.0022496316549821373,4.383381566367933e-06,0.0,11.030324456998988,0.0,11.030324456998988,11.030324456998988,11.030324456998988,2.0711274765538845,0.0,11.030324456998988,delta,,,,,,,
8B7858971434C47973CA064C646276C86568074D3AED6DEB522FBE36EF6110AE,H1,2,"[0.0, 4.0, 6.0, 8.0]",False,0.0,stationary,6.844448400001056,0.0017143829769436397,0.0014717584661736915,1.2598708564731015e-06,0.0,11.729380062055222,0.0,11.729380062055222,11.729380062055222,11.729380062055222,2.27985584560147,0.0,11.729380062055222,delta,,,,,,,
8A9A0A97C38DDD2B8AF7E68ED580EA9D8C402F88CF782F134BB285F880707B58,H1,0,"[0.0, 4.0, 6.0, 8.0]",False,0.0,stationary,7.094222399999126,0.0017153742371853128,0.0014728137816180122,1.5198510508541757e-06,0.0,11.729456894698373,0.0,11.729456894698373,11.729456894698373,11.729456894698373,2.280590554779694,0.0,11.729456894698373,delta,,,,,,,
1F9593ED968070D2DC8C3400ACE038A40CA44713C3565C8E89097B6F60764021,G1,0,"[0.0, 4.0, 6.0, 8.0]",False,0.0,stationary,13.82519019999927,0.0017525194689038354,0.0015027958228975723,5.174213281187332e-06,0.0,11.729125333857125,0.05000128670781981,11.646812488588044,11.729125725800902,11.811439256511738,2.277018714211765,0.0,11.73,concentrated,55.84193750447151,11.67024360121318,11.78802279451434,0.11777919330116049,0.7607177449258855,0.9758404783891624,0.00015178324241088586
524CB4D11A54D55A99B3EA46C2CC991EBC4C6F84B653FFDE8C7AC72AAC3DE861,G1,1,"[0.0, 4.0, 6.0, 8.0]",False,0.0,iteration_limit,14.279792400000588,0.0025041265395787855,0.0022524423166900647,1.6161655659012573e-05,0.0,11.030679184199037,0.05000117993207107,10.948365515894942,11.030678827224403,11.112991968684375,2.0772121470493383,0.0,11.030000000000001,concentrated,55.84544906082146,10.97178542853056,11.089560648627076,0.11777522009651697,0.7607031563500457,2.20259259155504e-25,1.0
C52209D6FD655A9BE8AF8429BF356EDE869CA1A2854504BD31E6201CFCFF5F0B,G1,2,"[0.0, 4.0, 6.0, 8.0]",False,0.0,stationary,15.552419200001168,0.0016551844571909623,0.0014135667101034379,2.8045531063465806e-07,0.0,11.719492822356763,0.05,11.6371818637737,11.719493125625185,11.801804464431505,2.272015185890578,0.0,11.72,concentrated,55.84904598163517,11.660612445342897,11.778382411202942,0.11776996586004529,0.7606934405277805,0.984674783874415,0.0003132791722083408
2580F7E0A319B658D645A3CE94806F2134B062EA21C4570868E9684EB692B44C,C,0,"[0.0, 4.0, 6.0, 8.0]",True,0.0001,stationary,68.1970237000005,0.0008126919689996313,0.0004109544499567767,1.934336297039102e-07,1.409858895416987e-07,11.647565906541884,1.6398828208974043,9.369476604279273,11.693930555776735,14.678733735710757,2.9785358145809564,0.4547169901889341,10.355,concentrated,2.32628491177113,9.587833535889892,10.926551802641272,1.3387182667513802,0.3539516388252395,0.030310052356229612,0.4873800951356115
65C9AD2AC0C7FB881560B885717F5A1C1300EE9C52531B60D2AA3BED1C1E73C1,C,1,"[0.0, 4.0, 6.0, 8.0]",True,0.0001,stationary,70.42830529999992,0.0013729347442125832,0.0008934023032680749,1.0177876828443087e-06,9.917997465260257e-06,11.933008843849702,1.6884643122082883,9.611627583011241,11.393759456640302,15.11073259594713,3.1497690223747234,0.48009221212917996,10.885,concentrated,2.602077077562554,10.182569020886016,11.476426563161704,1.2938575422756884,0.38586237094526243,0.02949858044082766,0.5291544192964202
2AC421CA54586358E7D4E832FB674529166D4E62559CDB2EC9FF2340FDE32548,C,2,"[0.0, 4.0, 6.0, 8.0]",True,0.0001,stationary,66.43222600000081,0.0008057615583401194,0.0004288317657715048,2.6077645958838993e-08,5.4235102758804204e-08,11.675033305071759,1.6373831601547653,9.387581546059842,11.782322154722683,14.64028990929546,2.9727701810497247,0.4559898250232164,10.285,concentrated,2.209138958607677,9.508191824618788,10.869692317940785,1.3615004933219979,0.3412564072560881,0.040798283242219825,0.4678032053362365
48E1DAEFB88C981202A8158D2471F7258ADD12E0597921D47A067A1FB8DF484A,C,1,"[0.0, 4.0, 6.0, 8.0]",True,0.0001,stationary,52.34819420000167,0.0015208023042612476,0.0007754092696158921,6.621530097859444e-09,1.6419756990117447e-07,12.500469904603339,1.6854042722348734,10.293862048593194,12.70293864379872,15.490276758186655,1.000000007715034,0.4621451715469309,10.935,concentrated,2.8294464304722604,10.445709887254395,11.419089660568124,0.973379773313729,0.31975532754522984,0.017476276628715228,0.4151809571886869
48849A5A2390AAB4F08C2AE256C76AEFB513119B7FB0D1157FB8309C900DB478,C,0,"[0.0, 4.0, 6.0, 8.0]",True,0.0001,stationary,55.64376290000109,0.0014140303204458553,0.0007239155148157211,2.1915835945837454e-06,1.6924354225369715e-07,11.90764972274794,1.5406463880186836,9.499664207399777,12.109817909598275,14.64841072061453,1.000000007715034,0.45267343691320994,12.24,concentrated,3.127096451359619,11.708025306275362,12.854364887591288,1.1463395813159263,0.41566622737845016,0.0589898088447041,0.3352486040421062
8AEDA4156EA92710E86EA6B7B57A615863ECA5F4299AC6FC965C56F3FB522DDB,C,2,"[0.0, 4.0, 6.0, 8.0]",True,0.0001,stationary,57.75805290000062,0.0013797285467935447,0.0006915028633709792,2.187448893240346e-09,9.406066197247768e-08,11.911946985948404,1.5098830309637636,9.50475036468431,12.075703394047778,14.598413228291827,1.000000007715034,0.457089091683484,12.165,concentrated,3.235202917926139,11.629732099010436,12.784589259992405,1.1548571609819689,0.43315493971216357,0.07540182159089347,0.3218773939146312
C458727A5085D19A1A490FFE4139D328026072202AC29C1B9CC87271D17F463A,C,1,"[0.0, 4.0, 6.0, 8.0]",True,0.0001,stationary,58.767905799999426,0.001039504493005442,0.0005973387237980393,1.9040790560618177e-08,1.0962633065810922e-07,12.010870584072538,1.7042531287396705,9.59593533852531,11.483738985666474,15.211818378274947,1.9999999812928166,0.4664186649880986,10.925,concentrated,2.5943647457371997,10.276457002305152,11.485617869841404,1.2091608675362515,0.3599200424135981,0.028844838539564804,0.5110560058208272
7B1A7BBA4B11062AE77D6D43B44620FCD6AF5B4EA8761090C0ED62BA1DDFA942,C,2,"[0.0, 4.0, 6.0, 8.0]",True,0.0001,stationary,58.77698149999924,0.0008860797689422405,0.00047897910545757863,2.4003684338845885e-07,2.644782983900803e-07,11.777741596145125,1.6107697160711716,9.42610462818081,11.962516378539913,14.667896224396635,1.9999999812928166,0.45776623202544586,12.29,concentrated,2.3646816193183806,11.707784103393404,12.979640685571429,1.2718565821780246,0.3465759658964307,0.04517793189903356,0.4213513144770603
663B4054B2FCA6412E3CF335399798A086E9E010D972CB4C5CED0B11E3F7C575,C,0,"[0.0, 4.0, 6.0, 8.0]",True,0.0001,stationary,59.147815499998615,0.0008860797344678718,0.00047897636214645767,3.927542254688151e-08,4.2793789199909154e-07,11.777737232424025,1.6107704608115538,9.426099492949582,11.962516741855687,14.667896430828588,1.9999999812928166,0.45775805896607213,12.29,concentrated,2.3646954542730794,11.707788013645954,12.979635590493011,1.2718475768470565,0.34657582214979193,0.04517769312725494,0.42135136230962345
6E10BE45A2D76AE98FE6AD30613DF0D97728ADA3FD35571BA652290F988F55D9,C,2,"[0.0, 4.0, 6.0, 8.0]",True,0.0001,stationary,58.53337309999915,0.0008058267261685861,0.0004284870609383534,1.160358214900726e-08,6.575656693458276e-08,11.673446863613181,1.6377933765340422,9.386948275377756,11.779443835717426,14.639724515655937,2.9999999977237466,0.4559312388420571,10.29,concentrated,2.2129951308710107,9.508704964411672,10.870245691633457,1.3615407272217848,0.34187045207590117,0.04062965194741039,0.4684567127867948
21B7A232CB32CB70CA326DCBAEE50CC3BDC363F271F50A402B2154C6B0939AC5,C,0,"[0.0, 4.0, 6.0, 8.0]",True,0.0001,stationary,59.017561800001204,0.000809976161204661,0.00041637231996276893,1.8258443115992847e-07,2.1914930574949178e-07,11.640203003765704,1.6364882098380822,9.367445077997345,11.69674018576827,14.66557443296049,2.9999999977237466,0.4554099245939962,10.345,concentrated,2.329910207444122,9.57761315177172,10.915019695201813,1.3374065434300935,0.35405361622595133,0.031090299432796138,0.48675124308627865
63AD6975A162DD1F28A520ED8E88E38A100A4DC7213C54F1D9F77B3EF9D4CB23,C,1,"[0.0, 4.0, 6.0, 8.0]",True,0.0001,stationary,59.71135529999992,0.0010112276537074716,0.0005953148831958907,8.755864169103999e-09,3.1001437070959405e-07,11.845578712648708,1.6431662125773645,9.56735903730516,11.355718474886714,14.980745188169509,2.9999999977237466,0.47159481794094593,10.91,concentrated,2.5871481894157493,10.174014666044604,11.525195078608876,1.351180412564272,0.3992315739852492,0.03517202236867509,0.5417383658254251
5841FEA4C9F7351EF88992BA7D911FCE321F316205394F6076CA0A25837AF11F,C,1,"[0.0, 4.0, 6.0, 8.0]",True,0.0001,stationary,58.216108300001,0.0012020889715556168,0.0007949917038506552,3.255767960515511e-06,1.848901273114015e-07,11.957313832593751,1.6879184359151564,9.57419646574499,11.45902093991211,15.134415909082632,2.506581899409484,0.46157722848746796,10.925,concentrated,2.5061126346671605,10.217035179086718,11.517989869945996,1.3009546908592782,0.37279744836331613,0.03252550654809283,0.5165497771951554
288B4B9E779C7760B19DD83D1ABEAF4EBE6480FEBF47AB09542D366FA8134CEF,C,0,"[0.0, 4.0, 6.0, 8.0]",True,0.0001,stationary,58.387319400000706,0.0008100448367248287,0.0004162728804049863,2.8695972502275033e-07,7.043420882342846e-09,11.637581622109503,1.6366352928871786,9.366719351322068,11.688321951802145,14.663720792221454,3.0372565054969654,0.4553944571149211,10.345,concentrated,2.333723266495631,9.576755760146385,10.915725965574504,1.3389702054281187,0.35506761664586295,0.03096343677407409,0.4877408766193917
9FB53748A9A157E4867209368A1C00EB2DDCE4E33614F36181C6697CF0DA5709,C,2,"[0.0, 4.0, 6.0, 8.0]",True,0.0001,stationary,59.39158139999927,0.0008059445244362122,0.00042889069356857597,5.821110081177664e-09,7.73719350811693e-09,11.675046876214825,1.6373861400472007,9.387604706189082,11.782284947712753,14.64027025460866,2.972629383364781,0.4559875131314104,10.285,concentrated,2.2092882644720753,9.508553392108684,10.869752440475976,1.3611990483672916,0.3412125108615079,0.040790784660647846,0.46781496826037905
31FAFCE71853031B9D3BF1391299ECAE22F60F63436B23B1A67B0203DE6D40EA,C,0,"[0.0, 4.0, 6.0, 8.0]",True,0.0001,stationary,85.73815809999905,0.0008109398229960216,0.0004112550846256429,8.983461169202824e-08,3.538089964969914e-07,11.648231788488308,1.6381014704594807,9.370600605995506,11.706086460940215,14.674771447670855,2.9621754286434125,0.45511460473045084,10.35,concentrated,2.3230653397141436,9.5849503021898,10.921207723337,1.3362574211472005,0.3528326472940622,0.030773244304017858,0.4858226416086795
D3FD966866AC4B23E6860428734E59D18FE25924E3FF996184BA3B927A59B3BC,C,2,"[0.0, 4.0, 6.0, 8.0]",True,0.0001,stationary,86.5059168000007,0.0008130409402377386,0.0004335272333423873,7.047586287401501e-08,3.8489806677695186e-08,11.666325049842966,1.63330130602286,9.386888433726542,11.772789917197242,14.6239474524546,2.9857469476447824,0.453689235044741,10.285,concentrated,2.2116786780166313,9.50231368863051,10.866652913253326,1.3643392246228156,0.3423777556103104,0.04162982668122705,0.46886063579146975
DF2F0AE5DF38E452CB325F6AD191BF1A6D6CA906E44872520136A1BB2BA6F20B,C,1,"[0.0, 4.0, 6.0, 8.0]",True,0.0001,stationary,94.31498470000042,0.0008515606398574883,0.0004646149417842399,7.875805798813078e-06,8.186501037065971e-05,11.70736958969574,1.618992958519372,9.414073167612607,11.841453117305589,14.625841341510126,2.6672204910207675,0.4530303178254196,12.3,concentrated,2.211236909008709,11.688082057586191,12.983823782510251,1.29574172492406,0.33124184865718775,0.04443475283751067,0.45270164500618426
DBDBFA00236B8CC13424832823259202FB13E2F9A267CA639ACD54D6AEF708B8,C,0,"[0.0, 4.0, 6.0, 8.0]",True,0.0001,stationary,94.47356040000159,0.00067931908761805,0.0003142072038097248,5.8029420824404156e-08,9.55152589746848e-07,11.377883227702373,2.0201494490328913,8.575907767473312,10.894220736340143,14.925182322274537,2.9219913613757935,0.4547975186413249,10.225,concentrated,2.5031327126648155,8.85802427919073,10.798204498308657,1.9401802191179272,0.4039576571962034,0.030620900582788508,0.5304653936749351
BB3AD280450245F6EEABE3B22CD7BEC9911929536D9D99F2D1654F48ADAEF637,C,2,"[0.0, 4.0, 6.0, 8.0]",True,0.0001,stationary,97.62837389999913,0.0006792345794660627,0.0003143720014151211,1.2311460158321181e-07,2.647988873240607e-08,11.374985952366123,2.0161194706897723,8.57996305673905,10.894630314577388,14.918051616800625,2.917563147327607,0.45472451970174754,10.225,concentrated,2.505541790166148,8.859815230484802,10.795633521173471,1.935818290688669,0.40388469813012096,0.03112191568886804,0.5306949787725495
00307E5122EE42F1CA2D9E3D5FC7C695EACAB905BF891F2ABC5904097D4626D2,C,1,"[0.0, 4.0, 6.0, 8.0]",True,0.0001,stationary,98.68063869999969,0.001214552552315233,0.0007600183816287757,7.8661551451992e-10,3.110625046345156e-08,11.807723990929821,2.2173701958407714,8.726534713150238,11.176992242000043,15.647194911352155,3.151666998483934,0.47504217239849034,10.879999999999999,concentrated,2.599911354178586,10.163328625547917,11.42762176836735,1.264293142819433,0.29207292348721076,0.013497983382691623,0.5632397694640261
9859394D3843CBD002245BA22B2E59D133CB1B1AFFDC167C8C1F5AF26BD72B3E,C,1,"[0.0, 4.0, 6.0, 8.0]",True,0.0001,stationary,69.03820540000015,0.0009383443871437528,0.0005063499128811693,2.051633185775226e-09,1.315216278030204e-07,12.23484267109277,1.6809673078528182,9.950760784182236,12.036492729584516,15.416539857173587,3.38318492725183,0.48611013987391716,10.895,concentrated,2.463516817237572,10.250673861735065,11.495897848978972,1.2452239872439073,0.3531321950127686,0.03168014134072424,0.45232485263235134
C62F6F9E8A83B70CAE485375AEB015A0674485F2DE0DFA6610629119BEA1BECC,C,0,"[0.0, 4.0, 6.0, 8.0]",True,0.0001,stationary,70.55506820000119,0.0006263208011105889,0.0003421132146262507,2.4122527875143656e-07,1.04030873857773e-06,11.705796339393027,1.5944099970411338,9.4223472684781,11.845972657625207,14.594746739855047,2.7731359272344034,0.47509544319251784,12.355,concentrated,2.098688599723757,11.68707200168724,13.119038656753727,1.4319666550664873,0.3465646483673024,0.042291148142575175,0.4541373996058897
3433FA27636F4DE2BEDB36180179A8AAB996F1A538E9B7E648741CDCC37DC117,C,2,"[0.0, 4.0, 6.0, 8.0]",True,0.0001,stationary,71.69591179999952,0.0006263207639170474,0.0003421115105764793,3.62365219421941e-07,4.5534332358782926e-07,11.7058283591413,1.5944231364853623,9.422362790784142,11.846009188731962,14.594794665426948,2.7731342402893144,0.47508564610068293,12.355,concentrated,2.0986778815196834,11.687112813702559,13.119072116281396,1.4319593025788375,0.34656107487977555,0.04228737260645583,0.45413401861323727
AAB30F6F91ED6EA0DB1D4DC7B0C12777DC270B48DA9D840E9E5CFA0455BBC188,C,0,"[0.0, 4.0, 6.0, 8.0]",True,0.0001,stationary,70.51089259999935,0.0006858519835176651,0.00035878688457004784,1.2907282105604237e-07,2.0881740731075156e-07,11.571211309001887,1.589143690488264,9.35204339584819,11.642343504630894,14.525599277750851,2.8471601304880902,0.49576941735913826,10.215,concentrated,2.203700320939669,9.335808904708053,10.836548423033928,1.5007395183258758,0.3713451503256476,0.04395669297217791,0.4878805515399157
FEF34C3A35330CAF07E0DEA0479CB2C05E8CD22556FA30FF8A3DC03F5D04C684,C,2,"[0.0, 4.0, 6.0, 8.0]",True,0.0001,stationary,72.35204410000006,0.0006864176459888036,0.0003601881990753253,1.3860876352290571e-08,6.586235740520469e-08,11.57392114697826,1.589557767149349,9.352318106546063,11.64974135506094,14.526273738625147,2.83825649656864,0.49623514117267487,10.215,concentrated,2.1991904158058455,9.334347700244551,10.834513891271962,1.500166191027411,0.3704048794189244,0.04413462572841465,0.4867630590284158
1B42F465A14BC726881100C56342CFFA0CDECBC56B7C81B19726D28E7B79FB5A,C,1,"[0.0, 4.0, 6.0, 8.0]",True,0.0001,stationary,73.40418559999853,0.0014737538545229003,0.0009584137461122515,2.484689598988218e-07,9.057265657670156e-07,11.683839999154593,1.8313032162070308,9.503499653278336,10.926776364690562,15.680007369359279,5.0,0.5174969772817994,10.63,concentrated,3.1605132798424047,9.929041439775322,11.226459283901882,1.29741784412656,0.4739846066998235,0.0071961273936459605,0.6374090269846895
C2A497487FB96D034D2C7BEA9BC1D2EA2954647221988EF9206882998E05B025,C,0,"[0.0, 4.0, 6.0, 8.0]",True,0.0001,stationary,70.86950090000028,0.0006300019085488861,0.0003425131436542017,4.709826082885052e-08,5.382756141188898e-08,11.735061366723883,1.6657207132033485,9.361458570583775,11.863285721407916,14.748247058878162,3.0484992137904774,0.47865016882207634,10.315,concentrated,2.076593268314472,9.373379020730246,10.918081567202696,1.5447025464724504,0.35582502376400327,0.033314477369259646,0.4608035593756843
B4EFF05425B3CD04CBD139755A1D09D0D03DB62430058646DF7399D60A7D9EBD,C,2,"[0.0, 4.0, 6.0, 8.0]",True,0.0001,stationary,71.0198634999997,0.0006300822897672028,0.000341802636802537,5.497285625604483e-09,1.0758421213901033e-08,11.731890192655444,1.6650156953673518,9.360530173184689,11.858195928770321,14.745448239416136,3.0632806915725244,0.4786406670747849,10.31,concentrated,2.0783730184003097,9.369664228366785,10.91782438994033,1.548160161573545,0.3567877540128459,0.033428724987579775,0.4615543084631363
81B2000F8D1ADBF35C966FA8630D09472333C6EA813797B7BC1C9812E827BB2E,C,1,"[0.0, 4.0, 6.0, 8.0]",True,0.0001,stationary,72.27996779999921,0.0009297671761742513,0.0004950361444805967,2.103141371523137e-06,4.819086433726586e-06,12.19345220100809,1.7280671909530807,9.823777588548104,11.883842365722211,15.536611684559935,3.3413117156741867,0.4909287275655847,10.885,concentrated,2.3993465149755284,10.2034958480569,11.49115148005474,1.2876556319978398,0.35355787784922466,0.031188543685979623,0.4642408052446096
9F56E16BD50D0530792DAC64676D09FE62F0AF5C168BF353E1BC0BD132304832,C,2,"[0.0, 4.0, 6.0, 8.0]",True,0.0001,stationary,70.56479260000015,0.0006587878904950465,0.0003432881129503461,1.0248024609809652e-08,2.2173863026481774e-08,11.516911471129085,1.5888305051618667,9.34712898776368,11.362412994029317,14.562065985405965,2.9788298954032553,0.44045505606960966,10.275,concentrated,2.3331462551485904,9.404485707526767,10.898942866878189,1.4944571593514215,0.39252868012430386,0.037028937991276566,0.5152513471581943
D995BA1CE9ED55E20E64F4605A9B1F4FCCB2ED5AA8018BF9DC5EF44E42D8CC67,C,0,"[0.0, 4.0, 6.0, 8.0]",True,0.0001,stationary,71.03924600000028,0.0006587878913366195,0.0003432878014864302,1.1305630941261455e-07,5.42410286646206e-08,11.516910054215762,1.5888300248966158,9.34712843704113,11.362409685180895,14.562064866227534,2.9788345291481453,0.440455479958082,10.275,concentrated,2.3331478310569134,9.404485069942675,10.898942124577884,1.494457054635209,0.392528875232939,0.03702895990607491,0.5152515858554165
023884822796CF9B1167F846F42D78AAC54D531AC41BA75BA84DAD18CA587FDB,C,1,"[0.0, 4.0, 6.0, 8.0]",True,0.0001,stationary,71.0664684000003,0.0012840164137708772,0.0005925755175790779,2.911907788931262e-06,3.2374187213272607e-07,11.553789784439715,1.5258377635751625,9.37299084186288,11.877441068069105,14.433824392429619,5.0,0.4403028358685661,12.27,concentrated,2.840140313461917,11.711785576431087,12.887735596003457,1.1759500195723707,0.38929546355927336,0.05301868653878743,0.43304564284401087
918996C42FAB367F87356532319B97C933A8EB82DF08C34BF31A828C929A53FE,C,0,"[0.0, 4.0, 6.0, 8.0]",True,0.0001,stationary,70.68880340000032,0.000569216300065415,0.00029434109222531657,1.7289033640459138e-09,1.545095498691352e-08,11.404415605125273,1.6177550083227255,9.270544395876314,10.985008924452092,14.540672955780973,2.9443431408491887,0.47262354307502563,10.215,concentrated,2.3422729810116327,9.0,10.868918256739255,1.8689182567392546,0.48304845155449644,0.03293104645021269,0.5441951067424655
09A77866D2A4A24F8D307AD9B1AEDAB578FBB927ADE02412384824BF9E90A7C7,C,2,"[0.0, 4.0, 6.0, 8.0]",True,0.0001,stationary,71.76826040000014,0.0005692163000965445,0.0002943408941042575,2.7647012917342002e-09,5.4735128634597965e-08,11.404416584049361,1.6177552984986132,9.270545416535441,10.98500740731135,14.540674834680052,2.9443445083399777,0.4726238384007253,10.215,concentrated,2.342274316888461,9.0,10.868920688026044,1.8689206880260443,0.48304893915456937,0.032930795100708114,0.5441953609620502
441D6F16BE36F255A86480AE9881AA37434ECA3B1EC129BCBF77E1E0B28CA80C,C,1,"[0.0, 4.0, 6.0, 8.0]",True,0.0001,stationary,77.83264950000012,0.001211850830430442,0.0007536677972127222,3.1940478689907184e-09,3.370420281718434e-08,11.487753750498074,1.7835187943011905,9.352637048279288,10.81472400648713,15.509979280648704,5.0,0.4778592546506204,10.6,concentrated,3.066000894289578,9.786714314600276,11.205627525046786,1.4189132104465099,0.49713713451982067,0.0057695673849934735,0.6699703317294861
AD083260E26FE30A4AD36E56A66E20891DE4D1607B02D4C0E62ADF3126AD1741,C,2,"[0.0, 4.0, 6.0, 8.0]",True,0.0001,stationary,70.02237670000068,0.000644521551582349,0.00034179101757068615,5.806269534294081e-09,9.715621106839555e-09,11.65487406174977,1.6245023231192424,9.34049641587763,11.749353261394479,14.657174321216822,2.9592459159702837,0.4520602256343993,10.295,concentrated,2.1310700848616335,9.411521937235038,10.89368076413471,1.4821588268996724,0.35072265279613635,0.04055425814732648,0.4732585315375135
928A57EAA870557887D2D041FCF7D19D8C3D6D45B3A6489ECFEFDAD66275AB6B,C,0,"[0.0, 4.0, 6.0, 8.0]",True,0.0001,stationary,70.37867300000107,0.0006445214776426703,0.00034177933456579234,1.9849814478692828e-07,2.510301237662691e-07,11.654431265518205,1.6243076785813075,9.340297342042646,11.748982335598141,14.656492875130056,2.959013672280342,0.45203879693638416,10.29,concentrated,2.1309438835823333,9.410357383134526,10.893203289553439,1.4828459064189126,0.35081031553100683,0.04061770256339236,0.47327471009197014
EC4C274215854E5439675BAD5F507712981A5CA6655C9B43D39BDFF5A259C4D8,C,1,"[0.0, 4.0, 6.0, 8.0]",True,0.0001,stationary,70.34392959999968,0.001225870770752899,0.000631862275081435,3.547301910077307e-07,1.6565627315212649e-06,11.920142671295672,1.562258617523187,9.503734783502356,12.185559378415093,14.65052142327789,5.0,0.45762807388531024,12.39,concentrated,2.826989925335473,11.81122643941015,13.059638196665475,1.2484117572553242,0.41025406565891676,0.03779019431177708,0.3541980711879497
FE492D3D64E26B4F1EFAB310B84C2FE1418D377A9B4D78ECE2391EFDDEFDDBCD,C,2,"[0.0, 4.0, 6.0, 8.0]",True,0.0001,stationary,69.8526821000014,0.0006270539683184842,0.0003421982003671382,5.752947580418823e-09,3.742772885508786e-08,11.651600835083766,1.6186314980999374,9.370658675182051,11.727143369220332,14.665578128696538,3.0425313125817666,0.4671368553513895,10.31,concentrated,2.129099261702588,9.389603578901971,10.940443019852472,1.5508394409505009,0.36984777132702823,0.03572107565199873,0.47975099744440763
3AB2AB8128290F6F150EF269666664D0049303ACF654E4C0657A7054F7B160B2,C,0,"[0.0, 4.0, 6.0, 8.0]",True,0.0001,stationary,70.52714039999955,0.0006269026799002286,0.0003429354755086246,2.5725132308666204e-07,3.495705770581144e-08,11.655773262041254,1.619442507431393,9.372026090676295,11.73571003993008,14.668207597446006,3.0195564759988467,0.46710331816393524,10.31,concentrated,2.1255845220624954,9.392430036717533,10.940366754953873,1.5479367182363397,0.3686526641787927,0.03567665833168263,0.4785985522588164
B5B7CC46B1331B9912486B4A409885EF42DFBD485E45532F72B1B54D87B1EAAD,C,1,"[0.0, 4.0, 6.0, 8.0]",True,0.0001,stationary,84.83522959999937,0.0011296740861992014,0.0005493394025218207,1.428956107409196e-06,3.233791190492951e-07,11.808804938319465,1.5798542533539348,9.430815141429278,12.09981644489679,14.62021494769037,5.0,0.47231269591465175,12.36,concentrated,2.769608553065831,11.780647523656675,13.021500415707957,1.2408528920512811,0.3995970528752281,0.04171656792958411,0.3791684410750933
F9477394A703F452A8216B70F622ABC9CE111C574879CD087D9EE5FA61337415,C,0,"[0.0, 4.0, 6.0, 8.0]",True,0.0001,stationary,70.88177720000022,0.000611923987080607,0.0002974680071646402,4.602414395495275e-08,2.280996269421248e-08,11.674542587139463,1.6752674965633922,9.365982365352794,11.471746006262087,14.82574790693031,2.7791069163635815,0.48257179661965144,10.415,concentrated,2.2973941487998943,9.574597437482817,11.016432139641891,1.441834702159074,0.37381330562801657,0.024292874374936557,0.5047690348239511
B08716CAD7750AE1DF8D3D953ED185330651EE0393C5AC819C10424B75565700,C,2,"[0.0, 4.0, 6.0, 8.0]",True,0.0001,stationary,71.3946487000012,0.0006119287613452253,0.00029746060190773897,1.925704127018034e-07,7.863431906160782e-07,11.674548926444341,1.6752551581574757,9.365994597621727,11.471786240685532,14.825732877903748,2.779141132157526,0.4825629584427644,10.415,concentrated,2.297390944367874,9.574632285365526,11.016443822995557,1.4418115376300307,0.3738078862258325,0.02429380988082857,0.5047668501405427
194B2D94F8419BCBA26CA6C0794719949BCCAE14640B64A42D9E37DAADEDDE7D,C,1,"[0.0, 4.0, 6.0, 8.0]",True,0.0001,stationary,76.19293610000022,0.0012803580421707822,0.0007551790856537419,1.0735896981056879e-08,1.85001290288608e-07,11.584379812157758,1.7909382983966502,9.352606034588437,10.888051999746255,15.595710916670305,5.0,0.4842925431615601,10.63,concentrated,3.160131055896504,9.952699965285621,11.213310864275513,1.260610898989892,0.4603288294527521,0.006255950209322681,0.6483999427696172
7FA485F1B1D2F442E3E07EEECF94BFB50FB1123D196DF7FA4F3E2173676F11C9,C,2,"[0.0, 4.0, 6.0, 8.0]",True,0.0001,stationary,70.74927519999983,0.0006183327733077181,0.0003282072880722323,1.1804469813592438e-07,1.443258427761998e-07,11.54952341941999,1.610832693800858,9.322781175110318,11.491551398033543,14.577382753254035,3.031582628274251,0.472839284410715,10.27,concentrated,2.2012180111537267,9.20081678591865,10.905077465012035,1.7042606790933839,0.4115713826126578,0.03888821051103053,0.5055922386988163
241590EA37E379305DE8466F734C668774949665E2046239CA30258591C2DCB2,C,0,"[0.0, 4.0, 6.0, 8.0]",True,0.0001,stationary,71.61051220000081,0.0006183418355552621,0.000328212371406122,6.324915352911255e-08,7.004277591719592e-07,11.549624872436299,1.6108697242040466,9.322844467319092,11.491560969512172,14.577534383264084,3.0315857100687182,0.4728664677444998,10.27,concentrated,2.2012615957575044,9.201309025746943,10.905192665398731,1.7038836396517887,0.4115141549128617,0.03887472761490433,0.5055892935795581
D3F777E7E8414C2A909D8A3BF5C222705A348D4A4EA4DC3A127CB0E4DE22A822,C,1,"[0.0, 4.0, 6.0, 8.0]",True,0.0001,stationary,74.01249250000001,0.001191860761095104,0.0006239260885897411,2.9510047269028363e-07,6.856422115296672e-08,11.749171210946205,1.61342925103446,9.377710248807137,12.057002145889367,14.599876305176952,5.0,0.4741530812811552,12.39,concentrated,2.6034461723624,11.808849226643375,13.040286025062949,1.2314367984195744,0.3734533835804948,0.03515090772187608,0.4070669595209754
D9EC5F1BB05B31288E6848B4E7F91FA6299C4E513726A8CA89B0E7D233CDAC7F,C,1,"[0.0, 4.0, 6.0, 8.0]",True,0.0001,stationary,68.11657500000001,0.0011445662940278438,0.000552401310936131,4.3873481166667195e-08,9.927318842970975e-08,11.948936322136554,1.5304255394418553,9.592399223505687,12.206883918806746,14.604629415599492,5.0,0.44700579710957644,12.4,concentrated,2.8382821133909784,11.813398986652546,13.08299704360731,1.2695980569547647,0.4192733831375917,0.03773334368559395,0.34638510356343
D2F9B8085DD75017F67C6788B8D8A75E6E9372CBBCB7BC21B1B8107B28928724,C,2,"[0.0, 4.0, 6.0, 8.0]",True,0.0001,stationary,69.40506039999855,0.0005606489560481336,0.0002717692081465298,3.367966675503968e-09,3.526200439399243e-08,11.725551132698074,1.5928732513755148,9.423205578382191,11.851690407302124,14.62252423990103,2.9247872405222606,0.43858348032437156,10.325,concentrated,2.086921021376052,9.550434670111123,10.940738793373832,1.390304123262709,0.32914743009729147,0.039615522380428175,0.4559306088673951
0E100820D4C207A933AA6007052D083B9F57C6E8119448417865B219A5C7F9BC,C,0,"[0.0, 4.0, 6.0, 8.0]",True,0.0001,stationary,70.19358629999988,0.0005605249061315317,0.00027256086503028555,7.071371967444295e-08,2.6671404078902096e-08,11.728754535027267,1.5933894708979792,9.424145176046045,11.857069572776252,14.625011316085931,2.906737216082882,0.4386938310914772,10.325,concentrated,2.084000208508076,9.551635718589731,10.939779006722981,1.38814328813325,0.328211658605738,0.03960916077225835,0.454892720131952
A518619BF59A8869B8CBAC375D5980EE27B7B4A6B740CAA059C8FFED44667BA5,C,0,"[0.0, 4.0, 6.0, 8.0]",True,0.0001,stationary,69.46470039999986,0.0006285823558811451,0.00033969945081640987,2.2252776240908166e-07,4.1966596701762705e-08,11.673180185755289,1.6277889280860065,9.373355808506567,11.7521653813267,14.696225794073179,2.945373456864661,0.4462662298962885,10.315,concentrated,2.165892748226327,9.487335883671726,10.921442612273701,1.434106728601975,0.3496990659650939,0.03700382853549873,0.4753248071520395
CD8C2AB29BE25B59E32ECDC40C75F430EC8F0411860A66EB4ADFA079DCAAC1C8,C,2,"[0.0, 4.0, 6.0, 8.0]",True,0.0001,stationary,70.84774060000018,0.0006285033933557174,0.00034026494934345607,3.63169880431079e-08,1.9442500798124698e-07,11.675248639351816,1.6282733845982755,9.373701893674925,11.756929218624855,14.6979205247527,2.9305235913741834,0.44635265920963074,10.315,concentrated,2.163819650571229,9.487782129346185,10.92046099752197,1.4326788681757847,0.34903819077385945,0.03702666695687806,0.47459521604329913
1123795045A2B6BF77837951E84203ED41474A5B40BD53C2AED089DC8AC9F07C,C,1,"[0.0, 4.0, 6.0, 8.0]",True,0.0001,stationary,71.28263139999945,0.0011056783828924846,0.0005267115481772051,2.228752734999854e-08,5.1202958515923075e-08,11.886461729816173,1.620982166271101,9.499096424447957,12.172117837233596,14.740584088237146,5.0,0.4489833505523515,12.47,concentrated,2.5570335856645934,11.898310971201335,13.15096675483893,1.2526557836375947,0.3723403828843739,0.022955300064479482,0.3970910695044663
BE19FA0526725C81CB64DC69AC47D58114F196A29FC5DE6FE4E08240D8974EE4,C,2,"[0.0, 4.0, 6.0, 8.0]",True,0.0001,stationary,99.98413520000031,0.0006605564134244087,0.00036470880841895075,3.338651807363809e-07,6.753396240339769e-08,11.400582122463874,1.5134077748682264,9.313969579936618,11.158759304451712,14.340978434485518,3.0066930816352517,0.4134389648652179,10.275,concentrated,2.3408097697989128,9.268174844641841,10.915770911832189,1.6475960671903476,0.42592642242378537,0.04243064345248,0.5375059052719457
2C32EBC591BC430301BC75EC421493B26046A2B135C3E919A732E54F587A61BE,C,0,"[0.0, 4.0, 6.0, 8.0]",True,0.0001,stationary,102.73525999999947,0.0006773736448932137,0.00037952074535701867,5.66292270469729e-09,2.880324399530485e-08,11.390764925248007,1.5064021954108389,9.315394794974262,11.130364412922834,14.326559475939645,3.0246210993077054,0.41399371892414205,10.275,concentrated,2.355331507723243,9.284775549832577,10.921716129700064,1.6369405798674865,0.42679286893525514,0.04214059093070387,0.5407339910053228
12F1BAEAB6EA01F3681B6785D5AC8D5842AAD60BA619B615F723AB721F18BCD1,C,1,"[0.0, 4.0, 6.0, 8.0]",True,0.0001,stationary,103.18707130000075,0.001227871477202766,0.0006129571303198213,2.9184299796732133e-07,7.070312112666087e-08,11.50627641884387,1.5242537217806587,9.327326291443596,11.842358010817952,14.352709018853663,5.0,0.41728754459703477,12.35,concentrated,2.6864476032275975,11.787632323613456,12.98118902580875,1.193556702195293,0.3739315266877148,0.03891730142058582,0.4579687635705164
46C28DDAFD9C4CF5F8C2680D8A9BFDF5F5E3792C67DE3DA2C3CE66977D143B70,C,2,"[0.0, 4.0, 6.0, 8.0]",True,0.0001,stationary,132.252685200001,0.0006544992666257393,0.00035968888810903015,3.7476835513716194e-08,5.129858224111553e-08,11.47219982990048,1.593412167961054,9.300314730157366,11.191644563842205,14.502849891210596,3.0664420166429838,0.47528913287308927,10.29,concentrated,2.2965176179407836,9.094432138365091,10.926056152044527,1.831624013679436,0.45208978152089924,0.03639670496652014,0.5294575156695982
851633A2B8E721C7A9827A56BCB7DD0CFB37B5E4E60BDA1BF49ABB095D81AD21,C,0,"[0.0, 4.0, 6.0, 8.0]",True,0.0001,stationary,132.9394542000009,0.0006544992674868397,0.00035968924410087233,9.192048302813398e-08,1.134837741663874e-07,11.472201185321442,1.593412741551798,9.300315095003434,11.191647305466157,14.50285114967476,3.0664377755887737,0.4752863509454921,10.29,concentrated,2.2965162075130316,9.09443560919418,10.926056909106839,1.8316212999126584,0.45208906375505664,0.03639669507435396,0.529457312929527
B00F1C7A5E515E721C12CDE36142309FB6E6E5587FB2EB4D1F134B1F4792383A,C,1,"[0.0, 4.0, 6.0, 8.0]",True,0.0001,stationary,146.74146990000008,0.0012690971839053778,0.0007791704177135799,3.4307209874695316e-06,5.814031468657035e-07,11.52621423067759,1.7942846251827131,9.327952149231963,10.857716318136813,15.543809699942711,5.0,0.48592026517277787,10.64,concentrated,3.081658396194954,9.893691479708243,11.238684196083403,1.3449927163751596,0.47675829000459286,0.0077494638299436085,0.6650415427803309
37B74A79FA49EDCF55AF2CFA7B747D1F6C1A2AA65FC2BB5D4A3426A6F73F4985,C,0,"[0.0, 4.0, 6.0, 8.0]",True,0.0001,stationary,147.3476742999992,0.0006550828797445125,0.0003473991001507579,4.05811510353655e-08,7.707202721797708e-08,11.660837763270054,1.6017541802557502,9.40559284062599,11.702786186568446,14.666670002239497,2.924337894523597,0.4653781930656484,10.35,concentrated,2.2930642694405803,9.632146105775155,10.949741083767302,1.3175949779921474,0.3450466888740793,0.03322026904013762,0.4843264072718751
84DB72624463366D2C8203D671C00AACB503D3D93D8EEA5714BE1242B71BE804,C,2,"[0.0, 4.0, 6.0, 8.0]",True,0.0001,stationary,150.085065199999,0.0006550611999516127,0.0003474210002971912,1.046103935088079e-08,1.3461522932359075e-07,11.660911782565414,1.6018128754139682,9.405575072196903,11.702930787780577,14.66678105215683,2.9245330390641397,0.4653674075119303,10.35,concentrated,2.2929848596496125,9.632123257788985,10.949723480975583,1.3176002231865986,0.34503530457983406,0.033217809119371375,0.4843102578782694
9EEAA5949A872A6A0E46CD9F399776680943AFB7565EA0D16546B765745E1786,C,1,"[0.0, 4.0, 6.0, 8.0]",True,0.0001,stationary,150.11365699999988,0.0009468511945578554,0.0005271370013436564,3.470731239923226e-09,5.385183768255282e-08,12.191900285322392,1.6578400127094877,9.866430202444356,11.95726417743175,15.343155161035948,3.469123628372878,0.4674004645885441,10.92,concentrated,2.414600604930526,10.29042562565176,11.546271074261659,1.2558454486098984,0.3491968600156655,0.03691133854438731,0.45043116056337645
4EA261BD2A3DA6C2AAB586BB2621ED7AC66D9B7422E0763F889CA74CCC77D3EF,C,1,"[0.0, 4.0, 6.0, 8.0]",True,0.0001,stationary,69.45415289999983,0.0012241174638385724,0.0006095591181641018,4.492260691329737e-07,8.605217832594915e-08,11.753400818300547,1.4962165505045424,9.41925235210214,12.061143642643136,14.390432085625251,5.0,0.42976147171442514,12.295,concentrated,2.9922667719056117,11.721258260027168,12.958035281581626,1.2367770215544578,0.43035663761008935,0.05437325686511446,0.3671907897594894
1A055859FD3819A296A7D28A13FA84562132B147374693ABB424AFD7CE695033,C,2,"[0.0, 4.0, 6.0, 8.0]",True,0.0001,stationary,70.66442949999873,0.0006363025158194674,0.0003479101353066971,2.481496130994261e-09,6.611098303565058e-09,11.644366694864578,1.599429500525845,9.333571880179266,11.809262748967235,14.552069641033048,2.820245804529563,0.4295625752157348,12.34,concentrated,2.127390565954991,11.688531555297304,13.105385021537053,1.4168534662397487,0.348230094959558,0.04268486995572003,0.46103332602573466
A7479A826D8D55053048335DBD041D0398F86C283F5278524ECFF92E79421D3B,C,0,"[0.0, 4.0, 6.0, 8.0]",True,0.0001,stationary,71.50554310000007,0.0006374593271220364,0.0003467516799452464,7.144732205208405e-08,8.764509020679854e-08,11.637633846093012,1.5988718403389643,9.333293745531227,11.794215330452694,14.547500946192255,2.8773602513778678,0.42946726004462743,12.34,concentrated,2.1122574263686507,11.686567841309238,13.107192839600092,1.4206249982908545,0.34650858728374084,0.04257416786828845,0.4639973388588821
A6F6C7ECC1B3304BCBE06F9905FBA669D5EDF49CBF7DE0D2DA7EA2E52263B08F,C,0,"[0.0, 4.0, 6.0, 8.0]",True,0.0001,stationary,71.20807409999907,0.0006703198429559487,0.0003777541970339298,4.3732177361260205e-08,1.2043418425294189e-08,11.500870974228544,1.6161396308239182,9.289902106619602,11.08982605350588,14.585655439015351,2.855320705933263,0.44537198557082935,10.4,concentrated,2.2674744476706694,9.0,11.03637447255928,2.036374472559279,0.49187048777895837,0.022287209602791316,0.5391754034177562
87604D68B50DBDD35D2FCF9C0A2198EA3B11D6F019D956BAFC7BD53F59BAF34C,C,1,"[0.0, 4.0, 6.0, 8.0]",True,0.0001,stationary,71.59539949999998,0.0012842703682293993,0.0006743851743565423,7.496576442269567e-07,3.848969163524696e-06,11.585687358901142,1.5491195321924784,9.275093017639835,11.970601863666253,14.410497029435179,4.999999999999999,0.4541386996636514,12.39,concentrated,2.8133266778810446,11.825289249071409,13.019981268514584,1.1946920194431758,0.3916453649063225,0.035557872890308095,0.42988964410937247
B7D55D782760D1FB9D7F5A7E62713407E2386408E46E0F68C7591114307D3390,C,2,"[0.0, 4.0, 6.0, 8.0]",True,0.0001,stationary,71.93635630000063,0.0006704398858030924,0.00037612473033040995,4.8190353915045756e-08,6.931964762233811e-08,11.498376259111595,1.6154279507868285,9.28925566265845,11.085839606301262,14.5833700506094,2.8680188319856645,0.44522501636964473,10.395,concentrated,2.2688791952907117,9.0,11.036737344695492,2.036737344695492,0.49248767721320696,0.022341634489215185,0.5398795944307648
821C0F28F834B1AFA821FAD26061D21FEB0E0C380AC3F6194E9D42BACF3ECF43,C,0,"[0.0, 4.0, 6.0, 8.0]",True,0.0001,stationary,76.5722149000012,0.0006414086519867192,0.000327905462062386,1.6378688819221597e-07,3.4843189663862854e-08,11.584859253933152,1.6377625115986805,9.301864917144353,11.512581273839169,14.623788527462397,2.907358474132863,0.49402743311851416,10.335,concentrated,2.210878007570927,9.0,10.944105539867252,1.9441055398672518,0.4497490831525429,0.030319957459218772,0.5026017610495015
47D399E19A5442A3CFAB28DD924043EF5052C4A56A908DA3E7AE4F1CEC5363AE,C,2,"[0.0, 4.0, 6.0, 8.0]",True,0.0001,stationary,76.64404309999918,0.0006414086522233985,0.000327905771421434,1.3767582364842258e-07,9.712847318077943e-08,11.584859854446012,1.6377625571107177,9.301865130764812,11.51258360595728,14.623788513747638,2.9073469448880265,0.49402696275075164,10.335,concentrated,2.2108761353209863,9.0,10.944105830706087,1.9441058307060874,0.4497488374176847,0.030320036968047054,0.5026016085334637
50AAD38E17C5BD9FAD359318625E79D732ECEC2E275308AC9E0C4BFE3872B072,C,1,"[0.0, 4.0, 6.0, 8.0]",True,0.0001,stationary,82.8873222000002,0.0012619222380584212,0.0006355070430309455,8.236916567582496e-07,3.3581421499822867e-07,11.701413632677248,1.5629356928722482,9.353499449645152,12.037840209000038,14.50152054216373,5.0,0.5067784115975538,12.379999999999999,concentrated,2.7687612959616414,11.814407033245992,13.015553658689205,1.2011466254432133,0.38702747845887914,0.03637152142394256,0.40862195539460167
DC3D36ECEEE0DD4FC89BBD7E1D1BAD165449E563195A41BEF14D7B7D10E9EDB1,C,0,"[0.0, 4.0, 6.0, 8.0]",True,0.0001,stationary,74.87252230000013,0.0006234087185964662,0.0002903468804096233,6.454471430093345e-08,2.783537512912127e-07,11.468359766997551,1.610373124106766,9.283569834160676,11.284956470564152,14.495404105950763,3.000242339292364,0.46237370182693494,10.235,concentrated,2.374717289197021,9.0,10.819454040189466,1.8194540401894663,0.45862938040365187,0.034841560258920476,0.5143198944924716
929488CECAE7CC4BE47D5F17871800BDA1B8E40B64F2820E71C8CF15B43C780E,C,2,"[0.0, 4.0, 6.0, 8.0]",True,0.0001,stationary,75.8640405999995,0.0006234086380119808,0.0002903336361386708,9.022442741154471e-08,9.140432141491357e-08,11.468149285367998,1.6102719284283349,9.283432177325421,11.286218222594503,14.494992967458504,3.000133011837442,0.462408448380474,10.235,concentrated,2.3744753373232883,9.0,10.819088882139416,1.8190888821394164,0.4585593915941847,0.0348939194846726,0.5142898010852164
EE7B9D3676A2B6087289491D575B83B0E99FB5F9F06B63E7CC97565FADB5781C,C,1,"[0.0, 4.0, 6.0, 8.0]",True,0.0001,stationary,77.61311410000053,0.0007404744427088415,0.0003797926292751196,2.1257805737856918e-07,1.4635751436812118e-07,11.596065429288258,1.6104662614752965,9.348731843465572,11.662356345198267,14.517293036529548,2.5121471059167098,0.4591485187020703,10.245000000000001,concentrated,2.1652260243016093,9.298510458230064,10.87089672414969,1.5723862659196257,0.3803863670078108,0.04041204356543524,0.4863139852237147
9A2E70EF2CC172FBD822C1261395E5FFB9BADF9F878CF8AEBCEAFF5E993BB375,C,0,"[0.0, 4.0, 6.0, 8.0]",True,0.0001,stationary,69.8516851000004,0.0006623073837547914,0.0003845646357580482,6.819066060174072e-10,4.21372206761304e-09,11.47237370533638,1.6378631588215684,9.282606845822633,11.21687119256521,14.597882938779708,2.9405181019475504,0.49252280409170246,10.215,concentrated,2.315679545535604,9.0,10.832526480483166,1.8325264804831658,0.4600637161582176,0.03641066046189152,0.5224878925676357
02983400804E7FB9FAAA4BDB2BD53158AB3E2357DD6E6E5654A1B1A68C5229E4,C,2,"[0.0, 4.0, 6.0, 8.0]",True,0.0001,stationary,69.9949484000008,0.0006623076196162021,0.0003845480421393236,1.653271481369752e-08,1.6497761429060728e-08,11.472331250174053,1.637852587237325,9.282599451143712,11.216680842574329,14.597845625127809,2.9406355579519445,0.49252252381562944,10.215,concentrated,2.3157365816747397,9.0,10.83252130246526,1.8325213024652598,0.4600750172430841,0.03640955972961292,0.5224984840146722
FD303179D38E850C6A0504414FE792625FD1CC2CE241B3362F27A984834A19E7,C,1,"[0.0, 4.0, 6.0, 8.0]",True,0.0001,stationary,78.13025620000008,0.0012675811208184673,0.0007991937096800005,1.6322474759414858e-07,8.070734798174125e-08,11.43558408000376,1.76365588946202,9.364352993066134,10.78584497292039,15.487328380375802,5.0,0.5014005975947258,10.595,concentrated,3.1884604476119036,9.80270522194279,11.208457522405356,1.4057523004625647,0.5133253965607216,0.006657386438648771,0.6901546275104589
4A43E1D885B142D3A4E30A2CA1446A78AB8EA7E861BB2ACCF04E03A4C826B877,C,2,"[0.0, 4.0, 6.0, 8.0]",True,0.0001,stationary,71.68218479999996,0.0006861079171276867,0.00036477468194844173,1.1918547958635516e-06,1.1373005086608937e-05,11.674456443271252,1.6945169402738753,9.300169413399148,11.773944327093867,14.772251267274038,2.996112876999302,0.45358062527074394,10.265,concentrated,2.0901868803804153,9.0,10.854941317141181,1.854941317141181,0.4114371474923981,0.03924628673277966,0.47030902893729765
96502AB866A49CA9471F54D6C23B1BF119396EC57F83B2471A86F42BD5C4AB52,C,0,"[0.0, 4.0, 6.0, 8.0]",True,0.0001,stationary,72.34864819999893,0.0006831885299145375,0.0003631868450195722,1.4416822634460405e-07,9.08615288015347e-07,11.658809589174128,1.68600222023473,9.302210284877557,11.742634315909767,14.756011718608432,2.9940507776362484,0.4554160233993232,10.27,concentrated,2.110910875828057,9.0,10.865262248183669,1.8652622481836687,0.4161902078329721,0.038972198944837264,0.47553659938923043
B121E81D729592C5C76CD41EDB2EDC164B82D4B3A5838658861C8CC43BF9C1D1,C,1,"[0.0, 4.0, 6.0, 8.0]",True,0.0001,stationary,72.90532799999892,0.0008311691625025681,0.00040893238815008253,9.711627178123329e-09,4.3661525351938995e-08,11.655777980336506,1.688375420256517,9.321025067914649,11.647770349077827,14.774356544759279,3.299405009815337,0.4550167307996551,10.275,concentrated,2.097783274756814,9.0,10.91917099917779,1.9191709991777905,0.4256669409081589,0.038286041966963814,0.4885393696426438
DC1E96CC9F5D3D93D1B2542C6B3A5B6D7295CD26465452F795CD02F7E6A42376,C,0,"[0.0, 4.0, 6.0, 8.0]",True,0.0001,stationary,70.31440509999993,0.0006798830231702108,0.0003659474218677366,9.347111471292311e-08,1.5060332444468772e-07,11.628651172681773,1.6536732451267275,9.339505971410578,11.60549433772368,14.741835269984238,2.969223349734004,0.44978443165468707,10.33,concentrated,2.257750264889608,9.461410333546384,10.93060948502807,1.4691991514816856,0.37141957578741197,0.03187476352061038,0.49516218662062195
8212FB25180387DF60FB0EB6D6609BB09AC1E49BD065EA763BF6957818ADD420,C,2,"[0.0, 4.0, 6.0, 8.0]",True,0.0001,stationary,72.21533020000061,0.0006798781965242297,0.00036594719615581727,2.424526496865718e-07,6.096048662200928e-08,11.628688925510142,1.6536888584196037,9.339509240811958,11.605607429514441,14.741871852745616,2.9692026412848396,0.44978128211545343,10.33,concentrated,2.2577119166169295,9.46141165820643,10.930602933503138,1.4691912752967085,0.3714110438113527,0.03187468513398168,0.49515196996683236
323F4FAF63DBCE0B5804904221A06B3F1DB13D51601CE5945B08A26634482B00,C,1,"[0.0, 4.0, 6.0, 8.0]",True,0.0001,stationary,72.24610770000072,0.001006917745347693,0.000533989596943471,1.0851648814768018e-07,9.119888123047468e-07,11.585464248755084,1.6634834040403115,9.331764715325416,11.164986248013406,14.757911427008102,4.999998203269858,0.4496170174477876,10.370000000000001,concentrated,2.5125993626017165,9.582149968990667,10.914333700219974,1.332183731229307,0.37917327848046833,0.016929193989542065,0.5094886517119932
CABD8B551811A78578B0010FF07DE746DD7897A65B91601D198F151CB3277548,C,0,"[0.0, 4.0, 6.0, 8.0]",True,0.0001,stationary,73.33839559999979,0.0007229761924660586,0.0004062650651544314,4.7373158743727116e-09,1.1960545073666853e-08,11.710074292511674,1.6745978212352255,9.325156552143905,11.808891353956014,14.808469905425863,2.9454856166580115,0.448609017109443,10.395,concentrated,2.2093113388239347,9.59648573649922,10.965346513368942,1.368860776869722,0.3408687511544317,0.024923403197902125,0.4775077818484583
6CE38FA885AE248D7DD190BFA0FB6F5581E68E93571D7986E9638995DB88D7FA,C,1,"[0.0, 4.0, 6.0, 8.0]",True,0.0001,stationary,73.98291720000088,0.001244743814092022,0.0006198620581145908,5.341886521596872e-07,4.591304709507379e-07,11.801381367141431,1.557023395725288,9.438638560011922,12.104395165829112,14.59529761820782,5.0,0.45140186493184076,12.39,concentrated,2.777669527071358,11.810777988705917,13.05908536438272,1.2483073756768022,0.4034781056044785,0.03712140586282626,0.3855224917728929
2667DC2391257372C8DA3E3A33BDFFDF0437B74184370A2A7E5A0357E46DE511,C,2,"[0.0, 4.0, 6.0, 8.0]",True,0.0001,stationary,74.12712699999975,0.0007081442290614594,0.00040838817461816366,8.278880136729902e-08,3.9205335955857156e-07,11.714289406388747,1.6548535005350444,9.351994316142182,11.781070293760202,14.769731618619327,2.8573726864151396,0.447867943817001,10.39,concentrated,2.1691854946335605,9.585674234301313,10.989407269995754,1.4037330356944402,0.34357849728602785,0.028590738339475893,0.47761911966144543
1DCAA72CCAA6CADB499A2902FDD85C11BCE00AD8D55E867BFE15798CBF4ECEB9,C,0,"[0.0, 4.0, 6.0, 8.0]",True,0.0001,stationary,70.05886669999927,0.000732856488077412,0.00042052844685545263,1.6416468606912785e-07,2.3620939366693176e-07,11.744720601630805,1.6921428342247764,9.339414108669345,11.863409220756868,14.8518923103417,2.842418797010206,0.4091151664004471,10.365,concentrated,2.104834630585593,9.427424793061364,10.9522543286795,1.5248295356181352,0.3545375636375723,0.029037370281007575,0.4655781708469239
599065C1C494C96770BC0C0B6FD9C44882DC3F6E78CC9E7DCD34C77D40616BE5,C,2,"[0.0, 4.0, 6.0, 8.0]",True,0.0001,stationary,72.7623410999986,0.0007305618498070902,0.0004204941280223743,2.820902975250824e-07,1.2419354434233757e-08,11.746856651142185,1.6939409586586893,9.339443797473141,11.86479543303977,14.857883996799426,2.8309720399544904,0.41010945428691103,10.365,concentrated,2.1046334490688823,9.429928935174432,10.95332696665118,1.5233980314767468,0.3542260733343431,0.028902573108096897,0.46551534564087005
D64263A6A3D98C20BE425D6C1C4ECC5B69F18A4B32117563533343A7B55FE15C,C,1,"[0.0, 4.0, 6.0, 8.0]",True,0.0001,stationary,77.7691603000003,0.0008525335179547955,0.0004748161697205191,6.124829112672885e-07,1.259146823991749e-08,11.709315016421746,1.7008830070626368,9.348042526582772,11.68765199355367,14.832660740248999,3.466280121711596,0.40525106299826796,10.375,concentrated,2.1303852523454228,9.374374719590692,11.002535504237292,1.6281607846465995,0.3835415316280257,0.0291017934838797,0.4877100171564063
4CBC7AFEAD9DE57230426F6EE1DE6F6C31DEA83D99855371487536E293F30582,C,2,"[0.0, 4.0, 6.0, 8.0]",True,0.0001,stationary,70.80484299999989,0.0006775718860728758,0.00038433853406236206,2.9774747849105173e-08,2.2124040369359867e-08,11.39982041065691,1.5575163577841449,9.315821128102405,11.06661100770839,14.484813520244346,3.0398316961869307,0.45219515680841793,10.24,concentrated,2.416758066211526,9.298855451510073,10.876824764741936,1.577969313231863,0.42642676777109156,0.040881997757101995,0.5431778575685284
6016F3AC62951803880DA48ED5DB295AB7F7EB93E22132D35D11556CA41B3296,C,1,"[0.0, 4.0, 6.0, 8.0]",True,0.0001,stationary,71.85395000000062,0.001208221082478073,0.0007548277027977515,2.255079312669202e-06,7.719723569594864e-08,11.608895102664436,1.7809458518498773,9.438012198975054,10.91768596624265,15.557300660402502,5.0,0.4542068017587173,10.635,concentrated,3.053412193441913,9.895535949913326,11.257238715236152,1.3617027653228266,0.4794646298455818,0.00993986395741388,0.6456511884706122
530CB9A9DCD2D6F6D129926A4B953719813A23130D39CAF684568F142DF1B6E2,C,0,"[0.0, 4.0, 6.0, 8.0]",True,0.0001,stationary,73.31595819999893,0.0006741487522059575,0.00037748157049781884,5.351706551038402e-08,3.8793490981798694e-08,11.398102596069037,1.5607610554535922,9.310379157436996,11.069192209554924,14.478570999400848,3.0057017562158355,0.4532918892840001,10.235,concentrated,2.4013949729504196,9.263974669027434,10.87601564861507,1.6120409795876363,0.4312923545920953,0.04143334577594865,0.543438479634666
00BAEF41259349BCDBA4461FF71FA5953B1272635295351237F50834A7D3CD31,C,0,"[0.0, 4.0, 6.0, 8.0]",True,0.0001,stationary,70.95620189999863,0.0006474010149238772,0.00033151440410113194,1.9375637200124366e-07,4.085052344218179e-08,11.518446594558023,1.6345750998991893,9.283175094589831,11.368001621171032,14.565015393095463,3.052885122066906,0.47210720434488884,10.27,concentrated,2.267553949902285,9.0,10.874548442651708,1.874548442651708,0.4558172630177038,0.03226435574780002,0.5113792005128153
020D4C40ED7D8C6818E44EA4C395B4A0CF61E9557AE2EDBC285DBC4538F46B8E,C,2,"[0.0, 4.0, 6.0, 8.0]",True,0.0001,stationary,71.02918359999967,0.0006476227963949314,0.0003335956856139036,2.2784078293061356e-07,1.4245423746975412e-08,11.523847955126058,1.6355276013402404,9.284251675224748,11.398117276981973,14.568622931950058,3.034306901786529,0.47185831816877344,10.27,concentrated,2.260394240075585,9.0,10.87445143336134,1.8744514333613402,0.45415412893707596,0.032483607246731536,0.5098167952298869
31EFAFA81BCAE38D760145758A31E105A830C9D01EEEB096A25FC842586C4D93,C,1,"[0.0, 4.0, 6.0, 8.0]",True,0.0001,stationary,72.54830380000021,0.0012572098376128422,0.0006436270072894657,3.6103592610701917e-07,1.2844605116742007e-07,11.689639156205303,1.5433321028258986,9.34037840123073,12.01484199768174,14.419382601200894,5.0,0.47881551200866257,12.29,concentrated,2.8665385280058913,11.72528623076119,12.938068902721556,1.2127826719603654,0.40440003969599797,0.05143919233869685,0.39041863570850655
3404CCF9F1051F2BCC2374AD3888FF1986102891E03B2F2183F8B5ABC90602D9,C,2,"[0.0, 4.0, 6.0, 8.0]",True,0.0001,stationary,71.88724700000057,0.0006043945317020251,0.0003142313801036315,7.22449004175884e-08,7.610472895484182e-08,11.58821431870833,1.6264617141162947,9.320425651511878,11.513765084319148,14.645893372048883,2.946789482275281,0.459975209259198,10.335,concentrated,2.1983807536177324,9.213885782455264,10.9587075044102,1.744821721954935,0.4135869946606452,0.033225122110996874,0.5029334846405713
B7705241101619138EE9D6F3F3A7E6052721894D4DA45446F45629996A4EB723,C,0,"[0.0, 4.0, 6.0, 8.0]",True,0.0001,stationary,72.50891370000136,0.0006037588649436064,0.00031574214891774325,3.62072936626076e-08,1.4089589780801569e-09,11.589515146471523,1.627069517906499,9.320411951689122,11.521432154218148,14.646541731566655,2.9398322002496218,0.4603184708244392,10.335,concentrated,2.19711837545077,9.20938043765291,10.956708041196647,1.7473276035437362,0.41374567581817123,0.033160647683300765,0.5022862113798877
4BDB5CA95BDE19ADE5AC3AD5EAC3A06D38C9DCD21C4024134321AB53CEE5B4F1,C,1,"[0.0, 4.0, 6.0, 8.0]",True,0.0001,stationary,73.07497990000047,0.0011528123177032938,0.0005734057762646737,3.7797925317674024e-07,5.551290070107597e-08,11.704495166827266,1.5805627692477333,9.342369903150669,12.040779466392504,14.527890078688538,5.0,0.4652368028173519,12.395,concentrated,2.69895648222028,11.815647519384745,13.045037769695425,1.2293902503106793,0.3864546521588006,0.0355321337848624,0.4103325627206025
9544C2CA564BAFB5411B10D3A58DECA2BBB1688577A414A7464B6919107D68D3,C,2,"[0.0, 4.0, 6.0, 8.0]",True,0.0001,stationary,71.54005470000084,0.0006593328350776744,0.00034480041943028193,5.7793076276504864e-08,1.2979061303453835e-07,11.501456501854506,1.5628269584430192,9.338004216279405,11.253176766876965,14.518856438568577,3.0235332060994664,0.4531433325886507,10.34,concentrated,2.3374253163098784,9.449925132357873,10.965841595452982,1.5159164630951096,0.3970471039537461,0.034063289712363075,0.5235880915709836
32BCCD6238E603D64C0E83D3131C7650E0C6E66759C1F3D0DEFFE5F9E881C5A0,C,1,"[0.0, 4.0, 6.0, 8.0]",True,0.0001,stationary,73.2956280999988,0.0012391967155053524,0.0007628984976049495,2.9721779903105156e-06,3.114338518463936e-08,11.662950439102557,1.8660147686341446,9.338944660756196,10.92405326865256,15.654954623789203,5.0,0.45442821969538505,10.625,concentrated,2.9248286345062513,9.896119983747191,11.2341542712182,1.3380342874710092,0.4504340993691967,0.007822732376098812,0.6305519950585671
F61FB80787184B51384E2A8CEF6A5E853F506E91308DA636770BF46538BF8106,C,0,"[0.0, 4.0, 6.0, 8.0]",True,0.0001,stationary,75.10249889999977,0.0006578799466023539,0.00035484437341436957,5.3443337146579934e-08,2.4140808231473904e-07,11.50550446098488,1.5533207468401822,9.349250342949293,11.278810484833711,14.4941489429742,2.9663628705855585,0.45275787985290705,10.34,concentrated,2.317541281118556,9.457801148311086,10.979925984404353,1.5221248360932673,0.39621706601796525,0.03541294294858027,0.5233836555442213
865B5F1B3B9488FE7CD26304A087FD966858B97174E929DB6B840DC90EAE72E4,C,2,"[0.0, 4.0, 6.0, 8.0]",True,0.0001,stationary,70.25318359999983,0.0006533212753945674,0.00034878724157787753,4.9680622733233494e-08,1.7663051990425213e-08,11.56297897707662,1.616882687182874,9.359612725198085,11.218148393007883,14.656111674189214,3.0335126640826644,0.4521261066268518,10.365,concentrated,2.3662826760881144,9.52640725695892,11.000805044454179,1.474397787495258,0.39481839961926624,0.027771990163124222,0.526154251078001
EDA1F8B4257CF2AF70B1933EEA615612DCBE6791D2B16BE34990099AF07A8052,C,0,"[0.0, 4.0, 6.0, 8.0]",True,0.0001,stationary,71.00871299999926,0.0006533212753651977,0.00034878709677244545,5.049641873628308e-08,3.861774422941541e-08,11.562978648907684,1.6168827348840302,9.359612462502584,11.218147305712595,14.656111714951141,3.03351578210084,0.45212635857564476,10.365,concentrated,2.3662830232847867,9.526406984723165,11.000804968963887,1.4743979842407224,0.394818495437223,0.027771974695251365,0.526154341120868
FFAC469B5D437195BF57DEF72C0A3BA26C50B709CD5EE4AC2C21AF7EC247A6C1,C,1,"[0.0, 4.0, 6.0, 8.0]",True,0.0001,stationary,71.26179730000149,0.0013076120921890547,0.0007402344250255826,1.4590224389893834e-08,1.311781801697316e-07,11.61040663385279,1.8088305910578135,9.380723644572912,10.906340334522646,15.63636559877319,5.0,0.4466248743202603,10.645,concentrated,3.1144539230146426,9.941582570978674,11.248331726778472,1.306749155799798,0.47035065580728674,0.008794824094695853,0.6504098453887861
DD95A7E1A74703836BCCFD210628810317A4CC1FF1B00E40A729438A0E7C823C,C,2,"[0.0, 4.0, 6.0, 8.0]",True,0.0001,stationary,110.31495290000021,0.0006807476407250605,0.000378116974401438,2.3679702712402158e-08,1.4310605996254496e-07,11.637227415084386,1.6125242709237542,9.393291036928737,11.70782954707651,14.628095398681955,3.0285248229493114,0.46735898962986955,10.31,concentrated,2.2852431187401776,9.510024089068699,10.906261016369125,1.3962369273004267,0.3622530192899967,0.03175221779801441,0.4847796856819543
64AED6F96B3831AB371885F61DFCA67900A000619E3DAE80306522C32291BFAD,C,0,"[0.0, 4.0, 6.0, 8.0]",True,0.0001,stationary,111.1982212999992,0.0006807476403209051,0.0003781164653224312,7.067923944209551e-09,7.563620050817042e-08,11.637227048327377,1.6125246339251857,9.393291629014174,11.707824119283387,14.62809702748363,3.0285430739477013,0.4673579785803341,10.31,concentrated,2.285247551490455,9.510027491364836,10.906263683861413,1.396236192496577,0.3622535845341993,0.031751887935133755,0.48478049345720187
923C1422E87B93B0732AE4AFB283632352940575A70B13FC5E35D69FF7BC881F,C,1,"[0.0, 4.0, 6.0, 8.0]",True,0.0001,stationary,113.38984370000071,0.0012273349658729665,0.0006211534302044457,1.2507617862341258e-07,9.345887629866757e-08,11.73301688146781,1.5065940270604465,9.466823796926255,12.035925233321063,14.411275797703741,5.0,0.46800537483476545,12.3,concentrated,2.8800444819588837,11.722438296401023,12.961052091412373,1.23861379501135,0.4148123505509442,0.05218884588124548,0.38185802799705054
06D832082DC6820084F29F450F16493066BA6187B7859FD03F6552066673A6E8,C,0,"[0.0, 4.0, 6.0, 8.0]",True,0.0001,stationary,162.72545189999983,0.0005952133315013923,0.00032108257642129447,8.891236308140136e-09,2.4417089064293802e-08,11.485928384465442,1.56557025747272,9.344950196290933,11.234393689398466,14.488957430433832,2.829677044652323,0.45268333855625675,10.295,concentrated,2.343365236077469,9.39263068899214,10.933367858122276,1.5407371691301357,0.4053170214500619,0.03715252094722765,0.5272491952613245
C0427D080F4A1EC335D76435F99120CD01C6C6E4CE409457C53FE17C0886367F,C,2,"[0.0, 4.0, 6.0, 8.0]",True,0.0001,stationary,164.56177469999966,0.0005952071473711818,0.0003210747029836347,2.5549816304024567e-09,3.777085920273664e-08,11.485892871436521,1.5655590821072933,9.34494467875287,11.234275588942882,14.488917805828578,2.8299233379621276,0.4526827362268222,10.295,concentrated,2.343394093568406,9.3926173925217,10.933381477637912,1.540764085116212,0.40532893194428166,0.037152922666148454,0.5272613922070672
0C890B6192BF390DF796A2F7A8FC8339643AFE1F37E3B91B884A06CB4C4D4DDB,C,1,"[0.0, 4.0, 6.0, 8.0]",True,0.0001,stationary,170.83077830000002,0.001110229390247156,0.000747481724895966,1.5376672635356352e-09,4.5492887410902415e-08,11.550939279699366,1.8528591263018754,9.293499844919674,10.865272781805585,15.664589460493053,4.9999999935187525,0.4576495508284306,10.63,concentrated,2.9191379619418143,9.84062408938607,11.262837336135389,1.422213246749319,0.47570991471907564,0.01016379024665112,0.6604464162421577
32DBBB59C973FF98927E237AFDD4D521CFC1AC1DC63182DD00F386CCE14A8753,H1,2,"[4.0, 6.0, 8.0]",False,0.0,stationary,9.997051399999691,0.005571789988935956,0.0055284217032861085,8.285260330727322e-08,0.0,11.650904563412869,0.0,11.650904563412869,11.650904563412869,11.650904563412869,2.9251247588401394,0.0,11.650904563412869,delta,,,,,,,
046EB1EDDCD767096C3406C7166DC3CE50C9C8F94AD0A2F8388386551CB2D4AF,H1,0,"[4.0, 6.0, 8.0]",False,0.0,stationary,10.145852300000115,0.005574004075706906,0.005530404344785766,7.935575041881631e-08,0.0,11.651570186283694,0.0,11.651570186283694,11.651570186283694,11.651570186283694,2.9285525382796003,0.0,11.651570186283694,delta,,,,,,,
0EBE234927B77758FB6F2A61AE4DE25E1585443E5EC8E3603CA2C2243FF5D656,H1,1,"[4.0, 6.0, 8.0]",False,0.0,stationary,10.156591999999364,0.0055718015771043985,0.005528421409867656,2.0962903647913128e-07,0.0,11.650905083321085,0.0,11.650905083321085,11.650905083321085,11.650905083321085,2.92512379675659,0.0,11.650905083321085,delta,,,,,,,
131DB3DB947FE69B9E91924CCC8948268557CDC97E534666060621C3855D669C,G1,0,"[4.0, 6.0, 8.0]",False,0.0,stationary,24.376560299999255,0.00556800920615708,0.005525205248354974,1.5778527947148814e-07,0.0,11.651712496845692,0.07450178171489427,11.52912168094634,11.651712363500348,11.774302734875436,2.9725481318304605,0.0,11.65,concentrated,37.47371209454167,11.563967031421592,11.739453252060267,0.1754862206386747,0.7609201047176561,0.9082651970355453,0.08275116365738716
BA97EEF9DB6372500A4E1690610920A240BCC9AFD68D8FFE4EA11CCBC93927E8,G1,2,"[4.0, 6.0, 8.0]",False,0.0,stationary,25.51241150000169,0.005515473969858314,0.00546745766945425,1.657383655507006e-07,0.0,11.65345732080005,0.08377301995016456,11.515622271324467,11.653457442209483,11.791292810750809,2.9890955463510247,0.0,11.655000000000001,concentrated,33.32961499402529,11.554808096951472,11.752116717039284,0.1973086200878118,0.7609196283563388,0.8765316799802841,0.1048770035566972
4FAF87B3AC0744240390D32784455E50A5BFEF324FF11D6A0B2EFD00E016CF68,G1,1,"[4.0, 6.0, 8.0]",False,0.0,stationary,25.803195000000414,0.005568612402081214,0.005526070947089982,9.929368971679541e-08,0.0,11.652358581379826,0.08201245989780163,11.517418335281313,11.652358559515937,11.787298901967223,2.9850110472181908,0.0,11.65,concentrated,34.036795987277145,11.555761477644758,11.748957454087051,0.19319597644229347,0.76099651934068,0.881454942942814,0.10244232085491023
2EA56DCF6A4860B4B9A4A5A759E8D382441DC2903133A0CA42BD680EF9592E6A,C,0,"[4.0, 6.0, 8.0]",True,0.0001,stationary,121.15303090000089,0.0033276818446810546,0.0009834240727672155,4.706531316600978e-08,1.5910353237062053e-07,11.758986803749917,0.7775813022858695,10.421810962281624,11.696054768301655,13.658690185966861,2.995044897708456,0.45623621489633104,11.68,concentrated,6.2412838656621945,11.198726353160028,12.163784848525847,0.9650584953658186,0.7024922973874529,0.24496481564602204,0.37007337640295973
FD2641BECFC8BE49E11F08EC58301128CF64B1A80E92D96E17FE7F8DE77F0B25,C,2,"[4.0, 6.0, 8.0]",True,0.0001,stationary,97.88802820000092,0.00332812311140317,0.0009791175307934088,2.7195021540845753e-08,1.3040197954098179e-06,11.756058298849005,0.7729235645177052,10.372933922071951,11.69983997270042,13.644517730330207,2.966081356588246,0.4563920610026826,11.685,concentrated,6.243073009910353,11.20468599014483,12.169905436684436,0.9652194465396065,0.7028109894539769,0.24508748311893155,0.366919101466583
59BF7B9840E34E0059EDF7C819137C2C8293B590F1E472B048F76AA3152BD4CF,C,1,"[4.0, 6.0, 8.0]",True,0.0001,stationary,126.32811649999894,0.0033829128729977575,0.0010530252437303664,3.635302520576131e-07,2.9406490072996123e-06,11.756601068642928,0.7651349743269408,10.798220371182387,11.694624954927116,13.610668106913472,3.115323528354733,0.4550924862339776,11.675,concentrated,6.218562479392492,11.191371443279749,12.166871101614506,0.9754996583347566,0.7074239838987104,0.2441345781939678,0.37171038240433013
EC8D4067A202B3F4014A7F4450CC9E7A09DCA60C9798563B681EDECBD0DC2770,H1,0,"[0.0, 6.0, 8.0]",False,0.0,iteration_limit,9.497349500001292,0.009928199593756726,0.00966999335753544,2.783889100831254e-05,0.0,11.682150888726904,0.0,11.682150888726904,11.682150888726904,11.682150888726904,2.732014635001218,0.0,11.682150888726904,delta,,,,,,,
0705E7FBD78C6473A52627CC1AAA90889442C1A72E34EC2918CAF7CE94E28BE3,H1,2,"[0.0, 6.0, 8.0]",False,0.0,stationary,9.775349099998493,0.009911514739910856,0.009652516845689118,4.9281603849267624e-06,0.0,11.6827525636166,0.0,11.6827525636166,11.6827525636166,11.6827525636166,2.756531998708043,0.0,11.6827525636166,delta,,,,,,,
9108AAC5D9D5B426DB3066236469D8ECC472CBE5A647AB576B63A3A72301AC34,H1,1,"[0.0, 6.0, 8.0]",False,0.0,iteration_limit,10.151252800000293,0.00990258878610115,0.00964387047088239,1.9863290420329088e-05,0.0,11.68511019501101,0.0,11.68511019501101,11.68511019501101,11.68511019501101,2.744450765431152,0.0,11.68511019501101,delta,,,,,,,
BC1A0EC6051A93BE0EE59E97601BB793ADA502F90830F0B6536B8286C7F5B9FC,G1,0,"[0.0, 6.0, 8.0]",False,0.0,iteration_limit,25.151582399998006,0.009911930343299239,0.0096513263436362,1.0360618094679704e-05,0.0,11.687164543374633,0.050017473819360815,11.604824401554794,11.687164405673432,11.769503948839445,2.725809601093753,0.0,11.685,concentrated,55.78015043199245,11.628213923691158,11.746110872216644,0.11789694852548571,0.761033843525144,0.9947817474703757,0.002778121308493802
CD79FB13F27987A0DA79112F880148EE329A5585566DF7FCE0C1B32A033CB681,G1,2,"[0.0, 6.0, 8.0]",False,0.0,iteration_limit,25.28232939999907,0.009915850873827228,0.0096591051785882,5.142772228938347e-05,0.0,11.685230738025254,0.05021876549164098,11.602559975105104,11.685230572809324,11.767901182925435,2.740062401602456,0.0,11.685,concentrated,55.60802736887879,11.626089603140686,11.744367158313807,0.11827755517312077,0.7606663234694871,0.9945271836313124,0.0032315575685959515
9E12177E572EC0F8F6AA897968759E2D92D2239401E79D8F346B1CAA2317CC5F,G1,1,"[0.0, 6.0, 8.0]",False,0.0,stationary,26.50970530000086,0.009913945770614144,0.009653030760309848,5.042704989093975e-06,0.0,11.68584455936502,0.05000552034490707,11.60352369190526,11.685844171176276,11.768164375338563,2.72867313598241,0.0,11.685,concentrated,55.8377890889997,11.62694271954327,11.744731158395151,0.11778843885188017,0.7607149530720917,0.9947519722102177,0.003005608432179687
32E0B338502420EC7310DD77C0EF03CE36175985E2BD2A977333417D30A6CB6C,C,0,"[0.0, 6.0, 8.0]",True,0.0001,stationary,105.73543190000237,0.0031848552319007897,0.0010240141449450138,4.169618239830231e-09,4.8283161917846845e-08,11.76850483933288,0.7973631532149948,10.375169170711759,11.7058765048817,13.642328085002807,3.0261137088083,0.4641913040219108,11.685,concentrated,6.121017940943373,11.200494762566434,12.181039502067042,0.9805447395006084,0.6999542691485477,0.24043254238677053,0.3642896502718463
09AF1EE65CD2508F3AB05A75F3F5EFFFAF0B6562A03F834ED167EB5BC170C97F,C,1,"[0.0, 6.0, 8.0]",True,0.0001,stationary,97.78654230000029,0.003294212191595959,0.0010548864643943317,1.5955470229966266e-07,1.7650565415743003e-06,11.749982468815407,0.7683216606205552,10.459491487703854,11.697584454453922,13.582500167237436,3.008437266015284,0.4686104144301675,11.68,concentrated,6.156899721587165,11.192718127522063,12.17810686965226,0.9853887421301959,0.707503112508892,0.2418556757615086,0.3705420912403317
8909A473DF47F145178C47D4631F009A13181AFDC1A1DDF4538585D31362396D,C,2,"[0.0, 6.0, 8.0]",True,0.0001,stationary,96.40857470000265,0.016594815237234765,0.015202170048163818,1.3602586264442477e-08,1.632650873002739e-08,11.964434794530739,1.137661902284755,10.573120639308929,11.73080679871691,14.122704224297582,2.8739187082034245,-1.0,11.66,concentrated,4.974351181527941,11.110696137909095,12.209871822146203,1.0991756842371085,0.6370989793378263,0.1957592249825154,0.37123310841783536
E92AE7543E53F0E2C2957BD88C46BFD5A17CE6BC7673A0C5789C5E8CDB430A23,H1,0,"[0.0, 4.0, 8.0]",False,0.0,iteration_limit,9.564729300000181,0.012983895674617996,0.0127733284495921,1.894915550572609e-05,0.0,11.701638792330519,0.0,11.701638792330519,11.701638792330519,11.701638792330519,2.7458524468214085,0.0,11.701638792330519,delta,,,,,,,
82618FFC1C8CB5F7032B0C162EF6B7C0F3364183035A6EB57A43D1C782C9B3CB,H1,1,"[0.0, 4.0, 8.0]",False,0.0,iteration_limit,9.681782299998304,0.012931481565776455,0.012723647944959678,0.00037021854077321935,0.0,11.696450342626353,0.0,11.696450342626353,11.696450342626353,11.696450342626353,2.8350160417600616,0.0,11.696450342626353,delta,,,,,,,
34FB197B23110F3652E8F40E1337B48EC34DC671D8B5449B13E39CA39B5F3BB2,H1,2,"[0.0, 4.0, 8.0]",False,0.0,iteration_limit,9.722530700000789,0.012926120480086359,0.012729069783470267,1.8278718698504213e-05,0.0,11.69309470139703,0.0,11.69309470139703,11.69309470139703,11.69309470139703,2.8988541777095715,0.0,11.69309470139703,delta,,,,,,,
A086255513F1B008C99EEEEBBA9CA3989B25C41150788B1182056310C37E4F07,G1,0,"[0.0, 4.0, 8.0]",False,0.0,iteration_limit,22.68618889999925,0.012927518854498684,0.012730820648231757,1.6588306059502192e-05,0.0,11.690484758855991,0.05112827796715574,11.606319854198205,11.690484477162903,11.774649916995651,2.875581438143337,0.0,11.69,concentrated,54.61694698689107,11.630280242551075,11.750696352976393,0.12041611042531741,0.7606645837368367,0.99367755445058,0.0027378990851783013
EC8AAAFE7CA3C595DE771B1BEF6128AFFA8788EA412A8F402ED1CE08C872BB1D,G1,2,"[0.0, 4.0, 8.0]",False,0.0,stationary,23.55316049999965,0.012913551138245646,0.01271601557698636,8.100155091658046e-06,0.0,11.693223723311412,0.05016157779021939,11.610647567426644,11.693223998826276,11.775801116821409,2.849594842126055,0.0,11.695,concentrated,55.637118132337136,11.634123198744096,11.752331804837661,0.11820860609356565,0.7609251271872232,0.994431802442705,0.0019532315261216416
FFCC330294EDB7194ACF98179978F440EF5DA65FC697A2AA1EC16C80B6A56882,G1,1,"[0.0, 4.0, 8.0]",False,0.0,iteration_limit,26.651811399999133,0.012905604882457003,0.012683528653896565,1.0994771490336347e-05,0.0,11.701957015060124,0.05037500488586267,11.619028831559714,11.701956801883613,11.784884382097525,2.795024060043519,0.0,11.7,concentrated,55.394325343183326,11.642592181713933,11.761318379985955,0.11872619827202158,0.7609864800349454,0.9926590279849739,0.0011571127827373847
F7D2680CA5B80D1441BD0BDE0C0AAC5F60B5E9068662B40564B6877966BCA954,C,0,"[0.0, 4.0, 8.0]",True,0.0001,stationary,108.13539940000192,0.0030857712958238873,0.001070588635855083,1.516773579532109e-06,5.6930019125961406e-08,11.782792040779325,0.819489629299337,10.840496344810884,11.694472246402123,13.686159002982903,3.0638115501728826,0.46224211030054807,11.67,concentrated,6.077031235017148,11.175918343322426,12.165972013106641,0.9900536697842153,0.7015366945855799,0.2385429280331282,0.37444936271622153
EEC243D107FDA7EDF4568C471F257035F3C0853CB3FDA2784B328B1BF0DCC93F,C,1,"[0.0, 4.0, 8.0]",True,0.0001,stationary,106.18498489999911,0.003218880930917479,0.0010770917461762363,1.7501689275944753e-07,1.7884094497652887e-06,11.753406457079953,0.7776428173578559,10.862644853508197,11.678615396008023,13.617808879342922,2.9404104451408957,0.4668080838931594,11.655000000000001,concentrated,6.138275948749469,11.16152829177583,12.155934127547205,0.9944058357713743,0.7117412342518624,0.24060435026033375,0.3867179710361964
BD9164481F99C9FE734A11ABDE4C9048C317BD8DA480F46951B99FCE9A9F1288,C,2,"[0.0, 4.0, 8.0]",True,0.0001,stationary,120.78263259999949,0.023473416971740907,0.022116798012746988,1.8538298351451603e-07,1.8859373823315595e-05,12.173963044588982,1.3213963516918257,10.127547834643536,11.815273491915482,14.515111118129031,2.233136319462366,-0.9643408218424614,11.67,concentrated,4.534033713316813,11.142365254350077,12.206825743225693,1.064460488875616,0.5631663045635094,0.17843368271905913,0.32943472198902624
26537E8BF9325F0A61EDC46C80AB4D4B95C088454D3EC87983002C4AD065C5DA,H1,0,"[0.0, 4.0, 6.0]",False,0.0,iteration_limit,16.40699659999882,0.00736005960082299,0.007153501259664846,0.00037647113889761175,0.0,11.687705797512002,0.0,11.687705797512002,11.687705797512002,11.687705797512002,2.8318253493446486,0.0,11.687705797512002,delta,,,,,,,
1DB7A59470B471E2823D18C062B535EA71DC1F056276FE8656808590FD1DFDEC,H1,2,"[0.0, 4.0, 6.0]",False,0.0,iteration_limit,16.817271100000653,0.007361745387071916,0.007151341776593765,7.187099758338863e-05,0.0,11.68383998596292,0.0,11.68383998596292,11.68383998596292,11.68383998596292,2.884786392819568,0.0,11.68383998596292,delta,,,,,,,
83CFC9C346801E8872E5717D0FEB870EBCA7A1024D7A46EEF6BF058FEAF5E1EF,H1,1,"[0.0, 4.0, 6.0]",False,0.0,iteration_limit,16.95328259999951,0.007357703586547416,0.007141618353449122,4.8750191069207384e-05,0.0,11.685554705918213,0.0,11.685554705918213,11.685554705918213,11.685554705918213,2.83704795143604,0.0,11.685554705918213,delta,,,,,,,
BB09836E8CBB7E7127E5CDBF6F87D956FF19D42B89B20C2FE41FFD7844280CF4,G1,0,"[0.0, 4.0, 6.0]",False,0.0,iteration_limit,36.66369510000004,0.007353702926386347,0.007116389455152334,4.1777696672380595e-05,0.0,11.683439448963552,0.05043079023293998,11.600420697695062,11.683439780546548,11.766459241770427,2.9090683853799946,0.0,11.685,concentrated,55.348314704920206,11.62402722445095,11.742857167494883,0.11882994304393257,0.7608779037375949,0.9941979643552656,0.003720980816250156
0C28D005251E0A6EFBAFF1201F5A3A36FF031289C758E57C44D4E26084E4A6B0,G1,1,"[0.0, 4.0, 6.0]",False,0.0,iteration_limit,37.61477519999971,0.007391853567746024,0.007179111098301575,0.00021872567636378092,0.0,11.688387504355985,0.05691260552443853,11.594714137215902,11.688387754489948,11.782060832080477,3.004937393725291,0.0,11.69,concentrated,49.04845392665919,11.621345393647779,11.755422606168102,0.13407721252032268,0.7608703797541534,0.9859440015269808,0.006968360966153814
ED1684E3F6136CF6291E0B5C07A4458C66B734CA85EE9BD43D9457B7CEDD41D9,G1,2,"[0.0, 4.0, 6.0]",False,0.0,stationary,46.66253890000007,0.0072939417661149674,0.00707226176806604,7.8829333474032e-07,0.0,11.686882642805074,0.05000000000000026,11.604570981663926,11.686882400343748,11.769193183935496,2.8618585625837185,0.0,11.685,concentrated,55.81234160332337,11.627961577951195,11.74579543622826,0.11783385827706461,0.7609464079459728,0.9947914227269841,0.002818210204665
AE4828DC68A6C8B2DFD45F594997A5753F7AF332F4BB173B62525432117CE9AF,C,0,"[0.0, 4.0, 6.0]",True,0.0001,stationary,175.89337270000033,0.004123553996028722,0.0027785533430983505,6.402136324355615e-09,2.537845851043226e-07,12.245193991016329,1.130552511225747,10.017833123875153,12.300623800226921,14.368913688760298,3.279811341989056,0.4469233678157012,12.3,concentrated,4.80466294351908,11.781534243731052,12.850267558900116,1.0687333151690641,0.5989734868602499,0.07014780157350128,0.15493758611001424
C12AEBC47CF7AB0B60E45AD63D2E24F068ED4D68CC8FAEB5D5720AF32D3DC47A,C,2,"[0.0, 4.0, 6.0]",True,0.0001,stationary,170.74582089999967,0.004117504577117145,0.0027637024357646477,3.955271102514495e-09,4.088033384321531e-07,12.246571694654017,1.1293054909234663,10.019648534556605,12.301135569212649,14.371885923161624,3.266004703962587,0.4470032452963111,12.3,concentrated,4.816188897882057,11.782371694955765,12.849911325656949,1.0675396307011837,0.5997415245545721,0.07006152260712792,0.15418911934660712
F5D4B8052FEB02C17D8D3C36FA234105885B7E29B32AC315AE316E16D470B927,C,1,"[0.0, 4.0, 6.0]",True,0.0001,stationary,246.09253890000036,0.003082552138039732,0.0010275033274199463,2.054086760096123e-07,1.763300536603528e-07,11.759526139720405,0.7658248394969245,10.41439433950814,11.717708700155582,13.547998225144571,3.0487838797599776,0.48021836535847084,11.705,concentrated,6.102271748878186,11.209385691741593,12.206446647092474,0.9970609553508805,0.7095479428130462,0.2396904885205801,0.35509099373965725
921E5113429AD2112D1F999722FB8AB312A45DBAA9080CCAC3110AE6A4ECB999,C,1,"[0.0, 4.0, 6.0, 8.0]",True,0.0001,stationary,87.29724730000089,0.009134268882899196,0.005787080568666048,0.0,4.120249443712032e-08,11.843692012830166,0.7330207558250853,11.105202839891577,11.698914701741922,13.829760508353093,2.9785358145809564,0.4547169901889341,11.655000000000001,concentrated,7.064502399958622,11.218274617988612,12.098665253877924,0.8803906358893112,0.7257175039745101,0.2755501702065309,0.34952186586638007
9970D3FA31E498822C40ACC7FBBBCCE9DD83BAE1B21E325ACB751C979B51330C,C,2,"[0.0, 4.0, 6.0, 8.0]",True,0.0001,stationary,89.71186640000087,0.009134268920978355,0.005787046628081377,0.0,3.903966464993518e-06,11.843691584356385,0.7330211294321263,11.105203887058604,11.698914536111015,13.829762931667755,2.9785358145809564,0.4547169901889341,11.655000000000001,concentrated,7.064513783883548,11.218275177366188,12.098664693979837,0.8803895166136488,0.7257177956526351,0.2755505860475791,0.3495217843958345
8082695B5EC17F5764FDE20897E80F4F13208433E4FFDBEE2E3CE06F35C42ABD,C,0,"[0.0, 4.0, 6.0, 8.0]",True,0.0001,stationary,96.468615400001,0.009134268898259006,0.005787092360775389,0.0,1.051944646105439e-06,11.843693896438413,0.7330188743529117,11.105205499432815,11.698915069848914,13.829762824659376,2.9785358145809564,0.4547169901889341,11.655000000000001,concentrated,7.064503283126091,11.21827393670442,12.098665626081022,0.8803916893766015,0.7257184938123671,0.2755502154020469,0.3495214673297899
0FF0EBF516ED9014D012D78DFF882A575DB9F280AA59EFF2775EF1F952FA3F2B,H1,1,"[4.0, 6.0, 8.0]",False,0.0,stationary,17.732841999997618,0.005686742024144689,0.005641633248628164,1.2482677515543678e-07,0.0,11.636684843901458,0.0,11.636684843901458,11.636684843901458,11.636684843901458,2.9928264499364516,0.0,11.636684843901458,delta,,,,,,,
39FD2C7E401242118BE284620F9CDFD8A85127CF92C9AC6327E0DC70226A01A9,H1,0,"[4.0, 6.0, 8.0]",False,0.0,stationary,18.908927500000573,0.005679562199014211,0.0056368214482062666,2.3720910424109415e-06,0.0,11.635549517605758,0.0,11.635549517605758,11.635549517605758,11.635549517605758,2.985132654031374,0.0,11.635549517605758,delta,,,,,,,
A81C12357920B87649A7EB87CE1B46BB17D3AD136EC712F29BA1F664C9459BDD,H1,2,"[4.0, 6.0, 8.0]",False,0.0,iteration_limit,18.879925399996864,0.005679181304146474,0.005633061474311062,4.967823690000754e-05,0.0,11.636096751352815,0.0,11.636096751352815,11.636096751352815,11.636096751352815,2.9891490770479976,0.0,11.636096751352815,delta,,,,,,,
FF6115CF11F3385E55782AFC85E9C8617B12A50330A14EEB1D3CBAE65C69B536,G1,0,"[4.0, 6.0, 8.0]",False,0.0,stationary,42.95586259999982,0.005664382185707465,0.005618640656592982,9.506877063983024e-08,0.0,11.63476449110889,0.08768396264320191,11.4904982958412,11.63476454621023,11.77903063026617,3.0581973499507558,0.0,11.635,concentrated,31.848308468232695,11.531514736124356,11.738015715391787,0.20650097926743172,0.7608888622647778,0.8239757673554716,0.16226171216365018
28183818B594FD6D2EDA1B8B8BE6A21507F60A796E0371541768436FF1041E6C,G1,2,"[4.0, 6.0, 8.0]",False,0.0,stationary,47.40003169999909,0.00563281482039679,0.005586387840121742,2.3235464917876473e-07,0.0,11.637613481171297,0.09055159502441115,11.48863132796973,11.637613495575629,11.786595609347053,3.06947817421008,0.0,11.64,concentrated,30.82912295201739,11.530963758355186,11.744261881675783,0.2132981233205964,0.7609930478126581,0.8200620005858669,0.16219523275248812
4F4E73CF4B960BE582279C2FDD7614D329802AA4063590D484EC7188816F1BD6,G1,1,"[4.0, 6.0, 8.0]",False,0.0,stationary,56.128271600002336,0.005664601566552405,0.005618735025864106,4.959091003461894e-07,0.0,11.634743443456237,0.08811137288839084,11.489774154075965,11.634743502089217,11.779712533105847,3.0583690350055828,0.0,11.635,concentrated,31.69379880525846,11.530992926475314,11.738496396150135,0.2075034696748208,0.7608808798954657,0.8223696238932724,0.16349625340498763
10468CCAD8E2824051D6552008D6918E449824B6798F70079223359ADBA8CCE6,C,0,"[4.0, 6.0, 8.0]",True,0.0001,stationary,204.15255569999863,0.0034443734225262125,0.0011062292141818882,3.073815312201327e-07,6.493472978864184e-06,11.752964862107282,0.7745553178094595,10.862825911566445,11.681488031752922,13.60199139409951,3.096905757416794,0.4479411333523211,11.66,concentrated,6.3159027175204105,11.181714783503178,12.146129001907278,0.9644142184040998,0.7103094150897922,0.24747453133516253,0.3810610326039763
68DFB729E5B6CD65DCAEF7139E5E58FBF916039E42CDB00F51FF88062F434848,C,1,"[4.0, 6.0, 8.0]",True,0.0001,stationary,202.16522469999836,0.0034349795677892023,0.0011169612472891066,5.899855082996294e-07,1.546409926041735e-06,11.745645325440877,0.752905176969884,10.895022764804333,11.67650012446246,13.573422185012097,3.086774957572337,0.4507265552697506,11.655000000000001,concentrated,6.339507536832191,11.174270725371139,12.143507679283735,0.9692369539125956,0.7164790154247553,0.24826854575645843,0.38498511619084125
9852B3FCB759199F72D541C7E141F9174FE8516A88225C9F9D82B523653B2CE1,C,2,"[4.0, 6.0, 8.0]",True,0.0001,stationary,192.08315869999933,0.00342443393502459,0.0011077961215177378,1.628216921227497e-07,2.713641865362184e-06,11.752232007108631,0.7608411330985771,10.888619242460921,11.6814210716934,13.590550890760237,3.06385146433025,0.4504893342996865,11.66,concentrated,6.313281968641034,11.178340390999127,12.14811535711876,0.9697749661196333,0.7139327730854855,0.24740468532078005,0.38114390151784155
49BD3B39546C73608F281876170EC278615E021398391ABD36617876AAC58C8D,H1,1,"[0.0, 6.0, 8.0]",False,0.0,stationary,17.825700499997765,0.010306586793502907,0.010050115595751105,8.32342474451716e-06,0.0,11.672143930980248,0.0,11.672143930980248,11.672143930980248,11.672143930980248,2.769363455189457,0.0,11.672143930980248,delta,,,,,,,
A209A05E1B401623AFB09870FE89958B749F682298B9DE59D3C79DA190099EB2,H1,0,"[0.0, 6.0, 8.0]",False,0.0,stationary,18.72057849999692,0.010305748859639806,0.010050440084266015,9.154476492987439e-06,0.0,11.671588129733156,0.0,11.671588129733156,11.671588129733156,11.671588129733156,2.7718749187517036,0.0,11.671588129733156,delta,,,,,,,
0B2C4D0ABCD1F0321F1AE76651C741AE3BAA9CDF81ED1F9983AFE8A11916BB50,H1,2,"[0.0, 6.0, 8.0]",False,0.0,stationary,19.085390799999004,0.010306529973644644,0.010048127788704111,8.588654506978454e-06,0.0,11.67090149666802,0.0,11.67090149666802,11.67090149666802,11.67090149666802,2.773863953125449,0.0,11.67090149666802,delta,,,,,,,
1D600A70F69954E6FA107715EA569B6E011C5E23A4AF950157AA82DC111450AE,G1,0,"[0.0, 6.0, 8.0]",False,0.0,stationary,42.55543509999916,0.01031391473680653,0.010058974448048888,8.0431940688906e-06,0.0,11.671687841880118,0.050792193411147685,11.588074307605062,11.671687547529757,11.755301358835535,2.761912895425491,0.0,11.67,concentrated,54.95046248602459,11.611842756347304,11.731533158526256,0.11969040217895177,0.7609185446812262,0.9913237716301219,0.007628763837578632
7EA8A5DA1FFE835B73102A4B0805C5D31D5E9FDE6CC5075A4D27A22299556A0D,G1,2,"[0.0, 6.0, 8.0]",False,0.0,iteration_limit,42.271881399999984,0.01020104120585989,0.009907322848479717,4.700185867735777e-05,0.0,11.664156463914166,0.050007484263803775,11.581833421455073,11.66415685193648,11.746480557443892,2.776960532369404,0.0,11.665,concentrated,55.8356161091762,11.605267583573976,11.723060584440884,0.11779300086690725,0.7607147286377743,0.9891308958146633,0.010341007328046041
9B8EE686522DAACD1B8C0C1911E109D30F74CDC94B9515587FBFC78F52F26674,G1,1,"[0.0, 6.0, 8.0]",False,0.0,stationary,45.283856500002,0.010314091566292644,0.01005869252382369,7.428125597546812e-06,0.0,11.671854701807744,0.05158896434525363,11.586932373535415,11.671854465233949,11.756777835490393,2.7616609343176917,0.0,11.67,concentrated,54.0966822927683,11.611072835411694,11.732644062863576,0.12157122745188254,0.760943474608632,0.9903821947885337,0.008377761683567794
A2E430950D62CD7526C06B900C7E6412875384A9534F612B17559B7B6FF23F97,C,0,"[0.0, 6.0, 8.0]",True,0.0001,stationary,182.61560269999973,0.0032234418533618357,0.0010358195445973899,7.926547185241204e-07,2.869612843863726e-06,11.740864123871019,0.7577002751720505,10.865097314621563,11.676262234550165,13.570175826465052,3.0517645064453345,0.4584801679656465,11.66,concentrated,6.262269330314108,11.170623262491224,12.149520872434085,0.9788976099428606,0.7148125266709975,0.24537461993897047,0.3865992378303171
C91E67ADD4888F3288676C95CCD5AAB4E9F294611DFF4EA5223EB3205752D69C,C,1,"[0.0, 6.0, 8.0]",True,0.0001,stationary,163.70134609999877,0.003220873635624991,0.0010369869095370344,1.4580745912076845e-06,1.1657102129514034e-05,11.738416617471167,0.7523369181370615,10.869378123507342,11.675265747822907,13.560448378743786,3.0425177421261056,0.45947989328953454,11.655000000000001,concentrated,6.266958420772638,11.169380717217985,12.149329724451144,0.9799490072331594,0.7161085012585436,0.2455391545422853,0.38738525543469304
80F79CE6C68AF803F7086BA620E186ADEBFDE105C9483D16E8327C72D4548B04,C,2,"[0.0, 6.0, 8.0]",True,0.0001,stationary,168.36767250000048,0.01635454835134766,0.01491176646840903,1.0532494077999555e-08,1.072823693035619e-07,11.99228309281324,1.1401691264978464,10.813988245105737,11.737712113632584,14.18442394209888,2.903799871503781,-0.9999999771869637,11.66,concentrated,5.137141561237541,11.117462993926246,12.205413928021109,1.087950934094863,0.6513674142417968,0.2021051164318433,0.36202444545004886
8AA8D11FFF72E08A25165C07AFEA240723B64130BEDA839953105D8A43DF29AB,H1,2,"[0.0, 4.0, 8.0]",False,0.0,iteration_limit,17.17055900000196,0.013479129889193468,0.013268952815157048,5.922153038679468e-05,0.0,11.693115177805929,0.0,11.693115177805929,11.693115177805929,11.693115177805929,2.8702167887522108,0.0,11.693115177805929,delta,,,,,,,
7D147E2E64139589AECF0016F598DAEECBE91A3B5431EFD4C7B23667753A33BC,H1,1,"[0.0, 4.0, 8.0]",False,0.0,iteration_limit,17.300038999997923,0.01340998311764525,0.013202333015531963,0.0001361554806811163,0.0,11.687452288060486,0.0,11.687452288060486,11.687452288060486,11.687452288060486,2.875496052703256,0.0,11.687452288060486,delta,,,,,,,
A520887F0C5FD446736F930A8233D651125213385AB8AF766876D421EFE6662D,H1,0,"[0.0, 4.0, 8.0]",False,0.0,iteration_limit,18.323304300000018,0.013402631060733517,0.013197794486066852,0.0001815256471122732,0.0,11.683910164850658,0.0,11.683910164850658,11.683910164850658,11.683910164850658,2.8454846288478675,0.0,11.683910164850658,delta,,,,,,,
6A0FB227AEA3560D96A3598CB75EDE39CB0BA0A6B52AB5B452C7B641E6B86873,G1,0,"[0.0, 4.0, 8.0]",False,0.0,iteration_limit,39.238266000000294,0.013469730372405767,0.013267107157377491,0.00015431494804564233,0.0,11.6902037969099,0.05392952209243498,11.601434642934583,11.690203668176316,11.77897289971377,2.916627746952603,0.0,11.69,concentrated,51.78195383085766,11.62669013954594,11.753714715031572,0.12702457548563295,0.7607446385463911,0.9903950120981616,0.004289874331519959
0611DD6231C35420A8AD95EFAF4CDA85E81BE17EB7A548088364F2A522B05FEC,G1,2,"[0.0, 4.0, 8.0]",False,0.0,iteration_limit,41.65396139999939,0.013421055729784324,0.013219305154195157,0.00013494493136210592,0.0,11.69114546869531,0.05184657181986727,11.605799978215249,11.69114509685894,11.77649211802722,2.882321206983059,0.0,11.69,concentrated,53.8495485311184,11.630088885735011,11.752220785765592,0.12213190003058116,0.7607678781371368,0.9928797243096852,0.002962190587710082
D78E80F0ED6848A8AF780470851DD70283F49E7FF014ABD6A736F98C77EFDED3,G1,1,"[0.0, 4.0, 8.0]",False,0.0,iteration_limit,43.61927750000177,0.013424383949529769,0.013212772195892824,0.00011908069649386278,0.0,11.699263386975435,0.056176997745054316,11.606799836361676,11.699263679963442,11.791727697022498,2.81729722585098,0.0,11.7,concentrated,49.70639254737694,11.633098113931323,11.765417088836422,0.13231897490509859,0.7607721295758003,0.9853978517909016,0.003631782876973744
5BC39158E32E33ABB0502D1CED093C88DC0D7C8D4911DF4472D2900928459437,C,1,"[0.0, 4.0, 8.0]",True,0.0001,stationary,188.28741760000048,0.0030772448783578754,0.00102469267387874,2.2892814354413837e-07,1.3526661922736924e-06,11.73736818663842,0.7749135558817319,10.821441970590758,11.671109131907915,13.588614583585036,3.070811965607748,0.4579959063721386,11.655000000000001,concentrated,6.165764447569137,11.16042408862649,12.15016588026642,0.9897417916399291,0.7115490951988535,0.24150891448498776,0.3927473002707311
804F2278B177BB9C1EA082E3EB38250A53E505D0BF4D6023014EAAE0CFC89A82,C,2,"[0.0, 4.0, 8.0]",True,0.0001,stationary,181.1629513000007,0.024700343989718085,0.023589008881005923,2.9935268084351963e-06,1.5213514589621814e-06,12.207017458595885,1.414150411004634,10.62056540106358,11.745042612806376,15.658022163359375,1.5787135264270844,-0.9405857347565154,11.555,concentrated,4.192741361979143,10.989642557635714,12.127011297537404,1.1373687399016905,0.5573299687029665,0.1600392790264323,0.3847667134009205
2F87F25D4E2DDCE8A11164FC49DAE524D6330F0513794F2B4CB618454A044B65,C,0,"[0.0, 4.0, 8.0]",True,0.0001,stationary,226.6150630000011,0.003077135090597922,0.0010251584606607315,6.064484069812124e-07,5.132574347181066e-06,11.736982059104651,0.7736546263084001,10.823004888264672,11.671035860685175,13.586433825242514,3.070310420379887,0.45799827449413044,11.655000000000001,concentrated,6.168694729671394,11.160470845195194,12.150101071101629,0.9896302259064349,0.7118073823430384,0.24162224794817863,0.3927607861922657
52E8D95F8BE2BDEA77EF98944BEB9DE87D2FE4478AA4EE4E373B467ACCD58CBE,H1,2,"[0.0, 4.0, 6.0]",False,0.0,iteration_limit,17.95945959999881,0.007586631456210003,0.007366131752559298,2.1023573104782264e-05,0.0,11.657585962897041,0.0,11.657585962897041,11.657585962897041,11.657585962897041,3.008300693841607,0.0,11.657585962897041,delta,,,,,,,
4FEDF78D69B3A244AC430AC90BCD3D7C4D773EDFB976480A96D64204DF774C7E,H1,1,"[0.0, 4.0, 6.0]",False,0.0,iteration_limit,18.555324299999484,0.0075869645868665535,0.0073660395160059945,1.5209713375078867e-05,0.0,11.657528491240667,0.0,11.657528491240667,11.657528491240667,11.657528491240667,3.007538495954751,0.0,11.657528491240667,delta,,,,,,,
F6D8716B1D1A708E2C9D236B6C42ED976A867C0F16F2778790B09C2D6F553A99,H1,0,"[0.0, 4.0, 6.0]",False,0.0,stationary,21.596581800000422,0.0075482513172764444,0.007331405951385697,6.274044110035946e-06,0.0,11.656254665763397,0.0,11.656254665763397,11.656254665763397,11.656254665763397,2.9081729008826227,0.0,11.656254665763397,delta,,,,,,,
0AF6DD35104E0453C54140CCAB2C49039E9C80560EC3DD5396D47117CE9A4F16,G1,0,"[0.0, 4.0, 6.0]",False,0.0,iteration_limit,38.45059279999987,0.007585058875676971,0.007369253585162845,7.364712648844241e-05,0.0,11.657185334722408,0.050515235234594544,11.574026685047452,11.657185207818753,11.740343706897818,3.011154537710938,0.0,11.655000000000001,concentrated,55.230545643756756,11.597647548555868,11.716721936290138,0.11907438773427081,0.7610585543062047,0.9839641962058863,0.015673556410361774
26C9458C781F6B4729109E66FFC8594A662D29D12C8E25D5453D0F70C459D5D3,G1,1,"[0.0, 4.0, 6.0]",False,0.0,iteration_limit,43.441667099999904,0.007584750080935186,0.007369315343002195,3.1907985594748e-05,0.0,11.657016231895456,0.051811226257382374,11.571728701358394,11.657016050549837,11.742304352478595,3.016346813526878,0.0,11.655000000000001,concentrated,53.858641205814834,11.595968685703836,11.718070740144272,0.12210205444043609,0.7609739529559482,0.9814567950435142,0.01805801855513038
800EF6AB1BDA739B2297F6A012C495406FB4C991B052DBA8814C380AFF86FAA8,G1,2,"[0.0, 4.0, 6.0]",False,0.0,stationary,47.978309099999024,0.007508655579702117,0.007292525714033391,2.0086205617185915e-07,0.0,11.661987282816575,0.05000000077994664,11.579675706620796,11.661987077380784,11.744297860984116,2.9179162450758853,0.0,11.66,concentrated,55.80782068612665,11.60306299796696,11.720904752797455,0.1178417548304953,0.7609778079641913,0.9879668290055015,0.011581390884103104
FF35ECB3B457C7798EABA02860039E9FC031590778AE1F251626FCBA1A685291,C,0,"[0.0, 4.0, 6.0]",True,0.0001,stationary,180.32924040000216,0.0042747830069458665,0.0029127115351283415,6.198583950345951e-09,1.0264852663569371e-07,12.217773429223515,1.1438655373001159,9.97600924826974,12.2904734476817,14.354273074366175,3.2962318544481874,0.4414895393977796,12.295,concentrated,4.82141904285492,11.782738049970654,12.842075453066816,1.059337403096162,0.5957644476282444,0.06981479824623624,0.16104093690022034
CFB5B3933E79943D852085AAB82B38BCB9F9B4944E9978CD40288B4CD6A4528F,C,1,"[0.0, 4.0, 6.0]",True,0.0001,stationary,174.01301709999825,0.003104514101349749,0.0010212837882847044,1.1001902831120445e-06,1.7839515442409637e-06,11.725014981633375,0.7576609160739651,10.866188405505788,11.666426455136573,13.520317714896429,3.102119207851029,0.4765914607599717,11.65,concentrated,6.202142424607815,11.153085333196206,12.149090192316006,0.9960048591198003,0.7203344699204002,0.24279118414319661,0.39614407111053845
FE9BB71F6F455B9E1BE7F0A52E1230537D3AF0E9D048FD0AFBD235F243377D6F,C,2,"[0.0, 4.0, 6.0]",True,0.0001,stationary,173.4034838999978,0.0042722849239134175,0.0029048370846847904,1.636835526708911e-08,2.1493869195761406e-07,12.218328388070264,1.1430691814507585,9.976896209272708,12.290566766395928,14.35569145093283,3.2891127689590043,0.4413254789907586,12.295,concentrated,4.830229136487539,11.783235058126726,12.841436474914488,1.058201416787762,0.5962169140264859,0.06978158767271725,0.16060333858852882
E8F9C6426935BEF1D01BE2E2F9E9EFE05A07FFADC919ABE66D8FDC7AC7571DEF,C,0,"[0.0, 4.0, 6.0, 8.0]",True,0.0001,stationary,93.07002099999954,0.009422583706716099,0.006005580224719011,0.0,7.411206700592976e-08,11.826138015481742,0.7073590901619086,11.107066437386488,11.693455159089718,13.791951635168079,2.9785358145809564,0.4547169901889341,11.655000000000001,concentrated,7.147224629183984,11.21717157737077,12.096634316940174,0.8794627395694032,0.7334491490858543,0.2786660823334811,0.3532544927006961
A214610050DCA221B2558274238EC0D3D87C6D76DC66DA2CBF02C9836EA6DAFA,C,2,"[0.0, 4.0, 6.0, 8.0]",True,0.0001,stationary,99.40130590000263,0.009422583680123204,0.006005578425909865,0.0,4.032744724520934e-07,11.826138090090843,0.7073586819604502,11.1070667934047,11.69345517033375,13.791951279252,2.9785358145809564,0.4547169901889341,11.655000000000001,concentrated,7.147225894765365,11.217171544191608,12.096634326391992,0.8794627822003847,0.7334493221166811,0.2786661317612216,0.3532544543955218
C971ED3DA7B6D3243643495A0F54BC54C0AA5A76E44C0E24A8C3509E4DF7A94F,C,1,"[0.0, 4.0, 6.0, 8.0]",True,0.0001,stationary,103.95407850000265,0.009422583677976128,0.0060055791012691975,0.0,2.9738308889200316e-08,11.82613812625325,0.7073591843940751,11.1070665164512,11.693455160860575,13.791951956801707,2.9785358145809564,0.4547169901889341,11.655000000000001,concentrated,7.147224941008077,11.217171585135691,12.096634262380151,0.8794626772444598,0.7334491348140716,0.27866609252458546,0.35325448350507405
41998167D1A2201CB6C2765F7069410A099671A8A3E7A0045FA3F6FF049D06E5,H1,2,"[4.0, 6.0, 8.0]",False,0.0,stationary,15.56412679999994,0.00580951419116906,0.005764048585943637,1.3212666784182803e-06,0.0,11.652832014191183,0.0,11.652832014191183,11.652832014191183,11.652832014191183,2.990266276264238,0.0,11.652832014191183,delta,,,,,,,
1D0CB9F40AA6E51EBADC9BA1A8A4517EFA9FCB034E1E9C94E0B00BF1EA418D9F,H1,1,"[4.0, 6.0, 8.0]",False,0.0,stationary,15.66504299999724,0.0058030891570892956,0.005754778855629055,1.5041879574663956e-06,0.0,11.651369057326116,0.0,11.651369057326116,11.651369057326116,11.651369057326116,2.989910985491018,0.0,11.651369057326116,delta,,,,,,,
79B62FA7251D1D2839CC124E77A2ABCF03D5D6663C330AFA3073A80EDE6CC4E4,H1,0,"[4.0, 6.0, 8.0]",False,0.0,stationary,15.893711000000621,0.005809523051951399,0.0057640596112714425,1.5181084728732738e-06,0.0,11.652885452148064,0.0,11.652885452148064,11.652885452148064,11.652885452148064,2.990227385878712,0.0,11.652885452148064,delta,,,,,,,
9492EDF5CD033FFA7F9D5B2663BD9F91CFB1129C9D65DB7702CF1708F0E0C2D6,G1,0,"[4.0, 6.0, 8.0]",False,0.0,stationary,39.55176479999864,0.00579779179694067,0.005750533974786077,9.611576182629686e-07,0.0,11.651740183695239,0.08309436331442813,11.51502089351082,11.651740079516193,11.788459270734343,3.0499439306545377,0.0,11.65,concentrated,33.60015689031487,11.55387952191702,11.749595160650069,0.19571563873304854,0.760930440894205,0.8762740743008559,0.10678270428642485
90F95FA625C3519553D5CE9DAAD8D6A6B22DADC0B8C5B20FA41C08C7E10CD15B,G1,1,"[4.0, 6.0, 8.0]",False,0.0,stationary,42.55721770000309,0.005798871615359592,0.005750558055394987,2.1678849572371485e-06,0.0,11.651599967695727,0.0855948420644379,11.510769169548334,11.651599856181246,11.79243099862849,3.0529394670605865,0.0,11.65,concentrated,32.62005124016822,11.550801018640378,11.752404906998528,0.20160388835815013,0.7609359034028021,0.866420195021663,0.11393402870567267
0FD9BEDC166B9CFEFC64318892D92F3A6290DE03E392162FCE8DBE2C725F9FB4,G1,2,"[4.0, 6.0, 8.0]",False,0.0,stationary,43.1735542000024,0.005757741789209053,0.005710814406168173,1.8528509294330181e-06,0.0,11.65338892918507,0.05000000000000033,11.571078423732699,11.653389253895572,11.735700743062566,3.021132690416697,0.0,11.655000000000001,concentrated,55.822933499704995,11.5944878817371,11.712302163661755,0.11781428192465526,0.7608686109646229,0.981847217789821,0.017911975660508735
D5CE2B94027F07CA64437C159BFA3FA94315F7DC9BE512DC9411D9E7F272024E,C,0,"[4.0, 6.0, 8.0]",True,0.0001,stationary,211.08355499999743,0.0033833996141552016,0.0010620418390677965,1.7046606691539998e-07,3.856241647301993e-06,11.752726724994753,0.7445613811264181,10.884802322582297,11.694457830257697,13.56310838186335,3.0546568605028197,0.4637475933736426,11.675,concentrated,6.32824251563715,11.194509828806506,12.165121921069392,0.9706120922628863,0.7163249257482291,0.24841084147791465,0.369641005362848
BC0E9BCC33B0D084031DB7BB84184019E9C89583A568F9BA5A7C98A2041634D4,C,1,"[4.0, 6.0, 8.0]",True,0.0001,stationary,187.89494369999738,0.0033749579336831382,0.0010528850924882854,4.579168870010263e-06,1.5002019309499383e-05,11.756131915425964,0.7508376134382057,10.883930800532383,11.695901493194466,13.572620584517686,3.056790964433792,0.4633372741166424,11.68,concentrated,6.314707390486084,11.194989124329044,12.166456657255093,0.9714675329260487,0.71541831476898,0.24789843605018097,0.36865271616828865
01A271BC4CE6880DDA482CCC67DB039ECB3CEC9B949B8A582C56498F1E01E16F,C,2,"[4.0, 6.0, 8.0]",True,0.0001,stationary,177.43065869999919,0.003363692805983217,0.0010395553832406854,1.358217439183096e-07,2.295870406197019e-06,11.76193101383822,0.7580932401821205,10.878165786472822,11.6993557766197,13.592596724105267,3.0261988208457993,0.4634534925571192,11.68,concentrated,6.296976401050269,11.197775754907608,12.16900172061274,0.9712259657051323,0.7132592159795444,0.2472284259089487,0.36601863184707206
AD57AADF0ACD75B3BA151F7639B608D1C1FF4CD72DEC0A1FAE4E303804BEE437,H1,2,"[0.0, 6.0, 8.0]",False,0.0,iteration_limit,16.544055500002287,0.010309336095378348,0.010052358366450992,1.2130018994668469e-05,0.0,11.67034970732879,0.0,11.67034970732879,11.67034970732879,11.67034970732879,2.708667118997067,0.0,11.67034970732879,delta,,,,,,,
E1A78134C262C14C376C3943D191B952BEF06A3C05FF6AED1D4A716069ADC44D,H1,0,"[0.0, 6.0, 8.0]",False,0.0,iteration_limit,16.870856300000014,0.010307594837127492,0.010050874107158032,4.990991173237048e-05,0.0,11.670103909050328,0.0,11.670103909050328,11.670103909050328,11.670103909050328,2.707322615599479,0.0,11.670103909050328,delta,,,,,,,
C550E9D2BE1698CED35E1AD182847003044C26D3C0B0987D031BCE9815DC6038,H1,1,"[0.0, 6.0, 8.0]",False,0.0,iteration_limit,17.8327246000008,0.010297641808608045,0.01004166702555149,1.041777205467639e-05,0.0,11.67372394575536,0.0,11.67372394575536,11.67372394575536,11.67372394575536,2.703765411711722,0.0,11.67372394575536,delta,,,,,,,
B5EEAE0972EB70CAC2704CE2A4628B3C482713D01249F84169DE2149571A78CA,G1,0,"[0.0, 6.0, 8.0]",False,0.0,iteration_limit,37.02938429999995,0.010318829073759403,0.010063202593728253,3.999913731799978e-05,0.0,11.672126379633152,0.05035413835115668,11.589232527577014,11.672126228987445,11.755019630957403,2.690872999022813,0.0,11.67,concentrated,55.40968867764921,11.612780237471128,11.731470055097892,0.11868981762676434,0.7610367519873555,0.9919890801233817,0.007025036766977411
48EA35B105B96E20E6D488A8D65B0879B6F7610883E8D639D7D75B12AB2D5AFB,G1,2,"[0.0, 6.0, 8.0]",False,0.0,iteration_limit,45.23250669999834,0.010314637563692637,0.010057986611985804,2.268504830606958e-05,0.0,11.672413535186674,0.050000000449322395,11.590102471659497,11.672413499058841,11.75472440503065,2.680691634662356,0.0,11.67,concentrated,55.78688746019848,11.613475008046418,11.73135094377461,0.11787593572819155,0.7611138883004432,0.9924804342320991,0.006586013856991129
9307AE93C86C740EBB3E9F4026F7F7059380719A1434E8E670FA41006EF367F4,G1,1,"[0.0, 6.0, 8.0]",False,0.0,iteration_limit,45.5198911999978,0.010311171070667447,0.010055133322208426,1.3749400221301702e-05,0.0,11.674198966791486,0.050238828206847705,11.591495862958075,11.67419934503526,11.756903060232574,2.69914767184462,0.0,11.675,concentrated,55.57934187729849,11.615041286361208,11.733372986348849,0.1183316999876407,0.7606934269206894,0.9927342235801379,0.006160280251628713
B415BDC1C7CC374732CBF88F403C0D91832064EB688810BEE3DC74C91E9D688D,C,0,"[0.0, 6.0, 8.0]",True,0.0001,stationary,182.62728510000306,0.003273308718094602,0.001062834613264809,2.55587697251766e-07,1.721519822597828e-07,11.740122992601062,0.7629343928481938,10.76184835518132,11.685511268470957,13.564280575692015,3.045774928409584,0.4532099529604139,11.67,concentrated,6.235728847264396,11.184774758074221,12.1608422212921,0.9760674632178787,0.7098112628538642,0.2446861457289425,0.3792225772261403
6CABF623FF6413180B61D9B8AB0D6682ADDF2BEE101D02024E4CB74835C144AE,C,1,"[0.0, 6.0, 8.0]",True,0.0001,stationary,177.8983150999993,0.0033062846985545498,0.001102239871268127,2.7729282233018994e-07,2.3134321387261597e-06,11.736649500596384,0.75059138479404,10.846049347522163,11.680364571614076,13.530268901590567,3.1085724385620397,0.4529507193764557,11.665,concentrated,6.251791237260411,11.176074334969577,12.157079013956345,0.9810046789867677,0.7151566758754253,0.2452010210991704,0.38330754855860333
33E29E162DC3240C2245281E2EDA6954258737F38D723141D8307F58130CBE0B,C,2,"[0.0, 6.0, 8.0]",True,0.0001,stationary,172.92625419999968,0.016482299238710783,0.01504449470714877,1.8294976525064617e-06,5.653580439392292e-08,11.990970602716567,1.1451790176051806,10.787012752145547,11.736260961978335,14.175748803997045,2.920537807305682,-0.9999998939496074,11.66,concentrated,5.105637615621723,11.115462683733718,12.202370512132456,1.0869078283987381,0.6468283953606395,0.20078436528319882,0.36388210781113095
0E3C8FF34D24C2CDCF3680EB282895DDBDF1D0AADA66681AA19E45766AF5005E,H1,1,"[0.0, 4.0, 8.0]",False,0.0,stationary,19.24916459999804,0.013388546301852695,0.013228441148243406,2.126555846923228e-06,0.0,11.703893463985832,0.0,11.703893463985832,11.703893463985832,11.703893463985832,2.858279625765728,0.0,11.703893463985832,delta,,,,,,,
6BDCC9AE48086CAB841FFD2AA81502ED0CF3D98D06FD8220490167D82D35D8B0,H1,2,"[0.0, 4.0, 8.0]",False,0.0,stationary,19.874315100001695,0.01338852967864155,0.013228694799596968,2.696490317065127e-06,0.0,11.703777787969138,0.0,11.703777787969138,11.703777787969138,11.703777787969138,2.858238450080375,0.0,11.703777787969138,delta,,,,,,,
747FBE7E340ED01AA0499EF5D16624CD294FE665A9AA94FB1094FEF7B795318E,H1,0,"[0.0, 4.0, 8.0]",False,0.0,stationary,21.82849089999945,0.013389333487561354,0.01322615389202355,1.0594548037323568e-07,0.0,11.704303028907534,0.0,11.704303028907534,11.704303028907534,11.704303028907534,2.8367463090440075,0.0,11.704303028907534,delta,,,,,,,
153D3D27F60316E7480F26BC235590E1E81563DACB9E5E3F521BAD054DFB59DB,G1,0,"[0.0, 4.0, 8.0]",False,0.0,stationary,42.936838100002205,0.013394090838608165,0.013231515159491579,1.9165279409468786e-06,0.0,11.702347211333523,0.050028087431946866,11.619989835709381,11.702347147728021,11.784704222512278,2.8987866301381593,0.0,11.7,concentrated,55.75915740269543,11.643377815839752,11.761314705830317,0.11793688999056506,0.7610934143683934,0.9929298101501856,0.001050705128613621
92602AE81CE165A23DF6DF243664944A8B9DE5BC0D08AD0EFEB3B2DCA8541273,G1,2,"[0.0, 4.0, 8.0]",False,0.0,stationary,46.38827400000082,0.013394139704873922,0.013231286846738145,5.184656626282064e-06,0.0,11.703696416426578,0.050010218025134986,11.621369076468747,11.703696801834209,11.786025087097418,2.90684811374514,0.0,11.705,concentrated,55.82154034701018,11.64479577549855,11.76261371855487,0.11781794305632154,0.7607877846372729,0.9925652981417441,0.0009560221583710918
C0509EF49E2253839D859D2681AE02161847CFFCF50F43416924887879AAB7D7,G1,1,"[0.0, 4.0, 8.0]",False,0.0,stationary,48.89139030000297,0.01339233822417968,0.013233984658778855,4.951905771364946e-08,0.0,11.700464864338825,0.05,11.61815324615716,11.70046457782357,11.782775851672495,2.8874925733695718,0.0,11.7,concentrated,55.84950540122054,11.64157590810694,11.759345369943523,0.11776946183658232,0.7606914652743431,0.9934298624105138,0.0011843714443541525
83CD9247632C2048358DCA7E321D66C133ED01DA212743195AAE94ADA7BCA4F8,C,1,"[0.0, 4.0, 8.0]",True,0.0001,stationary,185.84931080000024,0.0031688822468144656,0.0010374963837246616,2.3197051639894943e-06,3.927794330585606e-07,11.726307513670994,0.7609416835427503,10.768445887422965,11.674900065135516,13.539085466755765,3.0412340481111264,0.457811438037081,11.66,concentrated,6.159399210361459,11.167216023629488,12.160377711216631,0.9931616875871434,0.7133030924567322,0.24158739137007573,0.38971873790711087
BBD13BA060A32A379FA235EB08F53A298DFC3D9974CE8CE5EACA2133850DFD71,C,0,"[0.0, 4.0, 8.0]",True,0.0001,stationary,211.12437350000255,0.003069388087772931,0.0009919672369801456,4.9229319378481045e-08,2.7942725772892724e-07,11.739679364459198,0.7852963801654029,10.740831807815482,11.677685755886525,13.610739096148865,3.0509263103877666,0.4544952608599828,11.66,concentrated,6.163308833902254,11.171549812255153,12.156650545447183,0.9851007331920307,0.70801249670314,0.24169668429165433,0.38723577621834526
E92BD25219F9F6D0A41D3559E89FC328137A9195239EDF338AF2E04BEBFFDD3B,C,2,"[0.0, 4.0, 8.0]",True,0.0001,stationary,178.71729219999906,0.02444132336035451,0.02305349077445493,4.063655281119428e-07,1.423875952328863e-07,12.14079255331725,1.3156395687007172,10.064544950501446,11.799874133531622,14.463266166158801,2.215320474482942,-0.9878114351625606,11.66,concentrated,4.556909982172247,11.139270535115802,12.198102417601971,1.058831882486169,0.5629976600727699,0.17919761990097613,0.33823308213322173
567AFE1C82213B521ADB33169AA56610DA2189180F9EBA26CDEC771D2080FA27,H1,0,"[0.0, 4.0, 6.0]",False,0.0,iteration_limit,16.445908800000325,0.007385035120631194,0.0071786149138347785,5.684472227762681e-05,0.0,11.667991153437677,0.0,11.667991153437677,11.667991153437677,11.667991153437677,2.934009171314659,0.0,11.667991153437677,delta,,,,,,,
BEFF4E8338CF41FF3FB058170D4AEA19B481B253C4E0515877850CC653272F46,H1,2,"[0.0, 4.0, 6.0]",False,0.0,iteration_limit,17.006331100001262,0.007373671351221129,0.007174616777834263,1.0475115968555417e-05,0.0,11.666086313028535,0.0,11.666086313028535,11.666086313028535,11.666086313028535,2.966677721692479,0.0,11.666086313028535,delta,,,,,,,
075426292B784387BD0A7C07E13EF81ABA5D80E8B8EFE858B42E385C36D302F9,H1,1,"[0.0, 4.0, 6.0]",False,0.0,iteration_limit,17.227540200001386,0.007354266467638005,0.007169800650267844,1.23243084859065e-05,0.0,11.66387964045893,0.0,11.66387964045893,11.66387964045893,11.66387964045893,2.8605642238218625,0.0,11.66387964045893,delta,,,,,,,
0CDEAE138779EFF5D5F8047D88C1FC2D19E8E1893D9D6A6D0E2536B5FFFB6139,G1,0,"[0.0, 4.0, 6.0]",False,0.0,iteration_limit,32.808616000002075,0.007373210803404256,0.007179353031323247,7.610166778251572e-05,0.0,11.667100597603467,0.05000000000000347,11.584789134667382,11.667100434798611,11.749411228352399,2.9861449732001586,0.0,11.665,concentrated,55.80265156510785,11.608172703121767,11.726023225972112,0.11785052285034503,0.7610127033111383,0.990527671978395,0.008824111949812868
DFA72B943A6BC98022CAA5E1C1389201D156ECCCF8453A8420E51275E5BEF2BF,G1,2,"[0.0, 4.0, 6.0]",False,0.0,iteration_limit,32.31666550000227,0.009082738204985456,0.008925103940091458,1.6105344722086626e-05,0.0,12.117690542232221,0.05027209155889627,12.03493207034755,12.117690620619184,12.200449393285128,3.085086804372758,0.0,12.120000000000001,concentrated,55.49104232517179,12.058435966549569,12.176946627708821,0.11851066115925235,0.7610917805706786,4.303388130417268e-09,5.530829197111488e-30
286475574351F2776A3F66F1E57EBE9E108D27376829C7148C011C86091912FD,G1,1,"[0.0, 4.0, 6.0]",False,0.0,stationary,35.58173530000204,0.007373567397533339,0.007179073928409955,1.3634666702003654e-06,0.0,11.666200614715706,0.052702559943658044,11.579447122458225,11.666200258073255,11.752953321842371,2.9815530713934923,0.0,11.665,concentrated,52.97411397640909,11.60412411583499,11.728281462868809,0.12415734703381887,0.7608138097556535,0.9861970327645279,0.012729536171701559
4CC892F908621446D4AEFE3428A680F4BA3C5F3C6AE3A33DF3A077A5B039FC88,C,0,"[0.0, 4.0, 6.0]",True,0.0001,stationary,147.564652699999,0.004242857012808853,0.002874570958460773,1.1726645303100135e-09,5.7094807760522254e-08,12.220195330636507,1.1240578617776962,9.998613730516192,12.28381706460465,14.336017400062971,3.270675130267171,0.4272460652051213,12.285,concentrated,4.853542216462804,11.770601685413984,12.834310661250335,1.0637089758363505,0.6022171991055114,0.07376898851746334,0.15672107312325717
76E716511C62DBD7F1A44698F3FD941B888168B90454A7C0360F96B0780B757A,C,2,"[0.0, 4.0, 6.0]",True,0.0001,stationary,144.0971185999988,0.00424285701172402,0.0028745711005898167,6.203969701859481e-10,4.415447183740359e-07,12.22019541926734,1.1240578879607794,9.998613783585077,12.283817109374587,14.336017618213887,3.270675002562569,0.42724604733461646,12.285,concentrated,4.8535421145596525,11.77060170277295,12.83431070476146,1.06370900198851,0.6022172053506591,0.07376898179060519,0.1567210589456792
5950C24EA34DB8A46A54655A402FD3CACA96E262B9F3D89683CCFCB0BFA2B626,C,1,"[0.0, 4.0, 6.0]",True,0.0001,stationary,168.02841479999915,0.0031290126349642865,0.00100894134440947,5.355003386147067e-07,2.4348249915784673e-07,11.727997273233125,0.7623255567041136,10.843849761442332,11.672746333728,13.54068393475417,3.0310086212963965,0.4619690593339134,11.655000000000001,concentrated,6.201467396542663,11.163083909025715,12.155678814928754,0.9925949059030383,0.7178224391396614,0.24309668515174096,0.3907659603290518
A31C81E51B7BEE562739BEF36DF899DA5DB6F74D4A712E1FEFBF886A0E31665A,C,1,"[0.0, 4.0, 6.0, 8.0]",True,0.0001,stationary,65.84904499999902,0.009360433909865441,0.00597262640245454,0.0,1.794873623599952e-08,11.834913897766192,0.7187854417143161,11.107128254886943,11.696148061177745,13.810637575714837,2.9785358145809564,0.4547169901889341,11.655000000000001,concentrated,7.111539573422232,11.217745434747409,12.097546301008077,0.879800866260668,0.7300649002098654,0.27733027554002004,0.35129215641883793
07FEB4C5343C50D90CA3B064E23C64F0021C953AA3CBB0D77648C900BB99E259,C,2,"[0.0, 4.0, 6.0, 8.0]",True,0.0001,stationary,70.46580180000092,0.009360433907793555,0.0059726176997862155,0.0,9.61821104344951e-07,11.834911795057025,0.7187783703592469,11.107130633760203,11.696147998396969,13.810626900443706,2.9785358145809564,0.4547169901889341,11.655000000000001,concentrated,7.111559347039243,11.217745950441676,12.09754659248454,0.8798006420428628,0.7300666122972601,0.2773310508469716,0.3512918306510078
AB7F156BFC67689C1682EAA5CCB1C11122925FFF10B60D83B4C5ABB9B2F8C492,C,0,"[0.0, 4.0, 6.0, 8.0]",True,0.0001,stationary,71.87059840000074,0.009360433907293018,0.005972625794181289,0.0,7.390257998878685e-08,11.83491372189128,0.7187853101086761,11.10712820363342,11.696148010037957,13.810637357643435,2.9785358145809564,0.4547169901889341,11.655000000000001,concentrated,7.111540181493336,11.217745444664004,12.097546279853448,0.8798008351894442,0.7300649378232809,0.27733029876776966,0.35129219515360155
441600E12D12491B4833040FD707F9D2D98D39E17E6292D877BD02203B0CE702,H1,0,"[4.0, 6.0, 8.0]",False,0.0,stationary,16.260064900001453,0.005797149535098811,0.005744183405218244,1.2624677648825487e-07,0.0,11.649700681452892,0.0,11.649700681452892,11.649700681452892,11.649700681452892,2.95988363975128,0.0,11.649700681452892,delta,,,,,,,
227DD8B208EDDB76A6D860C9ED71758C71A7D202143766EBB92AF24ED5C8DD90,H1,1,"[4.0, 6.0, 8.0]",False,0.0,stationary,17.010392299998784,0.005786743537017058,0.005737613414471129,1.7390149397243325e-06,0.0,11.64975750852384,0.0,11.64975750852384,11.64975750852384,11.64975750852384,2.957979000682407,0.0,11.64975750852384,delta,,,,,,,
BBA49D5E00315E3E09D7DBC694DC4BE9D1D6CF9C3F7ADC7A28F83452CC16ADDE,H1,2,"[4.0, 6.0, 8.0]",False,0.0,stationary,17.138117200000124,0.0057854954256245225,0.005735723758798868,4.414860484133857e-07,0.0,11.649341684428997,0.0,11.649341684428997,11.649341684428997,11.649341684428997,2.955318794670846,0.0,11.649341684428997,delta,,,,,,,
A10355636DF791F30191C8EEF3F5C7C33D7E0819998E49B474EEF15556A9ED69,G1,0,"[4.0, 6.0, 8.0]",False,0.0,iteration_limit,36.114344900001015,0.00578679064484789,0.0057349930730067646,1.403176939527366e-05,0.0,11.648944958051874,0.05801614611592381,11.553457410753358,11.64894525647378,11.744431667853036,2.9863993180046497,0.0,11.65,concentrated,48.126847855098376,11.580621161903148,11.717279666032631,0.13665850412948366,0.7608184477514381,0.9574149527246102,0.04156946089907391
5D23C7ED7E8F166DFF7F44E59E02AB425D333D0F3DE77700E9AFEF22B570F289,G1,1,"[4.0, 6.0, 8.0]",False,0.0,stationary,39.25575590000153,0.005789841520065272,0.005737365464005433,1.3979498388055637e-07,0.0,11.64940287963154,0.0777485887278749,11.521474015454226,11.649403017678809,11.777332042707584,3.0103886106753834,0.0,11.65,concentrated,35.91722563223515,11.557845838856464,11.740955471703348,0.1831096328468842,0.7608719818363922,0.8922655224773625,0.09693191814128312
6DAABFB096FA988C29200F70155261918ED792223E76CD128950CA0E60B5F0E5,G1,2,"[4.0, 6.0, 8.0]",False,0.0,stationary,39.018799299999955,0.005737208160558969,0.005689539594241064,3.2422921704911483e-06,0.0,11.649597369512737,0.0826498752852404,11.513608735438629,11.649597464288984,11.785585979815925,3.005288755845933,0.0,11.65,concentrated,33.78786497668254,11.552271553614307,11.746923007125513,0.19465145351120583,0.7608873062115877,0.8741995900193749,0.1103652784172397
2716C87BCA0E4363548CB596C980B3322C02F37D3212163D9D274EC6CC684046,C,0,"[4.0, 6.0, 8.0]",True,0.0001,stationary,179.51191809999727,0.0032932709306040843,0.000958479099360738,7.343231341368905e-08,1.321601415292875e-07,11.746172531106817,0.7536623457790878,10.40202519555225,11.699613691224314,13.585767556079235,2.9649646599976767,0.45577834756625624,11.69,concentrated,6.282931220053519,11.206421057325905,12.174569233498591,0.9681481761726864,0.7094648763907898,0.2466903141988751,0.3664089684140466
0ABCE640E1D1DAA2C0EC3768127A34ACC6570A944B56E15F84A22E04DB77C3AC,C,2,"[4.0, 6.0, 8.0]",True,0.0001,stationary,142.7366140999984,0.0032971368917720434,0.000955582903467689,7.99636147220632e-08,8.988840540574347e-07,11.744195745351867,0.7512388708447827,10.408611219118978,11.698869947371842,13.575401321709956,2.980386728742428,0.45579481640147357,11.69,concentrated,6.286907373417199,11.20576184515156,12.174512540414304,0.9687506952627434,0.7103534313923023,0.24685236792254148,0.3669728696369133
D20E73D194A18420447DCFF094B6A97B415501C0F0A9DC97C125E162C217AD61,C,1,"[4.0, 6.0, 8.0]",True,0.0001,stationary,167.8365946999984,0.003372806740344401,0.001062432294120943,1.231256982236676e-07,1.3834075756856412e-06,11.755943280614785,0.7311386703068291,10.847624241131072,11.70824570276152,13.54691286633788,2.9912949271380795,0.45889136405861897,11.695,concentrated,6.272583672445068,11.207553611093221,12.185570105216877,0.978016494123656,0.7154374074662485,0.24634606171043338,0.35911449374064985
D2BBB2226EFA8074A7EEB2C8BC67937EB11D8CF196EBC6EE48B448D24E1F59FE,H1,1,"[0.0, 6.0, 8.0]",False,0.0,iteration_limit,15.054227500000707,0.010104495546025192,0.009848541335840316,1.2684453931273037e-05,0.0,11.678735381212704,0.0,11.678735381212704,11.678735381212704,11.678735381212704,2.7774203473395556,0.0,11.678735381212704,delta,,,,,,,
16366EE4E96CDC38932B1D3482774765FCA884F247771FB17502A27067EBC362,H1,2,"[0.0, 6.0, 8.0]",False,0.0,stationary,16.09654810000211,0.010103629880155642,0.009847016935999731,3.348971470566232e-06,0.0,11.67797907645173,0.0,11.67797907645173,11.67797907645173,11.67797907645173,2.77937018799709,0.0,11.67797907645173,delta,,,,,,,
EF427054A6A6E93215872CC36F828378B30F7FBAE66DD966D07BD588E74581D2,H1,0,"[0.0, 6.0, 8.0]",False,0.0,stationary,16.288251399997534,0.010101755122995573,0.009842361317737292,6.926546956971801e-06,0.0,11.680352104398464,0.0,11.680352104398464,11.680352104398464,11.680352104398464,2.769875134768135,0.0,11.680352104398464,delta,,,,,,,
AA6EE1A7C9ED60929DB02C8A023F587D1E8038E16B934BA53C481694BA9355DA,G1,0,"[0.0, 6.0, 8.0]",False,0.0,stationary,34.71588360000169,0.010111171531432225,0.009854460732035603,3.819385485611975e-06,0.0,11.67940821921366,0.05000147011601382,11.597094902279311,11.67940855170943,11.76172232134151,2.7680480750652996,0.0,11.68,concentrated,55.846365691795754,11.620526319705636,11.738300855214078,0.11777453550844186,0.7606977985410879,0.994102281828561,0.0044122455689444
56C5186DAC60F2A34994F5D27A0E9FC0E271CA944C8B0FCA67EB09F06A95351B,G1,2,"[0.0, 6.0, 8.0]",False,0.0,stationary,34.60804560000179,0.009981308645714811,0.009687463521294617,5.269377888101131e-07,0.0,11.672960644474419,0.05000000000000005,11.590650044847441,11.672960830613512,11.755272170390079,2.796385815178539,0.0,11.675,concentrated,55.80548127025522,11.614040817000753,11.731886571593302,0.11784575459254931,0.7609937285658007,0.9926444396987908,0.006386853676304089
155C676B5A5E98858A8FF39D63FDB599D6BA00ACA708B78FB30857058CAE79D4,G1,1,"[0.0, 6.0, 8.0]",False,0.0,iteration_limit,36.33226349999677,0.010112244736308122,0.009855936830266154,1.5655293965245977e-05,0.0,11.67946892807936,0.05107974656006754,11.595383561397687,11.679469227097945,11.763554101246593,2.768748059727661,0.0,11.68,concentrated,54.668341580778474,11.619314201239584,11.739617947662792,0.12030374642320751,0.7606715218997807,0.9930129249691021,0.005162090347998943
504C5457AF1CCD8758C52918CE8048134311007702478DBCF8DA5605D71AA328,C,0,"[0.0, 6.0, 8.0]",True,0.0001,stationary,155.40845900000204,0.003142464648208776,0.0009986473338641,7.493994326996598e-08,4.848414677273427e-07,11.752284643163865,0.7605765413727211,10.352354723486679,11.7078202389299,13.580727317497034,3.008361303080253,0.45821557244557765,11.695,concentrated,6.171584254996292,11.207912793496343,12.18812551376643,0.980212720270087,0.7054886510971095,0.24239005533234492,0.3617909754620879
B74C5AE4D0F4F776E4280D92E0811AC8FC4859473E181CECEE678541E4E9A435,C,1,"[0.0, 6.0, 8.0]",True,0.0001,stationary,143.18599099999847,0.003127810569565709,0.0009570928525579596,3.4234726014182974e-07,2.438268585573493e-07,11.74685782419269,0.7685849404691812,10.308731558699128,11.702534045720498,13.59744481575195,2.98635740237677,0.45839306000880664,11.69,concentrated,6.177878528174872,11.205480874547627,12.182114887928758,0.9766340133811315,0.7036703944435807,0.2426305414849208,0.3661401209393265
DA2F4ABE61DD4F807195BB18214C4FBC08C593D8A53818B29DAC6363FFF08AEE,C,2,"[0.0, 6.0, 8.0]",True,0.0001,stationary,140.15933199999927,0.016178313412025545,0.014765677301227183,6.907921630274049e-08,7.859047731388971e-09,11.956116126223979,1.1265653777518139,10.599490704812489,11.735971100899658,14.1266124022061,2.902671980467057,-0.9999999999999996,11.675,concentrated,5.068041285187817,11.12528447441274,12.222201479516954,1.0969170051042134,0.6478081856274402,0.19963980066547812,0.3652779177223201
4D1BAE2D621048C2FEE6E955234C15365C5E12B24EE332F20D69FB0279D5FA86,H1,1,"[0.0, 4.0, 8.0]",False,0.0,iteration_limit,9.889325000000099,0.013308052006144306,0.01312411758166549,0.0001285971009907875,0.0,11.686539058193262,0.0,11.686539058193262,11.686539058193262,11.686539058193262,2.8085137066739705,0.0,11.686539058193262,delta,,,,,,,
9298A27C35FD7961213638EBB698FF6EFDB5962958AECBB8E69AE35675E4DFFC,H1,0,"[0.0, 4.0, 8.0]",False,0.0,iteration_limit,10.45910989999902,0.013296953932703179,0.013097582390426986,2.020553453825806e-05,0.0,11.696852875988066,0.0,11.696852875988066,11.696852875988066,11.696852875988066,2.813922653043999,0.0,11.696852875988066,delta,,,,,,,
A085A4A0ED7A110A3A8D91EEEA4C17AA8ABE3D0C01D56831EDF1C6B8D4D13E1A,H1,2,"[0.0, 4.0, 8.0]",False,0.0,iteration_limit,10.357370400000946,0.013295183974420763,0.01309049905138621,3.582698795898003e-05,0.0,11.69807415673392,0.0,11.69807415673392,11.69807415673392,11.69807415673392,2.788486734012534,0.0,11.69807415673392,delta,,,,,,,
A94FDAB5D6E0FDE0181D33C22C5CA893D1E17CB72B6A2E6FBB73E065FDD86446,G1,0,"[0.0, 4.0, 8.0]",False,0.0,iteration_limit,20.967353000000003,0.013311109399170911,0.013130898782979671,8.85648814750086e-05,0.0,11.68710078971312,0.05062908827224247,11.603755039581554,11.687100631016625,11.770446359058413,2.8327138151346167,0.0,11.685,concentrated,55.110471962225915,11.62743235790159,11.746768449337969,0.11933609143637902,0.7610341866256204,0.9942109345264866,0.003088988456437035
F4977162F0C695EDD48B62D65197B4BD2DB3AEA4BF8FF01D047CEC7ACC304CBB,G1,2,"[0.0, 4.0, 8.0]",False,0.0,iteration_limit,19.675000300001557,0.013255223819601567,0.013057335419127455,0.00010102483261916375,0.0,11.706995531566903,0.0500384240757376,11.624620760668543,11.706995329463938,11.789369290802323,2.8288065762478336,0.0,11.705,concentrated,55.76466897993859,11.648025677805858,11.765959058054536,0.11793338024867772,0.7609826917968924,0.9914214532250288,0.0007682700133052837
1CF938A30EFC7F7C9E7D1312E79D54A5F07B0411365BC3F13B37BB9C684D2981,G1,1,"[0.0, 4.0, 8.0]",False,0.0,stationary,20.266346399999748,0.013307656203844258,0.0131244875358737,5.842894763507536e-06,0.0,11.689986560223577,0.05017226101723814,11.607392345737537,11.689986571262976,11.772580793638141,2.8709828150451453,0.0,11.69,concentrated,55.66015575136502,11.630902442023167,11.749070947270548,0.11816850524738065,0.7606676006766592,0.9946227355500282,0.0023971512389636715
51E4B84AD31BA58D3F8A61D0B08204621EC4B2A3FBD6F49E371CE497BF06DA47,C,1,"[0.0, 4.0, 8.0]",True,0.0001,stationary,80.54009389999919,0.003135150138279713,0.0010434143742080585,6.795031350466151e-07,2.9011558449684727e-07,11.742668376399733,0.7359715739422258,10.455351637452726,11.708151367097342,13.486718737469591,3.0041023632338835,0.4626728776535942,11.695,concentrated,6.140185804082576,11.201975144324313,12.19939226886499,0.9974171245406769,0.7141433083465738,0.24127856115337884,0.36221108075113384
4413B24816AAB2C263280080F56E1359762D89672665AE8B926131D6BF64D162,C,0,"[0.0, 4.0, 8.0]",True,0.0001,stationary,92.2257002999977,0.0030526790692815605,0.0010221152868282088,4.652510788403165e-06,4.4960024872574625e-07,11.759107691108529,0.7556397299813671,10.422515554498032,11.715256334056203,13.559289330007658,3.0490856359172698,0.45837443795436617,11.7,concentrated,6.130831050701383,11.209132945022304,12.200389510070922,0.9912565650486176,0.7086606629495142,0.2408050204828153,0.3564516061134173
2AF7E409EA5128192582C41DF2D0726E794981C1AAF1D193C9FB72EE7084EB15,C,2,"[0.0, 4.0, 8.0]",True,0.0001,stationary,76.6085533000005,0.002997965115701602,0.0009316639653611116,2.566344210929975e-07,2.2374250835529783e-07,11.752095627199509,0.7627969227359456,10.33945667899125,11.710763527893066,13.573331490671135,3.0337119088312448,0.45834870051948795,11.7,concentrated,6.133942023956123,11.208264232269466,12.196150356771012,0.9878861245015464,0.706644965162146,0.24093597831127533,0.36021044766375304
5EC8BB168481FD9FD6E248222671F5EA7794DFBAFFD83BB4DE76D49FA9E6B0E4,H1,0,"[0.0, 4.0, 6.0]",False,0.0,iteration_limit,8.79109420000168,0.0072942370378614695,0.007107910314758628,2.8933938223007137e-05,0.0,11.66936498101524,0.0,11.66936498101524,11.66936498101524,11.66936498101524,2.8032241155050253,0.0,11.66936498101524,delta,,,,,,,
B206B5B0944335B503322C065335B5CB0B76632B15634B2663D36E9C8D9B9BFB,H1,2,"[0.0, 4.0, 6.0]",False,0.0,stationary,8.904665099998965,0.007223450057614779,0.007021894320900097,9.854714606139434e-08,0.0,11.667253272703302,0.0,11.667253272703302,11.667253272703302,11.667253272703302,2.8095705942435467,0.0,11.667253272703302,delta,,,,,,,
6F993D261B55CB7F8F52F32EE816483599DF08EBB4ECFB85F3432E15934E6F9F,H1,1,"[0.0, 4.0, 6.0]",False,0.0,stationary,9.056976400002895,0.0072958298214825835,0.007118396918281467,9.115736264136473e-08,0.0,11.671764861901798,0.0,11.671764861901798,11.671764861901798,11.671764861901798,2.8374775657491784,0.0,11.671764861901798,delta,,,,,,,
B772B07D1AB3DF833529834AAE4F5F8D075AD54DB2AF82DDBB96F8E21DF40262,G1,0,"[0.0, 4.0, 6.0]",False,0.0,stationary,19.93579270000191,0.0072249775105068656,0.007024903103593354,5.999800457143321e-07,0.0,11.668133379391998,0.049999999999999996,11.58582284260073,11.66813362729373,11.750445052333568,2.822648499464888,0.0,11.67,concentrated,55.813012152867294,11.609221294447874,11.727053961181385,0.117832666733511,0.760941669949467,0.9909605852566433,0.008342991785992536
7FF65AF9FAE52FFC6FA9B7ED5F47DE97261A0F137E1F28A86E693F81DC05E950,G1,2,"[0.0, 4.0, 6.0]",False,0.0,stationary,19.49004950000017,0.008960803907195648,0.008755349591870971,9.252430671184723e-08,0.0,12.125308334338168,0.050121007587815625,12.042798069179199,12.125308123718868,12.207818168536956,3.0139974579395976,0.0,12.125,concentrated,55.71602119220033,12.066280232950147,12.18433043495975,0.11805020200960215,0.7606763554939318,1.5586858130120825e-09,6.529244532203469e-31
5CD98855CC0B0771429757E059575BD6E4F2A20F825BB401A1C3EFA311A88E43,G1,1,"[0.0, 4.0, 6.0]",False,0.0,stationary,23.90104539999811,0.007296026412353745,0.007117866633999767,3.387343126934098e-07,0.0,11.671876987895885,0.05016528881800688,11.589293525618555,11.67187674512088,11.754459300307099,2.8539851146770983,0.0,11.67,concentrated,55.62894081059569,11.612761431456788,11.730986149556433,0.11822471809964519,0.7609543993774798,0.992125741812638,0.006942141945237288
CB28AE19CFA13594C3D7DD1E6C7B88F40EAB4D774AEBD09B580548A8002A75FC,C,0,"[0.0, 4.0, 6.0]",True,0.0001,stationary,76.97324129999834,0.0040849287130586215,0.0027259078273306207,9.030756995105366e-09,6.133668000486703e-07,12.240852504355303,1.1451624992498837,9.999608395649147,12.296747920896806,14.38560112805229,3.2684555535259077,0.43401853040934335,12.295,concentrated,4.7875196474144905,11.779701298242996,12.844425163415268,1.0647238651722724,0.5946122371543983,0.07028613978321527,0.15764549745168907
5380D22BA67A6BD504E14BC0FFBF2A6475890357F9AD1C3003FE8C0A4ED12DA0,C,2,"[0.0, 4.0, 6.0]",True,0.0001,stationary,72.45650880000176,0.004083304058327044,0.0027200342826280716,2.5394256497352426e-08,8.987145851671249e-07,12.24139748495908,1.1444138007912343,10.000524009588087,12.296903509800249,14.386980807764864,3.2603276737398685,0.4340396650089584,12.295,concentrated,4.794928961368138,11.780187206668069,12.84403595852605,1.0638487518579804,0.5950452590391342,0.07024461246290625,0.1572524474873123
C39AC27CE13F3CC582B2F60D1B01688775432296E55172F73B5B7267A01581EF,C,1,"[0.0, 4.0, 6.0]",True,0.0001,stationary,91.18543280000085,0.0030602183618955664,0.000982477331897616,3.1015162848196554e-07,1.3381921533731078e-07,11.759209120595296,0.7694624480011899,10.589189891002043,11.709499756650047,13.566778908421906,3.0354947584868994,0.46968335315259324,11.69,concentrated,6.107328083405562,11.199284969042884,12.194229725542836,0.9949447564999527,0.7086251254194091,0.24000190060206475,0.3616073518626793
EDC1CF70EC7313718E77622D27D1F41C7859FF6D907E6A4F63E29F7C0FCD8046,C,0,"[0.0, 4.0, 6.0, 8.0]",True,0.0001,stationary,38.388806800001475,0.009278220195476706,0.005896751064980827,0.0,9.68510840384379e-07,11.8431634671261,0.7275148946511714,11.109688422999804,11.699773533904315,13.82722888303681,2.9785358145809564,0.4547169901889341,11.66,concentrated,7.092137064165979,11.220168720694394,12.099506412921228,0.8793376922268337,0.7276993185369615,0.2766827563192368,0.3481148364059152
B937AA1E3798E1C5DFA752B9656E3F2251DFD41467C43D7CC63DC16B537A4ECA,C,2,"[0.0, 4.0, 6.0, 8.0]",True,0.0001,stationary,42.21722560000126,0.009278220212409271,0.005896797125548884,0.0,9.847321174415516e-06,11.843168914813802,0.7275197957340903,11.109688840544656,11.699774970248253,13.827239162685405,2.9785358145809564,0.4547169901889341,11.66,concentrated,7.092115724946671,11.220168484467946,12.099507490535418,0.8793390060674717,0.7276981888569449,0.2766819644065408,0.34811385898432284
4F504FB3CC3A1B3E603C07DBC733D4EB4B1C593BE6DB1DF5C45B305A60E8ED99,C,1,"[0.0, 4.0, 6.0, 8.0]",True,0.0001,stationary,42.42336179999984,0.009278220201396514,0.005896753548019411,0.0,1.1894949737698349e-06,11.843158527285993,0.7275144102566967,11.10968454615063,11.699771952327335,13.82722721261731,2.9785358145809564,0.4547169901889341,11.66,concentrated,7.09214151713057,11.22016870647968,12.099506081523753,0.8793373750440736,0.7276994709903305,0.2766828978213533,0.34811631950240135
2C77EE0C7FA8A40FDDA13781EB6AB8CC2D6D1521D9B11D7302109CE075BDAE5F,H1,0,"[4.0, 6.0, 8.0]",False,0.0,stationary,8.981410000000324,0.005656369512832745,0.005623795631325294,5.682866048119258e-08,0.0,11.647835136513361,0.0,11.647835136513361,11.647835136513361,11.647835136513361,2.9456149732273222,0.0,11.647835136513361,delta,,,,,,,
245CA61B5F231DB4661087CD32F6B40F0CF5A33D83DCEAC820B0DCD66BED4E1A,H1,2,"[4.0, 6.0, 8.0]",False,0.0,stationary,9.249681100001908,0.005650196928820359,0.00561426258174035,4.376072431156865e-06,0.0,11.647109566312812,0.0,11.647109566312812,11.647109566312812,11.647109566312812,2.9535318900266887,0.0,11.647109566312812,delta,,,,,,,
F7B53418F5D25E4E98EC8FE696B3E5120F252B8C668C8217B861A283BF8833EA,H1,1,"[4.0, 6.0, 8.0]",False,0.0,stationary,9.65053160000025,0.00565001593463297,0.005614353927048419,7.366104629988772e-07,0.0,11.647216671772227,0.0,11.647216671772227,11.647216671772227,11.647216671772227,2.9537340018678844,0.0,11.647216671772227,delta,,,,,,,
C8760E8BB760BEFA81F638F63970A35C14635B458DEB8589DD67402F1DB3AFB0,G1,0,"[4.0, 6.0, 8.0]",False,0.0,stationary,20.614819700000226,0.005647848326560989,0.005612052959693111,2.5346072581769847e-06,0.0,11.64649060194473,0.05000000575987225,11.564178740932109,11.646490248718337,11.728801124834215,2.9767136720286462,0.0,11.645,concentrated,55.82709893395309,11.587580587909708,11.705386621382676,0.11780603347296825,0.7608358111876459,0.9749222103084721,0.02493532743424599
11A90ABE1031FDFD932037D1059C3C9A3729A0520393F5BDA51E4AF2B766E13A,G1,2,"[4.0, 6.0, 8.0]",False,0.0,stationary,19.958902399997896,0.005614506884137018,0.00557315810146187,9.627946791530884e-08,0.0,11.646524219242808,0.05,11.564212376472463,11.646523873411146,11.728834729087646,2.980034435466005,0.0,11.645,concentrated,55.825973753828556,11.587613326824004,11.705421626127531,0.11780829930352787,0.7608448579299381,0.9749610031862854,0.024896163674282566
894B3463D1EA89EAD7336ABC0745AEF748BB494AB08634B7662AB97EB1D6E486,G1,1,"[4.0, 6.0, 8.0]",False,0.0,stationary,23.724132700001064,0.005654616488628258,0.0056204456884615915,1.1318359177703657e-07,0.0,11.647019936252567,0.050012324889420215,11.564688117049133,11.64701974295103,11.729350792332006,2.971321956177975,0.0,11.645,concentrated,55.79263077203753,11.588080087069278,11.705953534264996,0.11787344719571813,0.7609885390171456,0.9754985461861393,0.024352530901532658
0D03D7E1BAA8C1933C9380AF6072D7A2C335A33EC6FFC66B947097A3F91D176A,C,0,"[4.0, 6.0, 8.0]",True,0.0001,stationary,78.62856280000051,0.0033456947038023226,0.0010547904313201297,2.6039224305927426e-07,2.340027853526324e-06,11.765790609104673,0.7905681262199299,10.492546274459514,11.700378160549318,13.613398275680273,3.0064290525373987,0.4659138572232815,11.68,concentrated,6.221506865201715,11.200153577011136,12.169398843821606,0.9692452668104696,0.7032996921056289,0.24426002136204786,0.366764243452659
9ED7A8EF49C90B5C47704E5CA27F0811E0DF4F466E4525F5A4338796B02C3456,C,2,"[4.0, 6.0, 8.0]",True,0.0001,stationary,71.07115049999993,0.003325824973041923,0.0009891702579382937,3.078927589113907e-07,2.1132894622872406e-07,11.75691343143696,0.7917681776743893,10.377300426799957,11.696075253161778,13.620370914570387,2.9801730761357854,0.46665280098933715,11.68,concentrated,6.24566710756108,11.200650485250787,12.165268419799602,0.9646179345488157,0.7026672591508607,0.24514996057433872,0.370029095265951
F644EA790CD13A38D227A5E9E7FD0B930454C573CFB78B97252A8902F3CEF93C,C,1,"[4.0, 6.0, 8.0]",True,0.0001,stationary,80.74451670000053,0.0034223507957806803,0.001084870566054823,8.08458303489312e-07,2.3066348971601154e-06,11.745706326552007,0.746824757600662,10.815782004387623,11.694546945142477,13.536603094159473,3.022928909934788,0.4684154541728862,11.68,concentrated,6.286990770602827,11.196163207463364,12.16893948595462,0.9727762784912564,0.7132761100829744,0.2468392750951037,0.3704942139112739
29D50FC5B66A1F6F24A3521DED51D93A06D3020465D3AE45818DD9B04A77EFFB,H1,0,"[0.0, 6.0, 8.0]",False,0.0,iteration_limit,8.821200999998837,0.01011831898063412,0.009863022270868823,1.1899194328246192e-05,0.0,11.675734216591962,0.0,11.675734216591962,11.675734216591962,11.675734216591962,2.7485063023227227,0.0,11.675734216591962,delta,,,,,,,
F6ECBB93DDC3CFCE58AE80F69FFE6CA0E32B7EB97B9AF37979321DE2B2A80A7B,H1,1,"[0.0, 6.0, 8.0]",False,0.0,iteration_limit,8.976856999997835,0.010115947672431243,0.009861087054546339,3.2272860940261064e-05,0.0,11.67625247306204,0.0,11.67625247306204,11.67625247306204,11.67625247306204,2.744273434897909,0.0,11.67625247306204,delta,,,,,,,
03453FDCE0C443186708C3070530BB227F088D1E0CE4427D315478280E642A07,H1,2,"[0.0, 6.0, 8.0]",False,0.0,stationary,9.401138099998207,0.010106084610861968,0.009846639097471592,8.357408580500177e-06,0.0,11.681745429104872,0.0,11.681745429104872,11.681745429104872,11.681745429104872,2.7372004997725203,0.0,11.681745429104872,delta,,,,,,,
58D93C698F51A49356AD63A90FAB030B06B1B59EC39B682003850D5AA8A1DA9A,G1,0,"[0.0, 6.0, 8.0]",False,0.0,iteration_limit,19.298840199997358,0.010128065146620941,0.009873322246274801,1.5208355828650173e-05,0.0,11.674644877872211,0.05049103328739037,11.591527256569503,11.674645109494655,11.757762890076835,2.7397122191898076,0.0,11.675,concentrated,55.307382506662144,11.615192628371965,11.734105244673579,0.1189126163016141,0.7606455937978174,0.9925780247645085,0.006224213696956363
3EBB570C7186FD31534CFDE721C7B3CB986064FB458B0785516A891BB8B9ACF0,G1,2,"[0.0, 6.0, 8.0]",False,0.0,iteration_limit,20.006888200001413,0.01011882489326262,0.009857977024486023,2.2343961586750742e-05,0.0,11.68095146988832,0.05001818095014934,11.598609766543378,11.680951071453888,11.763292026857464,2.7343995633587204,0.0,11.68,concentrated,55.821517263948515,11.622032685634025,11.739853028579747,0.11782034294572163,0.7607232803981416,0.9943134466928275,0.004039702317174742
062323561DF21C8B66B36DCDB46954433CAA995AACE1930AD26F6C18399F5FAB,G1,1,"[0.0, 6.0, 8.0]",False,0.0,stationary,20.30751820000296,0.010127069054702993,0.00987186136374331,9.982410974983964e-06,0.0,11.674453999390057,0.05085250002467066,11.590742326756294,11.674454306202332,11.75816584702601,2.7339094409621656,0.0,11.675,concentrated,54.91244281048316,11.614570112070044,11.734338856715613,0.11976874464556886,0.7606692758602093,0.99211771367252,0.006611879253745799
A04E5D2B366011E73EB0F7679376601B35139A2BF9C7128010E5F0683EA675A7,C,1,"[0.0, 6.0, 8.0]",True,0.0001,stationary,80.94585760000336,0.00332467534640403,0.0010952661574557183,5.358236561575408e-08,2.7190646085563375e-07,11.755837881561048,0.8220513764610096,10.712895332112094,11.681499525012256,13.623178498313386,3.0037865756024487,0.463014700247663,11.66,concentrated,6.155230148887105,11.17521979203518,12.155488334322953,0.9802685422877726,0.7036431935541295,0.2413609164422638,0.3840615583933926
36F7BABF80DF9ECDD3A27DB4113FDEA97E7D4FA23C5AF6A21DDED2B5E67A868E,C,0,"[0.0, 6.0, 8.0]",True,0.0001,stationary,91.12390119999691,0.0032137082907934696,0.0010010963995021975,2.2131138713482373e-08,9.874944991664775e-08,11.767638351826903,0.8509442398053942,10.291239658019297,11.693112257183166,13.675174986401709,3.018803130583643,0.45846178899371015,11.675,concentrated,6.143599979746909,11.193607974839756,12.163273960584839,0.9696659857450829,0.6948191583380637,0.24112275085089524,0.37454088236344774
F9AA94FA52B86638E22ED995A552DCE4BF7831E31AE701C3235E900CBF6EE9D1,C,2,"[0.0, 6.0, 8.0]",True,0.0001,stationary,85.33282619999954,0.016208320098465224,0.014783460618021917,5.471864660520191e-07,3.99933450996072e-08,11.975691840619076,1.1446510700856252,10.733155734545717,11.72667521121418,14.1283686249009,2.891351703831118,-0.9999999987378331,11.65,concentrated,5.082866565495592,11.108095431543639,12.191719754043707,1.083624322500068,0.6419604013804262,0.19957833366837896,0.3712911257370373
0A08EB3FAFB23D543C3C01D0F240E9CCDB2E060AA435D1288A09110189D29BF4,H1,2,"[0.0, 4.0, 8.0]",False,0.0,stationary,9.583566100001917,0.013197132173267139,0.01303041584610874,6.889286869553535e-08,0.0,11.685469475447334,0.0,11.685469475447334,11.685469475447334,11.685469475447334,2.7545455255163507,0.0,11.685469475447334,delta,,,,,,,
BF095ED6A475E2E8E92E78A67FAD5E56F0AF59A6FDC5F95F0326F8CBE15E20FB,H1,0,"[0.0, 4.0, 8.0]",False,0.0,stationary,9.726096099999268,0.013197131850292105,0.013030424447194574,6.509766891782958e-08,0.0,11.685473840524345,0.0,11.685473840524345,11.685473840524345,11.685473840524345,2.7545687884802734,0.0,11.685473840524345,delta,,,,,,,
2488FF7D664B5DE92190FA3B78DF51E680BE67771165D30705B67E476FD34023,H1,1,"[0.0, 4.0, 8.0]",False,0.0,iteration_limit,9.832089899999119,0.013188965308419193,0.013023336041670918,4.3339044952940905e-05,0.0,11.690258023279398,0.0,11.690258023279398,11.690258023279398,11.690258023279398,2.7405529320683533,0.0,11.690258023279398,delta,,,,,,,
5E4E105FB550D89003B8BED890E9124AD5384528FC98B0038E4C79F8384C2B1D,G1,0,"[0.0, 4.0, 8.0]",False,0.0,stationary,22.03495770000154,0.013196003960133068,0.013031282641046124,4.6107634950006905e-06,0.0,11.689158234156526,0.05006187314547448,11.606745849842726,11.689158621097949,11.771571677606675,2.762357994779933,0.0,11.69,concentrated,55.77500487123337,11.630206138371816,11.748126011858789,0.1179198734869722,0.7607105974719659,0.9947436223775603,0.0024754125149052033
91F4CEB75CABDF185179FA703D002D6D945C75A2F415AA6A850F2211583B533E,G1,2,"[0.0, 4.0, 8.0]",False,0.0,stationary,19.688545299999532,0.013210842284378544,0.013041386134373136,1.5083626280604208e-06,0.0,11.68422178499818,0.050000257323143296,11.601910575969804,11.68422216300002,11.766533980749145,2.8302907672165585,0.0,11.685,concentrated,55.84486733986384,11.625341383212769,11.743116219616704,0.11777483640393527,0.7607101575673467,0.9946638658063889,0.003313484019807854
10FAD276DF3865C22F2783A2BF1E715B831668AFB8E50902CC9F930634C56DE3,G1,1,"[0.0, 4.0, 8.0]",False,0.0,stationary,21.392079599998397,0.013195395234518651,0.013030647614193409,2.1927606366165133e-06,0.0,11.68947616194967,0.050000019021596294,11.6071651833361,11.689476471420944,11.7717878444495,2.7612782072916935,0.0,11.69,concentrated,55.848832872228314,11.630595807123859,11.748366027865066,0.1177702207412068,0.760694264085009,0.994793018351513,0.002400886614379075
C76508BF38B709B1BBEE4FEADDC31EDACD097196F0093CAB0AAEEDD97766052C,C,0,"[0.0, 4.0, 8.0]",True,0.0001,stationary,78.9660072000006,0.003128443526535598,0.0010837949391651358,4.065017317446774e-08,1.918132353566967e-06,11.764510132465691,0.8372068155347573,10.835779405634979,11.671672663214457,13.64576671770298,3.0545957408643094,0.45860979079129116,11.645,concentrated,6.136129627370556,11.157079101963818,12.142740173049967,0.9856610710861489,0.7052236548078864,0.24005356866475555,0.3926503631784011
2E5E0A3D787FB225506C9C87AD90CE5D83CBE137E5572F158930EA4E01738E47,C,2,"[0.0, 4.0, 8.0]",True,0.0001,stationary,76.72035070000129,0.0030853202339173845,0.0010121440825116292,6.395934152124578e-06,3.1664503855609837e-05,11.765334369466641,0.8542976086557071,10.812487846283277,11.668275723716492,13.677917646310869,3.0360822159697025,0.4582339728176612,11.645,concentrated,6.135582969447775,11.15559349122144,12.137526977218972,0.9819334859975317,0.7025091496575833,0.23981952225095807,0.3955720392714881
684E4077606A7996FA1AD3F1FE8A0736CDDD5936E435440DBD958727495AFD03,C,1,"[0.0, 4.0, 8.0]",True,0.0001,stationary,87.60229679999975,0.003198766882138836,0.001082442481224747,1.3628185535708657e-06,3.8334603541436557e-07,11.742545661319863,0.8096400864361822,10.824175941688152,11.6650349254849,13.581372860454076,3.007952218764483,0.46299805922115045,11.645,concentrated,6.1541341008817305,11.152404232672296,12.14303497006422,0.990630737391923,0.7108632923007778,0.240675385334894,0.39810456629317403
089BA6B3B620351FEEF4323156595F25A0B0D962F1EFD63DD16761A910CAE78F,H1,2,"[0.0, 4.0, 6.0]",False,0.0,iteration_limit,8.905563500000426,0.0072786025019222714,0.007088225599787829,2.928896662410249e-05,0.0,11.671911250127518,0.0,11.671911250127518,11.671911250127518,11.671911250127518,2.8206456454308615,0.0,11.671911250127518,delta,,,,,,,
DFD3E6C41A0BF3A8FA96F8B6A93578A749B91DA47674CFE41666C0203F0D43EA,H1,0,"[0.0, 4.0, 6.0]",False,0.0,iteration_limit,9.602707699999883,0.007265900995323943,0.007068699139805941,0.00025759175541172725,0.0,11.672275117237383,0.0,11.672275117237383,11.672275117237383,11.672275117237383,2.7510222319584456,0.0,11.672275117237383,delta,,,,,,,
CC5C0679CCF37B36E9311CE5965BBFAE07F27D85DB447E159918A7519A343E14,H1,1,"[0.0, 4.0, 6.0]",False,0.0,iteration_limit,9.730192500002886,0.007262795870107659,0.0070656181982626624,4.092659311937101e-05,0.0,11.670414505055652,0.0,11.670414505055652,11.670414505055652,11.670414505055652,2.7561180687143985,0.0,11.670414505055652,delta,,,,,,,
428D8F7D3EFDCE82180B6BCF28E5259AC09AFA3CF80C3B9A00B6DF107E68639B,G1,0,"[0.0, 4.0, 6.0]",False,0.0,iteration_limit,19.92888160000075,0.007304198903408819,0.00710528547204566,0.00011615691630274439,0.0,11.677591646245363,0.05425645856902059,11.588284151594392,11.67759167874128,11.766899054570533,2.9438413515791253,0.0,11.68,concentrated,51.41961402443379,11.613648173601412,11.74153620914795,0.1278880355465386,0.7610901253415002,0.9885602982299285,0.008650166031779791
3E40A01269D1EC851BD695682345229C31D78BF6569847091A963DAAAC5F613E,G1,1,"[0.0, 4.0, 6.0]",False,0.0,iteration_limit,19.735221700000693,0.007308007450122067,0.007114728862453314,2.0918184742566106e-05,0.0,11.673881418320947,0.05655361417960322,11.580798931575801,11.673881731581421,11.766964690408308,2.9741938489209767,0.0,11.675,concentrated,49.36996167364798,11.607267483053045,11.740484677086489,0.13321719403344368,0.7608158831799152,0.9835094533186074,0.013272344361750331
921D7690232C1F8AACC0B7D552BF470042F93FA5794885D8706CC55532D2AAF2,G1,2,"[0.0, 4.0, 6.0]",False,0.0,stationary,20.455580400001054,0.008951881084947712,0.00877703503596386,1.7655694891156838e-06,0.0,12.117863937232602,0.05000163028780587,12.035550605257962,12.117864086233014,12.200178043357901,2.977076169544868,0.0,12.120000000000001,concentrated,55.79915862434657,12.058937737235897,12.176794912756778,0.11785717552088038,0.7610239143993417,3.5053732335697484e-09,2.6439002147476035e-30
F32EBAC5E2FDDB03B05685A1D14E97120B892894D9ED41DAD4BFDB902975596C,C,0,"[0.0, 4.0, 6.0]",True,0.0001,stationary,76.44138590000148,0.004049826842047773,0.0026749706024419267,7.168859229396559e-09,1.6403364030610247e-06,12.257967744911621,1.1391362311026456,10.00834848155879,12.301289890205783,14.376755917345497,3.255596158121028,0.4336148441916745,12.295,concentrated,4.813378804859735,11.778855955034038,12.838299361368769,1.059443406334731,0.5949303434498363,0.07081169721116572,0.1520572992038982
0432C6C9BBA9C7F56BE010ED091B3ECA06E329954D597653410DA6E81B7FDEA7,C,1,"[0.0, 4.0, 6.0]",True,0.0001,stationary,66.4561149000001,0.0030751085906638434,0.0010185947152621104,4.6175021435086164e-07,2.1577668115951507e-06,11.767145563773779,0.8099782052488165,10.859793627953755,11.690070091331917,13.602766038353176,2.997243206033582,0.4662549694852325,11.67,concentrated,6.138573537840592,11.174716386672545,12.167897692842178,0.9931813061696335,0.710957846023383,0.2409889545998291,0.37701816323110515
6CD46611C6E57F71418D0175D11F63ACACDE0ABA66E91D2CA3C4DAC5E536C6C2,C,2,"[0.0, 4.0, 6.0]",True,0.0001,stationary,78.05665890000091,0.004049819110281482,0.00267470691734961,1.7349539689675853e-08,3.87275626337856e-07,12.258025838167693,1.1390655486008436,10.008443439565378,12.301305301981007,14.37684495617712,3.255080826180478,0.4336171010235552,12.295,concentrated,4.8138889664061555,11.778882340718408,12.83827769779054,1.0593953570721322,0.5949664598540656,0.07081097198449045,0.15202302881854138
3D6FC83146F807CEF3FF5E1E3FE1920FCCFC1554CF1267B5C9AFCFE0E3EC12B0,C,2,"[0.0, 4.0, 6.0, 8.0]",True,0.0001,stationary,37.83339900000283,0.009232396701318975,0.005883385446988442,0.0,9.628102785414969e-07,11.830458328310065,0.7194847268122102,11.09965283365599,11.695294172974801,13.788697656227383,2.9785358145809564,0.4547169901889341,11.655000000000001,concentrated,7.077897113525164,11.216696443491402,12.097882113592156,0.8811856701007539,0.7277412635585793,0.27600784070649287,0.3528334927700006
0777B239F20D69CAAE8454F20C6549D439DCA0484D842D366CCA67E9BBC1EE78,C,1,"[0.0, 4.0, 6.0, 8.0]",True,0.0001,stationary,42.2038311000033,0.00923239666833456,0.00588335809954529,0.0,8.358695761665272e-07,11.830450266159668,0.7194813476948875,11.09964846589198,11.695291734097406,13.788689231779976,2.9785358145809564,0.4547169901889341,11.655000000000001,concentrated,7.07791520579614,11.216696644230113,12.097881284639064,0.8811846404089501,0.7277422769228292,0.2760085094170415,0.35283556252422926
DBC04F4B12C455CBDDD5F83CE7ABD4F9A316E3BC21A5FA06E081EA2E4015E674,C,0,"[0.0, 4.0, 6.0, 8.0]",True,0.0001,stationary,43.00190379999913,0.00923239667167909,0.005883362771597455,0.0,3.722746617744466e-08,11.830453809592713,0.719482289753225,11.0996506896648,11.695293170773292,13.788689649149436,2.9785358145809564,0.4547169901889341,11.655000000000001,concentrated,7.0779101398919115,11.216697249542875,12.097881710788153,0.8811844612452777,0.7277415947687627,0.2760083417042981,0.3528342418347575
08D72AA1001A3C37DD5B7021030EE31E25FBAE374DFA77E2AEAFBB6FABF99247,H1,0,"[4.0, 6.0, 8.0]",False,0.0,stationary,9.585593700001482,0.0057728768812260346,0.005711197915188429,3.2695540377525117e-06,0.0,11.650423497428385,0.0,11.650423497428385,11.650423497428385,11.650423497428385,2.8820523343895506,0.0,11.650423497428385,delta,,,,,,,
85BFD9D5F4B2E03DAC0B88C3AF4FC0400FD8A4E8CB0FAB785587E77EBB6EEEA1,H1,1,"[4.0, 6.0, 8.0]",False,0.0,stationary,9.582910499997524,0.005737788563075063,0.00567411044547911,1.5394423515234535e-06,0.0,11.655618448686473,0.0,11.655618448686473,11.655618448686473,11.655618448686473,2.886121053107518,0.0,11.655618448686473,delta,,,,,,,
88132175029E77E41A4A973DF1D3E32CE24B166D5F4F761AEC2C4F6EBE75A88F,H1,2,"[4.0, 6.0, 8.0]",False,0.0,stationary,9.836754200001451,0.0057566974421422515,0.00569792112649658,5.6915826275884655e-08,0.0,11.652408699583441,0.0,11.652408699583441,11.652408699583441,11.652408699583441,2.8825825861588723,0.0,11.652408699583441,delta,,,,,,,
BAD423474D5A7B6584B56AD05BC8E8955A4DF9427DAA88F88B45F379489B63D1,G1,0,"[4.0, 6.0, 8.0]",False,0.0,stationary,20.042033500001708,0.005760687156938469,0.005703952561440241,8.179174972428581e-08,0.0,11.649649456102772,0.09495923827414564,11.493419169499502,11.649649520879276,11.805879772356585,2.9367423059732576,0.0,11.65,concentrated,29.408164869822485,11.537832218983818,11.761465229193963,0.22363301021014514,0.7609038115264783,0.8267388612957695,0.14310454114262652
544BAEEEE91DDF7705CAF267D800EA32CFE4619D85D4A8376A58A5D0B0A8C2AF,G1,1,"[4.0, 6.0, 8.0]",False,0.0,stationary,20.272414099999878,0.00576068670620977,0.005703958419234169,3.094981706679311e-08,0.0,11.649647059079083,0.0949206491687475,11.493480224194775,11.64964712424529,11.805813912768555,2.9366925698139306,0.0,11.65,concentrated,29.420117569099006,11.537875282637117,11.761417241034435,0.22354195839731794,0.7609033532612793,0.8268848875008872,0.14301236386934654
D7B07AFE0463AAFE4E2E8354A41C214F86BCA1B9BCF49AE744530143AEB26050,G1,2,"[4.0, 6.0, 8.0]",False,0.0,stationary,20.657100299999,0.005695522805805512,0.005643548663610159,5.300235648293495e-08,0.0,11.655083177357593,0.10339181702225292,11.484985625681679,11.655083161944674,11.825180778009145,2.9430971361676552,0.0,11.655000000000001,concentrated,27.009826691858343,11.533339556192464,11.776827161196158,0.24348760500369337,0.7609121442677483,0.8017983481171934,0.151018831493267
D5E3E68E9CDAE4A0918C402CA6938171F007BAB5B3D9A64112CA73DF9586BB89,C,0,"[4.0, 6.0, 8.0]",True,0.0001,stationary,77.26223799999934,0.0026719887868759625,0.0006172626163024709,1.765211288377916e-08,3.129390639131438e-07,11.770380713058769,0.811174120009394,10.897709655531367,11.683658726397129,13.621332869831454,2.9744366580164896,0.45249741563796153,11.66,concentrated,6.17088499885269,11.164987092070161,12.162307058778211,0.9973199667080497,0.717664946442069,0.24210765418265853,0.3818135470914805
49085C441849E6AA58E7DCE674EF34C078015CCBDEAEB57A333D710EB85AB8D5,C,1,"[4.0, 6.0, 8.0]",True,0.0001,stationary,77.619031000002,0.002811969463936683,0.0007577557258674124,6.486367723963891e-07,2.2969079158706787e-06,11.754273318456425,0.7481868545510576,10.924016579701311,11.686563506922425,13.479939802433265,3.0130361724282437,0.4559359959843967,11.665,concentrated,6.184331855202961,11.1640329640657,12.174191550470137,1.0101585864044367,0.7283821793771752,0.24287532351007557,0.3791010067930815
6393A559F038B561B487F5EC22B3FE462759EA6CB0147AC034AF6E018AB6CD50,C,2,"[4.0, 6.0, 8.0]",True,0.0001,stationary,82.59638969999651,0.00272697882321417,0.0006729475145712671,7.65509518323155e-07,3.713705454743907e-08,11.753418594902827,0.7869927354209169,10.9009717890885,11.676139854529305,13.55632720158686,3.031837231781364,0.4531614953028513,11.655000000000001,concentrated,6.218671731914973,11.160164387831516,12.1576202766617,0.9974558888301832,0.7233133195140775,0.24382208931808977,0.38744683706984206
D0B56BC3CEDC6BD2F1895D8881020AF1C750785BD4C3DB5F9BCBE1F0A9A3AD86,H1,2,"[0.0, 6.0, 8.0]",False,0.0,stationary,9.233379699999205,0.00984734263981949,0.009583567365916599,2.616053223290908e-06,0.0,11.688140218120978,0.0,11.688140218120978,11.688140218120978,11.688140218120978,2.893585963002684,0.0,11.688140218120978,delta,,,,,,,
9D760FF89D9CB30DF4E099E8C4830EF8D0FF2D4C754ED769533BD4FB8FDE96F9,H1,1,"[0.0, 6.0, 8.0]",False,0.0,stationary,9.329660799998237,0.009830827555253678,0.00956913415609153,9.880203225032255e-06,0.0,11.688360962944365,0.0,11.688360962944365,11.688360962944365,11.688360962944365,2.856258969004638,0.0,11.688360962944365,delta,,,,,,,
1BEF87DF2E04144262FFA7A44A54A28AECC16B0E130C97F3A77405B50671EFE3,H1,0,"[0.0, 6.0, 8.0]",False,0.0,iteration_limit,9.473163999999088,0.009828688113159494,0.009566114386016343,2.2227463820664313e-05,0.0,11.687922242336706,0.0,11.687922242336706,11.687922242336706,11.687922242336706,2.8537523961915294,0.0,11.687922242336706,delta,,,,,,,
6C13D0CA2841CB31DCCCCB5365E42D947CF2E106F466C0FB87270DF74AB5433E,G1,0,"[0.0, 6.0, 8.0]",False,0.0,stationary,20.392195000000356,0.009832561637100947,0.009572765939356189,7.224094441556904e-06,0.0,11.688378173878043,0.050229731537136495,11.605690024798122,11.688378492831749,11.771067607003978,2.8465061535576135,0.0,11.69,concentrated,55.56750115647288,11.62920280320668,11.747561766180404,0.1183589629737245,0.7608856518244335,0.9945984123193334,0.0026737086938960104
8CD7CA37DF4AB57690BD57204E5DDC7D5F94014B18369D22D2553A52661C17B6,G1,2,"[0.0, 6.0, 8.0]",False,0.0,stationary,20.444737000001624,0.009844459710712811,0.009581780480114108,3.4523360206779505e-06,0.0,11.689038118845252,0.0500000003826265,11.606727432106654,11.689038518200693,11.771349954692363,2.874056611796719,0.0,11.69,concentrated,55.84158477451139,11.630157653399134,11.747935808556834,0.11777815515769952,0.7607255355572686,0.9948012283822107,0.0024671848330910335
6CB5DF31AF100E69A77387DEB55218F30AA4EDAE893B535849F349F4A727BCC4,G1,1,"[0.0, 6.0, 8.0]",False,0.0,iteration_limit,21.023476400001528,0.00983244762390343,0.009572900698351922,1.1561895059312806e-05,0.0,11.688080641216185,0.05018423919638541,11.605467135391738,11.688080869282171,11.770695243558826,2.8455970213486927,0.0,11.69,concentrated,55.60618799711117,11.62894716819738,11.747219844720096,0.11827267652271622,0.760967788634724,0.9946402541839956,0.0027019062006998417
9226CAF6A34988F555749AB136F4B01CD9AB35F25A7F842F04B4C8C5DD4519A5,C,0,"[0.0, 6.0, 8.0]",True,0.0001,stationary,84.4117053000009,0.0026355706976201798,0.0006612774520697498,7.782586756570207e-09,1.4261313414686352e-06,11.78745309567776,0.8722349229384345,10.787375569993047,11.695722013205396,13.6903420983492,3.0057898342417144,0.4587612949134372,11.675,concentrated,6.027574564554297,11.176170398050719,12.17702432388943,1.0008539258387117,0.7034532027218966,0.23679688292579462,0.37452571706588045
D557B4CD0993163E996418F20B148E17D2D2D44051F4DA2F02F0E1765FCFBC36,C,1,"[0.0, 6.0, 8.0]",True,0.0001,stationary,87.98110779999843,0.0026628378391487907,0.0007236398401914352,2.1461805552067013e-07,2.2349768332785916e-07,11.787851804030291,0.8553760418816166,10.828783921925163,11.698951406329254,13.655952898775894,3.031574365871573,0.45839939013114894,11.675,concentrated,6.026566922280438,11.176625374757965,12.181657380959386,1.0050320062014215,0.70622333612653,0.2368228157769831,0.37183633536134003
E86DC9A2079167857824E9BEB15E3E8BC49999EF48063487EFB630EE13F7AC22,C,2,"[0.0, 6.0, 8.0]",True,0.0001,stationary,81.85347729999921,0.01660672508368659,0.015278833739523014,1.4791665534867097e-06,1.185254559616343e-07,11.932852153789712,1.1052101628419102,10.392179138839552,11.74546899264009,14.032053858242726,2.9030494827706423,-0.9999938639215582,11.7,concentrated,4.924600767090993,11.137591828176834,12.255605377651143,1.118013549474309,0.6411557394823509,0.19412257736444685,0.36299594918084443
64AB031D83900CFF187A08393519FC7BFDDD22E8505037B272A9108A30D0378F,H1,2,"[0.0, 4.0, 8.0]",False,0.0,iteration_limit,8.286113099999056,0.012791174589705715,0.012537826878579041,0.00015354567345709897,0.0,11.708812881683782,0.0,11.708812881683782,11.708812881683782,11.708812881683782,2.9653004839297403,0.0,11.708812881683782,delta,,,,,,,
716CC1F530D9C4CE45347DDB3ADFD2B986555BC07AC81450F728FCB867C2F095,H1,0,"[0.0, 4.0, 8.0]",False,0.0,iteration_limit,8.37665769999876,0.012756914062329181,0.012500570252529453,0.00018758337890892904,0.0,11.708376332674115,0.0,11.708376332674115,11.708376332674115,11.708376332674115,2.9550957733996364,0.0,11.708376332674115,delta,,,,,,,
C0BDF5366B60AEEBCCD77DF745EA325BA015CFC26631558AC8D8E698F625A399,H1,1,"[0.0, 4.0, 8.0]",False,0.0,iteration_limit,9.33213969999997,0.01274388744082905,0.012487602443477108,1.3884619110608967e-05,0.0,11.707104687728505,0.0,11.707104687728505,11.707104687728505,11.707104687728505,2.9600565741586196,0.0,11.707104687728505,delta,,,,,,,
1A0CD622678B0F05529B1430A935256B1D7D2F0D7DF04263F136269EEEB4F72B,G1,0,"[0.0, 4.0, 8.0]",False,0.0,iteration_limit,20.042268799999874,0.012745256439563443,0.012489051137310778,1.5035422278597009e-05,0.0,11.706064853138997,0.05,11.62375299433785,11.706064451079254,11.788375490711866,2.9459887801525175,0.0,11.705,concentrated,55.83925445771895,11.647165004871834,11.764945718455936,0.1177807135841018,0.7607355689318973,0.9918058797824256,0.0008121008148969466
714A86A7B4A35D50C99FDFD8560AFD1E2A5D02BA4A5E6C293DEAE69FF9ACCCB8,G1,2,"[0.0, 4.0, 8.0]",False,0.0,iteration_limit,20.423427400000946,0.012746119136569539,0.012489125043070443,2.0580757621360406e-05,0.0,11.70591500488272,0.05000143299417599,11.623600828854496,11.705914608922491,11.788228068919702,2.9477382718006377,0.0,11.705,concentrated,55.84096795504246,11.647016580167373,11.764797000150523,0.11778041998315025,0.760721204542778,0.9918567758715662,0.0008207199803654117
0B8E9885A83CA22D84534F620796376413ABBD54EC2FA6F64B94C27675AE739E,G1,1,"[0.0, 4.0, 8.0]",False,0.0,iteration_limit,23.164779099999578,0.012747833302293801,0.012490019470332429,1.5581818345759194e-05,0.0,11.705952134195636,0.050271948133139975,11.62319355351685,11.705951739742305,11.788709614140432,2.9513337149703283,0.0,11.705,concentrated,55.53982377314567,11.646736205468196,11.76515326850179,0.11841706303359345,0.7607228546789374,0.9915245138080545,0.000867312925324758
DEB22EA1DACFC7D03DC7564E080C38CF8B85F4FF6604135E5C1857275EC31F51,C,0,"[0.0, 4.0, 8.0]",True,0.0001,stationary,76.92293839999911,0.0025249264842242885,0.0006582495353644575,1.3335223467605132e-07,2.2903944194539727e-06,11.789242177776996,0.8679046984665423,10.772067613803305,11.701456120469265,13.68162003448284,3.035297314014235,0.4573402265973494,11.68,concentrated,5.979050022244029,11.178379180570387,12.187087348892021,1.0087081683216343,0.7032241825061574,0.23502546419033507,0.37081430243294433
73BCEF80134F971A2426E8C1C279EA7AEE71880B47416AB29D141E6757F936E5,C,1,"[0.0, 4.0, 8.0]",True,0.0001,stationary,78.45193819999986,0.0025559760292356358,0.0007172898180747601,7.097518227274111e-09,6.370394425555051e-08,11.792515425197541,0.8568709282248885,10.83250443746228,11.702654746041347,13.663241062805117,3.05690285061397,0.4573995110501248,11.68,concentrated,5.98078140240362,11.175817378651013,12.188046576581959,1.012229197930946,0.7058441050043648,0.23511027542885124,0.3697153708253112
D4F773B7D2E24DEEF1B157A543EF8203581F1CC47BFF31BA8C2BE82381411D46,C,2,"[0.0, 4.0, 8.0]",True,0.0001,stationary,75.81086159999904,0.023992096707670583,0.022573915292334778,4.29236687836505e-07,9.101156182734355e-07,12.139959236417635,1.3180160650928243,10.11604079969053,11.7971973346388,14.532735241843245,2.1224489540737483,-0.9623968550482912,11.67,concentrated,4.650163032735698,11.147973968647204,12.201438990760433,1.0534650221132296,0.5716272172972864,0.18293997013151334,0.3366186106565832
2B886CC752C2F605EE2A63E86A6589D3910787AD3B2445202EE2079D10C48BC0,H1,0,"[0.0, 4.0, 6.0]",False,0.0,iteration_limit,8.689071299999341,0.006954268211541482,0.0067290297165687124,5.898272176530539e-05,0.0,11.665275601460358,0.0,11.665275601460358,11.665275601460358,11.665275601460358,2.854114780636029,0.0,11.665275601460358,delta,,,,,,,
F778B981D85EEA2CC2379F64DE4C86282982771A320FBFC31769154F6D75644D,H1,2,"[0.0, 4.0, 6.0]",False,0.0,iteration_limit,8.811598799999047,0.0069599874299847405,0.0067319548533871666,2.1312607280930294e-05,0.0,11.664207463373218,0.0,11.664207463373218,11.664207463373218,11.664207463373218,2.8577976670858094,0.0,11.664207463373218,delta,,,,,,,
83370E819CFF113B6CA234F5C4F2F97F0B49C2DD2946E47853BC7C7C488AAACF,H1,1,"[0.0, 4.0, 6.0]",False,0.0,iteration_limit,9.09186530000079,0.006944146436775555,0.006726682109951169,1.6009459264100825e-05,0.0,11.66368973181402,0.0,11.66368973181402,11.66368973181402,11.66368973181402,2.8173880302831167,0.0,11.66368973181402,delta,,,,,,,
213E608EE7F829096737E954BCDC660549EA6A424ABE6415FE3C6ED31639ACD8,G1,0,"[0.0, 4.0, 6.0]",False,0.0,iteration_limit,19.04940010000064,0.0069517016613100694,0.00673349515846452,5.663861927569798e-05,0.0,11.663335615382762,0.058207733341836404,11.567533547452589,11.663335844194886,11.759137182150909,2.8811624252315626,0.0,11.665,concentrated,47.95676466263459,11.594777670161955,11.731907398725953,0.1371297285639983,0.7608879783643172,0.9734777767791184,0.02418323952591882
688EE99F2C23E9D4726E31C437B73F834BED979F381D8913AB788792C041B112,G1,2,"[0.0, 4.0, 6.0]",False,0.0,iteration_limit,18.204537500001607,0.0069500614418580246,0.006738447217030995,6.422596067603326e-05,0.0,11.66271185904744,0.05693878812888419,11.568995192307913,11.662711926836451,11.756428475660428,2.8849113251374403,0.0,11.665,concentrated,49.00599512172522,11.595625485472834,11.729793666158002,0.1341681806851689,0.760973515820876,0.9757797587776798,0.02236816320381825
780F75B1F82660DA6D99CBE77D0D7A4D5F6EA944B5BB2794FCE55E262C59CEEA,G1,1,"[0.0, 4.0, 6.0]",False,0.0,iteration_limit,20.579966199999035,0.006937460745967542,0.0067268052756619965,3.841137878956198e-05,0.0,11.663962399513306,0.05910325137944597,11.566688612165583,11.663962686955665,11.761237039607341,2.828633221359832,0.0,11.665,concentrated,47.242166663465795,11.594357347444031,11.73357220736009,0.1392148599160592,0.7608140866382267,0.9719400494558376,0.025299928741124654
123A2E8D4FBA8A936CB11C6BFE83E5787F488794B69D7B805A57BF8B775AA2C0,C,0,"[0.0, 4.0, 6.0]",True,0.0001,stationary,77.85854599999948,0.002474488488263403,0.0007082679806477476,6.745222757710019e-09,7.271190226891197e-07,11.798186404563587,0.8347269707867947,10.916473336958113,11.70947099970956,13.622920375925915,3.1554863824265147,0.46519449264290436,11.685,concentrated,6.007354154626509,11.174358996280704,12.196658993207398,1.0222999969266944,0.7160199787652217,0.23626671173985433,0.36341235025079477
1C0003724D5B7BCDB2647E0756985C64CAE7958D5503D9A143275E4E7ADED585,C,1,"[0.0, 4.0, 6.0]",True,0.0001,stationary,69.40896179999982,0.0026106465365124537,0.0006676826425132116,1.6484368559907435e-08,1.1098947491536802e-06,11.740405435070134,0.7576748069133495,10.902424900076507,11.68889360642631,13.359712804513261,3.01440325161364,0.47122019111357316,11.67,concentrated,6.109781900109525,11.162808978353285,12.189593911394299,1.0267849330410144,0.7314498761521752,0.2402084156225456,0.37866327409335926
4B3773B2AF20214A5DB4DC85FB4C5A8343D0E00F6096BE7BA2FE3EE4DAB46510,C,2,"[0.0, 4.0, 6.0]",True,0.0001,stationary,71.7559739999997,0.0024277450857945236,0.0006291806421027846,3.286810615897481e-08,4.8483216608975754e-08,11.796295192257785,0.8415602604984119,10.91605827053472,11.702166755659256,13.646366201795779,3.1153263362851007,0.4653073512826058,11.675,concentrated,6.033891018300155,11.168680049570979,12.186720982355245,1.0180409327842668,0.7162173863152739,0.23719831496717225,0.36885083562575255
22673670F3CE2C74D9B9D74ECB736A75B87374DC879510BD01078129FD935924,C,2,"[0.0, 4.0, 6.0, 8.0]",True,0.0001,stationary,38.059085400000185,0.007816873889462696,0.004484113901365119,0.0,1.02366630996744e-06,11.783198239094707,0.6577955264302374,11.090950104001838,11.682946433164973,13.657599053177572,2.9785358145809564,0.4547169901889341,11.655000000000001,concentrated,7.188172728670892,11.211742040487497,12.100037878979105,0.888295838491608,0.7450306715660006,0.28034653965421635,0.36311150603750675
7088177ACECE567AB57E80B6E390EF40282A06DF1BDAAB4CDD1F44A2DD055663,C,0,"[0.0, 4.0, 6.0, 8.0]",True,0.0001,stationary,40.17667459999939,0.007816873893455627,0.004484127352070749,0.0,4.3609583790481243e-08,11.783199683178248,0.6577964906531926,11.090950442214686,11.682946851719384,13.657601598024845,2.9785358145809564,0.4547169901889341,11.655000000000001,concentrated,7.18816690101482,11.211741959474423,12.100037999922144,0.8882960404477203,0.7450301629597776,0.2803463053648855,0.3631111878683145
62F07E520217230F3AD486BE02596A95F2440EFB900EC0C5DC8E4601B65EA821,C,1,"[0.0, 4.0, 6.0, 8.0]",True,0.0001,stationary,40.70812189999924,0.007816873891918135,0.004484128778752468,0.0,7.203427578473393e-08,11.783200022499532,0.657796814007551,11.09095053306967,11.682946929289331,13.657602806727118,2.9785358145809564,0.4547169901889341,11.655000000000001,concentrated,7.188165665969521,11.211741907267628,12.100038022662787,0.8882961153951587,0.745030099335128,0.2803462585455936,0.3631111317178865
9ED93554714D542A0077A4DBE33EF112CD09586B2B41793EDF7AA6764CB128CE,H1,1,"[4.0, 6.0, 8.0]",False,0.0,stationary,9.763866400000552,0.005750457212452392,0.005686985562016969,2.2950980676950895e-07,0.0,11.669152421349152,0.0,11.669152421349152,11.669152421349152,11.669152421349152,2.9613786787889413,0.0,11.669152421349152,delta,,,,,,,
14CFA7DC9E89B5736826FB0571A107F458D87CF39A67DF1D1A3F10BBDEB877BC,H1,0,"[4.0, 6.0, 8.0]",False,0.0,stationary,9.822719699997833,0.005750799251900384,0.005687267635074098,7.44711969345725e-08,0.0,11.669170062021538,0.0,11.669170062021538,11.669170062021538,11.669170062021538,2.9649942268570957,0.0,11.669170062021538,delta,,,,,,,
C07F96483D4989A467AEE0F745AD14C043DFBF911C5D9EB0DE70F8D8F94E0326,H1,2,"[4.0, 6.0, 8.0]",False,0.0,stationary,10.651745299997856,0.005768751795286588,0.005701502776230457,2.1594701527853444e-06,0.0,11.667057987893811,0.0,11.667057987893811,11.667057987893811,11.667057987893811,2.966785762180623,0.0,11.667057987893811,delta,,,,,,,
B90D83359B2A198B01B51F5BD9F63742295C6234096955636352EC3603CCF22B,G1,0,"[4.0, 6.0, 8.0]",False,0.0,stationary,20.868007500001113,0.005738118502653337,0.005680020664793717,6.216479506558481e-08,0.0,11.668494102225376,0.09579396670258153,11.510891462247036,11.668494197316997,11.826097110788545,3.0333705000362654,0.0,11.67,concentrated,29.148505085479936,11.555690495347093,11.781301513801576,0.22561101845448306,0.760931156814557,0.8471432479000136,0.10494617181824879
37BA57B6E741E8E5BD74386F56453DF5DCB1B6BB22D4F9B2CB2B0EAB39B07EC4,G1,2,"[4.0, 6.0, 8.0]",False,0.0,stationary,20.441513300000224,0.005738420379596653,0.005673180420953392,9.955893567301966e-08,0.0,11.668791513665408,0.11154288862692198,11.48528913755405,11.668791592985981,11.852293986258793,3.0739294735010003,0.0,11.67,concentrated,25.034604199520256,11.537445063309171,11.800129782015917,0.2626847187067458,0.7609275235028427,0.7831453636329827,0.14016971645443219
5935C7AC1E0064FD1D0F2CA0D385DD38CAA0795CEBFC2D1B69FF215B14FFF4E0,G1,1,"[4.0, 6.0, 8.0]",False,0.0,stationary,21.06828089999908,0.005738420337083217,0.00567317417282453,6.423088651115779e-08,0.0,11.668793080454599,0.1115348533718514,11.485303921777621,11.668793159812616,11.852282340077814,3.073878303524967,0.0,11.67,concentrated,25.03641135269315,11.537456099655229,11.800121814819786,0.26266571516455706,0.760927368468897,0.7831785910544962,0.14014926964572297
704DA41C53F497E7EA572CCEE57BCA87D6467BB794E047E87E477F2A48772F7F,C,0,"[4.0, 6.0, 8.0]",True,0.0001,stationary,82.37113659999886,0.0029356651108369755,0.000987288058152564,5.528206388966391e-08,1.2607918002914553e-06,11.81324386469157,0.7790731852305675,10.933544869410746,11.728356455863818,13.646338221900763,2.9758355554340703,0.45298149446062297,11.7,concentrated,6.001581764085799,11.19325771831748,12.210373094590718,1.0171153762732388,0.711729242794956,0.23595340221370806,0.34804680617438066
4B02DBEA52658B474D06AA5736C78C0C901C2C96A35460CB2224A763B8903177,C,1,"[4.0, 6.0, 8.0]",True,0.0001,stationary,76.70788179999727,0.002752628840894298,0.0007632357963023325,8.057438379138753e-07,3.5266562604724036e-07,11.766079282111985,0.7137145613300777,10.942292766975479,11.704425073192843,13.491753196155877,3.0241770834294384,0.4565232814687228,11.685,concentrated,6.128518180826538,11.175501403856597,12.19546013758385,1.019958733727254,0.7287378677353069,0.2410114166394075,0.3650829229998679
FB2B587F1C3E098B2D149FF09628F854B61542466CB8865792450A624767D752,C,2,"[4.0, 6.0, 8.0]",True,0.0001,stationary,73.35124799999903,0.002655473372034472,0.0006681809086467971,9.317714233140708e-09,6.892824973132004e-07,11.761446330757206,0.7427481479270667,10.919461137742454,11.697291238633984,13.534494407476938,3.039722169917389,0.45357049353269585,11.68,concentrated,6.171687913126032,11.176780485417423,12.18357614010696,1.0067956546895367,0.7244613158596047,0.24256662449042507,0.37028097515802705
477E20802E70A98F4203C322BCBB9B8A8274FC97A42DE3728B24103D72D41D0B,H1,0,"[0.0, 6.0, 8.0]",False,0.0,iteration_limit,8.796958499999164,0.009950778403810213,0.009676816827637862,4.153569479660588e-05,0.0,11.702234281750643,0.0,11.702234281750643,11.702234281750643,11.702234281750643,2.8974171788360006,0.0,11.702234281750643,delta,,,,,,,
164699B342DDFB235785EBF1A318387DEA3DAF7FB5818CD6F839498F0DEE32AC,H1,1,"[0.0, 6.0, 8.0]",False,0.0,stationary,9.008466899998893,0.009944944115974633,0.009670440209770828,9.960515850843127e-06,0.0,11.70261139831631,0.0,11.70261139831631,11.70261139831631,11.70261139831631,2.891340250812237,0.0,11.70261139831631,delta,,,,,,,
858BABD51EF42D9BD7957A041B46E6FB8549BB1404F4D64714688587617348CE,H1,2,"[0.0, 6.0, 8.0]",False,0.0,stationary,9.396054699998786,0.009942224191958098,0.00967014030413851,3.0549482216879242e-06,0.0,11.70291544593553,0.0,11.70291544593553,11.70291544593553,11.70291544593553,2.8973844625378047,0.0,11.70291544593553,delta,,,,,,,
6401EE228F7370641FC93B6DB4575D4C0E8602A5D1CBAB844321549273D1911F,G1,0,"[0.0, 6.0, 8.0]",False,0.0,stationary,19.836825399997906,0.009942900160106287,0.009669982011277497,1.2293557387734654e-06,0.0,11.703945592216007,0.050035686195459964,11.621576324628517,11.703945993712185,11.786316084957392,2.8890100173394053,0.0,11.705,concentrated,55.79969380357752,11.645023322248628,11.762887059009389,0.11786373676076067,0.7607319710276769,0.9924618005103099,0.0009450991952588809
F8E29D7C0894E27560E21819A519F0C6EAA008DA61BC61617C32AD266FD3188E,G1,2,"[0.0, 6.0, 8.0]",False,0.0,iteration_limit,18.859497599998576,0.009949911050166719,0.009674162179389547,3.3752928234407285e-05,0.0,11.703166869521358,0.05066096315447188,11.619769098602802,11.703167121841204,11.786564909312533,2.8837639015977943,0.0,11.705,concentrated,55.087156094272416,11.643471686257687,11.762863161457247,0.11939147519955995,0.7609570222239291,0.991989288307474,0.0011316100200069084
DAB23C56D5F798D88F61FDDED65ECD7EAAD595A9B42E73AB69CCC19AD6251BD2,G1,1,"[0.0, 6.0, 8.0]",False,0.0,iteration_limit,19.485026700000162,0.009945799030023243,0.009670943117735264,2.7122938816022822e-05,0.0,11.704327970182922,0.052062601555416324,11.61862622583877,11.70432829774284,11.79002917217441,2.8847784102782827,0.0,11.705,concentrated,53.634725097452296,11.643005762446057,11.765640482101146,0.12263471965508899,0.7607469919411394,0.9898469013199505,0.0013788122170906368
53FECDDB162467D269ABC7789C403A082178E04AD4473B357F1E22F969F88CFD,C,0,"[0.0, 6.0, 8.0]",True,0.0001,stationary,81.10045890000038,0.0026400239673923364,0.000696194225257777,8.834364671675093e-09,4.1836839275583015e-07,11.765603624968689,0.792707822888814,10.886450329734814,11.685267141756471,13.622377607345939,3.027026731622808,0.46034633807195835,11.665,concentrated,6.111040424941029,11.162531031150932,12.168196049316183,1.0056650181652511,0.7165747270370831,0.23986904528404346,0.38157735428113915
E415ACE974C8B3CB8E66CC6EC0694CA6ED1D09C465A8D77303DA71B2BC805993,C,1,"[0.0, 6.0, 8.0]",True,0.0001,stationary,81.06436340000073,0.0026802600565591283,0.0007575299871089004,8.376364432415176e-07,9.165417196987241e-08,11.759496595933921,0.7605109754770529,10.899528444309606,11.690669497196277,13.547796689758128,3.09541921044487,0.4599027742424229,11.67,concentrated,6.119850098099393,11.167301783903206,12.177893775197498,1.0105919912942927,0.7210425848040016,0.24042244922805472,0.37687975403132445
18B0E2356D38ABF0C15ABF69A9E1D6D671AAA53D2BB9FA4445AEA863704CEC4A,C,2,"[0.0, 6.0, 8.0]",True,0.0001,stationary,75.83338269999877,0.017374416957494712,0.01608295081989568,1.6032125686246607e-08,2.2924732345731488e-07,11.94079534673611,1.0896300101909109,10.652091865764543,11.733381257116982,14.0546011350906,2.9273504843937697,-0.993747823569873,11.675,concentrated,4.965598005221745,11.109781955001962,12.234402975450344,1.124621020448382,0.6503364249512715,0.1957415838523502,0.3698120529156255
30BBBDE77B65623851192AC09F14A181EC21E4F2969A039B7638810B4C5845F9,H1,0,"[0.0, 4.0, 8.0]",False,0.0,stationary,9.004587399998854,0.012683327726065587,0.012401653192713925,9.838454281963734e-07,0.0,11.748216332122444,0.0,11.748216332122444,11.748216332122444,11.748216332122444,2.959934016729653,0.0,11.748216332122444,delta,,,,,,,
0C1D13200D2D794C05061410C06CDB47E191D4E3F1B3BF126ACF8E695030D21C,H1,1,"[0.0, 4.0, 8.0]",False,0.0,iteration_limit,9.109286700000666,0.012668715243409543,0.012390843550491347,1.7278201640362335e-05,0.0,11.74946345869737,0.0,11.74946345869737,11.74946345869737,11.74946345869737,2.9632623775725984,0.0,11.74946345869737,delta,,,,,,,
0D24AC4D40AFFDE3987F541F869D40F20FC6C8748BEF009E60006B60D90DD74E,H1,2,"[0.0, 4.0, 8.0]",False,0.0,iteration_limit,9.413031399999454,0.012682971684702246,0.012397003723153019,1.0403527653693208e-05,0.0,11.748302885470924,0.0,11.748302885470924,11.748302885470924,11.748302885470924,2.957886559152746,0.0,11.748302885470924,delta,,,,,,,
5FBC9867A5C775AC335E0C1B572BC203779252E410975974539DB4FD8F461339,G1,0,"[0.0, 4.0, 8.0]",False,0.0,iteration_limit,19.66125590000229,0.01269288505672149,0.012405559242960825,4.2808600096040663e-05,0.0,11.74411437219564,0.05158413432410442,11.659198998937274,11.744114741522113,11.829028490331114,2.9534515259173744,0.0,11.745000000000001,concentrated,54.12874433915782,11.683353726445514,11.804858354347445,0.12150462790193117,0.7607288473893608,0.9479827618900548,7.474453885121585e-05
4EF626BAE4F89A1262F717601210FEA448EBA726A76A2EC8B271CCA5D4716E55,G1,1,"[0.0, 4.0, 8.0]",False,0.0,iteration_limit,20.582927300001757,0.012688926316177055,0.012405204705789754,1.940855414988435e-05,0.0,11.748221526483755,0.05151118691101863,11.663426130051807,11.748221787052865,11.83301605080741,2.9400746758375442,0.0,11.75,concentrated,54.18108530881936,11.687525676673864,11.80890974983937,0.1213840731655047,0.7609272998321861,0.9392480659377273,5.2888198159387403e-05
9EA45227950D227F1952F6CDA89770021413166C31BBCBEFA5CABD0D1C582FB6,G1,2,"[0.0, 4.0, 8.0]",False,0.0,stationary,23.795496899998398,0.012687286258926999,0.012404339151688067,2.0598606883715748e-07,0.0,11.747251103889953,0.050000495609434155,11.66493900571253,11.747251000805688,11.829562647291556,2.9489806642573857,0.0,11.745000000000001,concentrated,55.79479043294084,11.688317630425157,11.806181329903206,0.11786369947804864,0.7610605146594699,0.9468145014870613,3.526567728810277e-05
560BBC80346FCF66B43C63424EB4F2407DD8448F89F7DFB741F9F55C3EE5BD35,C,0,"[0.0, 4.0, 8.0]",True,0.0001,stationary,83.00517470000341,0.002491824441305437,0.0006764652379935945,1.1145633784386752e-06,4.735921965851389e-07,11.780543802964626,0.789164477322437,10.887196620072073,11.709101076007538,13.587205165719533,3.067871528998158,0.45801973069212787,11.685,concentrated,6.020122075321128,11.180315143342662,12.200384025867235,1.0200688825245727,0.7159455218893865,0.23676622226034508,0.36361965965289605
64FDDD1168F7950E5D549E4DEF0C8D74CBFF93C76791B1FD7406BB1565C8CCFD,C,1,"[0.0, 4.0, 8.0]",True,0.0001,stationary,80.28494610000052,0.0026528085560907667,0.0007848118999139791,4.643434392734469e-10,1.6636772064149152e-08,11.76278160791489,0.7510829903289729,10.89889386538006,11.706252026827725,13.476640564791044,3.05180967611641,0.46165635121381765,11.685,concentrated,6.0210567401099455,11.174809920245071,12.205340808886849,1.0305308886417777,0.7233520143344773,0.23687310234727904,0.36597484903447813
FAAD7B0B856EE9495F3416B7B27D5ECFDD9BE751EB4E0ADEF4E4C613F0DBF2B9,C,2,"[0.0, 4.0, 8.0]",True,0.0001,stationary,76.93705709999995,0.002492395372406974,0.0006774195511265557,6.067714741844538e-07,6.730117147694253e-07,11.781216959436785,0.7908998712983241,10.88927589482814,11.708509047311335,13.59079396771276,3.0671561375575376,0.4579736954442555,11.685,concentrated,6.02085224014507,11.179403861137173,12.199429674064074,1.0200258129269013,0.7159960448897322,0.23679152171791296,0.36407853986718375
685E8215887BC5348CFA6C00E9BFF429298565CF5D27D121D8A9C5A0E75ED068,H1,1,"[0.0, 4.0, 6.0]",False,0.0,iteration_limit,8.919478399999207,0.006992757104390506,0.006775988718000935,1.3097657307680335e-05,0.0,11.683216060564568,0.0,11.683216060564568,11.683216060564568,11.683216060564568,2.828079040466198,0.0,11.683216060564568,delta,,,,,,,
B9FBFA02A9E1695B90CCF6CB8F751BE5D802BDACBD33001C4B40DA54755336DA,H1,0,"[0.0, 4.0, 6.0]",False,0.0,iteration_limit,9.252285300000949,0.006943753590608482,0.00674840054545818,1.2410794732514017e-05,0.0,11.688053853514088,0.0,11.688053853514088,11.688053853514088,11.688053853514088,2.8791879270053053,0.0,11.688053853514088,delta,,,,,,,
F5D2A52B7670DB5255D1B3AC6DD699122E310FB30BA376A8ABE452C220DA5EE7,H1,2,"[0.0, 4.0, 6.0]",False,0.0,iteration_limit,9.526335599999584,0.00693667995252503,0.006728386875149692,3.070736275555305e-05,0.0,11.692996803115124,0.0,11.692996803115124,11.692996803115124,11.692996803115124,2.864498078909698,0.0,11.692996803115124,delta,,,,,,,
705F2A9ECF83B4F7A4D7495B407AFE0A78F773E51606C698D88B932D937BCE6E,G1,0,"[0.0, 4.0, 6.0]",False,0.0,iteration_limit,19.019128199997795,0.006981818619972024,0.006773964551521068,0.00013311334804448372,0.0,11.685172666723048,0.07778933770492859,11.55717664324311,11.685172613271963,11.813168601665668,2.9322168532961705,0.0,11.685,concentrated,35.89938114574301,11.593571317226273,11.776775214861102,0.18320389763482936,0.76086774577205,0.9274931754798742,0.039354905124416285
61980CFABC5B41A3A631430D63B3D6D29B9CEFBDBDEBD11856F110DFDD934074,G1,1,"[0.0, 4.0, 6.0]",False,0.0,iteration_limit,20.603827899998578,0.006977279361583054,0.006784127837250227,3.415015567546923e-05,0.0,11.683711177263081,0.05781599307384482,11.588552618414237,11.683711466795303,11.778868765946406,2.859468913054628,0.0,11.685,concentrated,48.28944459668497,11.61561898898075,11.75181355567905,0.13619456669830043,0.760842207154889,0.9840583646645049,0.009649920319053
4A43D20FB89EB7BC899A3461E3D4A6694E263BE56A5A857235350702F0775CCB,G1,2,"[0.0, 4.0, 6.0]",False,0.0,stationary,20.354373099999066,0.0069342428751617505,0.006742358076302597,8.980131976665421e-06,0.0,11.68979202095455,0.06621847651675508,11.58082095391487,11.689792107832417,11.798763078130749,2.885415382358089,0.0,11.69,concentrated,42.17225064328865,11.611811626598342,11.767773688260162,0.15596206166181936,0.7608340962322908,0.9651822096528514,0.016384603503459775
7FE1BA5D17A23FABA36AC0C22F4300B82DF257C4D6056902DDC0E6FB54A5F0EF,C,0,"[0.0, 4.0, 6.0]",True,0.0001,stationary,91.0207599000023,0.0040532361789305,0.002866311080898252,3.9126366162289296e-09,1.8765140139735768e-06,12.352253349819282,1.1334994798378382,10.023161358680941,12.352155479146994,14.433473600454496,3.279427175275015,0.4346620422335885,12.305,concentrated,4.683102498156673,11.78146787049389,12.875222383595656,1.093754513101766,0.5971725718498286,0.06858064087745235,0.1297683832603284
9595EBC776A55D025F2502E07E99E371E1DA0F8779155F26860F94D5A6A882F0,C,1,"[0.0, 4.0, 6.0]",True,0.0001,stationary,88.65773999999874,0.0024761494082128003,0.0007377571335640042,8.469528308256393e-07,2.0331732428604046e-07,11.784427866229096,0.7707450687529053,10.928789198049014,11.705048173018973,13.58908014694296,3.1183152769403297,0.4650641409706844,11.675,concentrated,6.014821584055484,11.167182903904989,12.190751320648694,1.0235684167437054,0.7177703243864475,0.23649953453479425,0.3668081269929257
3721B4D9CCA58FD4A5C335FE576BEDB94F90F84D600B6A43E2D265CD1E4ABDF8,C,2,"[0.0, 4.0, 6.0]",True,0.0001,stationary,86.78395730000193,0.003965463290758411,0.0027405883936588863,6.762504796471097e-10,3.8585836090090225e-08,12.331806612961996,1.1478392859758337,9.996084669841984,12.34669513872334,14.444221784359383,3.1995298390853417,0.43778630430287757,12.315,concentrated,4.708763098115737,11.789057961114626,12.876838462194472,1.0877805010798465,0.5973511318497979,0.06683899160789371,0.13545323100384365
61CC55B2DA073A711AE6A6C470BE44D7AE997E4DF2E3A0605836108F41691EFF,C,1,"[0.0, 4.0, 6.0, 8.0]",True,0.0001,stationary,36.48817020000206,0.007813660011006855,0.0044515843245377575,0.0,5.3159572706469593e-08,11.794707755350839,0.6547757680812992,11.104651917120089,11.685762458642046,13.681709107389734,2.9785358145809564,0.4547169901889341,11.655000000000001,concentrated,7.215714027766379,11.212160288092301,12.099565669182674,0.8874053810903728,0.7471401292106642,0.28141097849562946,0.3596972989759467
FDFF3E229720A3AB64F0F7BEED8F2EAA569C000414279CA4CCC9195F6B10E61B,C,0,"[0.0, 4.0, 6.0, 8.0]",True,0.0001,stationary,36.56681759999992,0.007813660007976765,0.004451578781163135,0.0,3.4873615775447495e-06,11.794708177088078,0.6547740331720252,11.104653299858791,11.685762776347163,13.681706212307608,2.9785358145809564,0.4547169901889341,11.655000000000001,concentrated,7.2157183774840865,11.212160488822756,12.099565787676468,0.8874052988537127,0.7471405256909058,0.2814111624458679,0.3596968972060326
D264D1F412413E1727F44369EAB90638076669286BE95C970BF6F4130B880638,C,2,"[0.0, 4.0, 6.0, 8.0]",True,0.0001,stationary,39.68927569999869,0.007813660006384063,0.004451583218121936,0.0,1.7896389098177173e-07,11.794707403953252,0.654775360648919,11.104651854237373,11.685762342744315,13.681708123896144,2.9785358145809564,0.4547169901889341,11.655000000000001,concentrated,7.215715207654201,11.21216025784524,12.099565631064301,0.8874053732190621,0.747140252364987,0.2814110232155033,0.359697393619201
82366C553048FEA74BEE223E958B989A19D30FAE4B6FE134F11C61A62B65703C,H1,2,"[4.0, 6.0, 8.0]",False,0.0,stationary,9.265395500002342,0.00595189415950599,0.0058794337658065535,1.3424968311579125e-06,0.0,11.640701265101768,0.0,11.640701265101768,11.640701265101768,11.640701265101768,2.909304543103166,0.0,11.640701265101768,delta,,,,,,,
6E592928CE713338CE4752F96F394E0FB0A8D8BE5A6B396356D792E8054289F8,H1,1,"[4.0, 6.0, 8.0]",False,0.0,iteration_limit,9.453176099999837,0.005952112023059901,0.0058798119738035235,1.7774679582332367e-05,0.0,11.640759629305396,0.0,11.640759629305396,11.640759629305396,11.640759629305396,2.9106787009553785,0.0,11.640759629305396,delta,,,,,,,
25ECBB7DA424CF534F1E2F28B691BB9194423B7754CB60C8943927ECF1216C5B,H1,0,"[4.0, 6.0, 8.0]",False,0.0,stationary,9.515738000001875,0.0059518311694922105,0.00588086263364028,1.971313319363873e-07,0.0,11.64069083411723,0.0,11.64069083411723,11.64069083411723,11.64069083411723,2.9105946448147395,0.0,11.64069083411723,delta,,,,,,,
AF6224182941283B01937642454B0FC0F46AAE6748A2F1D9BDD0839EED11A314,G1,0,"[4.0, 6.0, 8.0]",False,0.0,iteration_limit,21.71296480000092,0.0059385648400029295,0.005871130036760249,1.911175646633087e-05,0.0,11.64050620219448,0.0942230845582423,11.485486795626157,11.6405061170082,11.795525899275283,2.9755973440472356,0.0,11.64,concentrated,29.63770158441058,11.529562120275832,11.751455868798965,0.22189374852313293,0.7608902236397704,0.8126249142486021,0.16408967380268225
DAE945099A8F388B56A50D970A9704E5D813801DEB94F94FD94697844E241493,G1,2,"[4.0, 6.0, 8.0]",False,0.0,stationary,20.688967600002798,0.005878087421740639,0.0058207738092007685,8.472721517850648e-07,0.0,11.644399531256933,0.11121984586965206,11.461428481928952,11.644399598896547,11.827370724280257,2.9904259757012936,0.0,11.645,concentrated,25.108425940327415,11.51343865603515,11.775354851690635,0.2619161956554841,0.7609130882835332,0.756691661204355,0.19395448615962996
2EB638AEC7599869E57DF5115822C4DC3B07288518B0B5D30ADFEBB3FF7B0C90,G1,1,"[4.0, 6.0, 8.0]",False,0.0,stationary,21.788848000000144,0.005906447934047897,0.00584854407377041,1.8849716902499687e-07,0.0,11.642473935112552,0.09866716208462463,11.480146216031933,11.642473932321051,11.804801638923994,2.978640773728463,0.0,11.64,concentrated,28.294299884065225,11.526268335821296,11.758679748478551,0.23241141265725496,0.7610052193300034,0.7998732865632376,0.17011643514787905
46281C603BE9D360CC46DDD5D3E28E79A48D78B4895FD9D3A9B943A3A93E82D2,C,0,"[4.0, 6.0, 8.0]",True,0.0001,stationary,85.42052510000212,0.002588116684657577,0.0005771014454889308,6.22059411439125e-07,9.80715858786129e-07,11.775114934415393,0.7960792008049717,10.918170534489274,11.69042158499895,13.594573173042791,2.9959250902668617,0.4613004598040722,11.67,concentrated,6.163216958097604,11.168173776254326,12.171800484003464,1.003626707749138,0.7212580751715276,0.24202747936117017,0.37617134287016507
F78E0E4CB6CAAC4EFC5827AA7A929F9FF6D4820FE9D72F01242609BA4FF626C3,C,1,"[4.0, 6.0, 8.0]",True,0.0001,stationary,75.96079820000159,0.0026366698954209274,0.0006379810909280584,9.15687255503224e-08,6.345494275045854e-07,11.779777387706428,0.7895982912459859,10.93063220787474,11.693602367804582,13.587663335594938,2.969717870528461,0.46101811367102785,11.67,concentrated,6.16993328257302,11.170156765137989,12.173549278368036,1.0033925132300467,0.7218611872703173,0.2423260314008203,0.37329141359611684
7D6660E40C4088368F467CB0BAAD4EF8346B9C4BB7346939CB144CEFB7E517E2,C,2,"[4.0, 6.0, 8.0]",True,0.0001,stationary,73.36795509999865,0.0026366704198692663,0.0006379870803732161,2.7835807310245246e-07,8.882519427939883e-07,11.77981320028616,0.7896188141163304,10.930650466658312,11.69363129882767,13.587689898693043,2.9696717552054555,0.4610164079854482,11.67,concentrated,6.16980406145871,11.170174177693314,12.173580572402136,1.003406394708822,0.7218558928986929,0.24232156535658067,0.37326930119837926
89D2EA45ADE4656763AA6937C454286BAD3C4282962E710CE6AF2415D46903DE,H1,2,"[0.0, 6.0, 8.0]",False,0.0,stationary,9.018182199997682,0.009614836178674887,0.009348690527399093,9.37820950288076e-06,0.0,11.678781574778423,0.0,11.678781574778423,11.678781574778423,11.678781574778423,2.9484787383984727,0.0,11.678781574778423,delta,,,,,,,
B7DDD369C3622BD6F93FF66EB75D2CF248A1AB8CF8B75F73444749540049D078,H1,1,"[0.0, 6.0, 8.0]",False,0.0,stationary,9.15393259999837,0.009607289025232833,0.009340734670159155,6.353845106157766e-06,0.0,11.680230179097222,0.0,11.680230179097222,11.680230179097222,11.680230179097222,2.949388608405857,0.0,11.680230179097222,delta,,,,,,,
42B5DC558A563D196D0764003A39D782F2EDC920EC53A9A1D5FFDABDF875D708,H1,0,"[0.0, 6.0, 8.0]",False,0.0,stationary,9.200212600000668,0.009606877121407455,0.009340810706462232,7.130343571801575e-06,0.0,11.68010701178368,0.0,11.68010701178368,11.68010701178368,11.68010701178368,2.948954408931485,0.0,11.68010701178368,delta,,,,,,,
6088DC383A8EEF2682555AAC27093A1C76E26229C7E4ED77D448F6064C35972F,G1,0,"[0.0, 6.0, 8.0]",False,0.0,stationary,20.758974899999885,0.009602978771486923,0.009336778064604253,7.384903249443003e-06,0.0,11.681418749553862,0.05209659004967714,11.595662279949984,11.681418411151201,11.76717597054921,2.94025501550465,0.0,11.68,concentrated,53.58432485354639,11.620062478969002,11.742793287944457,0.12273080897545441,0.7608097675166138,0.9921926467318228,0.005352326524130089
E2D22FA887E3ED751AC8ABB7B26C80EC23B203945F41FE458EDD5F6786E9CF43,G1,1,"[0.0, 6.0, 8.0]",False,0.0,iteration_limit,20.06629089999842,0.009602542495041349,0.00933681449445546,2.0233116359413022e-05,0.0,11.681310563085248,0.05698426859216173,11.587519659937461,11.681310267168305,11.775101572607383,2.937511907272892,0.0,11.68,concentrated,48.99347789214314,11.614193240981347,11.748431880760862,0.13423863977951456,0.7608451346811317,0.9851124975708699,0.009858420141042098
1E4100977062E6C5FC24234F89646AAF715225C16673A2F4CBDA38268E7B9D26,G1,2,"[0.0, 6.0, 8.0]",False,0.0,iteration_limit,22.922625600000174,0.009603023228058958,0.009336863137417377,1.2407806421777752e-05,0.0,11.681387455625826,0.05035333232798365,11.598494980092372,11.681387087872631,11.76427873327417,2.941027452791167,0.0,11.68,concentrated,55.43895315568271,11.6220654832571,11.74070115701985,0.11863567376274986,0.7608302242984639,0.994049120021408,0.004147935695775076
CD8F7B403ED6028E1635FC111358126974AD971433D8C02854FDE7ACAD89A580,C,0,"[0.0, 6.0, 8.0]",True,0.0001,stationary,88.44381409999914,0.00257212142917025,0.0006415665491900901,9.63887614532724e-07,6.280417181809064e-07,11.777726076927745,0.8370932660380852,10.87869447146348,11.687752838225881,13.634499274451061,3.0413584212481877,0.45323067226689373,11.665,concentrated,6.0867438827862115,11.16412961508552,12.172094708729283,1.0079650936437634,0.7153521032023279,0.2390012366693255,0.37995397586227886
A5E02E6D85E48725EADEC897B3C390CF3378B9F8B9075E5DE523B46761D5B362,C,1,"[0.0, 6.0, 8.0]",True,0.0001,stationary,88.77420030000212,0.002639317904991928,0.0007483302770456763,6.351125742597115e-08,3.9485407764185826e-07,11.771452823172812,0.7992699772591455,10.909833289935714,11.689956706136929,13.548938304020218,3.0762170473898105,0.45344097437618536,11.67,concentrated,6.120233312917557,11.164488309362088,12.177093624059225,1.0126053146971365,0.7225479262562677,0.24041272441095177,0.3774269552890106
392862F410F702EB8CD2C845FA991B5F235E00007134110371DCB6BD2E48E2D6,C,2,"[0.0, 6.0, 8.0]",True,0.0001,stationary,83.17156780000005,0.01699976569131427,0.015730381591832678,5.613283385585531e-08,5.939666560266128e-08,11.892624476026253,1.0860279713856447,10.587079468964127,11.695800046475771,13.996482962193898,2.8447675780014587,-0.992265893561625,11.65,concentrated,4.96947162160229,11.077387408078406,12.210286200382408,1.132898792304001,0.6554481522089131,0.1953827367923194,0.395851312227037
96D2AFBAE1CEA4D3A588D9F6BF8C910E79EB0B428BD10F36619B0BEFAB68C0CB,H1,1,"[0.0, 4.0, 8.0]",False,0.0,iteration_limit,9.056125200000679,0.01257792504113275,0.012306401060149255,1.3774561609564638e-05,0.0,11.699025734768872,0.0,11.699025734768872,11.699025734768872,11.699025734768872,3.083256493993132,0.0,11.699025734768872,delta,,,,,,,
090DEE83768BE80669302C18E2CF80B9B6C07D3E953617B450EC23862F63459E,H1,0,"[0.0, 4.0, 8.0]",False,0.0,stationary,9.622088500000245,0.012566280471575975,0.012311592850851854,4.1389173673279715e-06,0.0,11.694999054764862,0.0,11.694999054764862,11.694999054764862,11.694999054764862,2.9991837605968032,0.0,11.694999054764862,delta,,,,,,,
FE50B0D50B2E7F5BCF963D93DCACBFA57B18C4A3EA55F76185B1AE5BD1D8D652,H1,2,"[0.0, 4.0, 8.0]",False,0.0,stationary,9.757365599998593,0.0125776460844088,0.012320366777640215,2.2690840053427924e-06,0.0,11.700123829902369,0.0,11.700123829902369,11.700123829902369,11.700123829902369,3.003827648422416,0.0,11.700123829902369,delta,,,,,,,
B5E4F7AC596FED9B20C1838F32ABA5C0258F710535B80E97CEE171D858C45413,G1,0,"[0.0, 4.0, 8.0]",False,0.0,iteration_limit,22.382854499999667,0.012561717268007396,0.012300132379147554,1.5073324236343903e-05,0.0,11.69658208941408,0.05000000005432829,11.614270264790187,11.696581757342724,11.778892595626123,3.005023726833274,0.0,11.695,concentrated,55.823966644718084,11.637669645217523,11.755481915953132,0.11781227073560885,0.7608606240605932,0.9941726729570786,0.0015280630626012292
BC0AFB3DAE30C09B82C88025D67CE580FEFA8F8D989DE98C0E8D8CC02098B0CB,G1,1,"[0.0, 4.0, 8.0]",False,0.0,iteration_limit,19.443754500000068,0.012663139940457433,0.012435424685693504,4.460604284159368e-05,0.0,11.693296622639377,0.06196133456291125,11.591324431247616,11.693296817296341,11.79526945519062,2.9045362113808935,0.0,11.695,concentrated,45.05294995101203,11.62031934966553,11.766283854768014,0.1459645051024836,0.7608956752580379,0.9754514027757978,0.009694845478797712
5B3588922957862E8B78AA874CC80AD1EC3A2237EE63D58E068816798B630A12,G1,2,"[0.0, 4.0, 8.0]",False,0.0,iteration_limit,21.04736150000099,0.012563726976916692,0.012310220574673243,1.306072007254799e-05,0.0,11.695775209550682,0.050035499006460676,11.613405121134223,11.695774832617836,11.778144306776866,3.0434244851084693,0.0,11.695,concentrated,55.80559547591559,11.63683957100378,11.754696584031686,0.11785701302790663,0.7607073624353146,0.9942565869450369,0.0016209137718452625
3B7FFB87008164559E10AB0D517AE496364F26173404F7D90A33A610ABAB6CF8,C,0,"[0.0, 4.0, 8.0]",True,0.0001,stationary,72.92936749999717,0.002472560420893295,0.0006575169334534127,2.9337309008699587e-08,1.9166429440298574e-07,11.788554534611224,0.8271230061123568,10.901188155645794,11.698186454435461,13.627504740540653,3.060796797763634,0.45531987941598207,11.675,concentrated,6.037621681991087,11.167196948500221,12.185255518528386,1.018058570028165,0.7166185197029848,0.23731600362869432,0.37214238471733996
5CA722100A8A733EB22115EA9F9397FE38B10037A66909C8E24F3C2B2D170678,C,1,"[0.0, 4.0, 8.0]",True,0.0001,stationary,66.7885982000007,0.0026057697442857714,0.0007437764865901737,9.849064264677648e-08,1.0499412301172122e-06,11.760040556069825,0.7805427300781355,10.898921338872315,11.692875483308907,13.483711128744751,2.9979020589406113,0.4594372682618344,11.675,concentrated,6.06280927555179,11.163516282622167,12.189736762745884,1.0262204801237171,0.7253646701012404,0.23835969047658284,0.3761636398621148
F4C38625E857B69EB8C25928A2C06764B328C0D4693F42CBEAD8DE82B44D3A8A,C,2,"[0.0, 4.0, 8.0]",True,0.0001,stationary,63.87893550000081,0.023526982051139487,0.022115134574417133,4.479059833368395e-07,1.891949026350953e-08,12.097510663840117,1.2587705292725024,10.191817379274683,11.792658131170406,14.428406880509414,2.1596395500059904,-0.9771386112986792,11.68,concentrated,4.796806927153184,11.153400821676076,12.222758877497386,1.0693580558213096,0.5985467597597751,0.1889390103384373,0.33446175113201515
65A9C644AB6F6E2CE8EF7276FF50DC72AF16D6A84BB2288C8954B080991E13C2,H1,2,"[0.0, 4.0, 6.0]",False,0.0,stationary,6.723786500002461,0.006617160999802369,0.0064143940629815595,8.031108286664543e-08,0.0,11.685857421992628,0.0,11.685857421992628,11.685857421992628,11.685857421992628,2.8112603612293006,0.0,11.685857421992628,delta,,,,,,,
F9A5BBE25A7A5EC1B976391FB9D445B9C334C2BB71D32DDFC3C77D05CA53E980,H1,1,"[0.0, 4.0, 6.0]",False,0.0,stationary,7.227912199999992,0.006612133807460199,0.006422249600142344,4.700849657541614e-06,0.0,11.680819432377383,0.0,11.680819432377383,11.680819432377383,11.680819432377383,2.799697298387514,0.0,11.680819432377383,delta,,,,,,,
36E0F73FB3932975568DDACFE3EEC060566A68EBC1E92A2E6FA0BEEA6063204C,H1,0,"[0.0, 4.0, 6.0]",False,0.0,stationary,8.133599799999502,0.006615972102294293,0.006416424161496442,2.93494379177009e-07,0.0,11.685620660028667,0.0,11.685620660028667,11.685620660028667,11.685620660028667,2.7962101658989087,0.0,11.685620660028667,delta,,,,,,,
A7FB876497CC5AE21579680406A5E41976F19EE25E626D20AF04B42E652C59DD,G1,0,"[0.0, 4.0, 6.0]",False,0.0,iteration_limit,13.320487899996806,0.006622224990067577,0.006429366321502652,1.2830067427316613e-05,0.0,11.682318901389495,0.06354215280320374,11.577747340781102,11.682318854798167,11.78689060768431,2.815936103227724,0.0,11.68,concentrated,43.919459158589206,11.607451665714901,11.757186184260394,0.14973451854549324,0.7610528019481214,0.9715138991290578,0.01755100402897892
2701CA2C869910145D030DA28B99F5AABCFE073FF986171C8C4E762E12094D33,G1,1,"[0.0, 4.0, 6.0]",False,0.0,stationary,16.698004000001674,0.006614953971913992,0.006416828906920812,3.395701051948956e-06,0.0,11.68621494705151,0.05024820979581398,11.603495237931812,11.686214555779479,11.768933389863205,2.8068624276870864,0.0,11.685,concentrated,55.55978591101345,11.627020663517479,11.745396926860154,0.11837626334267526,0.7607821788789582,0.9945449393698145,0.0030599399741717418
2004F998D98DC81C627569590A749D27A36B8BCB8F0BDA5C4DCC2CF3A70F7DF3,G1,2,"[0.0, 4.0, 6.0]",False,0.0,stationary,16.681161799999245,0.008442783938387599,0.008245359893791169,7.2508123165401e-07,0.0,12.142050343844739,0.05000033653156053,12.059738275167414,12.142050161846276,12.224361502063392,2.8906418202289172,0.0,12.14,concentrated,55.80460473625524,12.083123669435565,12.200971071692717,0.1178474022571514,0.7609971341759394,1.758254459469049e-10,9.20213261578347e-33
73EF27670F7F7A3E24C2E6F672CCD11CA59514C635E05CF82918D3EB0793D03A,C,0,"[0.0, 4.0, 6.0]",True,0.0001,stationary,56.43004210000072,0.002444123700454184,0.0006899439501401311,6.53824349775665e-08,1.3938593965232698e-08,11.79061911626986,0.7985659687786463,10.931617364224627,11.70607545022987,13.599101970783133,3.09231454693022,0.4564378444861301,11.68,concentrated,6.053787055009132,11.172032435667159,12.19416274916254,1.0221303134953814,0.7214479915765912,0.23807075336606642,0.36520189354755356
3289EF0A30AA95CEB4D8A1BCF8267DFD957CFF333E2EB62546E4B7294D4E059C,C,1,"[0.0, 4.0, 6.0]",True,0.0001,stationary,54.1740583000028,0.0025098495968736614,0.0006990347862392599,1.7366520653777133e-06,5.897923368217758e-06,11.751315174744859,0.7474608832851655,10.911843957709873,11.693940989051864,13.429721086334835,3.003993594049289,0.4622037595383597,11.675,concentrated,6.076313335690281,11.163360799063174,12.194287903695926,1.0309271046327524,0.7303696539950066,0.238960887378504,0.3750206469292197
EB408F4EA6C928D406DDE46E44EA0C1888B8EC0A75569B7A2C1DB8B1E1E24CBE,C,2,"[0.0, 4.0, 6.0]",True,0.0001,stationary,45.03322930000286,0.0037234442426335116,0.0025349236570757377,5.915129727089332e-09,3.884061179344582e-08,12.319692880682005,1.1042454422693986,10.032855280890452,12.334253830752633,14.361555609672184,3.252467062194826,0.4264741685088207,12.295,concentrated,4.728922835266102,11.76961406576425,12.867274301898838,1.0976602361345886,0.6051169317813763,0.07244552669787446,0.13181077469142805
6A86A814C7243154AD13E0E593614AECE0ED554E2F85A41C263F9C2B2B694C8D,C,1,"[0.0, 4.0, 6.0, 8.0]",True,0.0001,stationary,18.79575809999733,0.007638505515001156,0.004332855763206684,0.0,4.965761867528271e-07,11.779472289170972,0.6409094327852166,11.096233212251512,11.682058280766412,13.62333878040915,2.9785358145809564,0.4547169901889341,11.655000000000001,concentrated,7.211567946035938,11.209826602246189,12.10141539598641,0.8915887937402207,0.7502213840818209,0.28129097676549236,0.3635585766863366
763A2FA97AB317BFC74B5B1F10F75C89AE847A755652EF3B6FFFB138244EE5F8,C,2,"[0.0, 4.0, 6.0, 8.0]",True,0.0001,stationary,20.1476490999994,0.007638505510467217,0.004332837654327047,0.0,1.264978558027964e-06,11.779472802591227,0.6409100953778791,11.096233958420513,11.682058228920129,13.623343804515514,2.9785358145809564,0.4547169901889341,11.655000000000001,concentrated,7.211572162758077,11.20982670731394,12.101415102017762,0.8915883947038221,0.7502215576556805,0.2812911286778225,0.36355853749155503
868F7F3DDEA50FF2A14BE20ECC53B2EB6F869617050DAA455C31FE5807577DE4,C,0,"[0.0, 4.0, 6.0, 8.0]",True,0.0001,stationary,20.33201509999708,0.007638505510445386,0.004332851380107722,0.0,2.456350974879007e-08,11.779473285319247,0.6409102009468026,11.09623386015037,11.682058488051453,13.623343830454356,2.9785358145809564,0.4547169901889341,11.655000000000001,concentrated,7.2115671152338425,11.209826580748832,12.101415449818159,0.8915888690693272,0.7502214198167738,0.2812909518693967,0.3635583745741748
FB73DBD813B2349AFD03E3A06255E5A7E17F1D1989F1677E82545E75AA5B02C5,H1,2,"[4.0, 6.0, 8.0]",False,0.0,stationary,6.979669299998932,0.005848980270906864,0.005790501271620785,7.212266890659753e-08,0.0,11.649707053341775,0.0,11.649707053341775,11.649707053341775,11.649707053341775,2.92643839297535,0.0,11.649707053341775,delta,,,,,,,
2E12F3150394E76B0D1D7FB2D8A5A00DB5232EF3A542528B52A47D3A13F45F18,H1,1,"[4.0, 6.0, 8.0]",False,0.0,stationary,7.115505800000392,0.005848980183368588,0.005790501573585841,4.021781177093149e-08,0.0,11.649707482753124,0.0,11.649707482753124,11.649707482753124,11.649707482753124,2.9264308845476905,0.0,11.649707482753124,delta,,,,,,,
CB66944A72193FAAA3EB72F1FB39B5D7C8DC0C8BD811B9792D939BB22EAA38B3,H1,0,"[4.0, 6.0, 8.0]",False,0.0,stationary,7.144931999999244,0.005848980275739695,0.005790500783502507,9.931817458991281e-08,0.0,11.649707086537997,0.0,11.649707086537997,11.649707086537997,11.649707086537997,2.926448459182149,0.0,11.649707086537997,delta,,,,,,,
BD0832E72DFB2D50244AAC2741A6B0EB9211177073CBB5E96BC039C809CE43D7,G1,0,"[4.0, 6.0, 8.0]",False,0.0,stationary,13.98996989999796,0.005886377190324665,0.00582999418649858,1.0848075079207456e-06,0.0,11.645090703568256,0.05000000000000132,11.562779324855327,11.645090631992156,11.727401954872533,2.9500888790514734,0.0,11.645,concentrated,55.85182735599312,11.586206418115292,11.703973332922377,0.11776691480708479,0.7606814840782322,0.9732601510659034,0.026612062576399077
23EFB96F5CB4F0317E29D9A4374FB4DCF7CF279893A08DBBD06216B97BD39349,G1,2,"[4.0, 6.0, 8.0]",False,0.0,stationary,13.995270600000367,0.005833161220154953,0.005782400698102699,9.319863792874681e-07,0.0,11.648684708034054,0.1436431128857466,11.412388967668763,11.64868475443051,11.884980455411826,3.0412593748268804,0.0,11.65,concentrated,19.440395277018542,11.479550307566013,11.81782363083332,0.3382733232673072,0.7609479504978222,0.6516502121898946,0.24246390984374191
DA60FA97AA8BCF4825473ADB902B3B1692FF697C772683DF2D0BD14D17CC76F1,G1,1,"[4.0, 6.0, 8.0]",False,0.0,stationary,14.301143699998647,0.005877956964166532,0.005823656150754391,1.6975313784854695e-06,0.0,11.644782036914917,0.10603393478703411,11.470339505313559,11.644782072183023,11.819224511637776,3.0011936749044157,0.0,11.645,concentrated,26.336757835071595,11.519935903531538,11.769630116697181,0.24969421316564322,0.760887453143683,0.7764170466311912,0.181613039578256
638F2F3CE5D1CFF53F71866AE2C96CD5C0A394C674BE66ADD1143BC0C62F5019,C,0,"[4.0, 6.0, 8.0]",True,0.0001,stationary,46.9104339000005,0.0027286860734866566,0.0006374102617919963,9.617515746978608e-07,6.494136919393476e-07,11.758820074329059,0.7901051389326238,10.922496063529547,11.6725849950523,13.575717918828952,2.9899987199981575,0.4513896028953215,11.65,concentrated,6.254537041845932,11.155272419338655,12.150032927758751,0.9947605084200966,0.7255264857797892,0.24492766263579346,0.389818467735769
B36463F4C11BE96685A273FBFF3166237AC0AAD19C798C70289B5C2B1687A84A,C,1,"[4.0, 6.0, 8.0]",True,0.0001,stationary,44.70752999999968,0.0027441333509474076,0.0006570188070299776,1.6896610947033145e-08,1.4319511364925715e-06,11.764297907042728,0.7978496504156554,10.930246985613508,11.67166842768388,13.594271699608626,2.97816947448172,0.45161131550544376,11.65,concentrated,6.259263221630043,11.152889138208067,12.146921427973362,0.9940322897652951,0.7255480593817019,0.24497704874260176,0.3904934673285511
1D4101D1057118766D2BB8CDB668B80803195DAA0893673777C5215528C37091,C,2,"[4.0, 6.0, 8.0]",True,0.0001,iteration_limit,42.64161410000088,0.0027404766931173625,0.0006440690960132648,2.0523113796337065e-05,7.25802060674921e-05,11.752578031522368,0.7828502514610595,10.921866654544681,11.669369558103185,13.550799799498122,3.031084166449896,0.4513532374967273,11.65,concentrated,6.2669904164712475,11.152660825409864,12.148085084810065,0.9954242594002007,0.7274422362784354,0.24531407699273045,0.392422375321392
E56DFD0A7272622A8F0526595FC52ACAEAB7D65E47F921C28FC1F0255DC5BFE8,H1,0,"[0.0, 6.0, 8.0]",False,0.0,iteration_limit,6.041500299998006,0.009966186928829534,0.00971129988343494,2.8656051597185368e-05,0.0,11.659725782705182,0.0,11.659725782705182,11.659725782705182,11.659725782705182,2.8860794354033,0.0,11.659725782705182,delta,,,,,,,
51967C95494281E3F3EE9D80DD9D0FDF447809E5B7E6BE7263A33DFF09B6F75A,H1,2,"[0.0, 6.0, 8.0]",False,0.0,iteration_limit,6.082404299999325,0.009965365616873846,0.009707506767498247,1.0794806458569357e-05,0.0,11.66031008159267,0.0,11.66031008159267,11.66031008159267,11.66031008159267,2.8854072038092475,0.0,11.66031008159267,delta,,,,,,,
568E911BB2E3CF39634F831FCA626F8AE5EE4C65ACA16738FE3EDF3C184842DF,H1,1,"[0.0, 6.0, 8.0]",False,0.0,stationary,6.529526599999372,0.009947634848200541,0.009686587202875218,3.9776718914794035e-06,0.0,11.668552970419638,0.0,11.668552970419638,11.668552970419638,11.668552970419638,2.876437153579592,0.0,11.668552970419638,delta,,,,,,,
ACBD491733602466D65A5124D6CEB924672685B005AD13CAF4C7329C2D1A5AA8,G1,0,"[0.0, 6.0, 8.0]",False,0.0,stationary,13.90340389999983,0.009793150516874233,0.009493520862140515,1.1951501233736267e-06,0.0,11.65553365334962,0.05000310567149366,11.573216895456051,11.655533340365421,11.737849694895232,2.8870363264783636,0.0,11.655000000000001,concentrated,55.84526983287853,11.596640026267282,11.714417576012622,0.11777754974533927,0.7606945360553654,0.9836062785744829,0.016111037065880313
B8A20BCF9B8761A6A198F2FD7846267CB33A239FB387AD8B13C12490481AC2E5,G1,1,"[0.0, 6.0, 8.0]",False,0.0,stationary,13.261843299998873,0.009967719107186654,0.009713500345958803,8.26415982972376e-06,0.0,11.660164486259625,0.0560880655677893,11.567846563868256,11.66016438777041,11.752482225599948,2.8763361848824758,0.0,11.66,concentrated,49.78927202879681,11.594113988394167,11.726217804771291,0.13210381637712487,0.7607505855512365,0.9754349244572422,0.02317778621580536
CFD10734B6853DBC430CB3CB1554AC935E83D271FAF72D50AEAA649A5B03090A,G1,2,"[0.0, 6.0, 8.0]",False,0.0,iteration_limit,13.372895700002118,0.009891535896249557,0.009619692897385837,4.3388745714957604e-05,0.0,11.679187537215634,0.05003545324005294,11.59681853581827,11.679187920349465,11.761557566448136,2.8687323909384097,0.0,11.68,concentrated,55.804987311602346,11.620266185570397,11.73812381958258,0.11785763401218219,0.7607102157865389,0.9940332047287628,0.004492853339083115
39F39A5DD528CB36829A430972B5E7A4E175331BB8E455A48E9E04156B5777A8,C,1,"[0.0, 6.0, 8.0]",True,0.0001,stationary,48.25130999999965,0.002759317751557112,0.000743442318596183,1.779809199339776e-07,1.1345730947763533e-06,11.780552905363423,0.8550135387065313,10.893502334449197,11.673953603121834,13.67608395872348,3.046464127038324,0.4507651326394333,11.645,concentrated,6.146357692832287,11.15213700041514,12.146493444269536,0.9943564438543966,0.7126873205791355,0.24051491860318686,0.39044642891027587
4277A16765151C5EB24AC465C581E783B9CDFB98F65635605DD2A2BA0B813E38,C,0,"[0.0, 6.0, 8.0]",True,0.0001,stationary,56.001267100000405,0.002719176863213704,0.0006914258052259692,3.5268493694263276e-07,9.508015382788879e-07,11.771229702127652,0.8447554137010057,10.88502812189645,11.673149135566705,13.652152007753676,3.038533165586616,0.45176467757610617,11.65,concentrated,6.1506729871003465,11.152978846180897,12.1494138042735,0.9964349580926033,0.7146843375499452,0.24079574772103007,0.3911111966285973
2E835B94CD8FBCD01B0FD1CA22AE93C0117A6E1A12B09ABA5714484741918551,C,2,"[0.0, 6.0, 8.0]",True,0.0001,stationary,44.97392790000231,0.017351640943576926,0.016015382585088774,1.9846367699486047e-08,1.1224345792312101e-07,11.964895772040203,1.1462529504221903,10.734906453011886,11.712218702707702,14.152452927064877,2.9051496675998245,-0.9999998177611844,11.64,concentrated,5.017429851924016,11.08375222778102,12.193224196150506,1.109471968369487,0.6484219670241975,0.19691940283481757,0.38312476066415674
5DA4FA2B09D3F40A4833FF6889F074D07F3FA564B6209CBF16CC03D3E03FC912,H1,0,"[0.0, 4.0, 8.0]",False,0.0,iteration_limit,7.075146799998038,0.01290536562288681,0.01265243876239414,5.457380391596445e-05,0.0,11.703996290857113,0.0,11.703996290857113,11.703996290857113,11.703996290857113,2.937488034069152,0.0,11.703996290857113,delta,,,,,,,
6C2B71E2C9E7E2293DD1EC6FADDEAF9D8D3814591FF439B482CB686EE91FBE0A,H1,1,"[0.0, 4.0, 8.0]",False,0.0,iteration_limit,7.483781300001283,0.012900102283175978,0.012648838585376836,1.1153663753591376e-05,0.0,11.703607788350434,0.0,11.703607788350434,11.703607788350434,11.703607788350434,3.0163248674952174,0.0,11.703607788350434,delta,,,,,,,
4FFFE2FA44B711C9C5EB5BDF98CBC2AFFE168203714C4BEBCB164A6439ECFF74,H1,2,"[0.0, 4.0, 8.0]",False,0.0,iteration_limit,7.432272500002,0.01290052201049737,0.012643764277266642,1.3066975956794055e-05,0.0,11.704749228628433,0.0,11.704749228628433,11.704749228628433,11.704749228628433,3.0037801762335827,0.0,11.704749228628433,delta,,,,,,,
67E8452578E95600C1A00EB5DEE1BF568FE0DBFA241B6E34AF3DB3ED99FA5F64,G1,0,"[0.0, 4.0, 8.0]",False,0.0,stationary,14.096991200000048,0.012932657142509928,0.012686562418602254,9.510923805931561e-06,0.0,11.704412310224793,0.05005342653449239,11.622013654936376,11.704412640745527,11.786811753046875,3.0488363526172346,0.0,11.705,concentrated,55.7884579220349,11.645469955133317,11.763365644944278,0.1178956898109611,0.7606937027987952,0.9922969281921825,0.0009191624437166594
ECBA731D683113592B414BCD1AA80686951BCF3E002121DA2833E038C553BE19,G1,1,"[0.0, 4.0, 8.0]",False,0.0,iteration_limit,14.465970799999923,0.012919587733289613,0.01266819412019236,4.245816298804044e-05,0.0,11.705850313051542,0.05142324803983421,11.621200622361869,11.705849945311467,11.790501135704252,2.935589139656238,0.0,11.705,concentrated,54.29867447429038,11.64529431850277,11.766419856734393,0.12112553823162209,0.7607260888944115,0.9901177272173326,0.0011056618595821103
DDC18DF181A8E8554C12A10A4EDF2DBC84E115CFEE62748B6113550CE7700419,G1,2,"[0.0, 4.0, 8.0]",False,0.0,iteration_limit,15.075715999999375,0.01289923920078907,0.01265704379749088,0.00010082611350143599,0.0,11.702698845041017,0.05002563978488601,11.620345902554936,11.702698927611724,11.785052255614664,2.9762218090910264,0.0,11.705,concentrated,55.76426475430591,11.643736437657669,11.761663742630166,0.11792730497249693,0.7610781873647517,0.9928361132727835,0.0010257081599639496
1A4935C9005585E4DDF88AF351C5AE9D67ECEF0A317975A4B8B15A3C05D4ECBF,C,0,"[0.0, 4.0, 8.0]",True,0.0001,stationary,46.06023410000125,0.0025507065647241973,0.0006728847625906517,1.0535683430524853e-06,1.233493581812798e-06,11.777409167347901,0.8547139693778409,10.883033445227223,11.67831398435557,13.663726000375657,3.0722900874606536,0.4506671992900124,11.655000000000001,concentrated,6.069996755966758,11.150631961550925,12.161620692789,1.0109887312380756,0.7155436923329557,0.2379632745108982,0.3881406859610283
5271CDA2D256585E97A9B4556BBFD126D1AA6519E288B5C2A05BEA04A1904075,C,1,"[0.0, 4.0, 8.0]",True,0.0001,stationary,45.871977899998456,0.0026208830336245073,0.0007591795025983552,1.7072751374640297e-07,1.3024420782892406e-06,11.776642185092523,0.8423820958085435,10.901786353912225,11.67581732995598,13.646070951927568,3.0553577624844035,0.4507917654563336,11.65,concentrated,6.098418147058624,11.147006792696663,12.157489892135784,1.0104830994391207,0.7185393071256897,0.23890578421328795,0.3897072197293245
8054B06E1DCBEA915F50A90C6478D4393B7D4E2014A7ADAEF5C9FB4841042CEA,C,2,"[0.0, 4.0, 8.0]",True,0.0001,stationary,42.31112049999865,0.024629400881680943,0.023227188025077197,4.701413153971943e-08,5.965089449689112e-08,12.22363571341977,1.3980366562781221,10.768921552852094,11.75575605347676,15.648113962240387,2.129168822798216,-0.9679339058160037,11.58,concentrated,4.600724853948883,11.059734684670259,12.105201641967213,1.045466957296954,0.5611082511083212,0.17629233706597275,0.3664395418214225
BB7681C68EBDDE64BC9AEF223DA01AF74082EB742082580DA1FE6052A09D399C,H1,0,"[0.0, 4.0, 6.0]",False,0.0,stationary,5.9730181000013545,0.006990914995458782,0.006779887884252034,7.197027677532058e-06,0.0,11.675675158679386,0.0,11.675675158679386,11.675675158679386,11.675675158679386,2.9174813826941444,0.0,11.675675158679386,delta,,,,,,,
160F910DEEF147511526B1647E5A786350AAD8C3CB3A742ABCA08977D336404F,H1,2,"[0.0, 4.0, 6.0]",False,0.0,iteration_limit,6.233762799998658,0.007115842704237006,0.006890884997653669,0.0009528119852241741,0.0,11.678688117121554,0.0,11.678688117121554,11.678688117121554,11.678688117121554,2.8561915922411183,0.0,11.678688117121554,delta,,,,,,,
102B924CC3FBE2B2117A686DB13B97E39EC3EFCA7DA4E6148AACD9AE258A6D93,H1,1,"[0.0, 4.0, 6.0]",False,0.0,iteration_limit,6.454922599998099,0.006958419674591432,0.0067381980454755885,3.156200135552973e-05,0.0,11.678188106930401,0.0,11.678188106930401,11.678188106930401,11.678188106930401,2.922446970353004,0.0,11.678188106930401,delta,,,,,,,
FCC7907A30E92106673996165D3D95BD0E5C601E8A03EB59C0602C68469B600F,G1,0,"[0.0, 4.0, 6.0]",False,0.0,iteration_limit,12.606179900001734,0.0070248550970866686,0.0068231024644990566,0.00047908915645508736,0.0,11.67515078479369,0.06772155190088303,11.563707795333034,11.675150722339438,11.786593719195027,3.1335554580458562,0.0,11.675,concentrated,41.23634149408518,11.595410518555333,11.75488812805624,0.1594776095009074,0.760771253450101,0.9573572883759482,0.03064047177641127
1D086628D219882DA87E66B926F48723B02884FFF397CB8993180D9DCA8AF620,G1,2,"[0.0, 4.0, 6.0]",False,0.0,iteration_limit,13.20492280000326,0.006956411889380999,0.006746904678854537,9.014438919457609e-05,0.0,11.678093320763718,0.056468414857850174,11.585150523950539,11.67809350421615,11.771036802733859,2.949116398615126,0.0,11.68,concentrated,49.42594014723413,11.611564711974495,11.744611689551304,0.13304697757680906,0.7609233770861993,0.9851885813199609,0.010837098077689624
C4AC442D8761868570B3CA5F03E983237AD1D19441B6BEAFB043264F3BD4508B,G1,1,"[0.0, 4.0, 6.0]",False,0.0,stationary,14.502962300000945,0.0069972234276336875,0.006792560864010201,3.741188203323766e-06,0.0,11.67470328598761,0.09929910139043965,11.51133645726696,11.674703337976377,11.838070180919921,3.071781543997677,0.0,11.675,concentrated,28.122948311594897,11.557776859905623,11.79162875048071,0.23385189057508704,0.7609097376149581,0.8370653818264241,0.10166209845083189
31967903386651185B77ACE11FDFC4EFF8C131F28EF73BAC2EB5F9CEFCE94035,C,0,"[0.0, 4.0, 6.0]",True,0.0001,stationary,47.75590590000138,0.0026317787990747087,0.000786203376589464,7.302494834321906e-07,3.96165176042235e-06,11.77105931721327,0.8065958085021416,10.907626386484003,11.695139373578485,13.553470318120311,3.117054886319605,0.4567319550442581,11.675,concentrated,6.12729793927281,11.17184539800288,12.182904366656187,1.0110589686533071,0.7223232046532253,0.24080822701270563,0.37296536598757346
A7F0655FA1C0DEFD40132109FFC1554D4BC874660B27F42ACD71C088F4CD3280,C,1,"[0.0, 4.0, 6.0]",True,0.0001,stationary,45.25276289999965,0.002745252918621599,0.0008201780356001925,3.6197863764255553e-09,5.2574733410554186e-08,11.742405426999992,0.7875156592110063,10.876717022436296,11.684259728745976,13.4231927942726,3.08094107553073,0.46095991960268945,11.67,concentrated,6.114741339275092,11.162634496244564,12.182237601552734,1.0196031053081693,0.7269229995840627,0.24027203521543586,0.3825149194360265
785086A30D66688E075696AC89BE562ED94DA9CD56BDDF509A48176EE8D66E30,C,2,"[0.0, 4.0, 6.0]",True,0.0001,stationary,42.2180823000017,0.004132947250003986,0.0028590937093946563,7.141475200518904e-09,1.4167802883137404e-08,12.292677746961255,1.1110531548814473,10.014204664445161,12.324496797592488,14.329423051012656,3.3130023549261756,0.4253170263219259,12.295,concentrated,4.763071468437268,11.775855823216197,12.857100402643145,1.0812445794269472,0.600414352073243,0.07100000950902878,0.13866667947965447
ACD3D6AB236261F9C399DF76D47591D2E52F5894A962E3214D66C1777EB8E07E,C,2,"[0.0, 4.0, 6.0, 8.0]",True,0.0001,stationary,19.647231300001295,0.008074857016446564,0.004641156247290649,0.0,4.10395923867643e-07,11.769792024205769,0.6280185536177911,11.09757686297423,11.679742258064383,13.570843906013248,2.9785358145809564,0.4547169901889341,11.655000000000001,concentrated,7.28403183610692,11.21287499860431,12.098549384038165,0.8856743854338553,0.7527526401893919,0.2840305122477404,0.3646104928706353
CFD5CECCF63A77395A8BE47358F682DAFAACF8139D60F34F7747C971AE094760,C,0,"[0.0, 4.0, 6.0, 8.0]",True,0.0001,stationary,20.207002800001646,0.008074857025453415,0.004641155763502312,0.0,4.055766923785099e-06,11.769787423825221,0.6280234641676031,11.09757078522122,11.679741380142412,13.570835211089518,2.9785358145809564,0.4547169901889341,11.655000000000001,concentrated,7.28401975506031,11.212875704288415,12.098549772485018,0.8856740681966038,0.7527512612546106,0.28403005079405264,0.3646116187661214
0F92E68D82B22FFF0E663981BFAB9218C8DA6C986A5E38CB5430C362FB78195E,C,1,"[0.0, 4.0, 6.0, 8.0]",True,0.0001,stationary,20.50839629999973,0.008074857030921208,0.004641146392404001,0.0,4.022787903901204e-07,11.769791607941073,0.6280179166780164,11.097577143650138,11.679742438021703,13.570839766658152,2.9785358145809564,0.4547169901889341,11.655000000000001,concentrated,7.2840355355229764,11.21287549405459,12.098549666770356,0.8856741727157669,0.7527529021716785,0.28403068505241996,0.36461025242813794
F418C5F87DA4F306AA75AE5CB43744216D3A0871B7B3F0CF69E6871098429DD7,H1,0,"[4.0, 6.0, 8.0]",False,0.0,stationary,6.712759700003517,0.005827174508043951,0.005773397609008328,9.500907862112982e-08,0.0,11.643336564620958,0.0,11.643336564620958,11.643336564620958,11.643336564620958,2.9566092159590784,0.0,11.643336564620958,delta,,,,,,,
5C255CA1B05DBE4B53266383637CE816E45C9339D4D29330B2764C7DB81EDF49,H1,1,"[4.0, 6.0, 8.0]",False,0.0,stationary,6.909028199999739,0.00583053702335115,0.005778481916134185,2.343413022367127e-06,0.0,11.643690572101852,0.0,11.643690572101852,11.643690572101852,11.643690572101852,2.956631022528176,0.0,11.643690572101852,delta,,,,,,,
767663EA7792E3B21A946C36CBE9DC41A7F9D99BFE3881286918915F67C3412D,H1,2,"[4.0, 6.0, 8.0]",False,0.0,stationary,7.025533100000757,0.005827174886871246,0.005773395251416704,9.690394329657524e-08,0.0,11.643339008297007,0.0,11.643339008297007,11.643339008297007,11.643339008297007,2.956614175878178,0.0,11.643339008297007,delta,,,,,,,
6F60CAA6D306819AE33922E508CA087EC1867810517ED740DE3828087EEDE6B3,G1,0,"[4.0, 6.0, 8.0]",False,0.0,stationary,13.650416800002859,0.0058165092286649985,0.005764176400131872,6.657131633460094e-08,0.0,11.643004217229041,0.08829648147617428,11.497730573763945,11.643004281937534,11.788277648820065,3.023463787637683,0.0,11.645,concentrated,31.619410335458085,11.539016143171542,11.746995895243577,0.20797975207203478,0.7609721735449135,0.8399983103454597,0.14193461917045994
636EB7877283473E195261C48DA9D0B8328F3FF3E7EE6FDEE1F0C84F4C0D2A7D,G1,2,"[4.0, 6.0, 8.0]",False,0.0,stationary,14.176967799998238,0.005767617192141915,0.005711611317332814,1.0581060972226128e-07,0.0,11.647576706144026,0.10800520674243752,11.469892193127833,11.64757671299311,11.825261255914972,3.064541947928021,0.0,11.65,concentrated,25.84961617672246,11.520384682544917,11.77476777188558,0.25438308934066356,0.7609771035161986,0.7734517847907331,0.1791742199140687
83F305DB2582109CD1EECFE7AAC9102988F0C7E4E95010AA27F30AF37F1ED930,G1,1,"[4.0, 6.0, 8.0]",False,0.0,stationary,14.394755399996939,0.0058198292191728295,0.005769042507017994,3.547518302188793e-06,0.0,11.643333261663571,0.08924081720358806,11.496506972704053,11.64333335865471,11.790159804380766,3.022471255976904,0.0,11.645,concentrated,31.287352905785625,11.538236227283946,11.748429082199886,0.21019285491593998,0.7609498608853259,0.8370936568987408,0.14365987056939272
3803AA3E259F5A841786F1D56C3E4AFA4B36FE5EE7498209FB6D44B3F366989C,C,0,"[4.0, 6.0, 8.0]",True,0.0001,stationary,47.63590479999766,0.0026282350411067383,0.0006292512972723495,1.6027630368631153e-07,1.9068272751063611e-06,11.789737409221463,0.8358196765754025,10.857581549790936,11.698224045457906,13.690436601978961,2.9870389570987,0.46424539841665124,11.675,concentrated,6.050872220219608,11.175518530004283,12.175958515342842,1.0004399853385593,0.7058452976885825,0.23770473679172868,0.3718814565013656
B37537CD27DF25D8D502AB520AC1F06588F365F11FA2268AF1AA0D4A6444C7AC,C,1,"[4.0, 6.0, 8.0]",True,0.0001,stationary,51.1917981000006,0.0026214003418063335,0.0006220796671228581,3.9421028434639715e-07,1.512475243103939e-07,11.785814953389679,0.8240738493235944,10.822946522743274,11.70667901277327,13.662678115476275,2.9774493823983543,0.46412134375275627,11.685,concentrated,6.049012504945459,11.18755268364539,12.187748607993244,1.0001959243478549,0.7054724366545396,0.23774853327535247,0.3650267817806726
C993072071C73D6CECA3B0559AD62B282488F4AF2AEC0301FF8F3ACE77DC4184,C,2,"[4.0, 6.0, 8.0]",True,0.0001,stationary,43.93617620000077,0.0026304456193165324,0.0006307640637582074,1.4658661392698602e-07,4.284992958722422e-08,11.790476555554212,0.8380610309318716,10.85729055876594,11.698076084582148,13.693995871316076,2.986205612960471,0.46416166624557276,11.675,concentrated,6.049394697284065,11.175250571612501,12.175578041866945,1.0003274702544438,0.705596107049622,0.2376411155120493,0.37203039280324907
BF7729F0204318E002B7ED1A290E9C20E77CE972227ED2E92CDE46444916383A,H1,1,"[0.0, 6.0, 8.0]",False,0.0,stationary,6.463890499999252,0.009785832080435845,0.0095279972080268,6.308974506076401e-06,0.0,11.676510274231923,0.0,11.676510274231923,11.676510274231923,11.676510274231923,2.914412794189974,0.0,11.676510274231923,delta,,,,,,,
BD2E6EFD35A711A31DA923A1787925F3292EDB1C999B48B5D66A4BFC3AB977B0,H1,0,"[0.0, 6.0, 8.0]",False,0.0,stationary,6.721311199999036,0.009660520648853671,0.009358882887309952,9.188890031269514e-06,0.0,11.669681143367985,0.0,11.669681143367985,11.669681143367985,11.669681143367985,2.9123729127027382,0.0,11.669681143367985,delta,,,,,,,
1F244136CE12EDA9DF9ABEF002386D30372751C060E4DF0FB6EA9E92FECF7BAE,H1,2,"[0.0, 6.0, 8.0]",False,0.0,iteration_limit,6.995281700001215,0.009797792642532955,0.009533556311734645,2.8590437109602134e-05,0.0,11.677338625391542,0.0,11.677338625391542,11.677338625391542,11.677338625391542,2.898009089601069,0.0,11.677338625391542,delta,,,,,,,
E3460DC3F058112BB787EAF2B0129696D24525A8A20DB01AE1F84F978D35CC3B,G1,0,"[0.0, 6.0, 8.0]",False,0.0,iteration_limit,14.127536600000894,0.009788624673750732,0.00952709019152754,1.9208573399504452e-05,0.0,11.67712540138772,0.050000041451642996,11.594813897440009,11.677125248210704,11.759436114285176,2.9026120902072834,0.0,11.675,concentrated,55.80143554439119,11.618196650506947,11.736049221798527,0.11785257129158033,0.7610204679145945,0.9936835585659556,0.005037599843424078
213B1E39F221BE75474B243C1C96E319320A09DC9B89B7D27DD8660A206A991B,G1,1,"[0.0, 6.0, 8.0]",False,0.0,iteration_limit,14.446844699999929,0.009787205203627724,0.00952976916445996,3.973801318752603e-05,0.0,11.676977362328255,0.05000077513600871,11.59466450350664,11.676977153284476,11.759289209704319,2.9064288496923107,0.0,11.675,concentrated,55.807396741556985,11.61805247423221,11.735895306435792,0.11784283220358205,0.7609748466054719,0.993652018946211,0.005081377732304328
CDF25A522972E15E083BF499D6DE3463AC7C9BDB42D054C4FCAAED7D5FB22DA6,G1,2,"[0.0, 6.0, 8.0]",False,0.0,iteration_limit,14.78927289999774,0.009736965678295562,0.009485186923772733,4.045157134441977e-05,0.0,11.684940596044246,0.05,11.602629322512676,11.684940643828844,11.767251953082743,2.988218742973689,0.0,11.685,concentrated,55.85187983782929,11.626057709784817,11.743824567029733,0.11776685724491642,0.7606812585163529,0.9947111093421217,0.003172406352626796
5B3153B66E3DCF7136EFAC02DF2C576D9A566A084FA23DEA60C627E9BDFE2408,C,0,"[0.0, 6.0, 8.0]",True,0.0001,stationary,47.90972730000067,0.0025741512679440847,0.0006547429471742568,3.32508544028561e-07,1.770832486910033e-07,11.79739826732808,0.8584113474199252,10.84602375322273,11.701559826179881,13.704373771405175,3.020410633038015,0.45821521599063275,11.675,concentrated,5.9977499206244875,11.175143659369212,12.182937944363667,1.0077942849944552,0.7047477076470829,0.2357177195566272,0.3702282910735059
D6253ADC78820710B16BB40D75957E03273E8E865CBAC4B0E996BF4CE2532C20,C,1,"[0.0, 6.0, 8.0]",True,0.0001,stationary,46.5562256000012,0.0026425346287056147,0.0007403728958508837,1.7360443127207453e-07,3.5347568643068206e-06,11.801328590415471,0.8596193569056567,10.884247334739422,11.694595336375379,13.712632129733757,2.997503995629162,0.45786593963498357,11.665,concentrated,6.024084131643596,11.165003703338513,12.17172528862876,1.0067215852902471,0.7070928548199897,0.23654275477274725,0.37532874083854006
47169CD7DDBB049C528E45ACC77F0A4CAE959F2565B525BC8C161E780D8E7C26,C,2,"[0.0, 6.0, 8.0]",True,0.0001,stationary,43.59050429999843,0.017083357883949653,0.015790641915850452,1.0162189507851406e-08,4.5794347650757183e-08,11.924171080057146,1.148908978213116,10.490463721551794,11.699665492777818,14.108246518330013,2.905251774761304,-0.9999998219413294,11.645,concentrated,4.883908758143188,11.079109531177446,12.20175096350336,1.1226414323259135,0.6382614937984568,0.19191213910720387,0.3949560059002486
795A0B60626F90EE8B20904E1724A133F9A5839EA0BDF2758DB93F9937B974C9,H1,0,"[0.0, 4.0, 8.0]",False,0.0,iteration_limit,6.489046999999118,0.012515062865845854,0.012282952622058616,0.00015537346844079553,0.0,11.670830714274882,0.0,11.670830714274882,11.670830714274882,11.670830714274882,2.9678200717366168,0.0,11.670830714274882,delta,,,,,,,
1380498336D4759A4F7773045FD17EBBEC2C67BE74F882C4A397D29317C2A98B,H1,2,"[0.0, 4.0, 8.0]",False,0.0,iteration_limit,6.8551642000020365,0.01251055758403555,0.012255713551765652,0.0003413898820358321,0.0,11.679776677121989,0.0,11.679776677121989,11.679776677121989,11.679776677121989,3.021608226580529,0.0,11.679776677121989,delta,,,,,,,
074479CAA1D9372038D2FF167A7A2ABA08B2EA2A719271F9946B077A5D6D4F24,H1,1,"[0.0, 4.0, 8.0]",False,0.0,iteration_limit,7.383705699998245,0.01249619446630079,0.01225348907907207,4.46146832916215e-05,0.0,11.680198563662342,0.0,11.680198563662342,11.680198563662342,11.680198563662342,3.0158805586101822,0.0,11.680198563662342,delta,,,,,,,
A99AC6DF23214E4E07949E3FB1DCD8BA61625627EEEC85D0A7A7E72122C69D1C,G1,0,"[0.0, 4.0, 8.0]",False,0.0,iteration_limit,13.738529000002018,0.012501668344090574,0.012244286200352436,1.5510663219547565e-05,0.0,11.681797050583633,0.05004165409407486,11.599416833813233,11.681796780292084,11.764176046079044,2.978708960098694,0.0,11.68,concentrated,55.76945683503888,11.622829479199218,11.740755703730882,0.11792622453166324,0.7609240551674789,0.9943969159509966,0.003856565170079936
385C908DE3949B424D45546A7130AFA384DF8E8F573C05E84682536F4BC4972D,G1,1,"[0.0, 4.0, 8.0]",False,0.0,iteration_limit,14.34303060000093,0.012509438561902423,0.012268681324253882,6.478529590031839e-05,0.0,11.677503434848617,0.05051707654085772,11.594341836423132,11.677503436256151,11.760665036199024,2.953556895841358,0.0,11.68,concentrated,55.21277110947774,11.617951434927033,11.737055446860769,0.11910401193373588,0.7611583015172501,0.9932317393077518,0.005318203324956982
9109B216708E7827F17805849E1BF9F3DDEB83494FC3DCFC8FCA0C3D426D81C4,G1,2,"[0.0, 4.0, 8.0]",False,0.0,iteration_limit,14.887309999998251,0.012498936675403702,0.012265031661259203,2.9785569377639184e-05,0.0,11.67771032975872,0.05008073649620507,11.595266761534496,11.677710416839474,11.760154418129217,3.0216000839541097,0.0,11.68,concentrated,55.70363035588327,11.618683162904674,11.736739911195693,0.11805674829101953,0.7610773697667241,0.9937206630556848,0.004929037932430567
04916CB1CD1FE7B096FC8CF4DA08527B4E64454332726FEF303EA46F581BA800,C,0,"[0.0, 4.0, 8.0]",True,0.0001,stationary,46.87806880000062,0.0025154357757282714,0.0006655328796503725,7.140760288944312e-07,9.138600012299075e-07,11.794900031841918,0.8535369374845944,10.84537934755541,11.701666997008932,13.688525841059302,3.0389888084585617,0.45820832220935825,11.675,concentrated,5.963813483187154,11.171811021112669,12.18612646315165,1.0143154420389813,0.7052697298020056,0.2344293692996463,0.37084626281826716
7A8C11D3B6F32496A88E0E4C50CD9A475654B3BB21BBAA50A8C61C9F05E06AD1,C,1,"[0.0, 4.0, 8.0]",True,0.0001,stationary,47.061284700001124,0.0025332326155366484,0.0006978647758531408,3.0928206662273577e-07,9.858927056691572e-07,11.795425507774977,0.8460307001996551,10.8529667855096,11.704234660278699,13.67555489244624,3.0298387259354826,0.45825879471065845,11.68,concentrated,5.96744722547958,11.174161014622612,12.18897088520388,1.0148098705812671,0.7060413779549342,0.23460539395156604,0.36866050802092043
0EC3384313DC7B4C11497CB277EFA81FDB61BE175D083BA5D3CAA4145EF18CE9,C,2,"[0.0, 4.0, 8.0]",True,0.0001,stationary,43.67465820000143,0.023060387082407596,0.021630314835160543,1.0086115607291908e-07,2.6022320115132863e-08,12.1057745679626,1.2610358112231406,10.280097658012913,11.783858420031029,14.460827947991616,2.194329212261599,-0.9733353011323581,11.665,concentrated,4.835726088540244,11.141896267992047,12.205860798856031,1.0639645308639842,0.6003019186771557,0.1902832672399152,0.3389729924038447
F127319724BEE9BBEBE7AF1731AF10F2172797E5F0D4BAD66334B6EBAD0C20CC,H1,0,"[0.0, 4.0, 6.0]",False,0.0,iteration_limit,6.151587799999106,0.006478848572022534,0.006285860663014676,5.796750694961955e-05,0.0,11.686462165591223,0.0,11.686462165591223,11.686462165591223,11.686462165591223,2.9082531725372722,0.0,11.686462165591223,delta,,,,,,,
D5446C671074FB53055DCA608F889B172E2E05F974F0BB5B795FC5BA8A075178,H1,1,"[0.0, 4.0, 6.0]",False,0.0,stationary,6.361898899998778,0.006478446295085401,0.006281275047810802,1.6370143165680737e-06,0.0,11.685942135202477,0.0,11.685942135202477,11.685942135202477,11.685942135202477,2.917638674987598,0.0,11.685942135202477,delta,,,,,,,
9B25EAC27FA305E805B60B87922A6533CB8940A26FC2866FFE2A16E6CCBD92EF,H1,2,"[0.0, 4.0, 6.0]",False,0.0,iteration_limit,6.314670399999159,0.006427198577718481,0.006224624911768327,0.00012835722028474173,0.0,11.692595242657863,0.0,11.692595242657863,11.692595242657863,11.692595242657863,2.9334548097477193,0.0,11.692595242657863,delta,,,,,,,
62804984DB85B451AEC2CFB88C8C63DEE4357D2C766EA78B61E4688689D732DD,G1,0,"[0.0, 4.0, 6.0]",False,0.0,stationary,12.858196400000452,0.006419230701577091,0.006222572064882937,5.737838816095079e-08,0.0,11.693373877475477,0.05000020367993865,11.611063037297098,11.69337419824128,11.775686020283787,2.939731073054803,0.0,11.695,concentrated,55.822162348013805,11.634471950344636,11.75228776555854,0.11781581521390372,0.7608727976266447,0.9945674898331253,0.001878260082943871
184B27D57D0850B938E908BEDC73CA84A56C1EE06B82B1B8F6C1319A474ADBDA,G1,2,"[0.0, 4.0, 6.0]",False,0.0,stationary,15.045050299999275,0.00819513896007861,0.008007414875216704,5.847475994543236e-06,0.0,12.136372637322964,0.05001740077841639,12.054032164973398,12.136372262140585,12.218711763486166,3.0227909816019274,0.0,12.135,concentrated,55.81146810590648,12.077445199327244,12.195284643986424,0.11783944465918061,0.7608060510554145,3.67055164108487e-10,3.717429437212763e-32
16F2D166463BC1707B70B34B9E189B210B53838BF950075845E013E4227B76FC,G1,1,"[0.0, 4.0, 6.0]",False,0.0,stationary,16.34433809999973,0.0064185745018245635,0.006223312591137423,3.9579449361966704e-07,0.0,11.69371793267754,0.05008112318628619,11.611274080583454,11.69371831967372,11.776163126687766,2.940372541518636,0.0,11.695,concentrated,55.743179679679116,11.634733258409517,11.752717945357483,0.11798468694796682,0.7607877069631496,0.9944593257606406,0.0018651880831829697
A648BF45DBFA4A4F5246265D930E78C2D4D47C960720669C8B05C314E7FDE87A,C,0,"[0.0, 4.0, 6.0]",True,0.0001,stationary,46.28747789999761,0.00333990589622075,0.002135434111297925,8.288825186063749e-08,4.4606058185385315e-07,12.266255895226944,1.1584687076349953,9.964543007861854,12.316684505495155,14.401354256473537,3.183085143123082,0.42850994081741445,12.305,concentrated,4.651838545338304,11.776683077742373,12.870467965117355,1.0937848873749818,0.5933971828169543,0.0695033726243784,0.1533312159214707
1F3875B675D42E835FD12EC3691835E8B7E81173986931D20844439413DFD9D1,C,1,"[0.0, 4.0, 6.0]",True,0.0001,stationary,45.67596699999922,0.0025591681442595987,0.0006799255113938997,4.550410503388298e-09,2.408785630127544e-06,11.777182238311827,0.781086560182309,10.899727326304994,11.707444206894243,13.570738591987515,2.9723163937445607,0.4581531022721248,11.685,concentrated,5.9935869380310365,11.173128480542081,12.20386777009344,1.0307392895513594,0.7202851025778704,0.2357950148479828,0.3655201421008874
9D71A60BABBBB068766EE7EF768B850AF5DD1CE1F5219F1B66788376699296B2,C,2,"[0.0, 4.0, 6.0]",True,0.0001,stationary,41.756255899999815,0.00345309934602189,0.0022743128905688783,1.716016759572275e-09,1.8069627540973944e-07,12.289051470607063,1.1428100684281948,9.993574867562252,12.322584687498654,14.395348579380716,3.247664714227266,0.4250398770731272,12.3,concentrated,4.6466175715115865,11.770134455605639,12.868899137118097,1.098764681512458,0.59530971677717,0.07121640392633807,0.14645434102281168
039C00F8F69B39A63D0DE29D4BE28C89B786C9422917F77C90438DD777CB7861,C,1,"[0.0, 4.0, 6.0, 8.0]",True,0.0001,stationary,20.35928419999982,0.007673018020214195,0.004407359167109822,0.0,2.5457772463884087e-08,11.804162730632248,0.6845492894280772,11.094121688683682,11.690070449496295,13.727967366702133,2.9785358145809564,0.4547169901889341,11.655000000000001,concentrated,7.115425523323569,11.213990616327118,12.103545707568271,0.889555091241153,0.7385353315068883,0.2776934167137596,0.35737027593347614
240672D9E81278AF6F3C6411B2054690578ED70FC203192FDFF276465A7B18A3,C,2,"[0.0, 4.0, 6.0, 8.0]",True,0.0001,stationary,21.10806610000145,0.007673018017201976,0.004407359312722331,0.0,3.172024911225063e-08,11.80416271941014,0.6845493053067825,11.094121662352393,11.690070452041809,13.727967310421107,2.9785358145809564,0.4547169901889341,11.655000000000001,concentrated,7.115425337175436,11.213990613698321,12.10354572003749,0.8895551063391682,0.7385353270349531,0.27769341016838633,0.35737027719863207
A6885B0B6D2E4F170303F2BCFC65236D6F553AE25A173F8B70C2F186E6AA3A70,C,0,"[0.0, 4.0, 6.0, 8.0]",True,0.0001,stationary,21.635560399998212,0.00767301802436029,0.004407359349135333,0.0,1.0813520489889178e-07,11.804162719834851,0.6845492168596348,11.094121705437262,11.690070458460715,13.727967167367261,2.9785358145809564,0.4547169901889341,11.655000000000001,concentrated,7.115425591372919,11.213990628939108,12.103545720130036,0.8895550911909282,0.7385353369040921,0.2776934193257723,0.3573702651888927
550CEEE7159B6A018CD9AB67E1601C23C3ED6174132E5561EA21DABBF2E916EF,H1,1,"[4.0, 6.0, 8.0]",False,0.0,stationary,11.926144900000509,0.0020074164767921983,0.001635753404203596,2.4381339840833828e-08,0.0,12.018313600568442,0.0,12.018313600568442,12.018313600568442,12.018313600568442,2.590138097941448,0.0,12.018313600568442,delta,,,,,,,
AFB83BAA311A5B0898A12634871A62A0FF97928455EC56D0CE50A13C547DF2D9,H1,0,"[4.0, 6.0, 8.0]",False,0.0,stationary,12.373452899999393,0.0020058732814348494,0.0016524337612624361,9.476541268502739e-08,0.0,12.01876838574594,0.0,12.01876838574594,12.01876838574594,12.01876838574594,2.588997978802847,0.0,12.01876838574594,delta,,,,,,,
C3E73103EBDFB078B4CE08FEB5DCA80D26554147F8EC2CC941C32FCD1DA52C86,H1,2,"[4.0, 6.0, 8.0]",False,0.0,stationary,12.191267900001549,0.0037076646880610815,0.003434017100437582,3.4061198810616334e-07,0.0,12.964341519054509,0.0,12.964341519054509,12.964341519054509,12.964341519054509,2.787420229131337,0.0,12.964341519054509,delta,,,,,,,
D8C1E79D0367DF8A1DE258B4E4E87EF68ED9CCAD2A858CBCA84A971649E2B064,G1,0,"[4.0, 6.0, 8.0]",False,0.0,stationary,26.37593199999901,0.0012272857685132824,0.001148747125626765,1.8000285832311578e-06,0.0,11.630995627142019,0.814440025034581,10.289462596811715,11.62981050045719,12.973949050613614,3.3209193483709623,0.0,11.629999999999999,concentrated,3.4185556452241643,10.666701154217016,12.591589878165486,1.9248887239484702,0.7614616805892538,0.13558896905838463,0.46028393885081786
F8774121A34D5D337D002CDB0C2F305183A4DF2FF11A918DC176EB44351573B0,G1,1,"[4.0, 6.0, 8.0]",False,0.0,stationary,30.48238780000247,0.0012266431188679484,0.0011484692467230646,4.912933051850169e-07,0.0,11.632536670230342,0.8139890482011354,10.291759549539476,11.631366091803285,12.974711110670043,3.3186752666235875,0.0,11.629999999999999,concentrated,3.4205599263156468,10.668838361617341,12.592582656021714,1.9237442944043721,0.761455048664508,0.1356856038513334,0.4595043984027197
B7DDA07029BA2C45B6B972621D468B090694089A97CDE4C7C5E19D0D00580995,G1,2,"[4.0, 6.0, 8.0]",False,0.0,stationary,31.380756099999417,0.0012096668302525697,0.0011356483093817645,5.117697042372378e-06,0.0,11.700126784291925,0.765458390823219,10.440148813422123,11.699712656485518,12.960455924510267,3.9449248460105144,0.0,11.7,concentrated,3.643843967218333,10.796959665895894,12.602053600699708,1.8050939348038142,0.7611304263041794,0.14478647093394525,0.4217177815963512
89A8EF61CCAC79D9D98D33D241F47B3557CA1DDB55D4FEDD83C6F53AC8FDA378,C,0,"[4.0, 6.0, 8.0]",True,0.0001,stationary,172.6894930999988,0.0006136509283863709,0.00046575120816058456,4.847118132130102e-07,7.259604059545567e-08,11.526405152538569,0.7836081066980691,10.212861417109396,11.533322399166448,12.798351250010503,3.3049553216014083,0.43940475195224926,11.555,concentrated,3.5048477369298268,10.593936599625854,12.488529326459183,1.894592726833329,0.7663661481897591,0.13734413941329096,0.5075253860391462
E8FD5091139D9DEC2195BFB2C252BBF1FE4FB73CF2EBAA9C5C192201B229EDD8,C,1,"[4.0, 6.0, 8.0]",True,0.0001,stationary,180.08027949999814,0.0007157423229744784,0.0005229279770024838,4.4069451189419835e-07,7.164249849413878e-08,11.584877269136594,0.7555424995294556,10.339476015780821,11.59338547461884,12.74843920189451,4.473422071955599,0.43602877355404823,11.620000000000001,concentrated,3.7494179200974407,10.723351302776347,12.495979466128919,1.7726281633525716,0.7699712302499224,0.1484164176672779,0.4759384773573464
E52AE4E7CDA87A14927271CE1000012895935A2686C15CEB6B45331C7ED32525,C,2,"[4.0, 6.0, 8.0]",True,0.0001,stationary,184.55196929999875,0.0006136512245600992,0.00046575149666448973,4.855801585843365e-07,1.9386494070063542e-07,11.526405584652439,0.7836070875583353,10.212863739682454,11.533322633583728,12.798351039556549,3.3049554886568324,0.4394043350483732,11.555,concentrated,3.504850452209055,10.593937052126337,12.488528822839653,1.8945917707133155,0.7663662756194396,0.1373442324973705,0.5075252745667691
AA826F1C269C5FF1E70108E0D85FF0B54CDB413F431290A939327DC46739E63E,H1,0,"[0.0, 6.0, 8.0]",False,0.0,stationary,16.08430269999735,0.0039728317699723225,0.0036334536630363025,3.948080178972668e-06,0.0,12.955429152969359,0.0,12.955429152969359,12.955429152969359,12.955429152969359,5.0,0.0,12.955429152969359,delta,,,,,,,
CA7FAAD53FF7AD1AE45CC5DBFF63C5A836F62891325E01241BB9F826D2CABAC6,H1,1,"[0.0, 6.0, 8.0]",False,0.0,stationary,18.627986300001794,0.003982669282497922,0.0036373991358754037,6.012468954966931e-08,0.0,12.963048324745811,0.0,12.963048324745811,12.963048324745811,12.963048324745811,5.0,0.0,12.963048324745811,delta,,,,,,,
54F456B4612632FE112198763B45F16CEC56C2355FAA3CF4147081403014DA73,G1,0,"[0.0, 6.0, 8.0]",False,0.0,stationary,42.68936559999929,0.003319467399425079,0.0031966386726038094,2.879160560777287e-06,0.0,12.98781644435213,0.8224669511242984,11.634096510218876,12.988090989762554,14.341339483530104,4.999999999991951,0.0,12.99,concentrated,3.3927127010129787,12.018952468206246,13.957490340079312,1.9385378718730664,0.7610649699024632,0.039241106460066594,0.04014449485884268
1CAEFA28077E8076D8170E5A3180A11100DC7BEBEED5CF7146A18ACA74D8A2F7,H1,2,"[0.0, 6.0, 8.0]",False,0.0,stationary,17.86013819999789,0.0039826693547204885,0.0036373947817034333,9.169464747029667e-08,0.0,12.963046386300777,0.0,12.963046386300777,12.963046386300777,12.963046386300777,5.0,0.0,12.963046386300777,delta,,,,,,,
90FC20527EB0283CA0720969C3F7EE830962DFA302ECC39E24B4DA852FAAF1CD,G1,1,"[0.0, 6.0, 8.0]",False,0.0,stationary,40.88320939999903,0.0033198208936819694,0.0031969207414921253,2.9623906055524293e-06,0.0,12.987738007840296,0.822283270750576,11.634323078490453,12.988011595608551,14.340956973887046,4.99969846220825,0.0,12.99,concentrated,3.393478014020799,12.01909175902669,13.9571913335474,1.9380995745207095,0.7610646675935195,0.03923411886730783,0.04011867352876659
D76226EA14DC8E2AA655C26F221AB780480923363DBD99BA593064527BF6AD2C,G1,2,"[0.0, 6.0, 8.0]",False,0.0,stationary,44.65664900000047,0.003325481697037539,0.0032131600595387694,1.717919492131314e-07,0.0,12.984000533505611,0.8258442933595027,11.62469016958813,12.984286469935427,14.34310282333418,4.999999999999594,0.0,12.985,concentrated,3.3787494377235867,12.011142377562605,13.957703204089196,1.946560826526591,0.761068368376925,0.039759638400661115,0.041175676356398676
CADAA9E576E249FC57627DBB2A999C87B40DBB130E5290B360CE427A4991D764,C,0,"[0.0, 6.0, 8.0]",True,0.0001,stationary,166.33482549999826,0.0006550765457993006,0.00047606879649794004,1.6851389115394918e-06,1.290995253068472e-06,11.485567708608615,0.8550084936060067,10.10264146636465,11.492484034152676,12.766821768295104,3.797845917865944,0.43068243540054363,11.56,concentrated,3.4492887952065496,10.54339991510412,12.452351923495925,1.9089520083918057,0.7596202685120577,0.13528290450902467,0.5274937662626307
0ACFE6E6C0BEEF74A94DF5F9D35E3BAFFD0E13CD72029153B9D76132AB5CBC91,C,1,"[0.0, 6.0, 8.0]",True,0.0001,stationary,169.68701130000045,0.0025977758539990703,0.0021593452777851703,6.365686341482912e-10,2.2578171104167388e-08,13.156923027841561,1.051468090064502,11.760750381508075,12.98147035416496,15.278382649280728,5.0,0.4775553699840478,12.6,concentrated,2.995160413485654,11.801153247402647,13.924589522267429,2.1234362748647815,0.7234665968995941,0.04534862457263069,0.018840957233314685
4AE2938B58A19C8F96B156066BC19BCA3568A2BB0CE14BE30E00F97672BD413C,C,2,"[0.0, 6.0, 8.0]",True,0.0001,stationary,167.08666999999696,0.0016223773126943977,0.0014235380397762197,1.8851029026858634e-09,1.878217032260949e-08,13.18720293660558,1.2317016633456555,11.62962738658166,13.046199436435424,15.658999889140777,2.9760757614812894,0.5030187595621152,12.530000000000001,concentrated,2.5905522416120714,11.712941562948293,14.215271012276867,2.502329449328574,0.7525590168962812,0.048910623223985095,0.03906874741229083
46C7E0B8C047FA11791807F0F5EAF7168AB0DC01C391DCF86486958FD9CB14BD,H1,0,"[0.0, 4.0, 8.0]",False,0.0,stationary,15.946611199997278,0.0034946622564607705,0.0032019731510885834,2.0385590674178635e-07,0.0,12.946420509541866,0.0,12.946420509541866,12.946420509541866,12.946420509541866,5.0,0.0,12.946420509541866,delta,,,,,,,
5D3C82D3E4F354A03C73A616F8384B24923AD51626060BABF53147644D614720,H1,1,"[0.0, 4.0, 8.0]",False,0.0,stationary,16.44825099999798,0.003494664887742893,0.0032020107753116984,9.862982848582548e-08,0.0,12.94635825110629,0.0,12.94635825110629,12.94635825110629,12.94635825110629,4.999999999915686,0.0,12.94635825110629,delta,,,,,,,
4606EBE877AECA0CED5D717EE29552D956D2B4AA5661D1F32CCBE364C1A1F3D3,G1,1,"[0.0, 4.0, 8.0]",False,0.0,stationary,38.86320219999834,0.0029260412622897245,0.002788906974935822,6.273601814734729e-07,0.0,12.966662069387771,0.8093654242478546,11.634722426390164,12.966860092041241,14.298475591806186,4.999515803472759,0.0,12.965,concentrated,3.448311162910154,12.013345256995109,13.920556525857105,1.907211268861996,0.7610370449153253,0.03991368278862657,0.0399303947363276
6EB8E1FB64F7A082105286E7103F5524B2243F0C63CCA9029261CF533022F1BB,H1,2,"[0.0, 4.0, 8.0]",False,0.0,stationary,12.868622699999833,0.00350209907174007,0.003224431839002775,3.3461468515019206e-06,0.0,12.945601006439517,0.0,12.945601006439517,12.945601006439517,12.945601006439517,5.0,0.0,12.945601006439517,delta,,,,,,,
3EE887FEFD5CD27E9C7DB849AD508943B323793A96F2229EC7126B8EDD741759,G1,0,"[0.0, 4.0, 8.0]",False,0.0,stationary,32.64574139999968,0.0029501855419062756,0.0028330268889429264,1.7026226481170917e-06,0.0,12.961594580069212,0.8416292330105873,11.576159861472208,12.961931556733466,14.34676916095845,4.999999900152942,0.0,12.96,concentrated,3.3149539710232707,11.970061511277859,13.954128417295347,1.984066906017489,0.7610874554914088,0.04248729814816585,0.04668754230969229
9AE65DF70EA4AA39BEFE1F6FF2A9246AE7600078C0D6D23EA24EA604243E636D,G1,2,"[0.0, 4.0, 8.0]",False,0.0,stationary,42.233997800001816,0.0029575400448123507,0.002826825527816778,1.6497796863628573e-06,0.0,12.963988352231318,0.8385569631923484,11.583647628342366,12.96431218099414,14.344082601321363,4.999852669320407,0.0,12.965,concentrated,3.3272164166329534,11.976095952247164,13.95284097202922,1.9767450197820562,0.7610819635510228,0.04210980068399363,0.045811380340761806
083DE583DE0CC8BE14B94B43736C4FFA44254A763177A002BF4BDCCDDA383409,C,0,"[0.0, 4.0, 8.0]",True,0.0001,stationary,195.03556609999941,0.0005166797137903743,0.0003712542690773933,1.5020848561150954e-09,2.6025738571365466e-08,11.412076644062086,0.8227009082779133,10.015406668667575,11.432835942473636,12.701077821869072,3.360050105155667,0.4365749262991723,11.485,concentrated,3.3955674765166233,10.480596972334434,12.428472951939922,1.947875979605488,0.7635601408181396,0.13088890629321723,0.5559870767233829
F73918B6C35B2CD02F9FCFF32BCE72A2C0FF47EA47D1A9591F867E12993EEE90,C,2,"[0.0, 4.0, 8.0]",True,0.0001,stationary,199.68615900000077,0.0014347319756666196,0.0012408155934995084,2.340837028345207e-06,8.584864987010063e-06,13.202090682835044,1.2543186584313426,11.595787064184806,13.060533728244916,15.719137179663656,3.0201992524815964,0.4776044137701543,12.545,concentrated,2.4954918282349796,11.682193902571788,14.222001447533064,2.539807544961276,0.7506135327116155,0.05042761629465406,0.04356081139082933
7308196C44601722915650C1C6BA0EEA2A8852565F4355212BBEE19B39873929,C,1,"[0.0, 4.0, 8.0]",True,0.0001,stationary,168.46041490000061,0.0026147363083016428,0.002151322711412873,5.015562789054753e-10,3.023117482850489e-08,13.219281054898289,1.0301574443207615,11.881424127693043,13.013249897079675,15.468959685085492,5.0,0.45768297146816184,12.725,concentrated,3.299489219561315,11.944362375458574,13.752812747463386,1.8084503720048115,0.6892886487129688,0.032193284647143945,0.007622515849271527
E724F97D576436FF8FBD8435AF23201E088D39DACDFF494BB6254501FF42267D,H1,0,"[0.0, 4.0, 6.0]",False,0.0,stationary,16.931946799999423,0.0017819035732275933,0.0016232597729168735,3.273452248616604e-08,0.0,12.677319102539535,0.0,12.677319102539535,12.677319102539535,12.677319102539535,4.999999908157022,0.0,12.677319102539535,delta,,,,,,,
5C485E4F8BB5E79C816595DB3868FB2F30AEA9E5E7E15621A5053D52B83E917F,H1,1,"[0.0, 4.0, 6.0]",False,0.0,stationary,13.836545199999819,0.0017824337679493924,0.0016243542211701579,9.061598612203573e-08,0.0,12.66404547613451,0.0,12.66404547613451,12.66404547613451,12.66404547613451,4.999998847387414,0.0,12.66404547613451,delta,,,,,,,
D725BE1904E7426255ED4E768E2AAA1FA003BF441F6F90D2A91B8C7296D54D57,H1,2,"[0.0, 4.0, 6.0]",False,0.0,stationary,15.450068300000567,0.0016440141313492894,0.0014690325203199008,8.54889842821292e-08,0.0,12.673836976525044,0.0,12.673836976525044,12.673836976525044,12.673836976525044,2.6924297300389606,0.0,12.673836976525044,delta,,,,,,,
FB7C29E28552B4B847EE46FA5551EC27424EBAF9FB0CDF3364551A285539423F,G1,0,"[0.0, 4.0, 6.0]",False,0.0,stationary,49.2219406999975,0.0014344779062082068,0.0013528125779636456,4.6317668399826865e-07,0.0,12.637181327795275,0.7999328120910408,11.321256172282125,12.637207026415327,13.953097908797732,4.995557509122397,0.0,12.635,concentrated,3.4905505289722925,11.695222823060368,13.579212603431746,1.8839897803713779,0.7609801962249032,0.06916325827588736,0.0867583062882105
CE0551A6A8287EBBB9F63A0490C59C7C297891C4376D613D84BD98B0E651A580,C,0,"[0.0, 4.0, 6.0]",True,0.0001,stationary,192.20796390000032,0.0005119248862291118,0.00037362408709357446,4.720750095458635e-08,2.0055496169819637e-07,12.108137396806907,0.9262667517009726,10.761399959903393,12.053379679186872,13.773740402916197,3.357416601521858,0.42574330419757356,11.96,concentrated,3.289956071903603,11.03387369669663,12.96957828592299,1.9357045892263596,0.7398540158266208,0.1241428012368784,0.2703020729809432
C5D41C50A502CE0535A55DDDA83D2BD319E81EAF82FA5609E39594853EFDCE9A,C,1,"[0.0, 4.0, 6.0]",True,0.0001,stationary,180.99001039999712,0.0015543317212347604,0.0012651139765650517,2.9517529984020885e-09,5.240432270420194e-08,13.18175015602389,1.4314207542507662,11.293745137974717,13.068989904951728,15.680302265661421,2.0592147673870818,0.3356373871807301,12.685,concentrated,2.574843509091199,11.82445355756768,14.00073902498782,2.17628546742014,0.6430565690369285,0.03784523018822537,0.06368262896329566
81DF0E30B4F339DF488B29562ADABEFA6734A6381BCF2896594AFB9019ABEED1,C,2,"[0.0, 4.0, 6.0]",True,0.0001,stationary,204.6201285999996,0.0008785865927685132,0.0007645355228669908,5.20733156551884e-09,4.1762426268096976e-08,13.13100576051881,1.3295384442660008,11.429814718201364,13.013367360537238,15.641838157925468,3.2603265975541813,0.3116139480129727,12.6,concentrated,2.444299835265207,11.643374425201483,14.156491460971955,2.513117035770472,0.718751078732901,0.05292140663900825,0.0645769733446418
5D4DB77DFA40895F2F3E1B655F0CB3674010E822423E927B539A4FDB2DECAD1D,G1,1,"[0.0, 4.0, 6.0]",False,0.0,stationary,45.19432080000115,0.0014205408224044497,0.0013410901109798922,1.2623208387859932e-07,0.0,12.636078653236014,0.8271184536868407,11.275321953871485,12.636123382289492,13.996815478164809,4.999999210502885,0.0,12.635,concentrated,3.3754977012956475,11.662025207273159,13.610258746030063,1.948233538756904,0.7609897717819168,0.07007014340341679,0.09428550471198414
F377443D5F9840F3BCF75727689C0457CFB7A8716D62184DC1F1395E085A2F08,G1,2,"[0.0, 4.0, 6.0]",False,0.0,stationary,50.439247700000124,0.0014347350862079897,0.0013529193835315648,8.966605465449726e-07,0.0,12.636994725458262,0.8017331609247874,11.318102277073816,12.637021408359027,13.955878079044814,4.987227714481282,0.0,12.635,concentrated,3.4826962220752056,11.69291137463871,13.581152891659968,1.8882415170212585,0.7609808265865996,0.06924218695614817,0.08728008046336999
3D6916A3547014ED726E98E9A6610FF4415FEE792BFF1B14D6EB6E7085181080,C,0,"[0.0, 4.0, 6.0, 8.0]",True,0.0001,stationary,102.3923321000002,0.0006555977003345249,0.0004649329268834892,0.0,3.786821486301598e-07,11.69199216178902,0.8775652078801985,10.352407271751147,11.651739126722557,13.101322825767962,2.9785358145809564,0.4547169901889341,11.625,concentrated,3.4040810003721775,10.66785705863308,12.587657492194515,1.9198004335614343,0.7559992492190051,0.13497862542448827,0.4497852206485033
07B9E38571F84A2FBFBD0B38D32A247CC8B08DA400409577315D7DC021E9EEFA,C,1,"[0.0, 4.0, 6.0, 8.0]",True,0.0001,stationary,85.1275057999992,0.0006555977003539294,0.0004649329135511364,0.0,1.0233171203729506e-06,11.691993360167471,0.8775672723563887,10.352407382209782,11.651739541861648,13.10132643475644,2.9785358145809564,0.4547169901889341,11.625,concentrated,3.404080487412651,10.667857742271043,12.587657584313206,1.9197998420421634,0.7559988761498988,0.13497859948384236,0.4497850252121996
9237A18C5330CE1683DA2115AB52609AB0FF7572B7441C7C1B608C39491B7978,C,2,"[0.0, 4.0, 6.0, 8.0]",True,0.0001,stationary,98.38586170000053,0.0006555977003248885,0.00046493294148234476,0.0,2.2009801795975072e-07,11.691992262675635,0.8775653971367606,10.352407198785732,11.651739120301155,13.101323152528556,2.9785358145809564,0.4547169901889341,11.625,concentrated,3.404081285438841,10.66785746018053,12.587657382949972,1.9197999227694424,0.7559990812631072,0.13497862991525605,0.44978521865704607
34A4E6469744880ABAEFCC4231F17563F84EFB6D97A8DB33D5FD3A77A5ED6923,H1,0,"[4.0, 6.0, 8.0]",False,0.0,stationary,20.395075700002053,0.002106989242158234,0.0017069869413266685,5.520077020490664e-06,0.0,11.953335400735497,0.0,11.953335400735497,11.953335400735497,11.953335400735497,2.7256565979968577,0.0,11.953335400735497,delta,,,,,,,
0FEED4E0D8E5EFF4BE060A8AA2F6C7ADEA9F54E41659BF202D20201F12188684,H1,2,"[4.0, 6.0, 8.0]",False,0.0,stationary,18.213050000002113,0.004145443240970583,0.0038753634646674956,6.551313298788866e-08,0.0,12.954518451478192,0.0,12.954518451478192,12.954518451478192,12.954518451478192,3.410528204922244,0.0,12.954518451478192,delta,,,,,,,
3A8A1AA9D44DEC538CB975F397DCC5BD4A839E8D9C4C0A147EEE84716C21EF77,H1,1,"[4.0, 6.0, 8.0]",False,0.0,stationary,18.13578530000086,0.0021069830576826774,0.0017068625143467776,6.683287761340313e-07,0.0,11.953406673061151,0.0,11.953406673061151,11.953406673061151,11.953406673061151,2.725815064852323,0.0,11.953406673061151,delta,,,,,,,
9A2F03DF6FC9581406022273304D906CEBCDBA5F24E336D7A8515F02AD61E7B3,G1,0,"[4.0, 6.0, 8.0]",False,0.0,stationary,44.0967442000001,0.0012902376768481139,0.0012077576508542252,3.130148356118892e-07,0.0,11.668244489075798,0.7627803336607721,10.412603500296276,11.667787708662544,12.924287181881839,3.8098597234451517,0.0,11.67,concentrated,3.6561829657441254,10.76803509121857,12.567080703101423,1.7990456118828533,0.7611515421857334,0.1452351497011345,0.43787018766356445
EDB07541F73FFF10D69A190B8A6B6C9F3CF8B0CDD891F4D4F907987A2A1C7C74,G1,1,"[4.0, 6.0, 8.0]",False,0.0,stationary,40.06719090000115,0.0012902293644985016,0.0012077157596563917,9.577465398066655e-08,0.0,11.668220343466839,0.7628323051901894,10.412493131865771,11.667763107807598,12.924349793481987,3.8092690923673125,0.0,11.67,concentrated,3.6559293122933187,10.767947612844637,12.567118462274843,1.7991708494302063,0.7611517722809591,0.14522508205271537,0.43788714810417534
7822091A31589BED88C35EFFC733C8B3BFEADC6E1A38975DC41A6CF5F22F3200,G1,2,"[4.0, 6.0, 8.0]",False,0.0,stationary,39.63164080000206,0.0035937205509828443,0.0035189915078298415,7.145494337739617e-08,0.0,12.933677426768778,0.7405168738190068,11.715489059704325,12.933717197798481,14.151853194820113,4.999996165434972,0.0,12.935,concentrated,3.7706105368873852,12.061701785460405,13.805764221765,1.7440624363045938,0.7609806019028907,0.03703284644351159,0.0307059471362077
CCD60A9994BAEA212E447BAFC7CC72EE45651C00F028A0D99D12F13863FDFCF5,C,0,"[4.0, 6.0, 8.0]",True,0.0001,stationary,171.38104079999903,0.0006113797550014718,0.0004568237558883973,1.952933578344114e-09,1.5728838221131837e-08,11.597732562268298,0.8099948881344501,10.25819714898743,11.600828629021025,12.923026176511613,3.131530349929338,0.44944938790546907,11.61,concentrated,3.5129870450438343,10.676940581367605,12.527519248835835,1.8505786674682305,0.7513501561246181,0.1389181711021675,0.4736972438363809
7E95FA21D5BFDB032EE3CBEA3D23BC1F32123AF5CEEE4993E13277681849A4C8,C,1,"[4.0, 6.0, 8.0]",True,0.0001,stationary,193.4338805999978,0.0006860162565625079,0.000481166550579298,2.2405631901208028e-07,2.8375754947205633e-07,11.697474419910012,0.7990587472060448,10.403414912836563,11.697706364546937,12.962311355228259,4.376886197005032,0.45303608078574653,11.7,concentrated,3.7122823276069985,10.833916482707126,12.572200291504213,1.738283808797087,0.7470699225089936,0.14744492182957938,0.42134685995790794
F548CF82675B3648D3AD94EDE146B096075C91B2C306BF2B277F58320A2F027B,C,2,"[4.0, 6.0, 8.0]",True,0.0001,stationary,177.09655420000126,0.0006007380645681234,0.000431684433582802,1.8942579480701436e-07,3.7081112781814926e-08,11.632521385089529,0.7996755880607028,10.30005943235933,11.63810748469346,12.943553241480641,3.4407968855060296,0.45021571251112813,11.645,concentrated,3.5533250528053983,10.730937803573546,12.556871024310686,1.8259332207371397,0.7507764995964203,0.14097801661807738,0.4545573524566575
713B2119587680F7EA9AF9E7E273EC19B43AD73A28B586325BBE91ADC1726D7A,H1,0,"[0.0, 6.0, 8.0]",False,0.0,stationary,17.578244699998322,0.0046686769841289034,0.004316670977121502,9.342777591397765e-08,0.0,12.920841862128068,0.0,12.920841862128068,12.920841862128068,12.920841862128068,5.0,0.0,12.920841862128068,delta,,,,,,,
095A3B885E4BBBC83176BEFF20DF2F66FF7B2346A33AED57D7A68E13FCEDD661,H1,1,"[0.0, 6.0, 8.0]",False,0.0,stationary,17.370853699998406,0.00467491276726581,0.004324369863813492,3.4297637624361155e-08,0.0,12.899465872148168,0.0,12.899465872148168,12.899465872148168,12.899465872148168,5.0,0.0,12.899465872148168,delta,,,,,,,
B04663E1C126FE1CE39CBC3B0BFC1E2C37A8F5BEC595BD10FEE994DDF05EF5A2,H1,2,"[0.0, 6.0, 8.0]",False,0.0,stationary,17.704717699998582,0.004567552623847458,0.004217871871563392,9.736124299750234e-08,0.0,12.92741041398628,0.0,12.92741041398628,12.92741041398628,12.92741041398628,5.0,0.0,12.92741041398628,delta,,,,,,,
953F24DA020B8B663228A35E21E8745754694001730B154D033AB8E4DBB4166F,G1,0,"[0.0, 6.0, 8.0]",False,0.0,stationary,35.21125829999801,0.003711253662121482,0.0035846138634874013,8.441486862679137e-08,0.0,12.951501146577291,0.7757603439861164,11.67515776795333,12.95159706064854,14.227798616524705,4.999999999999929,0.0,12.95,concentrated,3.598697494099939,12.037926159974292,13.865349950537688,1.8274237905633957,0.761000368887158,0.0385520268536363,0.03528346695697796
266D94D480EB7538BC976D17C57C0F086778F871A1BF4EC81EF1E88F792ECBEE,G1,1,"[0.0, 6.0, 8.0]",False,0.0,stationary,34.73744159999842,0.003705007273846764,0.0035783076372513825,7.751647056488344e-08,0.0,12.952233139153657,0.7857892688991424,11.6593225720618,12.95235117773007,14.245082162569924,5.0,0.0,12.95,concentrated,3.552536105664596,12.026809303713565,13.877996922203625,1.8511876184900604,0.7610092034088569,0.03928246482818492,0.03704849860106522
E4864E1380980B5B7E95A86F9576CEB04FA3184354A6E96C1EBBA83F335AE36E,G1,2,"[0.0, 6.0, 8.0]",False,0.0,stationary,44.898853900001995,0.003705007306074242,0.0035783071291809357,5.8373383981117094e-08,0.0,12.952237915613074,0.7857943426456722,11.659318956297689,12.952355968913897,14.245095320545543,4.999999999999998,0.0,12.95,concentrated,3.5525129542907825,12.0268080687432,13.878007751595359,1.8511996828521582,0.7610092142603992,0.039282477755128956,0.03704894527111089
ABDE105D81759E0B5D98B24AA5C2BE07A14C675612E6B7ADCA44DD59AAA23DF5,C,0,"[0.0, 6.0, 8.0]",True,0.0001,stationary,181.9409893000011,0.0005986258213835485,0.00043729888865552647,7.0127472984952e-08,4.4470096623508686e-08,11.629270017699397,0.8311049165425871,10.301413631376825,11.621222258178953,12.943772814804895,3.313505964659519,0.46310394012137523,11.625,concentrated,3.57578946290152,10.715968804291274,12.523587287231374,1.8076184829401,0.7476444798571229,0.14158717404033627,0.462837701024454
956DFDECD987783E5904431D0C84384A2BB315B34FA144D212579F7BE2F0A77A,C,1,"[0.0, 6.0, 8.0]",True,0.0001,stationary,174.62054669999998,0.0030427921972799132,0.0025552476120734944,5.807144994621937e-10,4.4146710134697256e-08,13.162184751770672,0.9738369114354708,11.87036983854857,12.97560713978204,15.11676597495253,5.0,0.4929957532735174,12.64,concentrated,3.3376307376135554,11.91518636171574,13.728258850907892,1.8130724891921517,0.6899230982469735,0.03406282232100056,0.007377659227571193
3D113FDBD0BDC0631AE5AE5AD843B22F215AFC33421B6FF3FCCBFE7885C3088A,C,2,"[0.0, 6.0, 8.0]",True,0.0001,stationary,173.0814406999998,0.001675454107060503,0.0014857104816898264,4.7131998084833755e-09,1.6567144440170212e-08,12.986516109645027,1.3898548066406746,9.881018114216603,12.913075374055083,15.626013789359098,4.502760327687404,0.5438719938791925,12.475,concentrated,2.6216862259768523,11.708211956824561,14.127481409057753,2.4192694522331912,0.7164284576004609,0.05000640085046318,0.0794315667098829
307FE9D451A3C8FBF26D484E4ECBE00D0B41F8A7AA0D71D7DE557FD711D669AE,H1,0,"[0.0, 4.0, 8.0]",False,0.0,stationary,18.30663910000294,0.0042993313506559236,0.004067880813444276,4.1562586641539375e-06,0.0,12.845721612075522,0.0,12.845721612075522,12.845721612075522,12.845721612075522,4.999999999996296,0.0,12.845721612075522,delta,,,,,,,
0B5BCF762151ED7CF2D77314CB1B3E94979AB390C47F3E21AE5E369CC8E6FE47,H1,2,"[0.0, 4.0, 8.0]",False,0.0,stationary,18.479563599998073,0.003942690320912643,0.0036578730323253775,3.655966877561062e-06,0.0,12.865723214930448,0.0,12.865723214930448,12.865723214930448,12.865723214930448,5.0,0.0,12.865723214930448,delta,,,,,,,
EDF0F2905BC22A5C2AD251A66F3D070A2ECC0BA519ABE4A63784CAAF6723CEC3,G1,0,"[0.0, 4.0, 8.0]",False,0.0,stationary,47.16651410000122,0.0034344113872727174,0.0033246717761489814,5.2984093735939454e-08,0.0,12.897538082495426,0.8026972168982284,11.576783775544314,12.89766401968389,14.218224703156588,4.9999987538475885,0.0,12.9,concentrated,3.4776311229700445,11.952186112862636,13.843253306748371,1.8910671938857355,0.7610116239181696,0.044986871993857834,0.04645379825454821
8A1E895AE0F227FE80491692C180979DD964165C74A6022C240E3570B5AA1D99,H1,1,"[0.0, 4.0, 8.0]",False,0.0,iteration_limit,17.837991799999145,0.0042987123786594455,0.004067533704768711,1.443704150873249e-05,0.0,12.845902881304616,0.0,12.845902881304616,12.845902881304616,12.845902881304616,4.999999999999483,0.0,12.845902881304616,delta,,,,,,,
70473FF98387C7AB46C6FE029F52D810049F94B20BD82D68636370316F649FE1,G1,1,"[0.0, 4.0, 8.0]",False,0.0,stationary,42.87800470000002,0.003433267585645048,0.003327528473686037,2.3337658018092065e-08,0.0,12.89653630476714,0.8015087848091376,11.577747956902172,12.896658773507875,14.215259559078797,5.0,0.0,12.895,concentrated,3.4828274229532132,11.9525909538239,13.840834187618032,1.8882432337941317,0.7610096993410134,0.044988079616385734,0.04633185853740373
B84D0CEF5AF3FC900B84C224C99284CAAF36BFA9A42C11F0D42549067B724EDE,G1,2,"[0.0, 4.0, 8.0]",False,0.0,stationary,36.457015399999364,0.0033768808601169487,0.003256816288966988,8.352394797982476e-08,0.0,12.93435273139316,0.8030615645434828,11.612923192803615,12.934504155599848,14.255695066086549,5.0,0.0,12.935,concentrated,3.475824700076169,11.98853501093551,13.880608871314143,1.8920738603786322,0.7610192021637683,0.04199919378072814,0.042244310379143765
6EF0CBF3FADC405888E835E765599F633FB0E7AF6AA0D33B470710E0B925AC98,C,0,"[0.0, 4.0, 8.0]",True,0.0001,stationary,185.06993440000224,0.0005432508658931133,0.0003863131644624373,6.307294251525181e-09,1.0080290702271701e-07,11.773784758867514,0.8320935588795727,10.447633435803258,11.759889871843976,13.175550706223106,3.3284748805987006,0.4560316785731382,11.735,concentrated,3.5133318577887955,10.832218165209648,12.659194448928044,1.8269762837183965,0.7431233689266297,0.13939176659840807,0.3947196116328639
B80962736494B1020A5C94CCA3239A3000C3E29678AB439DB5AEF67A5F909106,C,1,"[0.0, 4.0, 8.0]",True,0.0001,stationary,171.34750160000112,0.003496401139832353,0.003051903611590113,4.746018615572072e-09,1.7002503932404172e-07,13.187026171640932,0.9252504458599714,11.959619315831565,13.01321330686753,15.096344021177725,5.0,0.4500367114331232,12.754999999999999,concentrated,3.571111912880234,12.028648393252478,13.69875035903595,1.6701019657834717,0.6886454506759214,0.02324418107056829,0.0031485800354732383
D34AA4B7536F26ED86917077EC5FDF079B08B73E79F84AB1207101D43304E211,C,2,"[0.0, 4.0, 8.0]",True,0.0001,stationary,183.7896910999989,0.001564807770150561,0.0012873416012941252,1.2518195169571969e-06,4.4746014953383714e-07,12.978975543859686,1.464265265638597,9.575338432975498,12.933595914572882,15.60171156031269,4.999741148718074,0.4832254499653945,12.56,concentrated,2.698592256377618,11.812475095995,14.011185918513508,2.1987108225185086,0.665838373102426,0.03907030416699779,0.08632466260988753
D8F510C9FCF2707BAAE7E7B8D361DC8971D5D83DFF809CBD709AC55E3BA27B6B,H1,1,"[0.0, 4.0, 6.0]",False,0.0,stationary,22.23203740000099,0.0019232783730135958,0.0017859293890973827,4.738409769929299e-07,0.0,12.706491071767694,0.0,12.706491071767694,12.706491071767694,12.706491071767694,2.618942081791566,0.0,12.706491071767694,delta,,,,,,,
C6B3C8D9C6C6E5B3365EA134A75E5C7F1E1EF5D164D9B465EE63CB033FFEA5C5,H1,0,"[0.0, 4.0, 6.0]",False,0.0,stationary,17.846991999998863,0.0018589081951316934,0.0017408700616127649,9.377905437766087e-08,0.0,12.691865418488831,0.0,12.691865418488831,12.691865418488831,12.691865418488831,2.717570312081721,0.0,12.691865418488831,delta,,,,,,,
5D0CC81A82DA47DEA611B9E6F6FF5647AF9008603DC5F5E67AA494EFF418AED6,H1,2,"[0.0, 4.0, 6.0]",False,0.0,stationary,18.934714899998653,0.0017104564407440163,0.0015323209281640304,9.740139709903032e-08,0.0,12.699184851530621,0.0,12.699184851530621,12.699184851530621,12.699184851530621,2.4983400084792797,0.0,12.699184851530621,delta,,,,,,,
FCB72BEBB4450A8405BFA2587B5603D20F8339D726215BF22B391C774A7FCC99,G1,0,"[0.0, 4.0, 6.0]",False,0.0,stationary,47.04888280000159,0.0013568239032132057,0.0012728181156839817,4.1708767163196764e-07,0.0,12.640069365253153,0.8237035994519548,11.284944649017513,12.640112558852932,13.995175421944403,4.999928333564605,0.0,12.64,concentrated,3.389538250230768,11.670051338370826,13.610210568235736,1.9401592298649106,0.7609878088474052,0.0695962148530692,0.09256447959523001
4D921125879D6CC4A9AFB979EDB97F4D5E821D9CF6CEEF898E70ABA87F3F66FF,G1,2,"[0.0, 4.0, 6.0]",False,0.0,stationary,47.2766515000003,0.001355292207418791,0.0012715715797010894,7.927343360196338e-07,0.0,12.637281083486092,0.8234101848914719,11.282642309844256,12.637323059972463,13.991901826674177,4.998609389566363,0.0,12.635,concentrated,3.390742135723921,11.667606042624802,13.607075613140474,1.939469570515671,0.7609893796189662,0.06985817091328823,0.09304802033085316
73E77611ED72F7E5017D88931013953E5053FBDE62FBB7E0BC81150E36D84D1C,G1,1,"[0.0, 4.0, 6.0]",False,0.0,stationary,46.31588589999956,0.0013403195558624591,0.0012588227865809795,1.0118836958260642e-07,0.0,12.635841520732015,0.841066392314538,11.25205935271193,12.635899844684214,14.019594378119542,5.0,0.0,12.635,concentrated,3.3192870058794584,11.64530256720346,13.626548806335602,1.9812462391321422,0.7609974083293161,0.07041719350533204,0.0980647355525518
12D84DDC784404E8B31B1425EC867000A84E46C0E845A4D2EF87C169C67172A7,C,0,"[0.0, 4.0, 6.0]",True,0.0001,stationary,187.6284381000005,0.0004568056058313154,0.00032784059655671676,1.514314287811585e-09,2.131999612795557e-07,11.587446971136849,0.7878316505321585,10.262077442015052,11.602492970064304,12.86483517298792,2.8432861569012373,0.4521924378457889,11.635,concentrated,3.432829746771527,10.633910610635612,12.587053976871216,1.9531433662356044,0.7764039380022235,0.1362623044501902,0.4735267130515254
A2B5977761D39C5D251FA3DCA5F5D4D91CA76CA7F1106A6BEBBEF14698BC6F51,C,1,"[0.0, 4.0, 6.0]",True,0.0001,stationary,173.87052949999998,0.001529667116233578,0.0013051964205518885,1.5408776401051847e-09,3.729615581808866e-07,13.184297970722884,1.1826871332359783,11.615376977249865,13.059747090321297,15.531468350504143,1.3568959186772445,0.28782544117451203,12.725,concentrated,2.614640737880675,11.740282549671928,14.231363357399738,2.49108080772781,0.7502682671664098,0.04723866766398821,0.04111416397857127
BBA393CB78CF0575CF3BFA99F72112F4D9697F67F354D9E87A80E08517A9F024,C,2,"[0.0, 4.0, 6.0]",True,0.0001,stationary,171.17104169999948,0.0009602944371545911,0.0008274016497943096,4.004159450607761e-09,7.78604617868167e-08,13.046731774853667,1.2545537263659383,11.49617401798731,12.928699590464737,15.530917762338188,5.0,0.33107375938398853,12.64,concentrated,2.80915317319272,11.743187989041857,13.89812982389678,2.154941834854922,0.7040580614024683,0.05027470092801984,0.05615586947810074
857D97DF6A72D95B468E1B816A791FB6D421B72F357A7CD82474E906AC7B1339,C,0,"[0.0, 4.0, 6.0, 8.0]",True,0.0001,stationary,91.361261500002,0.0006849211732314476,0.0004899023868417177,0.0,5.570800423746803e-07,11.633443450854154,0.8319303584261017,10.264636091695678,11.634151198727809,12.990256442814815,2.9785358145809564,0.4547169901889341,11.64,concentrated,3.458848811979391,10.699661920938782,12.5714319975587,1.8717700766199172,0.7480293360337795,0.13721325542941037,0.4577011808172623
1655ECB5EF8A34703E25B05C9F782115B630F980B630425C6EE2ECB47A4BB543,C,1,"[0.0, 4.0, 6.0, 8.0]",True,0.0001,stationary,72.36666699999842,0.0006849211732523273,0.0004899022249085992,0.0,5.274200316726142e-07,11.633442837004482,0.8319278655900236,10.264637921444345,11.634150976479756,12.990254158431707,2.9785358145809564,0.4547169901889341,11.64,concentrated,3.458851500909789,10.699661817298757,12.571431029099516,1.8717692118007587,0.7480295557472714,0.13721336448383556,0.4577012574945323
605C9B452D06F854066EC4EB6C88939E41358EA08A0E7B15097A09CEAE145AEE,C,2,"[0.0, 4.0, 6.0, 8.0]",True,0.0001,stationary,70.4980214999996,0.0006849211732243676,0.0004899023444656822,0.0,9.628771914822342e-08,11.633443362345831,0.8319296228610532,10.264636815679713,11.634151191911405,12.990255734017673,2.9785358145809564,0.4547169901889341,11.64,concentrated,3.4588493400464584,10.69966179467748,12.571431959147535,1.871770164470055,0.7480294953032023,0.13721327760209315,0.4577011778081554
E5B3F511D7900B1DD08A6A82D22923BBF7001F3EAD955A6318F109BC361EE8D9,H1,1,"[4.0, 6.0, 8.0]",False,0.0,stationary,15.12212880000152,0.0024120116613723193,0.0021058232747763993,7.56677040142126e-08,0.0,12.037355962223028,0.0,12.037355962223028,12.037355962223028,12.037355962223028,2.755121762751962,0.0,12.037355962223028,delta,,,,,,,
23A119F9FA7369706DEC17D97538375EB7F48C760D501A6D8A06418F51B1F766,H1,0,"[4.0, 6.0, 8.0]",False,0.0,stationary,13.613264100000379,0.0024136669521895946,0.0021110017146956372,8.281188918328068e-08,0.0,12.05684206662399,0.0,12.05684206662399,12.05684206662399,12.05684206662399,2.730024253110892,0.0,12.05684206662399,delta,,,,,,,
D50BDF3486B294D5420B6C5063FDC1868F47CC708A88A22136341C1A686346F6,G1,0,"[4.0, 6.0, 8.0]",False,0.0,stationary,39.782585400000244,0.003921613000327662,0.0038591865888386546,1.5846076774149204e-07,0.0,12.939590256985106,0.7293785865898947,11.739751748030292,12.939621549795497,14.139420072469191,4.999999636295139,0.0,12.94,concentrated,3.82830017572717,12.080746784619825,13.798521622583655,1.7177748379638302,0.7609772187221053,0.03553648838704544,0.028245293676481806
C7058147B2C2578D9847B4D08A8BC999FBA3B6BD95B3191840FF110915F4CC4B,H1,2,"[4.0, 6.0, 8.0]",False,0.0,stationary,15.038561199999094,0.004478806074933917,0.004259871028935992,2.479202393757557e-07,0.0,12.931722209963961,0.0,12.931722209963961,12.931722209963961,12.931722209963961,3.0273828806559813,0.0,12.931722209963961,delta,,,,,,,
ECD526675EA7C2CB79758279F565F3D8E1E05D750AB3273B6B5FC670A0C045EA,G1,1,"[4.0, 6.0, 8.0]",False,0.0,stationary,41.26667980000275,0.0012770965990158711,0.0011940819679094649,2.316067859163251e-06,0.0,11.69589259420026,0.7497613810126837,10.461900629108134,11.695573003472102,12.930132983209909,3.645562455755463,0.0,11.695,concentrated,3.721027026664472,10.811636055949263,12.579199521856285,1.7675634659070223,0.7610923272682781,0.14782736899619753,0.42223978713670557
0292CFC83890EE0F25680C4BCE8F3AEA1F59DC12833F982D1390EEA8B03DCB45,C,0,"[4.0, 6.0, 8.0]",True,0.0001,stationary,182.87494290000177,0.000583268845114951,0.0004105286823237443,1.507294310751492e-07,2.0581588207747685e-07,11.482037252082513,0.8236457803240103,10.08316453286212,11.505941969399343,12.745562383083751,3.2680529455495697,0.42572215565414506,11.545,concentrated,3.522704081859995,10.60963017841051,12.459533107222065,1.849902928811554,0.7537639920843248,0.13772486850946397,0.5213357762238671
A1210142A8B278761AE3E1C24E30A33651B1ED0C5705B188EC18D7A0385D4D36,G1,2,"[4.0, 6.0, 8.0]",False,0.0,stationary,42.87959359999877,0.003920892196600811,0.003859905085438935,7.002634646599707e-08,0.0,12.938871462830052,0.7322176095785172,11.73435579646046,12.938904909576603,14.143377478462641,4.999519653831443,0.0,12.94,concentrated,3.8134264598484036,12.076679971103587,13.801156289514473,1.7244763184108862,0.7609783862508552,0.03585568949329581,0.028792489801864187
0A10D5A6C25D8C5EEEB8A2335BC5CF4A6A8C736954EFD007C7DF212B2415C560,C,1,"[4.0, 6.0, 8.0]",True,0.0001,stationary,177.57378379999864,0.0007424396867534385,0.0004845850004506204,2.080833221612071e-08,2.43656575724837e-07,11.516751414575948,0.8183728133690001,10.059650219263142,11.562656368461667,12.720241267471883,3.6633467074350508,0.4326759908703046,11.620000000000001,concentrated,3.6651019489119943,10.737050830914564,12.491890836391825,1.754840005477261,0.7457467366051715,0.1450116421265578,0.4925377767863551
6A388193CAA8A41F4D67AFBF781E4C70A2BF52A00C462F78CF57A8400F340874,C,2,"[4.0, 6.0, 8.0]",True,0.0001,stationary,175.38068990000102,0.00170733416887452,0.0014987062494631693,1.9157276873655497e-06,2.8737104264622577e-08,13.044998385209519,1.3781581986835134,11.271190140611141,12.954580520105218,15.705613474723949,3.222270900477282,0.5828787186156059,12.42,concentrated,2.5424603544592648,11.675592549190513,14.22639229214473,2.550799742954217,0.740387590641046,0.0522325299183605,0.07104022946401424
4B1F788CABD2C107B35DA8E220B72753A363D47A8DC47E15EF99CB2BFF21A440,H1,0,"[0.0, 6.0, 8.0]",False,0.0,stationary,17.915843899998436,0.0031695780783926523,0.0027544341622810077,7.020960643759223e-07,0.0,12.079528407506944,0.0,12.079528407506944,12.079528407506944,12.079528407506944,3.5488212571952356,0.0,12.079528407506944,delta,,,,,,,
B0BC292AC48231FB0DFEE4C1B4610F8F490576DEF28206F3FDF3F5EDBA1C5E12,H1,1,"[0.0, 6.0, 8.0]",False,0.0,stationary,17.910856099999364,0.0031771765712343145,0.002756491607492435,1.1820321702055828e-06,0.0,12.081752824427117,0.0,12.081752824427117,12.081752824427117,12.081752824427117,3.545613966880934,0.0,12.081752824427117,delta,,,,,,,
6F4C2CBB300147A9E93BAF88A927149123C33D497E758A8BEB6ACAB75B019928,H1,2,"[0.0, 6.0, 8.0]",False,0.0,stationary,18.468863900001452,0.00480797349403333,0.004492543860865067,7.909018661910132e-07,0.0,12.942377589398525,0.0,12.942377589398525,12.942377589398525,12.942377589398525,5.0,0.0,12.942377589398525,delta,,,,,,,
2FDCEB6C41C115CB95CF37944095933B16DC6E7F7089C28CF3D8470343A39718,G1,0,"[0.0, 6.0, 8.0]",False,0.0,stationary,41.38960919999954,0.0013673295544777623,0.001233493144389422,9.853407807992703e-08,0.0,11.650005484582621,0.7902323490890208,10.348757597312572,11.649234921429278,12.952058017284022,3.3058067902775066,0.0,11.65,concentrated,3.526521739749239,10.716065927013299,12.581583027390455,1.865517100377156,0.761282252762056,0.14001789121712252,0.44931299878945385
01218EF51AAF29A2530AB1C43967976539DAD46A51830F76D4337E8989010107,G1,1,"[0.0, 6.0, 8.0]",False,0.0,stationary,41.00602290000097,0.001367331084575366,0.0012335060750130668,1.9119033962109455e-07,0.0,11.650780724354538,0.790214539318019,10.349565511858371,11.650012866256521,12.95279678296242,3.306300132085667,0.0,11.65,concentrated,3.5266281936266384,10.71687455642432,12.582333345994883,1.865458789570562,0.7612808190810774,0.1400286393357231,0.4489227656013559
BB6FB78BC179DE5AA7DBF2F05E5A30D502FA533450939C4A428D4905890DF454,G1,2,"[0.0, 6.0, 8.0]",False,0.0,stationary,38.06582509999862,0.0013673295367660717,0.0012334925442419294,9.699730912301768e-08,0.0,11.650009045349025,0.7902390092811237,10.348750115622057,11.649238415158786,12.952072712445965,3.30565985881282,0.0,11.65,concentrated,3.5264915106097234,10.716061352466864,12.581594517005344,1.8655331645384798,0.7612822787351042,0.1400167355284816,0.44931168512803077
FCFF0663ADCDA3AF7B35BE9B6F27A5C4CECF59DCBE69BA0BF533EB9DF88EFFCA,C,0,"[0.0, 6.0, 8.0]",True,0.0001,stationary,185.91459109999778,0.000586265155771269,0.00040908989354477605,7.671378507481405e-08,4.4309596629730943e-07,11.451687377956077,0.851009675806273,9.999249430689106,11.47733130292728,12.755734341523123,3.124827133954992,0.41416032049801,11.52,concentrated,3.4388708663567007,10.563461504029442,12.447859435168505,1.8843979311390626,0.7491622713729779,0.13378799043034353,0.5348775476498139
F5EB605DF244A05DE4E3B1364F30CF6435CFF54AE7EBB1210CB2DF1225F6F291,C,1,"[0.0, 6.0, 8.0]",True,0.0001,stationary,174.91481759999806,0.0007716595176155553,0.0005128227312864742,8.537988662434609e-08,2.9180607248396277e-07,11.763164585564924,0.6628808678119156,10.688071949679788,11.7503945544793,12.880175773978033,4.999999998959007,0.41853318821468477,11.71,concentrated,4.01606233992165,10.905270088006587,12.585838893752653,1.6805688057460664,0.7844228874722153,0.1594134807239214,0.38488713897076055
756EB1FB631E495A9EB3104FD66898E6DA1E6140151AEE5E6A7EEFBF6CA24525,C,2,"[0.0, 6.0, 8.0]",True,0.0001,stationary,184.97901130000173,0.0005854165766425505,0.00040753546882486174,4.2742745262343656e-06,4.92685501157441e-05,11.47186210858851,0.840121893529732,10.044076507190123,11.495254752862085,12.771324523206232,3.1518285010196427,0.4138465853520208,11.535,concentrated,3.4596062105520224,10.58186015702826,12.459021711327821,1.8771615542995619,0.7509987615553804,0.13496932512161403,0.5262358921291888
32334EF7AA02809D51335E2401C9667CF9AEDF1C7D7EA2D59832A02AB65B6DCD,H1,1,"[0.0, 4.0, 8.0]",False,0.0,stationary,18.72789399999965,0.002917527613476298,0.0025223406554560255,1.5032059570341852e-06,0.0,12.064358743435188,0.0,12.064358743435188,12.064358743435188,12.064358743435188,3.430699431776229,0.0,12.064358743435188,delta,,,,,,,
502243B55D845F9B1072C0848D76246DEC9664801E61042C4540D87A63D48C94,H1,0,"[0.0, 4.0, 8.0]",False,0.0,stationary,15.478976900001726,0.003273449751055511,0.002948545940520198,3.618287327655163e-07,0.0,12.098451034616177,0.0,12.098451034616177,12.098451034616177,12.098451034616177,4.287251768735827,0.0,12.098451034616177,delta,,,,,,,
4985641043E6AE23185C7F40E175472F01B0541E14BA6433147F217A57748A51,H1,2,"[0.0, 4.0, 8.0]",False,0.0,stationary,22.244682600001397,0.00443508069247489,0.004191866576075618,4.31232019529573e-06,0.0,12.931028575687787,0.0,12.931028575687787,12.931028575687787,12.931028575687787,4.877446021052679,0.0,12.931028575687787,delta,,,,,,,
36E3706672C37AE47BED2CFFB151F64204618A8FA5585BAEE26387F1F31049B3,G1,0,"[0.0, 4.0, 8.0]",False,0.0,stationary,43.32993379999971,0.0035486531863801298,0.0034462166534475445,7.52220001051884e-08,0.0,12.920510493188857,0.8233860082586332,11.56547467054285,12.920716384402336,14.275412840164906,5.0,0.0,12.92,concentrated,3.3895312463792635,11.950665187751616,13.890958073926926,1.9402928861753104,0.7610387566800079,0.04450235106485066,0.04789335165113224
8EC14CAAECC2959E3CFBFF3C453564DEE517C806CC46FAB6296A06C46C062D4C,G1,1,"[0.0, 4.0, 8.0]",False,0.0,stationary,40.85284060000049,0.0016463710976452521,0.0015022946721827276,9.16619276431994e-08,0.0,11.704238434260864,0.7893964387092313,10.404586005343587,11.703633752797925,13.004471280763777,3.4270333862346423,0.0,11.705,concentrated,3.531716228881862,10.772025305365121,12.634615383864432,1.862590078499311,0.7612080716298277,0.1403682983029765,0.42215418032011576
E6FEDE9293048AC58457A4045AC814822A8F735B63524EA70906CDFEA20F61FC,G1,2,"[0.0, 4.0, 8.0]",False,0.0,stationary,41.87330010000005,0.0035486525812931497,0.0034462115502748355,4.0437331884784256e-08,0.0,12.920513881371955,0.8233814223375266,11.56548564558277,12.920719759064031,14.275408653601273,4.999999989431867,0.0,12.92,concentrated,3.3895502324308806,11.950673990613627,13.890955999061497,1.9402820084478698,0.7610387544054152,0.04450178037817522,0.04789201270845816
73510926D71C468141E1BA9EDCE6902D0B1F47E66882F8B2236F02B9F758407D,C,0,"[0.0, 4.0, 8.0]",True,0.0001,stationary,173.74622689999887,0.0005103962401112471,0.0003412408441563035,7.593887062791671e-06,8.600882884985333e-05,11.428211591879949,0.8038682951509449,10.026349159911184,11.454994866123947,12.698432536026557,3.2086861309267958,0.43566688030298706,11.485,concentrated,3.4671011151745414,10.547887244337087,12.43769286874854,1.8898056244114532,0.7575685563601772,0.13363119292331888,0.5462058632607848
8DAB304EB8DA9DBBECF529AF887E82E80DD3B5251F4DBFC76B03E5C27C699B9F,C,1,"[0.0, 4.0, 8.0]",True,0.0001,stationary,171.23629309999887,0.0007546719545055426,0.0004475155922936202,5.272153505233799e-06,2.943360615604776e-05,11.604476319240687,0.7444375642895856,10.332396234951124,11.624377154331507,12.7926944594329,4.999999999999934,0.4383129828548147,11.635,concentrated,3.726540286580519,10.766725643590762,12.535417038579402,1.7686913949886396,0.7656730055349921,0.14773353906197978,0.45962204609114105
FD13502F9C3B9383D405EDFCC6D40DCD3F6ED1D7F4DAD85E47302BF879A7A1A8,C,2,"[0.0, 4.0, 8.0]",True,0.0001,stationary,177.68740099999923,0.0005107202646168874,0.00033969323513716816,5.268006104849467e-06,5.9244173818366835e-05,11.42719577048178,0.8013704473517447,10.027520654066873,11.454181556749164,12.697875930062109,3.2602240177386834,0.43531311489513347,11.485,concentrated,3.467161698808549,10.54648059173254,12.437031404301615,1.8905508125690762,0.7578029017017933,0.1335709242445936,0.5466073720786955
E249AEDAA29B8665F5F96711176C53D4378C2389ECC8CE5E84E6DD2E2339482F,H1,0,"[0.0, 4.0, 6.0]",False,0.0,stationary,16.670677799997065,0.0020210114485900584,0.0018514135501840972,7.530782378427971e-08,0.0,12.66919568717123,0.0,12.66919568717123,12.66919568717123,12.66919568717123,5.0,0.0,12.66919568717123,delta,,,,,,,
794A81329D3866C94B735C1B20D976C0CE5350712EB85C1D8A75384A400F22C0,H1,1,"[0.0, 4.0, 6.0]",False,0.0,stationary,15.332733999999618,0.0017253292726824832,0.0015613696943295597,9.276799586996535e-08,0.0,12.140581669882005,0.0,12.140581669882005,12.140581669882005,12.140581669882005,4.999999999999497,0.0,12.140581669882005,delta,,,,,,,
AE6C8ACA26F52DB217D6436FAD26E61DB0851D2981AD2D46BB2D86C9491BB019,H1,2,"[0.0, 4.0, 6.0]",False,0.0,stationary,12.390363700000307,0.0020190680000634993,0.001849450071153045,4.9067410913270127e-08,0.0,12.647838580012952,0.0,12.647838580012952,12.647838580012952,12.647838580012952,5.0,0.0,12.647838580012952,delta,,,,,,,
6377499CC4C811420283FC7A1D0A1F8D4F2D43B79852C913C0AB4C0B279D47E1,G1,0,"[0.0, 4.0, 6.0]",False,0.0,stationary,32.23866100000305,0.0014984672409846223,0.0014286575680372245,8.330921559974399e-08,0.0,12.596901729642541,0.8129329618941048,11.25956334040899,12.596924861637326,13.934231526987967,4.999999999843117,0.0,12.595,concentrated,3.434645280011248,11.639603571815886,13.55426553809304,1.9146619662771531,0.7609823537543114,0.07358518675706306,0.09858567991197636
23930B2EF609CCCC0C994E222E83C7D30620E5987BE9999695FB9666D216FA52,G1,1,"[0.0, 4.0, 6.0]",False,0.0,stationary,46.9130903999976,0.0009202082156843473,0.0007936032373894153,1.5148851256822116e-07,0.0,11.752439431261083,0.7632959137207428,10.496192825251299,11.752125756165636,13.008926630742407,4.121722981452301,0.0,11.75,concentrated,3.6551532111571596,10.852271105033156,12.65167720074856,1.7994060957154048,0.7610886731577177,0.1447476271454846,0.3948427955774401
463294ED6D0C5085472128EB07D676243AE6DD21B08E7E20B9D8FF0272651FD4,G1,2,"[0.0, 4.0, 6.0]",False,0.0,stationary,43.65377549999903,0.0014984677142267674,0.0014286824325777643,7.690170531096582e-08,0.0,12.596897949891064,0.8129484161899769,11.259534082283992,12.596921088402253,13.934253221702436,4.999999991852163,0.0,12.595,concentrated,3.434579850607128,11.639581536088567,13.55428000420899,1.9146984681204238,0.7609823571973623,0.07358589381675835,0.09859075504781327
B3ADF5BBE6172EF9FED372324DBC9AD1559C9051F4FCFDC9421286EF35B01CA0,C,1,"[0.0, 4.0, 6.0]",True,0.0001,stationary,165.83572309999727,0.0007274361443890877,0.0004936688458689313,2.720047404016477e-09,1.486606087496955e-07,11.608388174438588,0.7457907400007152,10.340976619534361,11.639611129043049,12.775516617062513,3.4261093425547533,0.4491973086336898,11.68,concentrated,3.720984541825055,10.772132946526867,12.560335191987287,1.78820224546042,0.7731451868721577,0.1478829954214966,0.45181216715002215
20BABE15AFA2E6AE062E80BF72D04846DA8E0F435E90FB07915B9166E752CE29,C,2,"[0.0, 4.0, 6.0]",True,0.0001,stationary,199.5208840000014,0.0009053308840545244,0.0007863133852259848,1.1869497774792513e-08,1.6013415898499936e-08,12.9866447188348,1.3715067665191387,10.2016991235678,12.925079030202074,15.517320553812203,3.7303936160307645,0.3462457426951602,12.565,concentrated,2.5126796328268135,11.657561067704181,14.107580319703459,2.4500192519992776,0.7139481419078936,0.05314050961948165,0.08460806786754169
006DE1E234131233EF1BC82C90779F60F658C94F1E7E29002479A53089A4A333,C,0,"[0.0, 4.0, 6.0]",True,0.0001,stationary,161.0682674000018,0.00048192200930882793,0.00032491920612038683,7.002613729780735e-09,3.605332709504319e-08,11.25021145452887,0.9339542966975999,9.678345002701619,11.279309713424936,12.55702672351673,3.166707970160025,0.4412886869012591,11.385,concentrated,3.249760855790341,10.318522012434618,12.325582875531609,2.0070608630969904,0.7552096292609045,0.12127172018416613,0.624323912561513
78DADBD624554A2DA1BE2896E98D48626AC0BAA7C20DE2B206D637D4AE0321AC,C,0,"[0.0, 4.0, 6.0, 8.0]",True,0.0001,stationary,89.96452660000068,0.000693954073056406,0.0004908130016820006,0.0,5.239106392540511e-06,11.61895821996229,0.7856114021154934,10.315214392611106,11.625608158593975,12.896331961581922,2.9785358145809564,0.4547169901889341,11.629999999999999,concentrated,3.5457165444002983,10.704895446902785,12.561982400167233,1.8570869532644476,0.7641604463847298,0.14060027434074204,0.4609386475951243
EA1DF1278E7850F76A177D3D63425EBD0A7E1A578182D8E5FBF7BD36A18B4314,C,1,"[0.0, 4.0, 6.0, 8.0]",True,0.0001,stationary,64.88655840000138,0.0006939540730310416,0.0004908129301213574,0.0,4.1271718523061855e-07,11.618958013368797,0.7856116428858131,10.315214111468029,11.62560808681636,12.896332260234598,2.9785358145809564,0.4547169901889341,11.629999999999999,concentrated,3.5457168770586076,10.704895486416982,12.561981826356199,1.857086339939217,0.7641602797215645,0.14060029355529238,0.46093868205678346
1853081B9F3836C68E1618BBFCAD54F5524F1673389B5D08A6BDA2CD8394FFBB,C,2,"[0.0, 4.0, 6.0, 8.0]",True,0.0001,stationary,77.78610970000227,0.0006939540730355848,0.0004908129611523294,0.0,7.762964321380802e-07,11.618958128127248,0.785611269073345,10.315215019337801,11.625608039835381,12.896331884452989,2.9785358145809564,0.4547169901889341,11.629999999999999,concentrated,3.5457172364520564,10.704895624003514,12.56198200939161,1.8570863853880955,0.7641604230211083,0.14060029914378483,0.4609387002432857
5830BA49F587A994F64D74B07DE7620F35BBE1416B19BA8992394F359B4FED4D,H1,0,"[4.0, 6.0, 8.0]",False,0.0,stationary,15.430994599999394,0.003931676106453902,0.003725594878278592,3.1228823814273804e-08,0.0,12.964353356620233,0.0,12.964353356620233,12.964353356620233,12.964353356620233,3.3015203456965945,0.0,12.964353356620233,delta,,,,,,,
F7AEC47DC0A0DC6B6092919CFF4A48BB12C3FE8C8103F2224E995A240125E89F,H1,1,"[4.0, 6.0, 8.0]",False,0.0,stationary,15.898775500001648,0.002408683790110118,0.0021201563401099534,9.433902982427506e-08,0.0,12.141392747923605,0.0,12.141392747923605,12.141392747923605,12.141392747923605,2.6175662998985683,0.0,12.141392747923605,delta,,,,,,,
23AD43525BEC1D872509207958A53840DD6CC0FBD8722D7C78FFB090D1DD26F3,H1,2,"[4.0, 6.0, 8.0]",False,0.0,stationary,16.528710400001728,0.003931676155644352,0.003725596983982655,8.533775127311994e-08,0.0,12.964352926740721,0.0,12.964352926740721,12.964352926740721,12.964352926740721,3.3015220636561464,0.0,12.964352926740721,delta,,,,,,,
2C5F961A1262763F43FABC126DD7957EA3CC939F7B2FF0CB5647B90CF8CA83AE,G1,0,"[4.0, 6.0, 8.0]",False,0.0,stationary,34.70926870000039,0.0034990896869746416,0.00344847203401972,3.147332769846668e-06,0.0,12.966173749657424,0.7250839544947244,11.773394825166175,12.966206440836377,14.1589433431587,4.999991278110909,0.0,12.965,concentrated,3.8509501207055363,12.112382940159144,13.820054649451485,1.7076717092923417,0.760978072443259,0.03298967383753887,0.02528109917925115
43C71E9B01ED9657AAE4FF16FFEF34708048EB5137C972FB1F386CE5DE866C4B,G1,1,"[4.0, 6.0, 8.0]",False,0.0,stationary,34.39320240000234,0.0013212133472157695,0.001233149468135494,8.476436074544238e-08,0.0,11.65749987067158,0.8229831544465688,10.301889647914315,11.656297291700819,13.014553631265867,2.9884361266873904,0.0,11.655000000000001,concentrated,3.383028970805211,10.68306749930655,12.628176712814627,1.9451092135080774,0.7614640530446206,0.13443705442003204,0.44797779046774727
940DC69EA0F47219090E0F09CB4D90DE36F1154DED0C675E0EDA1973D1DD3F95,C,0,"[4.0, 6.0, 8.0]",True,0.0001,stationary,151.00504399999772,0.0005636280963979704,0.00040447034977755044,1.7914914158928807e-07,7.031326925327529e-08,11.627638372536328,0.781771766190504,10.360871866043984,11.616563794701854,12.927959960016187,3.1380709505427955,0.44463222527948143,11.61,concentrated,3.452372945306455,10.6316459910185,12.57405130144613,1.9424053104276293,0.7811831577642252,0.13680620600346005,0.4663862143275153
43069AFB1B1B5BA679DD70B400E949E4143BDA63DC452EF938DC73845F0FA1EE,C,1,"[4.0, 6.0, 8.0]",True,0.0001,stationary,148.5707317000015,0.0007843727357580065,0.0005463015617159188,5.3856497516818396e-08,7.234733393976251e-08,11.865357616837855,0.7676129691803352,10.656404997179193,11.841214844087059,13.147301186800508,2.459847521226345,0.45718558549630073,11.815,concentrated,3.619518334508334,10.895842435480114,12.743018965492235,1.8471765300121206,0.774894556677497,0.14203889474054132,0.3511670612519932
7B99D3CF20D774F0F640A519302EAB5A35D5AC148715F1EA5207B59AA8D7B58F,C,2,"[4.0, 6.0, 8.0]",True,0.0001,stationary,150.70330679999824,0.0015863502003366462,0.00141964014828175,1.0471974078291876e-06,1.2390226894552688e-05,13.087077050531809,1.3864730604638367,11.355910098524479,12.99593381291049,15.72265816030756,3.92416419089603,0.5669364899452256,12.525,concentrated,2.4968343747636323,11.689040477439049,14.209740310534913,2.5206998330958648,0.7316012479686135,0.04970107396693885,0.06672092455655192
BF718A53731FDEF47ECDB71E50465DF24F9876EC6EEC89E740265987EAC50B81,G1,2,"[4.0, 6.0, 8.0]",False,0.0,stationary,33.68030319999889,0.003503088763495538,0.003436908001949095,7.292696359917897e-08,0.0,12.973747475594823,0.7081222370970228,11.808904744039825,12.973769509062354,14.1385852609123,4.234515666390029,0.0,12.975,concentrated,3.9433309375203853,12.139949718908607,13.807607768183727,1.6676580492751203,0.7609744250157952,0.030784246548178153,0.022069721993345705
3AC391374C499D6D4F8331A9D524728E2BE7320B9B724D3AF5BAC8ACF2D1C694,H1,0,"[0.0, 6.0, 8.0]",False,0.0,stationary,15.310371300001862,0.004172083628226685,0.003968804915276785,9.047860986943677e-08,0.0,12.978647302190973,0.0,12.978647302190973,12.978647302190973,12.978647302190973,5.0,0.0,12.978647302190973,delta,,,,,,,
20EB763FEFFF884DEF5346748D4F0E820021A2D0187C7F332FF554AA64A07136,H1,1,"[0.0, 6.0, 8.0]",False,0.0,stationary,16.98872090000077,0.002460072695408453,0.0020606575743303272,3.936370910655205e-08,0.0,12.088208196678137,0.0,12.088208196678137,12.088208196678137,12.088208196678137,2.7881765262867693,0.0,12.088208196678137,delta,,,,,,,
2332EE6FDC0872A6582430B7AFD5373B6D49824ACEA02ECE2E6134D6EC5F60D3,H1,2,"[0.0, 6.0, 8.0]",False,0.0,stationary,15.828873600003135,0.004131078614886065,0.003906760585236088,4.495628493585211e-08,0.0,12.98227769738659,0.0,12.98227769738659,12.98227769738659,12.98227769738659,5.0,0.0,12.98227769738659,delta,,,,,,,
4EB3EA390E1D07B96E4DE3AEEF24E85029FD10ADBE0024271B519E5B0C095254,G1,1,"[0.0, 6.0, 8.0]",False,0.0,stationary,30.333274099997652,0.001281636844155374,0.0011303872444776975,1.839789630184899e-07,0.0,11.728082837708065,0.7851754008678862,10.435514921649544,11.727573174232964,13.021112156867853,3.5715791149221654,0.0,11.725,concentrated,3.5515353750876546,10.801265995241584,12.653362936639045,1.8520969413974608,0.7611684058661758,0.1410009312618551,0.4098485166291633
852FCDD245D3441D375CEC37AB1017593AD17065BFC9A74C1CC00974E9B0656F,G1,0,"[0.0, 6.0, 8.0]",False,0.0,stationary,35.00799099999858,0.0034741586362068365,0.0033245829870435753,8.613054886971659e-08,0.0,13.007034299610831,0.8137277512402051,11.667744792584145,13.00729147463563,14.346143628359119,4.999999992295846,0.0,13.004999999999999,concentrated,3.4292869680435,12.048489308543317,13.966336000716666,1.9178466921733488,0.7610596595328989,0.03719931935574552,0.036610449789900065
3D70B8369868F526CEA16DAFC487FA7DBCA0D94FDF2A73DFB2AA68F9B7FAADC7,G1,2,"[0.0, 6.0, 8.0]",False,0.0,stationary,31.059253399998852,0.0034741379975146056,0.00332458506299915,6.704834475359867e-08,0.0,13.007092000957412,0.8136088865017579,11.667999423910434,13.007348709223326,14.346004843196264,4.999969497270173,0.0,13.004999999999999,concentrated,3.4297912868874896,12.048687658447372,13.966251684056948,1.9175640256095754,0.7610595306903409,0.037186452681285946,0.03658365518438973
99082BD11CD482E65A06E786E4DCBAB106A10EF9B780FB96BD364F53D0C523AF,C,0,"[0.0, 6.0, 8.0]",True,0.0001,stationary,157.85191529999793,0.0005513991093042441,0.0003600661016013352,4.224684125106414e-07,2.1716400475003006e-06,11.783261887606617,0.7993282476314778,10.521882135066871,11.75626658600118,13.127619962657095,3.5603227340771366,0.4810131739738328,11.72,concentrated,3.4835562173744203,10.786575705697473,12.684009581049168,1.8974338753516946,0.7706321561768024,0.13847302422899538,0.3971253087156256
9147CB5E6DAE1C469BCF84235C8890535F7DACECB3826337D1C6E0291B1ECA3B,C,1,"[0.0, 6.0, 8.0]",True,0.0001,stationary,159.32971219999672,0.0005381390065376327,0.0003441338018045149,2.5793343820529274e-07,4.679253370048494e-07,11.78596298656425,0.8703876176269737,10.441496507224779,11.743733395746165,13.258006741997347,3.200847792110143,0.4822837642204707,11.685,concentrated,3.330157574112155,10.739195557633964,12.694241219680016,1.955045662046052,0.7557439249172435,0.13247694497139378,0.40735866071655813
3E8050EB75BA5D00872444E9BB8F9AF26DD00F16A4B94C623401DD806DBC8879,C,2,"[0.0, 6.0, 8.0]",True,0.0001,stationary,149.06215069999962,0.0014373481581333397,0.0012180216549606123,7.891899630233139e-07,9.0897142959208e-07,13.049443096180605,1.3442096662139589,11.396889626892634,12.937522835398454,15.693388553176648,4.191258481102196,0.6257782161827623,12.475,concentrated,2.533013439429158,11.628121803091975,14.152958892365366,2.5248370892733902,0.7392582536716006,0.057082960316138666,0.06803506990877975
685ACC507DC80AE55C8A04A23B375F8C16934229F4A351ACEB81F40E507FDA91,H1,0,"[0.0, 4.0, 8.0]",False,0.0,stationary,17.13513310000053,0.002611774067578929,0.0022444988457917146,9.433805186430532e-08,0.0,12.125907188547057,0.0,12.125907188547057,12.125907188547057,12.125907188547057,2.6921953283231295,0.0,12.125907188547057,delta,,,,,,,
F3EFFD5DA98A9D75ADC1F029878E88325041F84B2DF48A7E9A6E77CFBCDB5EE5,H1,1,"[0.0, 4.0, 8.0]",False,0.0,stationary,15.699099000001297,0.00261177443384504,0.002244511929373184,2.123876221554196e-07,0.0,12.125919098377807,0.0,12.125919098377807,12.125919098377807,12.125919098377807,2.6922794403666384,0.0,12.125919098377807,delta,,,,,,,
6D3745BCA2F943319D5BAE45FF7ADE287173FD4DD8DC5AEFE476159ADF848C21,H1,2,"[0.0, 4.0, 8.0]",False,0.0,stationary,12.187719899997319,0.0038757742221643553,0.0036806009740043225,9.31762387632894e-08,0.0,12.95158878807629,0.0,12.95158878807629,12.95158878807629,12.95158878807629,5.0,0.0,12.95158878807629,delta,,,,,,,
E8BE3BFE42FEE14B808FFAD965F7BD598DFE08B3A5E8D2E155A3A6DFCB4071DA,G1,0,"[0.0, 4.0, 8.0]",False,0.0,stationary,28.235284900001716,0.003294618347802456,0.0031807374189936942,4.97941421096535e-08,0.0,12.989895739823647,0.7939414964035933,11.68342885564161,12.990061575062379,14.296263835066204,4.999999979803579,0.0,12.99,concentrated,3.515607232957282,12.054798721274743,13.92547486943349,1.870676148158747,0.7610245141878224,0.036994159343971045,0.0347704800380369
EEED2683290C4A3BB6F7D9C59508A3CF513BB62BAF599B1D068236FC27C244AE,G1,2,"[0.0, 4.0, 8.0]",False,0.0,stationary,41.93369630000234,0.003260658517081514,0.003162403785776236,1.8125780702600381e-07,0.0,12.978260568680232,0.832490514314899,11.607938979662618,12.97857230346592,14.348348217321156,4.999973519091256,0.0,12.98,concentrated,3.3515579985696733,11.997533314601494,13.959909507525438,1.9623761929239443,0.7610778560835054,0.040639200811683845,0.04304834240342676
8B46F96AF3F7D019726473BA3C02B06AB33CC3CC2AFE78D36BC5C39108F1C8D4,C,0,"[0.0, 4.0, 8.0]",True,0.0001,stationary,139.94303539999964,0.0005163393423534426,0.00034352612335769627,4.4038483507624675e-09,1.723858279042913e-08,11.905101491692628,0.8069142881701475,10.640634295569074,11.870589101527914,13.302026413238297,3.329931296865961,0.45867311221031715,11.835,concentrated,3.476417921208025,10.892749461658033,12.781102478043147,1.888353016385114,0.7634442809676256,0.13618784442145143,0.34270256601767685
8C7233C0093F75430FF3C52C5526A891CC4977EBE2C1C07DFCAB4A31657F1555,C,1,"[0.0, 4.0, 8.0]",True,0.0001,stationary,152.91513639999903,0.0006431700625180888,0.00039902746869264414,2.960910168926838e-09,1.0577674519244391e-08,11.89026131849569,0.7335007542120537,10.736324549283971,11.875012935007662,13.107861580248738,4.999999999997305,0.45689132603627036,11.855,concentrated,3.8023839776193493,10.98574451097615,12.730880993103696,1.7451364821275455,0.7729327245545003,0.14763729086325725,0.326868433537039
1C5BD4D0041907535F23065BB713162D85AD74A152C369B33D6CE8F0897764C3,C,2,"[0.0, 4.0, 8.0]",True,0.0001,stationary,136.36276820000057,0.0004952125692053637,0.00032073056282599255,2.2780774208601452e-07,9.793249263384584e-08,11.842578036365316,0.8076506761360579,10.564642243227004,11.813073916694332,13.228483872096113,3.2400176141335724,0.4587218512160287,11.780000000000001,concentrated,3.449653572547264,10.830871319582013,12.738945085807204,1.9080737662251916,0.7646833803677537,0.13639956645731294,0.37098198504603025
FC97D7AEBDD84EE434CEED1F7BF4F051993700EF3E77388BFC5B0643903BA462,G1,1,"[0.0, 4.0, 8.0]",False,0.0,stationary,36.99285219999729,0.001603399943042841,0.0014696483986894589,5.131772074078928e-06,0.0,11.73302859886799,0.8067181773309127,10.404742733716914,11.732327043485657,13.062018675611435,3.6710789527085446,0.0,11.73,concentrated,3.4551638827717883,10.779984750760155,12.683932845114766,1.903948094354611,0.7612448629215494,0.13718232046737697,0.4099649759776973
2773C8A00E2E21FCACF060EE85B2E26717468123E5E09729F33F23807EFA1A6D,H1,2,"[0.0, 4.0, 6.0]",False,0.0,iteration_limit,16.415569400000095,0.0014757532104220168,0.0013125408164468132,1.2639902071405756e-05,0.0,12.693084344825236,0.0,12.693084344825236,12.693084344825236,12.693084344825236,2.677668738926457,0.0,12.693084344825236,delta,,,,,,,
61B40CA7EFE387076AAA1AB53C556983100358BFBABF25D5FA52F60F593B4F9D,H1,1,"[0.0, 4.0, 6.0]",False,0.0,stationary,16.838658899996517,0.0012067277088642556,0.0010294249029140841,3.7771559162326146e-08,0.0,12.143541835628671,0.0,12.143541835628671,12.143541835628671,12.143541835628671,2.4980920036172836,0.0,12.143541835628671,delta,,,,,,,
BEB7A95E9C8EC39C2693C72D1CCE7DE0BEB45B6458FC62C9E4CE25630D0544DA,H1,0,"[0.0, 4.0, 6.0]",False,0.0,stationary,17.29450850000285,0.0014643142676518022,0.0013123299987941287,8.112176764938245e-08,0.0,12.688573024789813,0.0,12.688573024789813,12.688573024789813,12.688573024789813,2.5923270860771113,0.0,12.688573024789813,delta,,,,,,,
80B97B32194EB0B8074D3618587616E8962C09DB8FABE2FED57E42CD500E8F1A,G1,0,"[0.0, 4.0, 6.0]",False,0.0,stationary,35.24669569999969,0.001223444125709369,0.0011695176651634713,6.522895950161169e-08,0.0,12.592334099993385,0.8574539895765876,11.181513074469237,12.59238594612888,14.003126300674307,4.998629382142053,0.0,12.59,concentrated,3.2556053814439223,11.58239904283233,13.602419077085122,2.0200200342527914,0.7610064632145329,0.07467931410617641,0.11177480412592723
137643FE3BDDDECC5C23DF3962EBECFE3B35643B91B8BB1B52FA28C408FC44B7,G1,1,"[0.0, 4.0, 6.0]",False,0.0,stationary,29.290430700002617,0.0007454439212677119,0.0006563913223722467,3.967891790273574e-06,0.0,11.738090255741662,0.793675607813799,10.43146149241472,11.737530097211463,13.045241473078146,3.795704031868638,0.0,11.735,concentrated,3.513094250307562,10.80103750171958,12.67344858638442,1.87241108466484,0.7611878130104006,0.13939866223579736,0.4059423275403627
50DA9DB5601ACD72C6CBCF4911C695AAB54A67F9D8F6C21DB8E5D89540E7A57C,G1,2,"[0.0, 4.0, 6.0]",False,0.0,stationary,34.05019689999972,0.0012227226826646823,0.0011552133802515989,7.139609943488985e-08,0.0,12.614263645155301,0.8167416700268416,11.270637497304461,12.614293561659585,13.957878043678518,4.998948635739104,0.0,12.615,concentrated,3.4185687887945697,11.652468931777072,13.576142786672765,1.9236738548956929,0.7609839257205495,0.0719428465982616,0.09596798463332892
16CB1D84EB94A1F6000F1CBE1D89185CF369DFC7D75A63CDC77E1076F81321BE,C,0,"[0.0, 4.0, 6.0]",True,0.0001,stationary,159.31622029999926,0.00038766481713148874,0.000269787663684495,3.137299577015794e-08,6.503189592483249e-08,11.512036237254435,0.8374373766086349,10.105398561861863,11.52807250141466,12.868390692390744,2.9529927218062664,0.4502687548295963,11.56,concentrated,3.2908429009725366,10.529638114205781,12.543297067885273,2.013658953679492,0.7668156156353729,0.12947287732704635,0.5095312935122865
704C280208F207EE40B6316F698B4D9E1F5F4D9FA4371D01A541000B65BFED78,C,1,"[0.0, 4.0, 6.0]",True,0.0001,stationary,157.0324907000031,0.00038905281542156564,0.00027075899349095824,1.8604898370453876e-07,7.884740697198069e-08,11.521068274821914,0.8307705519709769,10.132402371932212,11.533955773571787,12.87238852684993,2.9294767703121045,0.4486344970706597,11.56,concentrated,3.3045107520293926,10.534211574612259,12.544553655526062,2.0103420809138033,0.7688795919359098,0.13002808123286003,0.5067951091696306
5EC28BC8F76C57E662C11CA36A22261C8DB908574AD344A1372A5A63EBF30FA5,C,2,"[0.0, 4.0, 6.0]",True,0.0001,stationary,148.53699589999815,0.0008012418897892503,0.0006962558032042341,1.2179927851568167e-08,2.6172063092224783e-08,13.006398221635807,1.3324634853329624,11.305195401412558,12.921030913516862,15.57524909080774,3.875865067846601,0.3225413362486811,12.54,concentrated,2.5181849720319147,11.618178339354957,14.111809352599206,2.493631013244249,0.7325354825178572,0.05701543289591582,0.07762951209112945
B69CB580FDDBFDC3F2E1589CD27C7057768A0423CA2A4C6635FB355B81BFC44A,C,0,"[0.0, 4.0, 6.0, 8.0]",True,0.0001,stationary,69.43402910000077,0.0005697638006817599,0.00037829519866577194,0.0,2.5023765452116345e-07,11.611693481888434,0.7933279118552319,10.300481883722135,11.616526427469186,12.911893571038526,2.9785358145809564,0.4547169901889341,11.629999999999999,concentrated,3.443733257248804,10.649741674250706,12.58278849299719,1.9330468187464849,0.772293519389109,0.1366453349280602,0.4665272688557843
F1B2A405859F91868EA5B50C5F055678C4F05E45CC7F8D7647436D79D3EFFC4B,C,1,"[0.0, 4.0, 6.0, 8.0]",True,0.0001,stationary,66.32136639999953,0.000569763800705307,0.00037829514229411265,0.0,3.4580189554003933e-07,11.611693820463081,0.7933287960561606,10.30048143920165,11.616526795352497,12.911894859301466,2.9785358145809564,0.4547169901889341,11.629999999999999,concentrated,3.443731621978151,10.649741777602573,12.582789030828705,1.9330472532261318,0.7722934882836261,0.13664527552899794,0.46652710393488217
7615204B130A18A91A3520F793B3794512BC6E1E01B3E0780D001274DF882919,C,2,"[0.0, 4.0, 6.0, 8.0]",True,0.0001,stationary,37.424533400000655,0.0005697638006779681,0.0003782953044958471,0.0,7.73348707034318e-07,11.611693303436686,0.7933287085853729,10.30048042407404,11.61652628331356,12.911893999232353,2.9785358145809564,0.4547169901889341,11.629999999999999,concentrated,3.443731127871395,10.649741181603968,12.582789084016234,1.933047902412266,0.772293479522946,0.13664525430015215,0.4665273603172542
1A614B621CDB7D1443B0C6CDAC66C6E6238FC81B69069A77471F63BC181B2E01,H1,0,"[4.0, 6.0, 8.0]",False,0.0,stationary,7.962902399998711,0.0021434802567696105,0.0017704094295318232,1.261328446353672e-06,0.0,12.11067332882481,0.0,12.11067332882481,12.11067332882481,12.11067332882481,2.603153747307464,0.0,12.11067332882481,delta,,,,,,,
71376C31645BE41B5CFD36BEF5ED2AAFEA75A6975F57DD6199ECADA60BD3E027,H1,2,"[4.0, 6.0, 8.0]",False,0.0,stationary,7.908940900000744,0.003723233928362287,0.003466719694056885,5.552708681073437e-06,0.0,12.975655309449266,0.0,12.975655309449266,12.975655309449266,12.975655309449266,3.205548735732953,0.0,12.975655309449266,delta,,,,,,,
C281450D5B0ED77CF5D48B1C2666E75D5171E6E8497CFD4A1FF8C373DD011EAD,G1,0,"[4.0, 6.0, 8.0]",False,0.0,stationary,20.110723300000245,0.001436142498818697,0.0013736736860432994,1.317078194785158e-07,0.0,11.801763535818399,0.7874268134064885,10.505696761022271,11.801380755199158,13.09814273396899,3.2193664452612007,0.0,11.8,concentrated,3.54258331093179,10.87286969129545,12.729514459563877,1.856644768268426,0.7611124457472669,0.13939737551301937,0.37410752804277975
B6359EB3414DBE4B936D891071F0686817A9B170AB83B65A115786795D25A97F,H1,1,"[4.0, 6.0, 8.0]",False,0.0,stationary,7.632703399998718,0.0021414109193699867,0.0017864078923010957,8.968589654459713e-08,0.0,12.115534717668458,0.0,12.115534717668458,12.115534717668458,12.115534717668458,2.611548253098625,0.0,12.115534717668458,delta,,,,,,,
921234510EBE34C0962905CB689B14FF22C58073C85EC16069A103C8C1C05940,G1,1,"[4.0, 6.0, 8.0]",False,0.0,stationary,17.964957100000902,0.0014361414050834652,0.0013736614467187358,6.586484854967676e-08,0.0,11.801733134117313,0.78743343251226,10.505655307211851,11.801350258606666,13.098123488980383,3.2191518871149154,0.0,11.8,concentrated,3.5425528735172813,10.872831099884293,12.729491968032812,1.85666086814852,0.7611124706733559,0.13939697253482902,0.3741232389024816
7373521E341D3663EA8B5161039EBA7EAB0CB3F9A68ED30FE390308E06FDFBB2,G1,2,"[4.0, 6.0, 8.0]",False,0.0,stationary,18.874794600000314,0.0032432539399636154,0.0031537343163357424,9.90030118231432e-08,0.0,12.977850008085728,0.7041585068663503,11.819533082007926,12.977870303222858,14.136162629620571,4.020574462693622,0.0,12.98,concentrated,3.965539181523755,12.1487197725213,13.807036779879356,1.6583170073580558,0.7609751488503063,0.03008111782217858,0.0211818348582541
6F174D5340F0F8EB0E2BF8CD31E05E830733125930106DFC9FA0150D080B1867,C,0,"[4.0, 6.0, 8.0]",True,0.0001,stationary,84.24391319999995,0.0005698551369578139,0.0004321789393188008,1.7830085938249617e-09,4.42028749594414e-08,11.60755235882455,0.8015657585591149,10.27032765849852,11.615405430549835,12.8626275049369,3.0232007793013183,0.48545738094995117,11.615,concentrated,3.5200805368834094,10.701635757458659,12.580165461391726,1.8785297039330668,0.7661033664777004,0.13939871886583463,0.4663216335585314
C160FC84D9A52BC878B412C83127077D225EDF0DB6B623429F5108690A479533,C,1,"[4.0, 6.0, 8.0]",True,0.0001,stationary,81.763369100001,0.0007532539496839036,0.0005346660910752244,2.170505365221536e-07,8.024733636691412e-07,11.827478710706865,0.7898578995580248,10.622819948259108,11.809021927022753,13.00569207202723,4.999999998936205,0.48993606532513856,11.780000000000001,concentrated,3.8479186954634974,10.960272175172447,12.66995246481816,1.7096802896457124,0.7649871228850137,0.15161026723342078,0.3588483872219606
9182FD97548FA41A204B6764A912A76A1A18D3AEF99844BEC3AE49FD4E9A903A,C,2,"[4.0, 6.0, 8.0]",True,0.0001,stationary,78.73291270000118,0.0005698550926754344,0.000432173345743583,4.860948637776173e-09,1.2425289151279896e-08,11.608161790348277,0.8013349320981993,10.27131009581342,11.615983462066938,12.863217629907187,3.023545196161736,0.4854498833891201,11.615,concentrated,3.520421868453245,10.70221493143547,12.580613265064926,1.8783983336294554,0.7661274543295585,0.13941907657591746,0.4660284654227285
5FAB2566EEDF61B42991B2EA5C9A2F730E651B7B73F6B22F640887929603D784,H1,0,"[0.0, 6.0, 8.0]",False,0.0,stationary,9.040126300002157,0.0024861026982478615,0.0021322368819290173,6.694188563281106e-07,0.0,12.156437412984527,0.0,12.156437412984527,12.156437412984527,12.156437412984527,2.6838730422802533,0.0,12.156437412984527,delta,,,,,,,
3E55D54243E1762610AAE7861FC833BD7EE8D9AA503D2F1C460B041ED8392BB6,H1,1,"[0.0, 6.0, 8.0]",False,0.0,stationary,8.14530780000132,0.002486102827431226,0.002132224281130416,6.583621193511568e-07,0.0,12.156411076316186,0.0,12.156411076316186,12.156411076316186,12.156411076316186,2.683851773482109,0.0,12.156411076316186,delta,,,,,,,
B31EBD369D5D5346CECA8FB3F51105330A8D87BF1A3552E264DE7BC847FA4EED,G1,1,"[0.0, 6.0, 8.0]",False,0.0,stationary,20.556953299997986,0.0014531462561032707,0.001313308858830196,2.1462408268232915e-07,0.0,11.841540002667127,0.747295939181152,10.611939998952963,11.841389544550447,13.071227646661875,3.791303012997053,0.0,11.84,concentrated,3.735124463540501,10.960957492200306,12.721686421357516,1.7607289291572101,0.761022506761357,0.14534449975724015,0.3475493379768674
15F02BD592C91A94CB2F4C248486D56F98F5104D011F82AE59DDF4BF44582124,G1,2,"[0.0, 6.0, 8.0]",False,0.0,stationary,20.68712080000114,0.0014602114564744818,0.0013240591726725876,9.231634855666179e-07,0.0,11.850904336342035,0.7388129855381658,10.635326677847587,11.850783935797969,13.066546263360184,3.9631421832254685,0.0,11.85,concentrated,3.7783431921947974,10.980449627877936,12.721012277359899,1.7405626494819622,0.7610105744882149,0.14654201487593102,0.3412004167570905
6C98065E6F2518A262E35D7E8F4A392DCA3314BFB1993F94D34FAB25EB073CD9,C,0,"[0.0, 6.0, 8.0]",True,0.0001,stationary,74.34340149999844,0.0005857483328800999,0.0004355657796376943,1.4581296624594113e-06,6.189717394328707e-07,11.540072608297391,0.842849402331215,10.129021422756574,11.55436865155749,12.81102568516175,3.045304801419729,0.46849991842359295,11.58,concentrated,3.437347776103413,10.632591755315245,12.543709896210794,1.9111181408955495,0.7614497892461014,0.13554039266890716,0.4970485832045032
03768DFE0C84E0644C94F2E6050154B1F93D44935E95CE30268016275A714D83,C,1,"[0.0, 6.0, 8.0]",True,0.0001,stationary,79.48665329999858,0.0007217971023567352,0.0005003897828174102,3.2097596118340923e-09,3.8243358879518205e-08,11.775769493146786,0.8443948294612467,10.522750597148402,11.748818782012531,12.97154753343392,4.999999999996392,0.46706822321677843,11.735,concentrated,3.8045583025337733,10.897213932573688,12.611669328683465,1.714455396109777,0.7573853850902194,0.1508388418949856,0.39209701194533986
7B482AE571C6CA8529F3927B38CCCD02FEA4B867D7611C71CD77109549DC1116,G1,0,"[0.0, 6.0, 8.0]",False,0.0,stationary,20.171143499999744,0.0014603347871635264,0.0013231009333414684,1.4498823371905473e-06,0.0,11.851045264754452,0.7391825240350478,10.634857747872683,11.850924009932271,13.06729768079513,3.958038016306101,0.0,11.85,concentrated,3.776444252862437,10.980151661598251,12.721590168436249,1.7414385068379978,0.7610109639651966,0.14646673544231917,0.3412063190872406
6B9EC35EC9C03346681162EBE6540741D054876DEE31D8BA72E71A5222B8A927,H1,2,"[0.0, 6.0, 8.0]",False,0.0,stationary,8.216552400001092,0.003964514441327918,0.0037410704612768353,5.426104501763715e-06,0.0,13.030022214340288,0.0,13.030022214340288,13.030022214340288,13.030022214340288,4.999998199719665,0.0,13.030022214340288,delta,,,,,,,
6FB5A6A6D5240CE2C45AF316E0CDE15BD992253C5641895A7C207A4646FFE1C7,C,2,"[0.0, 6.0, 8.0]",True,0.0001,stationary,75.57640629999878,0.0005871014365177449,0.00043721763271099313,2.5606088943442854e-06,9.121608598333143e-09,11.552156367811634,0.8385483562461169,10.142067040574787,11.56746688777024,12.825816101765103,3.068147465632373,0.4693196688755539,11.59,concentrated,3.4388180214776196,10.646337482784624,12.555571133454867,1.9092336506702434,0.76099390401082,0.13583197433376204,0.4906192663187485
282E45F0C1F56DC89408D82F4E7055741A6FC9FB6A4FB03386EB413E6B082193,H1,0,"[0.0, 4.0, 8.0]",False,0.0,stationary,7.898087300000043,0.0027987280070948094,0.0024518779609113235,1.2327919386722897e-06,0.0,12.201559971586768,0.0,12.201559971586768,12.201559971586768,12.201559971586768,5.0,0.0,12.201559971586768,delta,,,,,,,
6DEA3B1EC04C2D599463BA39F35408ED96C50F0509F06566295D57D7E9D9CBB4,H1,1,"[0.0, 4.0, 8.0]",False,0.0,stationary,8.138639200002217,0.0025753789808046546,0.0022090500326658363,8.000735345629492e-08,0.0,12.133284953983784,0.0,12.133284953983784,12.133284953983784,12.133284953983784,2.72349893470849,0.0,12.133284953983784,delta,,,,,,,
50A684838B9303F1C359A9BFEBFFA0DB26896283BFCC86F411125F164A9F29CD,H1,2,"[0.0, 4.0, 8.0]",False,0.0,stationary,8.771216499997536,0.0037426956404573025,0.0035202776441433277,5.343841399395345e-06,0.0,12.985849676085222,0.0,12.985849676085222,12.985849676085222,12.985849676085222,4.999999808543362,0.0,12.985849676085222,delta,,,,,,,
CCDCDEF550FD46A36C44832F8890EADF5B08F334235B32215E6CD40F1E145477,G1,0,"[0.0, 4.0, 8.0]",False,0.0,stationary,20.463403699999617,0.003007554995293998,0.00291546095712117,1.070825087242562e-07,0.0,12.949402484681746,0.8492937100774277,11.551281016259976,12.949764231839724,14.347237361647315,4.999998194749004,0.0,12.95,concentrated,3.284847546996513,11.948801659874626,13.9510794918801,2.0022778320054737,0.7610957040022782,0.0438866493322551,0.049646002324345226
05E8C94B463F9F6A42A4238EE23BB016454BA25D7D4D95FEA6E254E63DB1CDA8,G1,2,"[0.0, 4.0, 8.0]",False,0.0,stationary,19.329150800000207,0.002957106845194584,0.002834752642703169,3.0694511650700494e-06,0.0,12.988688579368235,0.8106132909551159,11.654619690433831,12.98891262815082,14.322608163378442,5.0,0.0,12.99,concentrated,3.4427725266614804,12.033864333789408,13.944169219265643,1.9103048854762346,0.7610459610935283,0.03833116387742657,0.03787885815928386
72CB0891859093C0ED47F85C1423E92DA70BD345A40C99C37F336D46095DE61A,C,0,"[0.0, 4.0, 8.0]",True,0.0001,stationary,73.06716070000039,0.0005344142121896949,0.00038892929012496343,6.771247206768848e-07,2.4984546828855014e-08,11.517300574665342,0.7971117667654337,10.157221141228392,11.536063714017402,12.785153346063746,3.0799205682837902,0.46125702012630243,11.555,concentrated,3.462000012233754,10.605920969704838,12.520014201169388,1.91409323146455,0.76875903175837,0.13588585130449252,0.5060780286755902
78249FC2430FB5B7F2FAEE99CEB6FB014D69E67C642F99076CDD1D982BE194E6,C,1,"[0.0, 4.0, 8.0]",True,0.0001,stationary,76.36781400000109,0.0007017055422290879,0.0004485484038408305,5.105674264774612e-07,7.08468800182519e-08,11.777670819976814,0.6647635922777474,10.697096183620591,11.769749263179886,12.879025751612213,5.0,0.45283119387214477,11.74,concentrated,3.9413106108139098,10.900271858156128,12.638910478139092,1.7386386199829644,0.7986395258509813,0.15625036393681865,0.37648476695992156
93106495FB2D9ACEE5EDAA5A96781553F4C449C22C2FD17C9B420E17C5C66C9D,C,2,"[0.0, 4.0, 8.0]",True,0.0001,stationary,72.6474746999993,0.0005306918828811313,0.00038292127964615084,3.0876946302243387e-06,4.671757180871425e-08,11.511877973763964,0.8051470167985931,10.152659305147596,11.527948096096818,12.77473694761558,3.071668912177986,0.45855484415175174,11.545,concentrated,3.4686950321478895,10.599191427635137,12.509824731578231,1.9106333039430936,0.7689348655935333,0.13592410387090684,0.5101112377364544
F2E344F77C990ACA8B8BC13B5B1EF231DF8649EA4B90D9C2BF8483F83C9A92D2,G1,1,"[0.0, 4.0, 8.0]",False,0.0,stationary,20.017718300001434,0.0016586100668823367,0.0015050715604938696,5.8288648880282074e-08,0.0,11.853752362065062,0.7576453153740518,10.607076076703528,11.853578172646012,13.100535689969513,3.7724531362816207,0.0,11.855,concentrated,3.6838653360599576,10.960874698565886,12.746122900720827,1.785248202154941,0.7610311989019367,0.14297519966010122,0.34360384580905556
1417811E28B5C853D9EABB7A410E5BC7B4E56151F5DA908F25D80BB80216EB75,H1,0,"[0.0, 4.0, 6.0]",False,0.0,stationary,8.188158599998133,0.001888956788720378,0.0017079108171315117,7.623577642962398e-08,0.0,12.723034834127926,0.0,12.723034834127926,12.723034834127926,12.723034834127926,4.999868243774911,0.0,12.723034834127926,delta,,,,,,,
E665065A37CA0CCEDD98BD7BEA719D49FE62944A5B2D3E68C0159C8918070EBB,H1,1,"[0.0, 4.0, 6.0]",False,0.0,stationary,7.79442100000233,0.0014212385700136739,0.001211242106958725,9.095696251740454e-08,0.0,12.201053919769528,0.0,12.201053919769528,12.201053919769528,12.201053919769528,2.6764930655217793,0.0,12.201053919769528,delta,,,,,,,
A6760BEAC3485884A305C2DA0DA7B076B5173D54FA14560CE758128BD59E7915,G1,0,"[0.0, 4.0, 6.0]",False,0.0,stationary,17.036445300000196,0.0013188843332849554,0.001221058978894808,7.786797808315568e-08,0.0,12.648405694577288,0.8243505220342973,11.292207787894393,12.648452430893052,14.004583106730761,5.0,0.0,12.65,concentrated,3.386845852730457,11.677619706051049,13.619324234805765,1.941704528754716,0.7609896732769934,0.06880978452575347,0.0910707458386702
953B351F97AA6460E9B80EAC7A7D481062391580078300990C63FECCB8F8D7EA,H1,2,"[0.0, 4.0, 6.0]",False,0.0,stationary,8.045341900000494,0.001660337683611701,0.0014413250996208882,1.0922660858582784e-06,0.0,12.699642822762018,0.0,12.699642822762018,12.699642822762018,12.699642822762018,2.802732007958018,0.0,12.699642822762018,delta,,,,,,,
FD3BA27A1511AFAB9701079ECFB81824ED90AD4E8B9E7EDC9B62BD0D825DBF53,G1,1,"[0.0, 4.0, 6.0]",False,0.0,stationary,20.923284799999237,0.0007433046558287836,0.0006548335852447431,9.594848335285412e-07,0.0,11.894748210385252,0.7465899847350651,10.666394322764667,11.894634830417907,13.123160872615985,4.391936493435906,0.0,11.895,concentrated,3.7390806441501967,11.015169368310792,12.774001378412434,1.7588320101016421,0.76100720379916,0.1430431214159225,0.3214486327078492
9C90422E87147E9727EBE5551B8DA58A715A1EC9425107DB92E3EEC96756A48D,G1,2,"[0.0, 4.0, 6.0]",False,0.0,stationary,19.356540799999493,0.0013073123236814498,0.00121450054584115,4.899449572476816e-08,0.0,12.646753999024961,0.8172168288445608,11.302326129676139,12.646793975451654,13.991165546918909,4.999999999999605,0.0,12.645,concentrated,3.416513805754968,11.68439383811928,13.609227803510722,1.924833965391441,0.7609864307220662,0.06876101556441551,0.08949850579508498
E3587E604F24C7C9C420EF3EA213D69FCADD53C4E280B3F9C74694CCAE7AA93D,C,0,"[0.0, 4.0, 6.0]",True,0.0001,stationary,75.85926119999931,0.0004273056895788557,0.00029110709620165003,2.1555307816513862e-07,8.811219411066743e-09,11.575521818095172,0.8394833781979664,10.071079708647854,11.616199112834705,12.893008296483773,3.4697819069865754,0.3984076572168289,11.67,concentrated,3.3745957535969646,10.705980940110006,12.617872857072252,1.9118919169622455,0.7458385830037757,0.13414549685687546,0.46750011858243656
99713BC6B9E93AB0A0E5DFE1C60CDF129D0FE47FC09AB9FC937EFB57B71B87CC,C,1,"[0.0, 4.0, 6.0]",True,0.0001,stationary,81.82263199999943,0.0005665417676428186,0.00036306493810102857,4.594259573223149e-09,7.472036868362217e-08,11.651429359766523,0.869604256592056,10.112664401060652,11.694301139513906,12.881290827190517,4.233757101172733,0.3905960706876661,11.754999999999999,concentrated,3.6096709174402797,10.86819863876522,12.629603896878647,1.7614052581134274,0.7370867615961955,0.14283960000387555,0.4260501937836008
8F026411054334E29D2053F040C9BDE679BD82C20C1C1159AA250B2D6B242DCA,C,2,"[0.0, 4.0, 6.0]",True,0.0001,stationary,77.78636999999799,0.0008745481845117249,0.000744539332702014,4.1520639170903673e-10,2.993998455840701e-08,13.032953393267546,1.1913980433267772,11.505065165956754,12.91058132885377,15.432395818210527,4.999999985026907,0.2955983887068687,12.585,concentrated,2.7433204006726863,11.676885212379934,13.95943194561869,2.282546733238755,0.7298259378794565,0.05597979192228102,0.05598167912742834
3E071E00FD9706DD8B3EF1A6AE104EF90581F0DF92088C8E3048931334ED6DB4,C,0,"[0.0, 4.0, 6.0, 8.0]",True,0.0001,stationary,40.086404700003186,0.0006770670843114506,0.00048603804503448054,0.0,8.331943864271719e-07,11.591336266381644,0.883597191392474,10.101051275492186,11.607579794248524,12.919290863759747,2.9785358145809564,0.4547169901889341,11.64,concentrated,3.381812473093265,10.689119285081098,12.59431811533105,1.9051988302499527,0.7454798272777501,0.134220217594581,0.47147437314554136
1D07A08AE3B3C0C720702DEA2BD7D11B61814EA94C53FEAE0E45C1B26D602EF1,C,1,"[0.0, 4.0, 6.0, 8.0]",True,0.0001,stationary,37.432987199998024,0.0006770670843220251,0.0004860380272182217,0.0,4.3464150278038334e-07,11.591336733740807,0.8835969940199159,10.101052427930329,11.60758013877241,12.919291185688218,2.9785358145809564,0.4547169901889341,11.64,concentrated,3.3818127560706337,10.689119238918783,12.594318328163707,1.905199089244924,0.7454799428348715,0.13422023260449287,0.47147420584320227
4A8441E4B928C7EC3305C516B4825C1A93A636C38696383B4E4D4CBF0B826E05,C,2,"[0.0, 4.0, 6.0, 8.0]",True,0.0001,stationary,39.90313629999946,0.0006770670843444064,0.0004860381653505466,0.0,8.638591942032874e-07,11.591336135780415,0.8835956207433628,10.101053008150824,11.607579793751233,12.919290481146053,2.9785358145809564,0.4547169901889341,11.64,concentrated,3.3818142161515374,10.689119242716437,12.594317301700995,1.905198058984558,0.7454798119947881,0.13422029058839635,0.4714743607533775
8A04C2C3ABF7D6053C2D15A106A17BA075FE06D6F915CAEEECC50773ABA69B38,H1,0,"[4.0, 6.0, 8.0]",False,0.0,stationary,8.902486699997098,0.0038570643807002763,0.0036980820386462087,2.854657643398951e-06,0.0,11.431049133404763,0.0,11.431049133404763,11.431049133404763,11.431049133404763,2.7420157731480135,0.0,11.431049133404763,delta,,,,,,,
9A40837F45E5DEB48227AE4BBE581FD148001620F5779072EA1844A1CF3AD6A5,H1,2,"[4.0, 6.0, 8.0]",False,0.0,stationary,8.714129399999365,0.0038568137630699472,0.00369693651991606,9.487144784343166e-07,0.0,11.431457210591567,0.0,11.431457210591567,11.431457210591567,11.431457210591567,2.742030825822067,0.0,11.431457210591567,delta,,,,,,,
825F96AC551344A8B10E0CA6F9F37D417709341EF5A74077C855FF92CB55195E,G1,0,"[4.0, 6.0, 8.0]",False,0.0,stationary,19.892594000000827,0.0037865400030299345,0.0036787161459197995,3.7755579708992795e-07,0.0,11.425241636981722,0.2430575920786892,11.025433396310783,11.425241629655737,11.82504990026352,2.9664901322306276,0.0,11.425,concentrated,11.489435729629932,11.139060461302165,11.711423670054069,0.5723632087519039,0.7609567199190082,0.2575221024970011,0.6937468108295834
7DD45910AD6308FA4875A4E61ABDEFBBCA5FA45D496DC5C4A94608B5130699B1,H1,1,"[4.0, 6.0, 8.0]",False,0.0,stationary,8.031635800001823,0.003856804037015359,0.003696848054700822,7.2779756161679074e-06,0.0,11.4315267670898,0.0,11.4315267670898,11.4315267670898,11.4315267670898,2.74196234657271,0.0,11.4315267670898,delta,,,,,,,
2E2863C3666B3C5181CC0B99D79ECBB4654457FFB4BD715EBDE4A9A408230CAD,G1,1,"[4.0, 6.0, 8.0]",False,0.0,stationary,19.55587899999955,0.0037869108980768673,0.0036764038991454855,1.1996159075565306e-06,0.0,11.427115590725833,0.23483873172428021,11.040825689017609,11.427115583635464,11.813405496752807,2.941164656612082,0.0,11.425,concentrated,11.89106509733574,11.150604214745576,11.703628582296629,0.5530243675510533,0.7609685645409029,0.2589587302405505,0.6971582260408791
CD42F744A2FC1261BE97D3D81BE329C914C8B3559C33A1EC6706465837B37F56,G1,2,"[4.0, 6.0, 8.0]",False,0.0,stationary,19.316678999999567,0.0037869199988279575,0.0036765593514567433,4.064738192292983e-06,0.0,11.42703813257853,0.23590855931337765,11.03898852684508,11.427038124227261,11.81508771301826,2.9439582342434787,0.0,11.425,concentrated,11.837178573770231,11.149267325382919,11.704807335560337,0.5555400101774186,0.7609655770971864,0.25896885551534,0.6964551097092202
6DE2B134FDA13CB15581160E50C10996ACDF76E248AD94113B4AAE10313115ED,C,0,"[4.0, 6.0, 8.0]",True,0.0001,stationary,70.72699420000208,0.0011199376829829667,0.0003502132803841032,5.057246644426234e-07,3.0871567215356305e-08,11.361051826531789,0.9805618126281944,9.903233204868373,11.306493170559682,13.032724514491367,2.974993452612992,0.4423881687411153,11.335,concentrated,4.794475635574363,10.719271645442094,11.942875236291208,1.2236035908491143,0.6812967562080636,0.15196394488553822,0.6618238930623778
EAEB571E5843970C0A05CD3375135C45854346B65EDCA518BF2BEC7627474942,C,1,"[4.0, 6.0, 8.0]",True,0.0001,stationary,75.02567860000272,0.0012308310240818918,0.00043071857327352947,1.3096171188276935e-08,1.225113622146945e-07,11.577481721924432,0.9337823793000626,10.280171945795152,11.484537230554519,13.302000035561791,3.0058739051545222,0.44323274132179113,11.445,concentrated,4.833433014210288,10.853587201468587,12.066240674247025,1.2126534727784382,0.6812858181535987,0.17255245370915376,0.5436569793128829
037858BD1B1E8B6BFC430C12B0997463D8603D05F43102F3881DE29E92D8AC31,C,2,"[4.0, 6.0, 8.0]",True,0.0001,stationary,73.62931519999984,0.0011199557239462397,0.00034975557174649085,1.125323894518625e-07,2.9739761251085586e-08,11.364389282435438,0.9804670096392663,9.906432452484392,11.30920690386525,13.040618690773025,2.975719299896673,0.4423611577288409,11.335,concentrated,4.7939409558894015,10.72132059681951,11.94483003464871,1.2235094378292004,0.6811834959982277,0.15229602560131045,0.6600413793166349
B79263959982DDE91AB0B3EBA938EBE3792328689A6EA1DC7C4B5C309CB5BFE8,H1,1,"[0.0, 6.0, 8.0]",False,0.0,stationary,8.265070099998411,0.004438259156303116,0.004187259630889368,7.956152907351262e-07,0.0,11.428093092299367,0.0,11.428093092299367,11.428093092299367,11.428093092299367,3.0500245824040224,0.0,11.428093092299367,delta,,,,,,,
3DC870D3AADF4A63D4C2AB83EAD200EE5C26C4BA2D807E87C6D54FBC07432089,H1,0,"[0.0, 6.0, 8.0]",False,0.0,stationary,8.420418199999403,0.004438258983707412,0.004187338397116863,3.216537658200572e-07,0.0,11.42808979412104,0.0,11.42808979412104,11.42808979412104,11.42808979412104,3.0501910111256967,0.0,11.42808979412104,delta,,,,,,,
3B03F4F6F56BCE5B39328F720AFFDBD69DF53BA9EF0AF053D575B855C464E399,H1,2,"[0.0, 6.0, 8.0]",False,0.0,stationary,8.309475099998963,0.0044435121200757195,0.004213515057075929,7.474970715742826e-08,0.0,11.430361153304315,0.0,11.430361153304315,11.430361153304315,11.430361153304315,3.0972856816546015,0.0,11.430361153304315,delta,,,,,,,
1C39B8B5EA92E0A8F85B08FCDDDE9388DDB599A5B0342977A7DE1E75326E258D,G1,0,"[0.0, 6.0, 8.0]",False,0.0,iteration_limit,22.350447999997414,0.004215493919322783,0.0040044028160507545,2.7077679016091562e-05,0.0,11.42485443111969,0.2711723843279204,10.978802891565232,11.42485443489075,11.870905970621509,3.488009255582938,0.0,11.425,concentrated,10.298229915123951,11.10557181894351,11.744137662955486,0.6385658440119766,0.7609575130429261,0.2558836241511967,0.675595323793898
CEBA0DBF82632FE6C115FBEBBB7D0C08EFB850EEB8AA10CC5396DF5EA507CC61,G1,1,"[0.0, 6.0, 8.0]",False,0.0,stationary,19.070967399999063,0.004221342187079141,0.0040101997307501165,9.788290102000992e-06,0.0,11.423955226451305,0.27507904937245387,10.971478017128591,11.423955239697714,11.876432476261346,3.543419857543349,0.0,11.425,concentrated,10.15190297854241,11.100072504776715,11.747841384224516,0.6477688794478009,0.7609604136418595,0.2546462446042495,0.6744441113073808
4E4159CDF82B26C48B18D6A5CDC2AE220C261E83E6CFC4B39E8E8CCAE8E949D8,G1,2,"[0.0, 6.0, 8.0]",False,0.0,iteration_limit,18.84352239999862,0.004216385852559915,0.004004289960239955,1.070238913079308e-05,0.0,11.423589732066091,0.27279656726266455,10.97486674156301,11.423589744422806,11.872312721038462,3.4715326975151153,0.0,11.425,concentrated,10.236780742337418,11.102389477323769,11.744786837135106,0.642397359811337,0.760962664170415,0.2546331314232149,0.6762871917612602
0877314D1039CC5B9F3128FCF3228A65041E7A9F3FD004420D02E54AD5229ABC,C,0,"[0.0, 6.0, 8.0]",True,0.0001,stationary,70.2014937999993,0.0011131856922174269,0.0003440981676323386,1.0651023093728814e-08,2.8242292341579267e-08,11.313057410990364,0.9966730223519649,9.782861484314854,11.278417356864871,12.959139356149748,2.9439174482862622,0.43286780395430813,11.325,concentrated,4.667727680090506,10.707438939566423,11.933572362227093,1.22613342266067,0.6641168621053763,0.14621908660333233,0.6757622019478712
F18F7159F4DC23213E5FF0BA12E41C4939CF99E2D7DB992FECB07E21E3F7157D,C,1,"[0.0, 6.0, 8.0]",True,0.0001,stationary,72.47132759999658,0.0012735869926435292,0.0004802795384655147,2.0337847783141646e-07,3.653807963764199e-07,11.430032944091009,0.9276738320993556,9.93124161006245,11.388896889107212,13.041490472408766,3.071599329083212,0.43442688259722906,11.395,concentrated,4.722147818965759,10.793718912399973,12.011387595728632,1.2176686833286592,0.6676047653675479,0.16071659388007975,0.6061799702117205
36456A31FCD45421744C77B753C1AF9C7DB112784427DB2DCD213DF88DF5A1E8,C,2,"[0.0, 6.0, 8.0]",True,0.0001,stationary,69.80106640000304,0.0011131860948153313,0.0003444434683891299,3.869370797512857e-07,1.1188621533192618e-07,11.310787580811992,0.9967273384730003,9.78104615641409,11.276576768778108,12.951928859352694,2.9432904718949002,0.432835210023254,11.325,concentrated,4.667342003874944,10.706029743495822,11.932318417714235,1.226288674218413,0.66413141766175,0.145983357537161,0.6769084848022273
66C64A0123B900ABA64C7B01756E7C24FBC0658752EB39B8D08AD9ACD5FD9827,H1,1,"[0.0, 4.0, 8.0]",False,0.0,stationary,8.415154899998015,0.00608188960376665,0.005849848014714758,2.1638939914053473e-06,0.0,11.448641151077416,0.0,11.448641151077416,11.448641151077416,11.448641151077416,3.336423032314312,0.0,11.448641151077416,delta,,,,,,,
DEF4FF6C1A93A794656D13ED12249C80438B5EFA954A67A196CAD3BD0B3D8155,H1,0,"[0.0, 4.0, 8.0]",False,0.0,stationary,8.60893379999834,0.0060818444504218624,0.005849844848458612,4.066642587199287e-06,0.0,11.448385533959636,0.0,11.448385533959636,11.448385533959636,11.448385533959636,3.3423037718513497,0.0,11.448385533959636,delta,,,,,,,
F4A626F0DFEB7DEA430217F1AA8942AD5B4BEEC201E65CF5F4E1A47AFFBEE6A5,H1,2,"[0.0, 4.0, 8.0]",False,0.0,stationary,8.48761199999717,0.0060820478384095164,0.005850039470537377,1.6780508758740862e-06,0.0,11.44884871327598,0.0,11.44884871327598,11.44884871327598,11.44884871327598,3.3453880783915304,0.0,11.44884871327598,delta,,,,,,,
713A46387E473E7E876922607A88F0E788AE31640AD4A054EDD9F898E2A5D052,G1,0,"[0.0, 4.0, 8.0]",False,0.0,iteration_limit,17.514400599997316,0.005882514032216772,0.00565060928712475,1.4054945584218124e-05,0.0,11.430885848453272,0.2602279665658338,11.002835757039605,11.430885833973376,11.858935906037823,3.7252844526979008,0.0,11.43,concentrated,10.731282341855913,11.124488067456962,11.737286066740486,0.612797999283524,0.7609597610428662,0.2623796226399294,0.6741466509030177
53A4AE6C1ABA578679FB9D8AFAA14BB051C3FB3A84B01B41DE0BB611691DDE26,G1,1,"[0.0, 4.0, 8.0]",False,0.0,iteration_limit,18.43828990000111,0.0058727612080925595,0.005661730576243994,1.5459736404008524e-05,0.0,11.433277107410227,0.26288329938797395,11.000859547761852,11.433277117993264,11.865694713299957,3.795511552572049,0.0,11.435,concentrated,10.622721166368832,11.123747906879721,11.74280716081486,0.6190592539351378,0.7609663831025181,0.26420611659025633,0.6692116485032885
57433F41A08E9215E65F0056B41CB94269013E799D43FCD4C32D7E6C8235D048,G1,2,"[0.0, 4.0, 8.0]",False,0.0,iteration_limit,20.338397600000462,0.005871720568955069,0.005659354990457398,1.647693531278879e-05,0.0,11.43336289953742,0.2629444540005071,11.000844752406719,11.433362910990608,11.865881094713743,3.7843139043777683,0.0,11.435,concentrated,10.620272819962567,11.123762184532895,11.742964406606205,0.6192022220733104,0.760965598500672,0.2642739958108666,0.6690564623201367
C06892707A13E116F659A0690B3BABB815E3828186F42E36298C23A664925A4F,C,0,"[0.0, 4.0, 8.0]",True,0.0001,stationary,77.30173180000202,0.001089368547972517,0.0003510819196025292,7.130604845829685e-06,1.176542092429342e-05,11.283416757723826,0.9819419581345625,9.819912765624647,11.243755369159521,12.533586308410039,2.9032067641684813,0.4392979600507678,11.295,concentrated,4.720759999621643,10.66513624261561,11.89993331517131,1.2347970725557005,0.6761907039455808,0.14148375762305695,0.699067098686966
17C4F9C9E304CB4EEEA5DB3251217C4FBDB8B1F6E788767D2BCAE92308CBC38A,C,1,"[0.0, 4.0, 8.0]",True,0.0001,stationary,80.38818579999861,0.0012586610460353887,0.0004966508460937944,1.6338776593841113e-07,8.70054248055304e-08,11.29205768794153,0.9166918350073808,9.8650392631306,11.268390894464229,12.421527807982384,3.0505330508928443,0.4415951972281915,11.31,concentrated,4.786077798366928,10.691495201413344,11.917238194137788,1.2257429927244434,0.6806691095193262,0.1468129315613719,0.6861675851756229
EAECDF3CCF5EFE4432666179D8F95A86BBEA66AD23F8DB86BA9116A1AF4FC0D4,C,2,"[0.0, 4.0, 8.0]",True,0.0001,stationary,78.4901710999984,0.0010888102225099713,0.0003508474125619121,7.814745861246019e-07,6.258900510057452e-07,11.283555791293171,0.9823074873322328,9.819673411295238,11.2437794648235,12.543402134786952,2.90286797098993,0.4393172158667884,11.295,concentrated,4.719980609670998,10.665103393459567,11.89997828162049,1.2348748881609222,0.6761215203643067,0.1414669289485116,0.6990192681261214
0C6B877110D846F4DD0DD38B84329E3799119EEF1F2BBD05BFFA003E6474285C,H1,0,"[0.0, 4.0, 6.0]",False,0.0,stationary,8.59335210000063,0.003224666885993577,0.003004357888299817,6.404118941948337e-06,0.0,11.429031287084007,0.0,11.429031287084007,11.429031287084007,11.429031287084007,2.768093743928693,0.0,11.429031287084007,delta,,,,,,,
5B25EF0504022DBD260A7549E15F6EC0FF0CE3456090138AE71117D1071E971D,H1,1,"[0.0, 4.0, 6.0]",False,0.0,stationary,7.9158223000013095,0.0032258866301573645,0.003006434341576181,5.3338152331189465e-06,0.0,11.428900354356296,0.0,11.428900354356296,11.428900354356296,11.428900354356296,2.7718340039478453,0.0,11.428900354356296,delta,,,,,,,
F3D1B0A1CCD42CB25F4057070F5134971D54B99B200A1090BFCA928855BB543F,H1,2,"[0.0, 4.0, 6.0]",False,0.0,iteration_limit,7.727870699996856,0.003225655074837033,0.003007100770364685,1.0839289709945298e-05,0.0,11.428766385772883,0.0,11.428766385772883,11.428766385772883,11.428766385772883,2.7719077651331903,0.0,11.428766385772883,delta,,,,,,,
2F19188ADB811B3C9BF5A015AA827B8BD5FAD4A1145FE267ACBF60D87F84FDF2,G1,0,"[0.0, 4.0, 6.0]",False,0.0,stationary,19.004961999999068,0.0030664267397573657,0.002907996991921368,1.297921521222886e-07,0.0,11.412992497722863,0.3032757630428582,10.914136941737528,11.41299250308469,11.911848047335683,3.505847649218938,0.0,11.415,concentrated,9.207906212853864,11.055904961692379,11.770078277584835,0.7141733158924559,0.7609663307585818,0.24212304109248553,0.6723179099774078
45EF38BA14196911A3B70674F66EF8D50DC255A13349F92EDF89AF3B03CD4E8F,G1,1,"[0.0, 4.0, 6.0]",False,0.0,stationary,22.4598894999981,0.003051992253632499,0.00290106507151784,3.6238306829085307e-07,0.0,11.40630542327419,0.32078792428263647,10.878645544637562,11.406305413942084,11.933965269689836,3.4475112895569646,0.0,11.405000000000001,concentrated,8.705355247133108,11.028601645674554,11.784008597257161,0.7554069515826072,0.760964268551727,0.2346575257418446,0.6710461761489844
138A78D461504C43333C87D9AC8DDF66BC0DD4A8AEA43BEA99E6BABE3A1844E6,G1,2,"[0.0, 4.0, 6.0]",False,0.0,stationary,17.602941400000418,0.0030698308349947885,0.00291389782118001,1.1268287294341004e-06,0.0,11.411145689172578,0.3081633524989489,10.904250944517567,11.411145678675876,11.918040407446439,3.6719435677703496,0.0,11.41,concentrated,9.062001177515299,11.048306253915678,11.773984238048996,0.7256779841333181,0.7609634649474307,0.2400315742808035,0.6719257402434141
EDFC87DB6B0AD8F9457549F1064C18BD8E40D37A01FF2BB9680FFB3580120A3E,C,1,"[0.0, 4.0, 6.0]",True,0.0001,stationary,76.2386250999989,0.001068011510570485,0.00037001495936089617,1.1703518465058056e-07,6.579440055504236e-08,11.313235738149107,0.9622733105329628,9.942756214160061,11.260956202551407,12.448427092160005,3.0797048195213463,0.443570428278268,11.3,concentrated,4.720371358901226,10.659142474498527,11.91854122065493,1.2593987461564033,0.6894895126300369,0.14415317910174041,0.6880592270110714
C5BDA9F25624C7EC90CFAFDCDD9311E61FF8DF020C8FBEC45CB3BC226A3195EC,C,0,"[0.0, 4.0, 6.0]",True,0.0001,stationary,72.87406700000065,0.0010597535096325426,0.00037364157769097456,3.876729634101555e-09,3.464426572381482e-07,11.32153670814309,0.9778170017998253,9.94171280957698,11.263219188967827,12.503026239041239,2.9554521544012884,0.44442168128946324,11.3,concentrated,4.741381653676931,10.664424786857294,11.916382421904707,1.2519576350474129,0.6885914934624142,0.1446194898274563,0.6873891870556659
B1D369FF60CA2E57592921403F41D1D8D1A561BFCFD8ED5D41766176D683701F,C,2,"[0.0, 4.0, 6.0]",True,0.0001,stationary,77.42115689999991,0.0010600555537660194,0.00037582962448778787,5.801752579454454e-07,5.567869002658403e-07,11.323253335967127,0.9750774719709081,9.949752403461376,11.264807091525299,12.484029092814255,2.952370759261587,0.44395286370312426,11.3,concentrated,4.754213953608167,10.666205883629072,11.916701108900385,1.2504952252713135,0.6896949596733488,0.14510321375705498,0.6868627232318777
771D628931A9375CAA89FFFA87E92F40B2A4A76C7388783A76510DD861A9B5F4,C,0,"[0.0, 4.0, 6.0, 8.0]",True,0.0001,stationary,39.90502740000011,0.0020837357996501453,0.0007477733066092565,0.0,6.558135084650321e-07,11.729536124510865,0.936176311128015,10.796874617367132,11.603939695795873,13.477692274392288,2.9785358145809564,0.4547169901889341,11.56,concentrated,5.716405508903515,11.037443286516655,12.109017518388812,1.071574231872157,0.7141428633527778,0.21740479261404516,0.45465964856900554
18BEB96DC300E5F00A42CED6951C8EDB1D35CCD5AEE618F62DF596257AEB999B,C,1,"[0.0, 4.0, 6.0, 8.0]",True,0.0001,stationary,36.699944799998775,0.0020837357998924016,0.0007477730543114517,0.0,2.380673178770283e-07,11.729536095378327,0.9361760841431944,10.79687479496116,11.603939699405295,13.47769193276398,2.9785358145809564,0.4547169901889341,11.56,concentrated,5.716405741979097,11.037443282056557,12.10901751543634,1.071574233379783,0.7141428954446671,0.21740479774794474,0.45465964389149643
62CCF5E3D089271DEAB2682F4B273898B966A2A0C882F93F36AD2736FC999839,C,2,"[0.0, 4.0, 6.0, 8.0]",True,0.0001,stationary,39.82860040000014,0.002083735799729664,0.0007477732674438248,0.0,1.5266812512593556e-06,11.729536333719366,0.936176069946676,10.796875245690064,11.603939763473475,13.477692208448689,2.9785358145809564,0.4547169901889341,11.56,concentrated,5.716405798557029,11.037443257043819,12.109017581664432,1.071574324620613,0.7141429622007537,0.21740480727282752,0.4546595912940146
1F0718CE0B5C12C4A73323082D63FF117E52E93662481BF4A615DD83729EEEA2,H1,0,"[4.0, 6.0, 8.0]",False,0.0,stationary,7.702513699998235,0.0037801882522551624,0.003590024282205626,9.116668812631067e-08,0.0,11.440079282510773,0.0,11.440079282510773,11.440079282510773,11.440079282510773,2.7589333488046046,0.0,11.440079282510773,delta,,,,,,,
9A011BAC13AE751EE71C46B1ABF4815957020B2A5DA27C3227CD203B43D2CFCA,H1,1,"[4.0, 6.0, 8.0]",False,0.0,stationary,8.962582399999519,0.0037802041569886756,0.0035906215295851353,3.265621126612702e-07,0.0,11.44011318542099,0.0,11.44011318542099,11.44011318542099,11.44011318542099,2.759277709562812,0.0,11.44011318542099,delta,,,,,,,
3F44EEAA9B06454D3A954ED1C9E9F66E900780D2CF6D59097EBE30948F079593,G1,1,"[4.0, 6.0, 8.0]",False,0.0,stationary,18.725946599999588,0.003704562693410469,0.0035689282082131254,1.1453100637388987e-06,0.0,11.42927412653733,0.2562609013978615,11.00774907479213,11.429274140507893,11.850799196426555,2.971352358188722,0.0,11.43,concentrated,10.897428146766963,11.12754509769673,11.73100176628452,0.6034566685877891,0.7609597109543106,0.26124988035439795,0.6789157579381053
88C9A47FB6216A2A77591A907B85DF91D05E600E5EB64644543F6E9DCC121AB6,G1,2,"[4.0, 6.0, 8.0]",False,0.0,stationary,19.56857840000157,0.003704473374700327,0.003569670992213646,2.564335403626032e-06,0.0,11.42896590012229,0.2580178678098135,11.004550975509517,11.428965915174608,11.85338078615611,2.9818094021675927,0.0,11.43,concentrated,10.823178867165089,11.125170807752843,11.732764399862031,0.607593592109188,0.7609595543877365,0.26082977161175064,0.6782101620305268
FEAA49B2315306B67C876C4DC0DBF44E4A65DB1A176C0A487CFE4208FB7627EE,C,0,"[4.0, 6.0, 8.0]",True,0.0001,stationary,68.30870209999921,0.0010943636082453067,0.0003425459849099776,5.806161931571355e-06,7.911161140139629e-06,11.301542822578009,0.9688175408717271,9.878839201943794,11.261702309266102,12.441894592504504,2.853743065364232,0.4512445639732794,11.31,concentrated,4.711530255608133,10.678947762245393,11.92047294939502,1.2415251871496267,0.6781117591535971,0.1448921733620339,0.6877732608559892
679F531CAB6E5CEB95376D5627159BEDD71958224F010928111A79CEB2630B06,C,1,"[4.0, 6.0, 8.0]",True,0.0001,stationary,68.3435884999999,0.001135321040351696,0.0003538121364845434,5.683357795959452e-07,1.934685874270016e-07,11.321105890485162,0.9924528787081753,9.945957344996105,11.260929507697954,12.414221694268447,2.8638684197068223,0.44941726903744494,11.305,concentrated,4.786332741670252,10.671411596833616,11.910907242314359,1.2394956454807424,0.6878967114896869,0.14554154728436017,0.6908052734832347
6A6034D742F83F673D4C8C7F0E9A2D8A3E7F8DBC909BAF8305F75763A83F4675,C,2,"[4.0, 6.0, 8.0]",True,0.0001,stationary,70.42625719999705,0.00109437293656923,0.000342724621383107,1.1501142518767735e-06,2.1373927474437624e-06,11.300588307410393,0.9689366425974546,9.877848107882368,11.260908034575706,12.437698755805906,2.8535609373742816,0.4512549131677759,11.31,concentrated,4.7112614986739345,10.678309637304597,11.919929349265663,1.2416197119610661,0.678117237722548,0.14478307271799973,0.6882640845180042
A77CA5FDE1A044E603D77141712EC00679C70EB728FCAF6347D351094B5C5836,H1,2,"[4.0, 6.0, 8.0]",False,0.0,stationary,7.876725399997667,0.0037801882144831932,0.003590025703104445,5.991972009719535e-08,0.0,11.44007763515751,0.0,11.44007763515751,11.44007763515751,11.44007763515751,2.758940756396469,0.0,11.44007763515751,delta,,,,,,,
FD1A7D8D3D837989F7019C33EC1664F34B22CBEE072518D7A38EBE998518F5F7,G1,0,"[4.0, 6.0, 8.0]",False,0.0,stationary,18.59548519999953,0.003704404031847447,0.0035696016290732388,1.8442727742300347e-06,0.0,11.428614403950881,0.2592531849479577,11.002167653389366,11.428614417791957,11.855061166390083,2.9854919618903617,0.0,11.43,concentrated,10.7715401037195,11.123360436507477,11.73386757039928,0.6105071338918027,0.7609631964942207,0.26040535094781964,0.6779058473531191
F5BAF494F0355E50AC25357F931079D0E78BAEC5BF14E6D2CC811D87B630CA3A,H1,0,"[0.0, 6.0, 8.0]",False,0.0,stationary,7.578068800001347,0.004770631099317441,0.004498791435155723,4.327805654734266e-06,0.0,11.432411390943532,0.0,11.432411390943532,11.432411390943532,11.432411390943532,3.1896873704263933,0.0,11.432411390943532,delta,,,,,,,
02E9D443A30FC8EBE56E61F245286E3768461D123531BEE0940BBA2506107FAB,H1,1,"[0.0, 6.0, 8.0]",False,0.0,stationary,7.258190299999114,0.004770630651745893,0.004498760126947152,4.746787831625971e-06,0.0,11.432384594173524,0.0,11.432384594173524,11.432384594173524,11.432384594173524,3.1894600287665105,0.0,11.432384594173524,delta,,,,,,,
F87B2837CFAFBB16944BC7EE2F1778903B24FC19FB24AC1637BFF8A196133746,H1,2,"[0.0, 6.0, 8.0]",False,0.0,iteration_limit,7.346395399999892,0.004806097674456627,0.004524738544713566,1.0341234362023967e-05,0.0,11.432747836513538,0.0,11.432747836513538,11.432747836513538,11.432747836513538,3.0999788751071082,0.0,11.432747836513538,delta,,,,,,,
9DFED20AB125019A7432868F45F6F9D659004104700FB3958C56F60D680F0A0B,G1,0,"[0.0, 6.0, 8.0]",False,0.0,stationary,19.878692999998748,0.004503452687157315,0.00427242670417003,3.980827601515319e-06,0.0,11.428182221470603,0.28819912400610453,10.954124936795129,11.428182229390309,11.90223949151951,3.6209769055842633,0.0,11.43,concentrated,9.689621452479983,11.088846250842819,11.767519184310297,0.6786729334674781,0.7609673005445787,0.25570842878341016,0.661648286249575
18E87E7410C126E20F4DA6195267653FB8C77A0CB6DD7E77CCFBC7439986D15A,G1,1,"[0.0, 6.0, 8.0]",False,0.0,stationary,19.039453099998354,0.004508834496136355,0.004279599415775494,8.441073047156956e-06,0.0,11.423620346608857,0.287428854156142,10.950830051188918,11.423620357899116,11.896410680863955,3.610086433016608,0.0,11.425,concentrated,9.715669641890106,11.085195399090239,11.76204824101985,0.6768528419296107,0.7609629357906507,0.25246176124428843,0.667839101870913
7A1EFD7FD055BCEDBF58AB1D3348E6FB5F06CFB0AAEF07036D1C0649CE0569DF,G1,2,"[0.0, 6.0, 8.0]",False,0.0,iteration_limit,16.74833360000048,0.004507775919173918,0.004279299683746262,2.4449903542411598e-05,0.0,11.42505111056801,0.28704294966757027,10.952895527376214,11.42505110931501,11.897206691679662,3.620711287341633,0.0,11.425,concentrated,9.728843442330033,11.087080406269086,11.763021756170005,0.6759413499009188,0.7609610010698995,0.2536017727741638,0.6662396141096486
08630F68D924849CA0FBF333759B7D14D5921664AB3E1D100332E28159C8993D,C,0,"[0.0, 6.0, 8.0]",True,0.0001,stationary,72.07495969999945,0.0010501651483685725,0.000314254177535786,1.9757384688733797e-07,1.023860280625552e-06,11.291869868995164,1.0081632051536908,9.815536322541188,11.24782346120933,12.934335112505755,2.84808485959539,0.4607245291569244,11.305,concentrated,4.606014845392768,10.663527186896534,11.91655666363479,1.2530294767382557,0.6689134221048678,0.14088473944777427,0.6923621969478491
D3680E8770E3CBF04C16F16F8EF977585B732D26039F2FCCD829EE78A418C90C,C,1,"[0.0, 6.0, 8.0]",True,0.0001,stationary,73.56302270000015,0.0012493292927166215,0.0004658473813286332,2.3462779699770598e-07,9.007139046136696e-08,11.558574620463576,0.8907064238411565,10.373163842031039,11.47106286225941,13.153189943991896,2.9634575263128586,0.4616488009653199,11.435,concentrated,4.814288963173013,10.830425218968145,12.062727533960446,1.2323023149923014,0.6887725921953902,0.17078582975820877,0.5526206382393377
3F385659255B41F39DD1E90DD406B35E68B668980F73AECF7D163F2ECCF261A3,C,2,"[0.0, 6.0, 8.0]",True,0.0001,stationary,81.94206260000283,0.0013905655173741004,0.00060796137047763,8.93005829650205e-07,2.360696686695609e-06,11.323360154854932,0.9921474173236269,9.805862736908164,11.287019464897623,13.059894667599226,3.0061147108042428,0.46512154400727845,11.335,concentrated,4.511253225520592,10.701644283507088,11.949583166431822,1.2479388829247338,0.6521712154260988,0.1436719756614546,0.6648958459737518
0E448963BA37717CFE44F612396447D825BC6F780AD646F575266FDDAC78D284,H1,0,"[0.0, 4.0, 8.0]",False,0.0,stationary,8.561935900001117,0.006162812246697522,0.005906310041400385,7.952123783463124e-06,0.0,11.462116440376564,0.0,11.462116440376564,11.462116440376564,11.462116440376564,3.962095824670552,0.0,11.462116440376564,delta,,,,,,,
A102966E03391644DA7B8919ED9BB32180F450A4B531C561D29220FB7A8C5D2E,H1,2,"[0.0, 4.0, 8.0]",False,0.0,stationary,9.189544599998044,0.006161586958904072,0.005908032857803839,1.6638782437335503e-06,0.0,11.462224749322491,0.0,11.462224749322491,11.462224749322491,11.462224749322491,3.9389599225062026,0.0,11.462224749322491,delta,,,,,,,
47AB844C034D6A4A29C75D3B56E8CB1D427C301C4B58941EBC8AEBF979339784,H1,1,"[0.0, 4.0, 8.0]",False,0.0,stationary,9.038825600000564,0.006161909634265602,0.005905114484968936,8.22076285600738e-06,0.0,11.461817194939195,0.0,11.461817194939195,11.461817194939195,11.461817194939195,3.947117499029453,0.0,11.461817194939195,delta,,,,,,,
CCA877CA1135241D514CCBB9DC2F283CC4117953E5B9C434D5BB9C1D0CBF7DBF,G1,0,"[0.0, 4.0, 8.0]",False,0.0,stationary,19.572185900000477,0.00578473908394919,0.0055476247043696565,2.2665712217642153e-06,0.0,11.45023180445332,0.2957928759100039,10.963684216108986,11.450231799677548,11.936779387541348,3.740532427404594,0.0,11.45,concentrated,9.441049236547189,11.101958946602103,11.79850425271982,0.6965453061177165,0.7609611855314177,0.26931077719223495,0.6299494706932355
4D785FDCCD40FBF4E1319D66617132BCC2F99F97F27D3803E4CCE44EAC45DB97,G1,1,"[0.0, 4.0, 8.0]",False,0.0,stationary,19.357679700002336,0.005782761903489153,0.005540838350851533,9.092288261587611e-06,0.0,11.45117747389234,0.29399085190724633,10.967593897018405,11.451177462412785,11.934761040467643,3.747008438546824,0.0,11.45,concentrated,9.498845105508378,11.105027621147459,11.797330730280681,0.6923031091332223,0.7609619142625661,0.270569168774368,0.6295025478359019
7E865E6DCE5DE1EBBBDC36DE2603BDB32C64A0A6113F3E266121805E39897182,G1,2,"[0.0, 4.0, 8.0]",False,0.0,iteration_limit,18.282688600000256,0.005827245839689804,0.0055784894510893315,1.134448188838651e-05,0.0,11.461885784948961,0.2826967660612786,10.99687887536195,11.461885777425467,11.926892720198014,3.7864314693317804,0.0,11.46,concentrated,9.87819517581463,11.129028125257799,11.79474182448727,0.665713699229471,0.7609655199556138,0.2822454613911078,0.6201453742459732
E564E2F66CA386375A74E23F912260DE7E35EF1B5B8241988D739E4C55582F84,C,0,"[0.0, 4.0, 8.0]",True,0.0001,stationary,66.98597630000222,0.0010551376763238366,0.0003077683980070024,4.051452833734213e-07,1.3106354871544618e-07,11.337997221708223,0.9760351295824354,9.88210733308648,11.295015128090316,12.809470927235822,2.874109420708564,0.457333666130898,11.335,concentrated,4.662294041520593,10.706686191204861,11.948525970029058,1.2418397788241968,0.6712763467831128,0.14832357758733122,0.6650697321813637
5F0D6CBC0552E5307391DD8E82FD25E798A621654E90360DA2910C329433E4C3,C,1,"[0.0, 4.0, 8.0]",True,0.0001,stationary,69.71012570000312,0.0012507527189852272,0.00044962614356927854,4.2323572794071324e-08,8.786762133027471e-07,11.647893737017533,0.839519246165309,10.586928352931048,11.553765259198341,13.17363203534853,3.014230513082645,0.45878438363641716,11.49,concentrated,4.868984728521955,10.897821638736506,12.121909981521197,1.2240883427846914,0.6918670848860815,0.17993038124501567,0.49626069925893845
8D52BCA4229B3CB7460F3656159043362FB5E27B254CCB6434F30349D04F95EA,C,2,"[0.0, 4.0, 8.0]",True,0.0001,stationary,67.37518460000138,0.0010551376543516894,0.00030808964800266357,5.124995284075857e-07,2.823433213112623e-07,11.336017845239915,0.9763677012599591,9.879932924100547,11.293378656091518,12.799432752400818,2.8736200357502586,0.4573559641026719,11.335,concentrated,4.661750767351689,10.70543404520098,11.947416541226,1.2419824960250203,0.6712632064041597,0.14811537515019635,0.6660878262187888
D2302965681858E5286F59F3A73DC94D06ABE26852D5F2E8B53799AED9C798C6,H1,0,"[0.0, 4.0, 6.0]",False,0.0,stationary,8.424608700002864,0.0030828663086645315,0.002860342855975909,1.920030020867372e-06,0.0,11.43595620197235,0.0,11.43595620197235,11.43595620197235,11.43595620197235,2.9788578375856303,0.0,11.43595620197235,delta,,,,,,,
71FB95E9AE5A57739089D2A51BC901FB51B72334867422963865344B04EB58D8,H1,2,"[0.0, 4.0, 6.0]",False,0.0,stationary,7.311491000000387,0.003082858527280056,0.002860319039001622,1.9693841894432365e-06,0.0,11.435937237211775,0.0,11.435937237211775,11.435937237211775,11.435937237211775,2.978620270326237,0.0,11.435937237211775,delta,,,,,,,
A262D5A003CF6A80D814D7FEF014A69CB54FCD979978F651B7457070C9CF1E32,H1,1,"[0.0, 4.0, 6.0]",False,0.0,stationary,7.717620400002488,0.0030829200565174178,0.0028604411784030805,4.3099527845529694e-06,0.0,11.435960579419463,0.0,11.435960579419463,11.435960579419463,11.435960579419463,2.979140138666145,0.0,11.435960579419463,delta,,,,,,,
F6AF5C37F5A8507DBABA207E7DA4E0BED5AE940CB59899C08E26A42846E6914B,G1,0,"[0.0, 4.0, 6.0]",False,0.0,iteration_limit,16.575999200002116,0.0028993816458428544,0.002727718347048768,3.215775792803534e-05,0.0,11.413872939609325,0.3098821491963145,10.904151087119514,11.41387295001159,11.923594758475849,3.493990064186008,0.0,11.415,concentrated,9.011740429653901,11.049010716662433,11.778735496443796,0.7297247797813622,0.7609631211158361,0.2414800651444068,0.6678437150927885
08F7E88A921016F11763EB9D63B201123B8B7C037054C7D8E808269CEF975F28,G1,1,"[0.0, 4.0, 6.0]",False,0.0,stationary,20.140211199999612,0.0028957524061126493,0.002723536171290698,1.4177300748305453e-06,0.0,11.411251780389582,0.3111110171367647,10.899508667829927,11.411251770304077,11.922994871089065,3.525376854720611,0.0,11.41,concentrated,8.976131361880153,11.044944262808873,11.777562440385871,0.7326181775769989,0.7609629467926515,0.23955956046419496,0.6702768223590592
45F6E326ADB705E82C8658284FAD65610F402F581E77200B74A71F16F926A9FE,G1,2,"[0.0, 4.0, 6.0]",False,0.0,iteration_limit,19.50514420000036,0.002897584293787788,0.0027247394935128104,3.606383087995998e-05,0.0,11.410173290614608,0.3167112918130182,10.889218737730433,11.410173287380875,11.93112784441178,3.458653861162595,0.0,11.41,concentrated,8.817480200339027,11.037270998624816,11.783075427581027,0.7458044289562107,0.7609623419234212,0.23780584881323727,0.6686871567087794
D1266E7508E821ADF135ED31BF268EFB6574CD525154A200918B7BADDE67A18D,C,0,"[0.0, 4.0, 6.0]",True,0.0001,stationary,83.28906379999898,0.000936524360526009,0.0003056473292956157,7.868392941804069e-07,9.213321966368166e-07,11.246549363108441,0.9758567597744214,9.819257311326691,11.205646218648955,12.517395252407834,2.8168343913368514,0.4600850124658338,11.265,concentrated,4.591353729399842,10.609702446372143,11.880497927058897,1.270795480686754,0.675841931047386,0.1330329476277765,0.716446306323924
B4D0E22BB69CA28EF0CCFAED5FCB311A16E78E74EA0733BC50DDD3F8746548A3,C,1,"[0.0, 4.0, 6.0]",True,0.0001,stationary,84.53948090000267,0.0009968405316916507,0.0003193357378666944,4.312843405186969e-09,1.9083521282908366e-07,11.312530758941362,1.0451239164915378,9.902866516691947,11.228177494535267,13.18720414695975,2.8284346280724266,0.4558038563048834,11.27,concentrated,4.591313112570627,10.609365875448013,11.889239732139233,1.2798738566912196,0.6810346598877943,0.13463154416209877,0.7022479264507362
1DC7AD76B1D35D3760DE020EFE5D9AA1EA2BCB8CF9A2F97916DB2435F727FBB6,C,2,"[0.0, 4.0, 6.0]",True,0.0001,stationary,81.32625909999842,0.0009381853312928107,0.00030945508166195084,1.888600516314472e-09,6.354747287575218e-08,11.247350306183845,0.972814684228973,9.825274980955093,11.206503829093966,12.480094210376196,2.814146513992592,0.4597376354367917,11.265,concentrated,4.603351638779839,10.610748294359835,11.880140853338723,1.269392558978888,0.6769014480433008,0.1333435476133213,0.7164525110542185
A14CE47163D5E7F79BE46A21B42F7E9EF4761FA70AC467E6859957F48A4920E8,C,0,"[0.0, 4.0, 6.0, 8.0]",True,0.0001,stationary,45.81052609999824,0.0019884145837171475,0.000711895369286793,0.0,5.490175804950814e-08,11.76128340709451,0.933362205790414,10.835279594182149,11.618358617257524,13.528327114443568,2.9785358145809564,0.4547169901889341,11.565,concentrated,5.648672116232385,11.036791028039959,12.1200231274225,1.083232099382542,0.7132377665338809,0.2155093215433949,0.44360554874850844
814C3A71C36FDD3EED3080E50B736D6CBC6E3739AC051FDAD4AF5E35496E2DE4,C,1,"[0.0, 4.0, 6.0, 8.0]",True,0.0001,stationary,34.00372140000036,0.0019884145836847706,0.000711895067065534,0.0,1.3704305087767349e-06,11.76128332950183,0.93336123002309,10.835279990687184,11.618358746694508,13.5283254816984,2.9785358145809564,0.4547169901889341,11.565,concentrated,5.6486724134498205,11.0367911153512,12.120023136063281,1.0832320207120816,0.713237747266314,0.21550933845435566,0.44360544165587895
CA4A1185E9FC69FEA16536CD142B007363E515746DF7ACBF2192DCCB0ABE3110,C,2,"[0.0, 4.0, 6.0, 8.0]",True,0.0001,stationary,26.551209099998232,0.001988414584023151,0.000711895391058761,0.0,6.887221705789703e-08,11.761283478623797,0.9333622124190656,10.835279784917255,11.61835862874178,13.528327258738464,2.9785358145809564,0.4547169901889341,11.565,concentrated,5.648672242219397,11.036791005791414,12.120023137788236,1.0832321319968212,0.713237806009847,0.2155093236681103,0.4436055384302028
590EC9196A41D6DA81A4A56949A92860FEF49CBAEBC4C5885CE0E26C9D596E63,H1,0,"[4.0, 6.0, 8.0]",False,0.0,stationary,7.361349599999812,0.004123975120952922,0.003934046918823668,1.8868420639461553e-08,0.0,11.437476945265875,0.0,11.437476945265875,11.437476945265875,11.437476945265875,2.833676397832443,0.0,11.437476945265875,delta,,,,,,,
4D564691BB0F6B30286BFB0C47092ECC0DC0280066A6CA639DF1FF9B1B9F11D6,H1,1,"[4.0, 6.0, 8.0]",False,0.0,stationary,7.232144000001426,0.004123954574105412,0.0039341904466239615,7.50826803243322e-08,0.0,11.437448848294167,0.0,11.437448848294167,11.437448848294167,11.437448848294167,2.8312646371395163,0.0,11.437448848294167,delta,,,,,,,
C70FBA4CCA5D95463BA473D217DB40F3A54F25F8AA47DD30502A89D423A0B6D0,H1,2,"[4.0, 6.0, 8.0]",False,0.0,stationary,7.5190731000002415,0.004123959709926934,0.003934194000643152,9.038494209873904e-08,0.0,11.43743138700637,0.0,11.43743138700637,11.43743138700637,11.43743138700637,2.8312984850455685,0.0,11.43743138700637,delta,,,,,,,
2E7CD856414DFAF655B561B4947338A6F587C120D033883C69BF9ECB60508111,G1,0,"[4.0, 6.0, 8.0]",False,0.0,stationary,20.46360210000057,0.00403136793949203,0.003914284224311042,1.8295627397256768e-07,0.0,11.425932888527292,0.2597483188354025,10.99867170763118,11.425932873837988,11.85319402844164,3.2831710823794613,0.0,11.425,concentrated,10.751091535934842,11.120100889153102,11.731768227659332,0.6116673385062299,0.7609588172666704,0.25792080037710363,0.6812844878268025
7C394517E660203278FC13A70AEC5DB59E3EF12DE32A367C6C5BEB5EC5292375,G1,1,"[4.0, 6.0, 8.0]",False,0.0,stationary,20.247111000000587,0.0040313458418486554,0.003914221611944482,1.916876611009671e-07,0.0,11.425972873365687,0.2596282429476785,10.998909192344234,11.425972858570686,11.853036515491812,3.2823004650024408,0.0,11.425,concentrated,10.756057681820575,11.12028161398533,11.731666864265126,0.6113852502797954,0.760959321117929,0.2579655740651608,0.6813073190642344
C666DA5FA2BCABF83C669938983286421C91C610EF0D9EAA4D274BA035679BAF,G1,2,"[4.0, 6.0, 8.0]",False,0.0,iteration_limit,20.285575900001277,0.004031350872223516,0.003914135372892156,1.883389046800188e-05,0.0,11.425490145174315,0.2602254085578822,10.99744427129726,11.425490134239052,11.853535998039094,3.2881402828050477,0.0,11.425,concentrated,10.731430972124638,11.119095366770406,11.731886272516672,0.6127909057462659,0.7609589381288148,0.25748498502742323,0.6815833618284058
EB0782FBE39F3C9705A899631CC7BA56CCBAEFC99FF2F9FB97C602F14755D0F6,C,0,"[4.0, 6.0, 8.0]",True,0.0001,stationary,77.10289799999737,0.0011695225227994718,0.00041645555138630763,1.8755655014660192e-07,5.493383630008914e-07,11.313298761519754,0.9826086677780498,9.840157989483297,11.2753949030657,12.47621150181899,2.8687139879040355,0.45514680040875755,11.32,concentrated,4.734151204139168,10.70081658848617,11.929169146662007,1.2283525581758372,0.6748008290948238,0.14727219085451906,0.6799754313743572
627D0C055DF60CEFED4BD6998A2516A566642999270F37D2E7BA6599E3B65031,C,1,"[4.0, 6.0, 8.0]",True,0.0001,stationary,77.12031639999987,0.0011773407718880617,0.0004118361834765171,4.7565177815062167e-07,2.619784295803361e-06,11.326251234977319,0.9832607205602598,9.832582489526459,11.289030083887146,12.730131377044891,2.9958429953812074,0.4543763072026201,11.33,concentrated,4.682786401913507,10.711232945047648,11.942115033380361,1.230882088332713,0.6687874492784721,0.14793230704721394,0.6695402291352126
99F68DACB0C5694B624B1333596A52C3B6EC79AD1206BC292DA4BAB0731FB0AE,C,2,"[4.0, 6.0, 8.0]",True,0.0001,stationary,78.44604489999983,0.0011698427526470531,0.0004133933049684083,3.5185286262877074e-07,2.2937179354476367e-07,11.3268235865922,0.9848208793115412,9.845722056220131,11.286524649896256,12.62132044453438,2.8709314040948017,0.455252708926732,11.33,concentrated,4.719232052012791,10.709229542204705,11.937879441218001,1.2286498990132966,0.6728631723961195,0.14835498110979015,0.6723538078898353
BFB4CFB1A96C2803B35560A14F0FE8319E54DDB21639C35E4C382F0F5B95B9DF,H1,0,"[0.0, 6.0, 8.0]",False,0.0,stationary,8.77300429999741,0.0049291713013630235,0.004701303468917529,4.0714853662720005e-06,0.0,11.448714069742945,0.0,11.448714069742945,11.448714069742945,11.448714069742945,3.4210261391326644,0.0,11.448714069742945,delta,,,,,,,
27AAFD4E7DBAE53F5FF8DB2FFA7BE1AE9C8295D4A74F03737640FBDACB8DCBAE,H1,2,"[0.0, 6.0, 8.0]",False,0.0,iteration_limit,8.418190799999138,0.004929169588223547,0.004701299332410262,1.1257843290589777e-05,0.0,11.448676682894432,0.0,11.448676682894432,11.448676682894432,11.448676682894432,3.4209807758550177,0.0,11.448676682894432,delta,,,,,,,
577A20EB5C94433DF5E74A9C21D37C291FE37AF0AA51C1343CBB65E09782AAF8,G1,0,"[0.0, 6.0, 8.0]",False,0.0,iteration_limit,18.82023079999999,0.004499635765569836,0.0042608515719330465,4.776290570684839e-05,0.0,11.433222332543114,0.29066988167252744,10.955101138268779,11.4332223407062,11.911343549873786,3.6115536063462867,0.0,11.435,concentrated,9.607268982094844,11.090977902149705,11.775465800501786,0.6844878983520815,0.7609651974824456,0.2588499549357879,0.6539779001126561
7E2FEB883BD19A142C4FC4CFB35EEEA8A3DF0B67F5B1A671C71AA695C5444CA0,G1,1,"[0.0, 6.0, 8.0]",False,0.0,iteration_limit,18.468925299999682,0.004498170984786664,0.004260079825849884,2.0725905034132044e-05,0.0,11.432210106811564,0.2901551380863992,10.954935562862987,11.432210103272585,11.909484632643155,3.6134381696443616,0.0,11.43,concentrated,9.624213348007615,11.090569993867641,11.77385128647348,0.6832812926058391,0.7609689732161355,0.2582369281574941,0.6555224817944031
ED77C9B2713839FFBDD0665CF5F225F4498AC3B7EC54E44A369049E356F60646,G1,2,"[0.0, 6.0, 8.0]",False,0.0,stationary,17.22192290000021,0.004496459099850245,0.004258929322960416,7.517752284633116e-06,0.0,11.431905370068193,0.290134772827473,10.95466431433777,11.431905363125422,11.909146394649898,3.611760005195023,0.0,11.43,concentrated,9.624960554483996,11.090291709827337,11.773521183576758,0.6832294737494209,0.7609663158233709,0.25802005729977623,0.6559194939843931
D5F1CF78A8BEBA4693A34FD37DBE8272DA61D113034934A565E244E294426164,C,0,"[0.0, 6.0, 8.0]",True,0.0001,stationary,70.98868389999916,0.0011335537703291662,0.00040065501622487786,4.7364862062037093e-07,9.344912505881292e-08,11.35271602803048,1.0399205986954005,9.803974549364897,11.300422450232983,13.07668166797248,2.8948872840354882,0.4633556384482067,11.345,concentrated,4.635090130312736,10.718956093081623,11.955886008080586,1.2369299149989637,0.6652874755051961,0.14888907635407156,0.6608907741386245
0D4356FFA929A26D04267A78BE391E93D0B7049E271FBFC46F13D3666935A13F,C,1,"[0.0, 6.0, 8.0]",True,0.0001,stationary,74.61932240000169,0.001284581405431084,0.0005020945556262727,4.573120976177682e-08,9.617468858694016e-08,11.570809056555486,0.9355296896656566,10.277377829140967,11.484606393811477,13.17748953202161,2.997090135092411,0.4644984499532012,11.45,concentrated,4.799760643670008,10.85194690886585,12.078716540837211,1.2267696319713615,0.6838836260899752,0.17242938295279667,0.5433678415869524
DE81FD2F6859C3998CC93EBB90FF352CEA622E3ADEDB0471AD6BC5B033D584F3,H1,1,"[0.0, 6.0, 8.0]",False,0.0,stationary,8.327616599999601,0.0049292704376986,0.004701170848493986,3.651818696899502e-06,0.0,11.448698749456888,0.0,11.448698749456888,11.448698749456888,11.448698749456888,3.420745196999876,0.0,11.448698749456888,delta,,,,,,,
59B7FFA69D02D1FAD263B891F3894867E9041C3825D99801B27152AE6F632683,C,2,"[0.0, 6.0, 8.0]",True,0.0001,stationary,73.07817720000094,0.0011335568950757411,0.0003992536714743147,8.6191067206304e-08,3.346022426546722e-08,11.361159883442253,1.0393650478839074,9.810501722203862,11.307547430326721,13.093256060443126,2.896845695309507,0.4632955582408578,11.35,concentrated,4.6358988929808795,10.724604089678447,11.960892136919124,1.2362880472406772,0.665100042010202,0.14975827431271782,0.656414958119591
D4CD865C2C359F3AB40A492C6E5C149F77F882C8C18EA0EEC8B2C9DE73A24A3B,H1,0,"[0.0, 4.0, 8.0]",False,0.0,iteration_limit,8.27656179999758,0.006718575074170451,0.006482252132232559,1.0163360235804132e-05,0.0,11.457917183412315,0.0,11.457917183412315,11.457917183412315,11.457917183412315,4.04700328038557,0.0,11.457917183412315,delta,,,,,,,
48312F58766EA0ABA7F45B75CA5A74CBA2F3DD661CE3C41000A6660FEB722F3B,H1,1,"[0.0, 4.0, 8.0]",False,0.0,iteration_limit,9.120497399999294,0.0067187494231351185,0.006481841706532814,1.0936203013038026e-05,0.0,11.45802713262059,0.0,11.45802713262059,11.45802713262059,11.45802713262059,4.028736431273163,0.0,11.45802713262059,delta,,,,,,,
347C8F82C58361CECC814ED287F5DF86EDE1BB8BE0EAE80A019C80557877A334,H1,2,"[0.0, 4.0, 8.0]",False,0.0,stationary,9.262010099999316,0.006718596687211779,0.0064817378306041415,6.003563589009451e-06,0.0,11.457810210609189,0.0,11.457810210609189,11.457810210609189,11.457810210609189,4.035829629201109,0.0,11.457810210609189,delta,,,,,,,
1211C6391F136F4232194FC0E2C03390DA93372FB1CF2E81EFB034FB008B70AC,G1,0,"[0.0, 4.0, 8.0]",False,0.0,stationary,19.07095760000084,0.006339970978548568,0.006098906338626779,6.865915444720738e-06,0.0,11.433528746061981,0.27893525940379943,10.974708776771546,11.433528757504078,11.892348707625159,3.809937349236388,0.0,11.435,concentrated,10.011488411421107,11.105103989631244,11.761956736221546,0.6568527465903014,0.7609629719921474,0.26168026516777265,0.6597005544991655
579A07841C7FC1A804AD3918231FFC538A5532CB072735D5CF4F29FB4ADF2E8C,G1,1,"[0.0, 4.0, 8.0]",False,0.0,stationary,19.462430500003393,0.006346306855599395,0.006104324481005684,8.438704524302112e-06,0.0,11.432093726179726,0.2784783773752154,10.974025229962344,11.432093720866042,11.890162207224964,3.8395024693253754,0.0,11.43,concentrated,10.027769701734165,11.104201793518808,11.759983689996897,0.6557818964780893,0.7609665398134909,0.2606372875751844,0.6618342363729928
C9B327F3DB2B330A73303EDE4BCF8723ACA74F73E51E56CEDFAEB96C06D571BD,G1,2,"[0.0, 4.0, 8.0]",False,0.0,stationary,19.34589060000144,0.0063388402546884735,0.0060990418657444045,2.9518413534217587e-06,0.0,11.432461139588597,0.2790681097828074,10.973422649678003,11.43246113906888,11.891499630489482,3.80445845115187,0.0,11.43,concentrated,10.00647249521261,11.10387172345974,11.76105042672332,0.6571787032635807,0.7609723506755741,0.26081236753459025,0.66102991318447
2BDA00D558BCD3C399A999734869C9EC23771FAF9EF9D9DBD6212BAA1B534983,C,0,"[0.0, 4.0, 8.0]",True,0.0001,stationary,69.62497989999974,0.0011196303382894535,0.00037959084016784764,5.762181439565002e-08,1.3376489681649235e-07,11.260149511536053,0.9834098084029922,9.786343067484655,11.227754402095448,12.357086091553313,2.906624880715756,0.4611573733834513,11.285,concentrated,4.721238735860834,10.659045142787312,11.888800239899341,1.2297550971120295,0.6734794622841233,0.1391603384575852,0.7090117217303504
2643ED6A55AE7ED035FB02756BAB61655FA02F516B7448226BD66E32BCC2FF31,C,1,"[0.0, 4.0, 8.0]",True,0.0001,stationary,74.7632425999982,0.001207745496079546,0.0003992730247507717,8.234865461579258e-07,1.2892187871470576e-07,11.31646224751265,0.9965947278145763,9.873296589665985,11.262464466069275,12.401850544572854,2.994466308716002,0.4585088092055982,11.3,concentrated,4.8332201133116275,10.68120538802123,11.906359018219852,1.2251536301986228,0.6876036596284782,0.14609434551367356,0.6913478980001093
A4CF8C632EB013E7440BC0048E722F3BEE04BA2F0AA7BE2F5D2BF72307B1F0BB,C,2,"[0.0, 4.0, 8.0]",True,0.0001,stationary,71.42515340000318,0.0011196303386970632,0.00037959110924427663,5.668107749939212e-08,6.478031950077866e-08,11.260147539208527,0.9834083501466323,9.786342232501474,11.227753260371824,12.357076460749218,2.906618954811842,0.4611574347851277,11.285,concentrated,4.72124324326231,10.6590448935143,11.888798957007838,1.2297540634935373,0.6734795309220387,0.13916024636371063,0.7090126241536319
F9372D8E5508DF7E1A0868A2979E8D733BD2DEAE17CDA987F333F2EB05381508,H1,0,"[0.0, 4.0, 6.0]",False,0.0,stationary,8.152944599998591,0.0033211372047915887,0.0030957010289329656,8.159983238522472e-06,0.0,11.421245867786109,0.0,11.421245867786109,11.421245867786109,11.421245867786109,2.735660190147345,0.0,11.421245867786109,delta,,,,,,,
65C7C622B9491364AE357E8957E7E1A14384F2215DD6E0EDF362B16E77D074CB,H1,2,"[0.0, 4.0, 6.0]",False,0.0,stationary,7.0176118000017595,0.0033211366933273852,0.003095601012081545,7.131417975675982e-06,0.0,11.421489079411332,0.0,11.421489079411332,11.421489079411332,11.421489079411332,2.736494011252043,0.0,11.421489079411332,delta,,,,,,,
88E1B0822073BE186F0CA3C6B4635D6F3C9F4332755F5C4D2B06ED9FB572018D,H1,1,"[0.0, 4.0, 6.0]",False,0.0,stationary,7.748563200002536,0.0033223901713069423,0.003098863499883989,7.924436311196834e-06,0.0,11.419839959629797,0.0,11.419839959629797,11.419839959629797,11.419839959629797,2.739267867945584,0.0,11.419839959629797,delta,,,,,,,
1EEA0A466D7C13D8546CD1E95C0646EC8A4EE84C89BE62EF7E9D92389A8329C3,G1,0,"[0.0, 4.0, 6.0]",False,0.0,iteration_limit,18.577081200000976,0.003240622648906686,0.0030742549955679456,1.8650498767303635e-05,0.0,11.407486127522624,0.27690608002244443,10.95200379348301,11.407486127334144,11.862968462132423,3.316761746815989,0.0,11.405000000000001,concentrated,10.084586842990472,11.081441653479487,11.733530636448984,0.6520889829694969,0.7609733581386104,0.2410758203211689,0.6945216942532844
6898DBBEA71ECC17911F6A96433EEC852438817A2E0630781EDFDE913EE50AFB,G1,1,"[0.0, 4.0, 6.0]",False,0.0,stationary,19.520967800002836,0.0032406359201382273,0.0030758034944558107,1.0731713738175443e-06,0.0,11.407058526926829,0.27757171636337774,10.950481353279127,11.407058521143487,11.863635695932668,3.3335455807367924,0.0,11.405000000000001,concentrated,10.060532117841653,11.080235677315816,11.733883251927615,0.6536475746117993,0.7609670060447137,0.24069845899630504,0.6946340664775118
F426F064F2ECEAA0310E96B19A92F878C794468DC4C4C84A327BCB4DD1A46B73,G1,2,"[0.0, 4.0, 6.0]",False,0.0,iteration_limit,17.920175700000982,0.0032408467478942204,0.0030740479935282812,1.805315894492144e-05,0.0,11.407713107188755,0.2758488643512315,10.953969657194163,11.407713110085258,11.861456554817753,3.299259025704182,0.0,11.41,concentrated,10.123297055550056,11.082914205332871,11.732512092695272,0.6495978873624004,0.760972205616562,0.2413077775873655,0.6949165307537478
06AE0D78B247BF139C64CA062298566492C098D5F8EC6BD02783323B37D832CF,C,0,"[0.0, 4.0, 6.0]",True,0.0001,stationary,79.24717469999814,0.0010090704765642303,0.00033896421304620294,6.073279016149099e-09,1.0209814852715424e-08,11.254533507961249,1.0289043469989019,9.806173789212956,11.200731145651801,12.538571661591773,2.880751004762085,0.4656808049062042,11.265,concentrated,4.62123514450373,10.616870562690405,11.870669285841739,1.2537987231513341,0.6710599544268303,0.13261807445447796,0.7209101157771329
A726D7A6822247CDAB6AA79F32BD6AE4FC1D8A711DE53E4F75545813C606EE91,C,1,"[0.0, 4.0, 6.0]",True,0.0001,stationary,82.33261649999986,0.0010287953207088268,0.0003289578957061413,1.9937728262707142e-08,1.276828901870461e-07,11.248242671474527,1.0132026761317456,9.841499192195142,11.19501117145406,12.328868111736538,2.8875514847842596,0.46612865599684894,11.26,concentrated,4.627256892640913,10.599602437240602,11.87104261504073,1.2714401778001285,0.681207908639566,0.1324892295386065,0.7246169893152685
9678427D7330BC25FD9FE06D71C90CAEAA76EA4E3D30DA56A6131D9CEFE43095,C,2,"[0.0, 4.0, 6.0]",True,0.0001,stationary,80.56180669999958,0.0010143555211551691,0.0003325277137564135,1.0891667648464741e-07,1.4216732534158387e-07,11.222357393949368,1.0098031786216588,9.788362803356318,11.179983780824891,12.315078126604773,2.9831545328411537,0.46586757937119283,11.25,concentrated,4.588238104111021,10.594164506942704,11.861958365841595,1.2677938588988908,0.673255769288188,0.1296843131949151,0.7318926463349831
884FA807464EF36BB456AADFE86342D334AFDB10D50842D833A9E6CB9E956F6A,C,0,"[0.0, 4.0, 6.0, 8.0]",True,0.0001,stationary,43.21815079999942,0.0020589218805722484,0.000744149641426814,0.0,4.816967264717909e-06,11.745957048171046,0.9901829161039958,10.75709673624877,11.60690730435511,13.554959947124233,2.9785358145809564,0.4547169901889341,11.56,concentrated,5.633373345709485,11.0387599357272,12.111650127225895,1.0728901914986952,0.704611265549732,0.21436879088877242,0.4529381219318811
43FB0A8DD5DA78D9B478900A786D496B85D5D721F6F69B81BA418E9CFF2A8D11,C,1,"[0.0, 4.0, 6.0, 8.0]",True,0.0001,stationary,44.04651559999911,0.0020589218804706656,0.0007441495432786615,0.0,8.114838017693471e-09,11.745956441768874,0.9901827025642576,10.75709520678555,11.606907072849813,13.554959095474056,2.9785358145809564,0.4547169901889341,11.56,concentrated,5.633372930008128,11.038759857533067,12.111650089628375,1.0728902320953075,0.7046112466268992,0.21436876655149648,0.4529383112040383
9AEBEBF9A65FD82F6AEC30102548009E9DD3229823A99053F9D961DFB0C24852,C,2,"[0.0, 4.0, 6.0, 8.0]",True,0.0001,stationary,36.878376699998626,0.0020589218805307855,0.0007441494451089868,0.0,1.3960029292478526e-06,11.745956375272627,0.9901828825638704,10.757094851027198,11.606907040362342,13.554959258660286,2.9785358145809564,0.4547169901889341,11.56,concentrated,5.633372855871024,11.038759859240786,12.111650094606984,1.0728902353661987,0.7046112409022742,0.2143687652921236,0.4529383377894126
FA9A31230EC079F6B702CA68ACC36BC1B4BB660FCD6DE2135B322EC90BCA4F25,H1,0,"[4.0, 6.0, 8.0]",False,0.0,stationary,7.670697599998675,0.004199069333740502,0.004031781624562613,6.671610103479338e-08,0.0,11.436285428640858,0.0,11.436285428640858,11.436285428640858,11.436285428640858,2.838412210935916,0.0,11.436285428640858,delta,,,,,,,
959F466043A30F9F27EF5DEEA6FD52E43D4F34DF15C236BB635D3BA2AB0D4B54,H1,2,"[4.0, 6.0, 8.0]",False,0.0,stationary,8.451819800000521,0.004199069351409125,0.004031781311216206,1.2216255587552844e-07,0.0,11.436286656284535,0.0,11.436286656284535,11.436286656284535,11.436286656284535,2.838415541069826,0.0,11.436286656284535,delta,,,,,,,
BB05EF429D098D405EFC01386300865941039828FA17F8BD9D3BFDF685BD4267,G1,0,"[4.0, 6.0, 8.0]",False,0.0,stationary,19.45565820000047,0.004108271880325525,0.003986178371852507,1.1084106425140743e-07,0.0,11.426097719462778,0.2711906188166494,10.980016211337292,11.42609770584874,11.872179235871574,3.339769126807836,0.0,11.425,concentrated,10.29745460013992,11.106789834143276,11.745403308668273,0.6386134745249965,0.7609609588396753,0.25692427774464427,0.6739338111790373
1DA0C96800DA2762D4CEF91552847562261303C04D9EE5EEFD0CD5487259D741,H1,1,"[4.0, 6.0, 8.0]",False,0.0,stationary,7.885869699999603,0.004199069370831997,0.004031782193262098,9.454949207998972e-08,0.0,11.436284474449328,0.0,11.436284474449328,11.436284474449328,11.436284474449328,2.8384297117312007,0.0,11.436284474449328,delta,,,,,,,
54ACBD9CF7B588C4366C32C3246D8F3CC0B53B6B2F71981311958AD9AA935082,G1,1,"[4.0, 6.0, 8.0]",False,0.0,stationary,18.800076600000466,0.00410827188354804,0.00398617313729169,9.18728130311496e-08,0.0,11.42609890580621,0.27117375079966133,10.980045143660856,11.426098892191433,11.872152678190998,3.3395678835458456,0.0,11.425,concentrated,10.298094947188936,11.106810858111157,11.745384590051495,0.6385737319403386,0.7609609418168932,0.2569274280010331,0.6739423400094523
6F828A353D310B0AAD5B5ED38438527F264777E73D7BBCC56123440DDAA2AD30,G1,2,"[4.0, 6.0, 8.0]",False,0.0,stationary,16.633036200000788,0.004129736856858836,0.0040102750299993856,7.46075996203302e-06,0.0,11.424380792638733,0.27228467288626146,10.976499795921068,11.424380804108681,11.872261815115074,3.392627678610751,0.0,11.425,concentrated,10.256136388830855,11.103786681027781,11.744972174312169,0.6411854932843877,0.7609579003233846,0.25535278534106026,0.6755518654149204
25442592153CE1E284F9402E17B2DC9896F699B460078980F3A5DEC9F138B2C7,C,0,"[4.0, 6.0, 8.0]",True,0.0001,stationary,70.45070479999777,0.0011267736786666068,0.00036857341972195925,2.3732132360195278e-08,8.406859087692342e-08,11.290351390919403,0.9895081536879362,9.795232946173842,11.259663715649321,12.440256914799082,2.8512922110498704,0.4773926347281445,11.315,concentrated,4.659019772134128,10.685770669698499,11.927272911126952,1.241502241428453,0.6707991563564711,0.1445798050378356,0.6873991488901547
615697DFB91A38AD1915EB8A80BE9348B98A0920F57F25A1F70CEFFF4A2B54C4,C,1,"[4.0, 6.0, 8.0]",True,0.0001,stationary,76.1247755000004,0.0012187893380253012,0.0004401127938721887,3.213801906297871e-08,1.9658894085099882e-08,11.446768123217616,0.9555843152772041,9.954001067492868,11.394574441504206,13.10352450443226,2.922359089720982,0.47797361822306494,11.405000000000001,concentrated,4.665489691791048,10.789754274656472,12.023579690687885,1.2338254160314133,0.6680719048824681,0.16025861988193366,0.6013064081006309
1C8FEB46F609296F2A3DBF93F84FA4C7F2F36611D0CD96FCDAD5E0849E591B67,C,2,"[4.0, 6.0, 8.0]",True,0.0001,stationary,75.8830143999985,0.0011267762636931993,0.00036857496529677745,4.1180455074063626e-08,5.080097593502045e-08,11.290351995648843,0.9895135132611802,9.795226960161107,11.259663332241605,12.44028176885826,2.851298423756956,0.4773922340639769,11.315,concentrated,4.659020626655957,10.685772181273704,11.92727119247781,1.241499011204107,0.6707975621768597,0.14457966827304178,0.6873994272968874
C8C0AD022031E5E4D887110E163B1D8D1B94C077DB29B65429881EB593DDC42E,H1,0,"[0.0, 6.0, 8.0]",False,0.0,iteration_limit,8.382600099997944,0.005075101552464505,0.0048115867070709336,1.2669122492890943e-05,0.0,11.424846672698681,0.0,11.424846672698681,11.424846672698681,11.424846672698681,3.5975294675921923,0.0,11.424846672698681,delta,,,,,,,
BE2556709BD4B0BE8145F124DAFC1C479CF8377185C8C361BD1EB77447033932,H1,1,"[0.0, 6.0, 8.0]",False,0.0,stationary,9.378865300001053,0.00506924548313405,0.004816335088534651,2.3468581476671264e-06,0.0,11.424966161777391,0.0,11.424966161777391,11.424966161777391,11.424966161777391,3.5346185017290193,0.0,11.424966161777391,delta,,,,,,,
167002D666AB9E3157B61A4FABE4AAC2A7D79082F878CA547CEA1151134421FE,H1,2,"[0.0, 6.0, 8.0]",False,0.0,stationary,9.268375600000581,0.005075848643801517,0.004811586316858073,2.9702736375813206e-06,0.0,11.424898970023389,0.0,11.424898970023389,11.424898970023389,11.424898970023389,3.5948945721912726,0.0,11.424898970023389,delta,,,,,,,
F752079AA7ACE66DADC97EE639CF43950801F39BE8C8EA4B647166D35BF6F604,G1,0,"[0.0, 6.0, 8.0]",False,0.0,stationary,19.51346840000042,0.004734773323807404,0.004501394962873423,7.837189340597112e-06,0.0,11.430849097283804,0.2809415768877777,10.968729107276106,11.430849084996058,11.89296905608436,3.644824067426412,0.0,11.43,concentrated,9.940085192612086,11.10006439885,11.761636862229954,0.6615724633799545,0.7609596887819767,0.25918250168710755,0.6621157451857842
06BC10DCD1D3C2E8DB6E11D6A10A3F0CC83C363281F04D098B5DA1FF78CCD181,G1,1,"[0.0, 6.0, 8.0]",False,0.0,iteration_limit,18.794704899999488,0.004735264586504519,0.004501352491082761,1.4966024333225453e-05,0.0,11.43102898902071,0.28093570596661804,10.96891865487988,11.431028976326639,11.893139288012836,3.6461166601587807,0.0,11.43,concentrated,9.940271640434613,11.10025019703946,11.761810504515886,0.6615603074764262,0.760960874996348,0.2593236704982528,0.6618848545394084
C66D74DD409284ECF491313B600AB1888AD98384DF5F1FBC9931130137DA1DA6,G1,2,"[0.0, 6.0, 8.0]",False,0.0,stationary,19.06480869999723,0.004735852347857608,0.004501978099373848,3.811850874905419e-06,0.0,11.430790056112324,0.28108238248240913,10.968438470488769,11.43079004411374,11.893141610110812,3.6414714000742023,0.0,11.43,concentrated,9.935111930060696,11.099839433005457,11.761743556329321,0.6619041233238647,0.7609597605194987,0.25910912811723674,0.6621159423224161
E14C892D3B1DC3579CB7D5A32BB80DAAD38A3657D1E6B4CA6A5F5C93A8999CCB,C,0,"[0.0, 6.0, 8.0]",True,0.0001,stationary,71.74382970000079,0.0011261016576339872,0.0003674698101333418,4.473880695320153e-08,5.0593270834072e-08,11.285782415478424,0.9959009202943242,9.783143274674032,11.254809920279312,12.443897163540807,2.8876038631423597,0.4669600894725914,11.315,concentrated,4.653317139745765,10.682857640759096,11.922618480696977,1.2397608399378814,0.6689656762401284,0.14357842007288252,0.6901600981051272
94141E7D817FC00EA3E7EC6D239AD3C879FFB53CF79D1725F845DC481B499348,C,1,"[0.0, 6.0, 8.0]",True,0.0001,stationary,79.39435190000222,0.0012826011901913054,0.0004983823532014541,7.090182467185717e-07,2.640787496382274e-06,11.338126598632778,0.9211639379022881,9.944708496660654,11.304770558471905,12.402329509877417,2.954983198078566,0.4684411488059341,11.34,concentrated,4.843094763595015,10.720835860302655,11.948350377559487,1.2275145172568322,0.6899080773857367,0.15417679085900246,0.6648100437118338
CC3D365DA58DC2D97DE3E65C7658539C659497F0D96C003236E76E7094346AD6,C,2,"[0.0, 6.0, 8.0]",True,0.0001,stationary,76.2533121000015,0.0011261034280351217,0.00036747047920723146,4.544162770139754e-08,7.055499913271538e-08,11.285784392741387,0.995901883244078,9.783143756941978,11.254811368883626,12.443908354155047,2.8875970890391796,0.46696013670187986,11.315,concentrated,4.653318597126014,10.682859201520452,11.922619255038411,1.2397600535179585,0.6689654878926949,0.1435786222513004,0.6901592493495973
35DFD085FD716236F0D6BBF3D34C1E5FE444891F4A24DC98400F78792242780E,H1,1,"[0.0, 4.0, 8.0]",False,0.0,iteration_limit,8.001801099999284,0.0066948314634197965,0.006447059875446488,1.3343524392198485e-05,0.0,11.476931910453077,0.0,11.476931910453077,11.476931910453077,11.476931910453077,4.570731423027815,0.0,11.476931910453077,delta,,,,,,,
2380D43FB7600F9D5FA8E0A2CEF57D98381FE273E9AE22C43D12B846E230C78D,H1,0,"[0.0, 4.0, 8.0]",False,0.0,stationary,8.657806399998663,0.006693176608193376,0.006446598353914764,6.301737339471602e-06,0.0,11.476670827790834,0.0,11.476670827790834,11.476670827790834,11.476670827790834,4.549664031091104,0.0,11.476670827790834,delta,,,,,,,
0E085D349E7976A3DAF6BBE0D05E9A17A1C404AE914A98B8A2CCEAC7813DD987,H1,2,"[0.0, 4.0, 8.0]",False,0.0,stationary,7.649688600002264,0.006695686617317728,0.0064473803599096975,6.217817838980108e-06,0.0,11.476826604731073,0.0,11.476826604731073,11.476826604731073,11.476826604731073,4.571302125957127,0.0,11.476826604731073,delta,,,,,,,
196B8FC486EA89130D12228577873E790A6B1ED0F2E25F30068C4DF9772F4D78,G1,0,"[0.0, 4.0, 8.0]",False,0.0,iteration_limit,17.384863800001767,0.006357937821853794,0.006110200300215463,1.2944285757666973e-05,0.0,11.470791949898391,0.26112176818230814,11.041271763607101,11.470791935983511,11.900312173889276,3.85596298677139,0.0,11.47,concentrated,10.694562688745968,11.163340023096245,11.778243902197074,0.6149038791008294,0.76096071229096,0.29759928844190553,0.6167768685187607
3F3288C051E6EE48D29684B2F28A212D6BC21DC73FEAD7891AD9E7369D481B27,G1,1,"[0.0, 4.0, 8.0]",False,0.0,stationary,20.736272500002087,0.006336113666379805,0.0060971146432293385,2.537543379945314e-06,0.0,11.459452360455806,0.2767124528410241,11.004288474745104,11.459452370818267,11.914616212002947,3.833062622899641,0.0,11.46,concentrated,10.092030427664966,11.133644917145162,11.785257579330208,0.6516126621850464,0.7609586620138643,0.2825889954359767,0.6259974093495854
DEC354EAC42CA83318C51D61021FA052756DFE00C76431329AE212F628355A00,G1,2,"[0.0, 4.0, 8.0]",False,0.0,stationary,20.295231000000058,0.006357977055940725,0.006110039644036124,6.711365438685814e-06,0.0,11.470794082679575,0.26107628900570007,11.041348700063061,11.47079406874685,11.900239499771025,3.853735608144312,0.0,11.47,concentrated,10.696425386187487,11.163395756261664,11.77819254190616,0.6147967856444954,0.7609607095559404,0.29761866231075923,0.6167935000628764
329C651BE2A1977E21CEC3EFEC6AAC2897F677720B31732DBD9644AFF642538D,C,0,"[0.0, 4.0, 8.0]",True,0.0001,stationary,77.5406645999974,0.001064914690578631,0.0003193672766803345,1.8848898261263162e-07,8.298470410145198e-08,11.27028113153458,0.9753109845593037,9.770392400664685,11.254141380417302,12.332936356120848,2.8894689375861695,0.4697270739529038,11.32,concentrated,4.675101427979716,10.69014163123365,11.927151661803151,1.2370100305695004,0.670569448030524,0.14551760868797597,0.6919255204616993
BCA6F6B1A3DBC9293C62525A39D9216AD01C822A79F085443E15396F17510BD5,C,1,"[0.0, 4.0, 8.0]",True,0.0001,stationary,76.44529460000194,0.0012514525123488583,0.0004885389878244322,1.136633134046173e-09,3.2204077669547096e-08,11.26709390658676,0.9117593280063842,9.850038254031345,11.259475519391739,12.236915606309287,2.952382034626819,0.4716195948081605,11.32,concentrated,4.81616201190339,10.693442931867498,11.924916928093623,1.231473996226125,0.6878760351927641,0.14940783845569344,0.6939447134371832
5B2503ECDCCC373C1939F6793581960E9078F366CBBA21E3428C5B8D83E9328F,C,2,"[0.0, 4.0, 8.0]",True,0.0001,stationary,76.91496740000002,0.001064914847974712,0.0003193670480712632,1.9338989517568488e-07,1.0145498706480658e-07,11.270282532370851,0.9753111165486141,9.770393288407975,11.254142554729452,12.332939207131009,2.889469011619569,0.46972547857889424,11.32,concentrated,4.675102079501011,10.69014268392496,11.927152535407627,1.237009851482668,0.6705694586216575,0.14551777801419133,0.6919248079807998
FE451C16B5DCB81C69D1CC95C47E0072DD1364A67A56D985B07B9B0864A55E9E,H1,0,"[0.0, 4.0, 6.0]",False,0.0,iteration_limit,8.064203800000541,0.0032153625899162134,0.0030011435165477186,1.1869812534043906e-05,0.0,11.427992287489182,0.0,11.427992287489182,11.427992287489182,11.427992287489182,2.9291413593932414,0.0,11.427992287489182,delta,,,,,,,
A1E08C8065C0993859A5CAD1D82D02AA9FD8F567DEA248397EE64EF7365E92A8,H1,1,"[0.0, 4.0, 6.0]",False,0.0,stationary,8.14120550000007,0.0032154171563962526,0.003000877764293534,3.4435656070639084e-06,0.0,11.428602765514915,0.0,11.428602765514915,11.428602765514915,11.428602765514915,2.9282573943208288,0.0,11.428602765514915,delta,,,,,,,
A5888E48FD7E33D4D43854AFE23808A31DD7D3B5D593CB01181D504BB83B9886,H1,2,"[0.0, 4.0, 6.0]",False,0.0,iteration_limit,7.925948100000824,0.0032164730584589023,0.0030023282544595375,1.150599086753791e-05,0.0,11.428034695245328,0.0,11.428034695245328,11.428034695245328,11.428034695245328,2.9352969809357923,0.0,11.428034695245328,delta,,,,,,,
3BAAC7EDF8DE5BCE9B1B84294C10FC726F8D8684C697EF8D03476456A5399CCA,G1,0,"[0.0, 4.0, 6.0]",False,0.0,stationary,21.147373899999366,0.003109305899141012,0.0029620632883657766,9.555765335959173e-08,0.0,11.405651580500173,0.279994230754774,10.94508981972184,11.405651569365448,11.866213366512316,3.735303985203476,0.0,11.405000000000001,concentrated,9.973735507515737,11.07598065498242,11.735321140604276,0.6593404856218559,0.7609588040982556,0.2394519917099595,0.6948516314242398
4239822F7F6C70394608980B7A670A98A934814C4EE50F61B926A6EC2438D57C,G1,1,"[0.0, 4.0, 6.0]",False,0.0,stationary,19.565560499999265,0.0031093295208032526,0.002961957752298982,1.5827519270657674e-07,0.0,11.405778019837586,0.2797413667552001,10.945632187165824,11.405778007789923,11.865923892789883,3.7334450795220566,0.0,11.405000000000001,concentrated,9.982739394849121,11.076403889579531,11.735149665002709,0.6587457754231778,0.7609593120706062,0.23956541877817256,0.6948546738985063
C4F2DD6BDCAF7A039B0884D8EB7C1102F97E22F7F2DB8A7FD906F3E7E181B752,G1,2,"[0.0, 4.0, 6.0]",False,0.0,stationary,19.471680200000264,0.003110394486793129,0.002963264564380857,6.611925649571488e-08,0.0,11.405765280415562,0.2802749431426453,10.944741787321435,11.405765268487038,11.866788778275316,3.7340406472823364,0.0,11.405000000000001,concentrated,9.963736042602129,11.075764010366225,11.735766632782177,0.6600026224159521,0.7609596140667627,0.23952763814629247,0.6945306037711176
42D9E206D384F867797E082EA12570124BFD32100BF868CA11D3AC8FD33AA129,C,0,"[0.0, 4.0, 6.0]",True,0.0001,stationary,86.19034029999966,0.0009675051322374591,0.00031492004645531046,1.0355806209623353e-08,1.3310075150331155e-08,11.274767544730146,1.022451185880978,9.828819668154818,11.218357921293393,12.958044531127264,2.875316487843381,0.4596119354003161,11.275,concentrated,4.630518079451787,10.63136857750549,11.883781061602969,1.2524124840974782,0.6718025312374726,0.1354833106562858,0.7107504060847051
AB8B250510010D1BC114D6CC8E6AF7124347F97AB22E6C00F5DC9D723A421240,C,1,"[0.0, 4.0, 6.0]",True,0.0001,stationary,94.45288609999989,0.0010500500875100637,0.00040505817373880825,1.0208646755134501e-07,8.439690456891157e-08,11.261131264300941,0.9905026678008823,9.826802836699109,11.220980802135113,12.393067860581466,2.8869904461244063,0.4614152810097838,11.285,concentrated,4.625073947387769,10.637094436377726,11.89439718413171,1.2573027477539842,0.6734552924640556,0.13709875897194979,0.7093244865673878
A26A38A2699023C457C62D62F4AE8643530871C79F1FE9CD4AFD2008E3369664,C,2,"[0.0, 4.0, 6.0]",True,0.0001,stationary,92.76849579999907,0.0009740109170182618,0.0003184629274160476,6.226664966105226e-07,9.539561725794166e-07,11.275582332476686,1.0285296201150882,9.82112879277926,11.217950894406634,13.01058683212886,2.876706319420088,0.46005628794668096,11.275,concentrated,4.6114246434704524,10.630273570944007,11.884547250698597,1.25427367975459,0.6699770521767312,0.13503604718036816,0.7101703789194656
71BFE8D3E78334518835BEFF13B9DA29B92157C42404435FE87D06E64029465C,C,0,"[0.0, 4.0, 6.0, 8.0]",True,0.0001,stationary,49.2189881000013,0.001963512683094697,0.0006607125935030738,0.0,2.7197903614255975e-06,11.73317693505252,0.9598317078020061,10.763026054073173,11.606273884913644,13.526832020838,2.9785358145809564,0.4547169901889341,11.565,concentrated,5.654845478161479,11.039325382551493,12.11511321209728,1.0757878295457868,0.7091616792867372,0.21554983753763132,0.4532588806475125
B375EEE1D4A91BB4429153EC4ADD4246FCEFC9312EFD70817F6AD571454A8ED1,C,1,"[0.0, 4.0, 6.0, 8.0]",True,0.0001,stationary,40.15839579999738,0.00196351268301543,0.0006607131121203655,0.0,2.2846950778606864e-07,11.73317663924637,0.9598317541018534,10.763025023211858,11.606273876328007,13.526832282227359,2.9785358145809564,0.4547169901889341,11.565,concentrated,5.654844486258326,11.039325426570452,12.115113242090361,1.0757878155199094,0.7091615309749724,0.2155498004997633,0.4532588956817519
811D69956C4300C14BB0F2F1B772EB0850C2B5B48BA9C1C0DE9A19CF3EFCB03C,C,2,"[0.0, 4.0, 6.0, 8.0]",True,0.0001,stationary,32.7991723999985,0.0019635126830486755,0.0006607134953440852,0.0,5.152981234646942e-07,11.733175904154749,0.9598305712367622,10.763024800943517,11.606273645341751,13.526829871053673,2.9785358145809564,0.4547169901889341,11.565,concentrated,5.654844697469366,11.03932520316841,12.115113186021926,1.075787982853516,0.7091616767283413,0.21554980203424384,0.4532590800536261
58EB982F77C4882073E4657AA3965A15945C5F011F57A6FBB31E707B35D50AE9,H1,0,"[4.0, 6.0, 8.0]",False,0.0,stationary,7.591813999999431,0.003940582771793904,0.003748546380333857,4.888435970240383e-07,0.0,11.433608214273853,0.0,11.433608214273853,11.433608214273853,11.433608214273853,2.768309445847807,0.0,11.433608214273853,delta,,,,,,,
2D5EDA515D503134620FB26AC6D1B1486DF07122163CCF4F9DAD29FB3D6FF44C,H1,2,"[4.0, 6.0, 8.0]",False,0.0,stationary,7.062348700001166,0.003940589803641946,0.0037484485328895044,1.0914168459962715e-06,0.0,11.43362077163786,0.0,11.43362077163786,11.43362077163786,11.43362077163786,2.7679766266361385,0.0,11.43362077163786,delta,,,,,,,
0A8185876D0AFEBE77062EBC016BB16A904109EF3CE6BDB13546BA4A70CD9F71,G1,0,"[4.0, 6.0, 8.0]",False,0.0,stationary,18.160931899998104,0.0038288549791951547,0.0037119946081954607,3.013146997085412e-07,0.0,11.413436330409338,0.3081265809888308,10.906602099545648,11.413436339242159,11.92027058450956,3.0796230740023933,0.0,11.415,concentrated,9.063028560863188,11.05064017950912,11.77623353173768,0.7255933522285591,0.7609647298890554,0.24153505645284085,0.669254722518502
9577443333AF65CB4E0A5DA2096F0011957010570BEDA694FDA276B1FCA20427,G1,1,"[4.0, 6.0, 8.0]",False,0.0,stationary,17.85225309999805,0.0038288536905513094,0.0037120127651122125,1.3322132464017372e-07,0.0,11.413356634638447,0.3083155429160475,10.90621159891136,11.413356642924207,11.920501701571192,3.0804661766571644,0.0,11.415,concentrated,9.057461934253865,11.050338284864242,11.776376850719668,0.7260385658554256,0.7609648943579429,0.24144725118099822,0.6692511479194844
42D83826F7356218869346313D2F4FB30779937A86E48B973DD60AD1B0D660BB,H1,1,"[4.0, 6.0, 8.0]",False,0.0,stationary,7.422812900000281,0.00394058287292047,0.003748565583729517,1.0614578323955505e-06,0.0,11.433631563599826,0.0,11.433631563599826,11.433631563599826,11.433631563599826,2.7683441918439793,0.0,11.433631563599826,delta,,,,,,,
BA4412BFF2FF83712FD073B92B409E2D2605A69424ADF2BF82D72D66E7173059,G1,2,"[4.0, 6.0, 8.0]",False,0.0,stationary,19.497101299999485,0.003828856617312072,0.0037119899662302253,1.2881616148578582e-07,0.0,11.413545560585959,0.3079591023612899,10.906986796088658,11.413545570062087,11.920104338034685,3.078804090918295,0.0,11.415,concentrated,9.067972977363535,11.050946500066313,11.776144996400982,0.7251984963346683,0.7609644158370499,0.24163813204001178,0.6692124668534132
7F35FC735BA8F33CC4D2D85EE74C57224F7D7B37A4C861ABD0504B85290F50CF,C,0,"[4.0, 6.0, 8.0]",True,0.0001,stationary,67.09355900000082,0.0011277816006877164,0.0003875337789377046,1.5334061142479548e-07,4.6470752868184306e-08,11.419915021707293,0.9771991254383954,9.983867731025958,11.356040192310223,13.078761165857392,2.840112991555116,0.4530773814392157,11.370000000000001,concentrated,4.74172472821394,10.74773199816504,11.988381621331808,1.2406496231667674,0.6830350479146379,0.1575272151456043,0.6280876712637745
664565082C7C5607872DF025BFE8C514E1944F32ADA9C236EBAF0FB53F0F5A4F,C,1,"[4.0, 6.0, 8.0]",True,0.0001,stationary,75.72562180000023,0.0012479780818748358,0.0004667809412593521,5.478654573316353e-06,7.847952086863837e-06,11.64468667486527,0.9506377370106779,10.44399825868375,11.535829688678119,13.373934936536784,2.869090317519394,0.45451220939574366,11.485,concentrated,4.821323209144528,10.89038635179505,12.107089606684283,1.216703254889234,0.6818059784735746,0.17720870229426702,0.5085736094754432
D4F5C98683B58D21EDD9FFC63490CF7071320BAD36D1740331B6524F18CFDF97,C,2,"[4.0, 6.0, 8.0]",True,0.0001,stationary,73.17355980000139,0.0011274781552135476,0.00038614205500399996,3.893754832429219e-08,7.218614842376472e-09,11.41742203373164,0.9752365170506375,9.98558142780076,11.35417992276607,13.065016614073684,2.8488363150345415,0.4529436300701528,11.370000000000001,concentrated,4.750975817305582,10.746709275457897,11.98646929147099,1.2397600160130917,0.683894123018309,0.15755462323679692,0.6295476263807149
6DA4B18E8072B490AFE2CE31A2F8935DD09F4BB1B60FF4CA8809D1BAA6D9948E,H1,0,"[0.0, 6.0, 8.0]",False,0.0,stationary,8.354687499999272,0.004659636162814024,0.004434573576844878,9.011632970118413e-06,0.0,11.433424887414315,0.0,11.433424887414315,11.433424887414315,11.433424887414315,3.390994790513406,0.0,11.433424887414315,delta,,,,,,,
0A2F18576B2265B42C61D6D19E2C2EAD7C52EC1A27DBB57A80B443E6A6E243FF,H1,1,"[0.0, 6.0, 8.0]",False,0.0,stationary,8.1236467000017,0.004659727755071039,0.004434592050585308,8.12358799940678e-06,0.0,11.433447803108626,0.0,11.433447803108626,11.433447803108626,11.433447803108626,3.3903767916451217,0.0,11.433447803108626,delta,,,,,,,
0FFE5A743BCFEF7FA4205F09A953B2D8DE7312930977780C33E32EAD64907FEC,G1,1,"[0.0, 6.0, 8.0]",False,0.0,stationary,21.02676120000251,0.004276418156322456,0.004037669853334852,2.6491786533546086e-06,0.0,11.422001712614307,0.29381008204414855,10.938715451319093,11.422001706839747,11.905287964739765,3.5737647741992418,0.0,11.42,concentrated,9.504545021788694,11.076058693670172,11.767945801385222,0.6918871077150506,0.7609684794986509,0.2501053405504213,0.6664161869351631
99ACC73F57AFF503AA145FBC6DE16FA485C5689A1991C29A8AE005054CA194E1,G1,2,"[0.0, 6.0, 8.0]",False,0.0,stationary,23.32822500000111,0.004276424917120979,0.00403757208514067,1.7801567030201785e-06,0.0,11.422009432354368,0.2938221863462865,10.938703261811336,11.422009426662509,11.905315594553306,3.5735536659486815,0.0,11.42,concentrated,9.504151786162826,11.076052127852828,11.767967805232932,0.6919156773801038,0.7609685249590006,0.2501085656079037,0.6664001880545017
7D58B9703466D110FE609C013EE7500ECB5666D9BAC17D5E671DADE768E1A1B1,C,0,"[0.0, 6.0, 8.0]",True,0.0001,stationary,76.76146460000018,0.001169833975788457,0.0004398001134729984,1.169368322479887e-09,6.570129141962328e-08,11.392589434444124,1.0252538786634504,9.839290544928788,11.335189256607434,13.220917999499582,2.8849078011427927,0.46783559569821787,11.370000000000001,concentrated,4.616436256804341,10.741108921707227,11.980753436892517,1.2396445151852902,0.6640781379718904,0.15269138087921102,0.6383626184570567
5E2374CBA503AE061D3788BE764128AA0CA9E21C8090E9531452E2DA8D6465BF,C,1,"[0.0, 6.0, 8.0]",True,0.0001,stationary,75.70823430000019,0.001267835407033892,0.0004989608837289753,2.640075076693185e-07,1.2911718526742878e-06,11.55113982742521,0.9507150223683698,10.131073512293682,11.474668909113415,13.247467362151838,3.0639694339652697,0.4697045339390995,11.455,concentrated,4.697734320915929,10.843776819730845,12.07878773437776,1.2350109146469155,0.6735439744718228,0.1690192098992621,0.5491248972896972
38031DF160BF2FFAC6EB5EBD1A860A928592617DDCC87C6E44A7E7EA7DE1F966,C,2,"[0.0, 6.0, 8.0]",True,0.0001,stationary,77.35743139999977,0.0011682052905877206,0.0004333510865866772,3.410901943278388e-08,2.708755016552454e-07,11.382767897412192,1.0067023063019147,9.863321977597181,11.329235270341615,13.137341154602284,2.856151985530082,0.4687344852247428,11.365,concentrated,4.633389802075845,10.732278682094512,11.977854148514592,1.24557546642008,0.6696046250962695,0.15254524394646812,0.6426274214676296
3093B14D05B2B2C394BE3BB7E39DD22E0F3BA31D479A25E6883D636744E2B6B6,H1,2,"[0.0, 6.0, 8.0]",False,0.0,stationary,7.941354700000375,0.0046596361280782225,0.004434571999458156,6.32911559439515e-06,0.0,11.433431944791383,0.0,11.433431944791383,11.433431944791383,11.433431944791383,3.3909952527128238,0.0,11.433431944791383,delta,,,,,,,
D2BA4CA82E1957427D5FE7DEE33E73EB3ED29CE19DFA0847834A7260AEF43475,G1,0,"[0.0, 6.0, 8.0]",False,0.0,stationary,17.380256300002657,0.004276409281130389,0.004037887868007775,1.9702228372725836e-06,0.0,11.421940266752898,0.29392515032603017,10.938464741772972,11.421940260341552,11.905415787976839,3.570485316355323,0.0,11.42,concentrated,9.500837594234275,11.075862454573612,11.768019442295877,0.6921569877222655,0.7609677474967322,0.2500395621018412,0.6664309899840134
050814CA9CD0C8FFE8BC0FAD03D54A5F8881D57937EB8F46D2FF6C5BB24C8333,H1,1,"[0.0, 4.0, 8.0]",False,0.0,stationary,8.609389200002624,0.006217486433391758,0.005979731547016307,8.580401432166726e-06,0.0,11.468391979628919,0.0,11.468391979628919,11.468391979628919,11.468391979628919,4.227872996636803,0.0,11.468391979628919,delta,,,,,,,
E4465915EAFF410165BEFD93572F4DBD3AF70A90AE338BCF64C579B4AB30FBD8,H1,0,"[0.0, 4.0, 8.0]",False,0.0,stationary,8.50517089999994,0.006221649762797057,0.005983026745317657,8.845185419250606e-06,0.0,11.471116813679266,0.0,11.471116813679266,11.471116813679266,11.471116813679266,4.156667806140927,0.0,11.471116813679266,delta,,,,,,,
917038656C2BEC92CF976E5FD7C367B70A8CFF286EAB7405D469A4F4C788B8CB,G1,0,"[0.0, 4.0, 8.0]",False,0.0,stationary,19.1515361999991,0.005824977794128106,0.005580688164580612,4.303989051470171e-06,0.0,11.442720979372016,0.29125762343785033,10.963633036916397,11.442720982064605,11.92180891631821,3.762287490985512,0.0,11.445,concentrated,9.587767833272974,11.099783162447434,11.785659843579221,0.6858766811317878,0.76096847936355,0.2655113893619979,0.6415748531485411
A063A942DBED7B4B14696F7F3C78064D5416ED6388A519462D3A9A73E30D1A16,H1,2,"[0.0, 4.0, 8.0]",False,0.0,stationary,8.510945300000458,0.006217490948662206,0.00597969602922009,8.990604070664394e-06,0.0,11.468403382487992,0.0,11.468403382487992,11.468403382487992,11.468403382487992,4.2244716560985465,0.0,11.468403382487992,delta,,,,,,,
D3781210D50C2FCC0B8BB98D5A16690F48C868A1ED0F34CC507CBE1F6FA2CAB6,G1,2,"[0.0, 4.0, 8.0]",False,0.0,stationary,18.309934099997918,0.005826274898391503,0.005581792407375687,6.858860941705964e-06,0.0,11.442754063222335,0.29034471970898273,10.965167701956032,11.442754066329648,11.920340442409975,3.7725983545635264,0.0,11.445,concentrated,9.617920439817173,11.100889873593168,11.784617198573393,0.6837273249802251,0.7609687059419344,0.2657989682159389,0.6419581610403207
81488C6FE86724DBE4F0BAADCCD2030370A42FCAFF6BC8673A3B8100D0C7B484,G1,1,"[0.0, 4.0, 8.0]",False,0.0,iteration_limit,18.756908399998792,0.00581925121635609,0.005576454184042671,1.048586402587072e-05,0.0,11.442714838648412,0.2914935205213662,10.963238894315191,11.44271484126307,11.922190775234366,3.7335120594306273,0.0,11.445,concentrated,9.580007630856155,11.099498540521465,11.785932010163435,0.6864334696419707,0.7609693720153846,0.26543852260474654,0.6414730860559744
8C8B6B54E0A77350107DEE6FD0D1670A2B0BCA91086B051382566F76C3996B0F,C,0,"[0.0, 4.0, 8.0]",True,0.0001,stationary,80.80943520000073,0.0010398526645447517,0.0003357824487091728,2.48664101902796e-07,3.526128927147827e-08,11.325947589424302,1.0428660070847582,9.771894682324703,11.27710131674929,13.162943036765665,2.887843321087845,0.468042896647648,11.33,concentrated,4.578743970456129,10.6940136746069,11.941693006938635,1.2476793323317352,0.6625481581474245,0.1450152856689785,0.6736354335083501
31AEB52138566CAB13DA1F6A84EF8C7E3039888C562E830F9C8AA839C24D1215,C,1,"[0.0, 4.0, 8.0]",True,0.0001,stationary,87.31243389999872,0.001120143601780058,0.00040066746731878177,4.4134066601379916e-07,8.300055872332082e-08,11.391684795058755,0.991172958532828,9.840917591272614,11.349840157365703,13.123633574081412,3.0581158257700314,0.4699694252424187,11.385,concentrated,4.58612459914366,10.755681618793693,11.99875265878935,1.243071039995657,0.6614167175789047,0.1543502388872288,0.6283542239199665
9540526A9C0ABE9E5FC907503DA2BC0C989D4A4632EEE0C39379A2C489EBB43F,C,2,"[0.0, 4.0, 8.0]",True,0.0001,stationary,81.73823959999936,0.001039884882208416,0.00033609580173456395,1.1643870232651675e-06,7.03969407640163e-06,11.325568090388215,1.0429243614508763,9.771334425779974,11.276811644706989,13.162868074921965,2.8874577756832047,0.46806582718188205,11.33,concentrated,4.578287812611112,10.693824748102804,11.941480894152622,1.2476561460498186,0.6624659965801003,0.14496649267360778,0.6737983006161554
8EED597001660F4C77432DE68CD2FE5087219FC260634774EC45C6A3B8DBB950,H1,1,"[0.0, 4.0, 6.0]",False,0.0,stationary,8.480934400002297,0.0032398315477636538,0.0030216241505233985,2.907592710740783e-06,0.0,11.428140944981367,0.0,11.428140944981367,11.428140944981367,11.428140944981367,2.923414699989709,0.0,11.428140944981367,delta,,,,,,,
1ADD9A3A7659E6B6E84BB5619798F2BDD5F870F9336A076FF04150EC622C6AF6,H1,0,"[0.0, 4.0, 6.0]",False,0.0,stationary,9.185512000000017,0.0032397269527930875,0.003021712162638708,5.783582531667969e-06,0.0,11.428109400203475,0.0,11.428109400203475,11.428109400203475,11.428109400203475,2.9238624801105155,0.0,11.428109400203475,delta,,,,,,,
F2FDEFF53E6BD368B2A70A598873489C644E3EB967BCFCC9FEF6AB56999E76A9,H1,2,"[0.0, 4.0, 6.0]",False,0.0,stationary,8.279369799998676,0.0032397211448771264,0.0030217212179219615,9.633559778201315e-06,0.0,11.427951615075706,0.0,11.427951615075706,11.427951615075706,11.427951615075706,2.9240923803600753,0.0,11.427951615075706,delta,,,,,,,
765A4E95FD03E37F87A8EEF0E6E9F41E42DD8335C03D20FCA48CB32A8F49BD0C,G1,0,"[0.0, 4.0, 6.0]",False,0.0,stationary,20.495634099999734,0.003106323522657528,0.002939770461249096,6.585703040039079e-08,0.0,11.411516543442527,0.2788247958716143,10.952878268344822,11.41151653230331,11.870154816627757,4.181749777586219,0.0,11.41,concentrated,10.015445890508406,11.083218529365706,11.73981167401989,0.6565931446541846,0.7609633368142665,0.24420290407274114,0.6881995452980462
E6A631D03EF26F3873732C9D3662413E7505416AA19EE868E768986654C32796,G1,1,"[0.0, 4.0, 6.0]",False,0.0,stationary,21.960663099998783,0.003077521273288407,0.002918039403083402,1.1626044476928732e-07,0.0,11.404796766359858,0.2969233979894149,10.916389715400282,11.404796770592718,11.893203822203441,3.8794963490401404,0.0,11.405000000000001,concentrated,9.405103563966847,11.055195616648493,11.754398840320029,0.6992032236715353,0.760958392469048,0.23737387790118342,0.6856198081165894
E182E784DD3A68AEE8A52C6A107DDD83817B7FCBEB0A9AE160502E8A116B6846,G1,2,"[0.0, 4.0, 6.0]",False,0.0,stationary,20.340166600002703,0.003106323399342445,0.0029397708279533218,8.833001438024915e-08,0.0,11.411510658751968,0.27883018630978773,10.952863517725623,11.411510647571157,11.8701577982926,4.181698921614458,0.0,11.41,concentrated,10.01525342170209,11.083206315343682,11.739812107726369,0.6566057923826865,0.7609633044307338,0.24419777897570283,0.6882036541703792
AB6C56FC644C75D262533BDAC6B3AA5DAC7AC1D2E2EC668A50C873217A33D00D,C,0,"[0.0, 4.0, 6.0]",True,0.0001,stationary,82.94468330000018,0.0010221319246674705,0.000369218580406387,7.034310268512516e-08,8.824168070537246e-08,11.320212559125935,1.001208954865868,9.896822245391654,11.259986656389525,13.028520126038956,2.8404023134612304,0.4851576029934388,11.305,concentrated,4.645313307343721,10.654748267703898,11.920684704382998,1.2659364366791,0.681787608385781,0.14258526144557268,0.6860068182152741
7920DE429B0E825DC476A3BC481709C2C3716B924329A7F4F92613F345019A0D,C,1,"[0.0, 4.0, 6.0]",True,0.0001,stationary,85.82306640000024,0.001110399229287324,0.0004356414928572976,2.8596793680078663e-07,1.8603732075033255e-08,11.540134374142822,0.9515184204266791,10.242571890233416,11.447613584554482,13.26028676463442,2.934258891113124,0.4862859130065378,11.425,concentrated,4.699241922906612,10.804397476978297,12.053921886115441,1.2495244091371447,0.6816975584076534,0.16529997872528476,0.5669084012230332
91ECA062E8CD7B6850DA1783CFF355DD8666697D61941E92125EF22B97A4AC61,C,2,"[0.0, 4.0, 6.0]",True,0.0001,stationary,80.60788350000075,0.0010221380398614975,0.0003691671578182681,3.0674577736076815e-08,6.20966889283486e-08,11.31985490259943,1.0010681066245872,9.896485817927822,11.259742775808814,13.026929726509406,2.842106688303273,0.48514739419426967,11.305,concentrated,4.644779352147611,10.654484038067308,11.920575345380026,1.2660913073127187,0.6817880596338048,0.14254521578175453,0.6861382433546963
695ED1086029EBFA4560378A529E05082587680923C6354C93ACE70233D5AADB,C,0,"[0.0, 4.0, 6.0, 8.0]",True,0.0001,stationary,40.261321699999826,0.0019421829983196424,0.0006647267146740558,0.0,2.0839344917842478e-07,11.720246606973385,0.9616104588232293,10.730967531160474,11.601132601253461,13.504082167824176,2.9785358145809564,0.4547169901889341,11.56,concentrated,5.628429129769933,11.035107212445421,12.113475456196728,1.0783682437513065,0.7075567274658218,0.2144142731226777,0.45759917500246494
C7BCDFC35E70D9303BCE582E4DC283D84E1E499E03E0D5384E341B09A7F0060F,C,1,"[0.0, 4.0, 6.0, 8.0]",True,0.0001,stationary,41.26250410000284,0.001942182998920299,0.0006647262831582886,0.0,2.8886103723762754e-06,11.720246720382951,0.9616110774066254,10.730966867843593,11.601132592507346,13.504083327011775,2.9785358145809564,0.4547169901889341,11.56,concentrated,5.628428684456924,11.035107230265012,12.113475280182476,1.0783680499174633,0.7075565590156474,0.2144142618092113,0.45759918511095965
47D20DEEF7A2023AB11BCFF371642601ED378054BC3FB7FF455662F4BFF2CAE2,C,2,"[0.0, 4.0, 6.0, 8.0]",True,0.0001,stationary,29.618788399999175,0.001942182998522787,0.0006647268893597242,0.0,9.46502242377828e-07,11.720246677938238,0.9616126862738628,10.730964443817442,11.601132521576424,13.504083868074895,2.9785358145809564,0.4547169901889341,11.56,concentrated,5.628427988296269,11.035107454268946,12.113475362953894,1.0783679086849478,0.7075563483632041,0.21441424570096085,0.45759924689404136
