unit,step_eV,fine_step_eV,max_difference_uA,passed
262327DBFA516EFCC64B1394AE3BB2E7B698276E39EA880C7BADDE750DF5C7A5,0.005,0.0025,0.0,True
594397E2CD0F11DDF0B13AC5D1C55D3CD1CA23C839AC47134D92B15C6CAEFFDC,0.005,0.0025,0.0,True
EF41E09D967B433A0CA7CF4E849DD8CC7DA0D7987C0997482D616076EABF3A62,0.005,0.0025,0.0,True
EC9CC98625A002C3262536303B5E8695A5DAC0F762899B600970580B8D20004E,0.005,0.0025,2.0222776635492323e-06,True
5B4D9FC08CCE89C68ECAB72AF5E437A101BEC55FA8FD1F2FFAE3C6A1AA8CE195,0.005,0.0025,6.6541434606826044e-06,True
3D32318E8423A1301E0CBB5EAA8FC0A9A8A908F77C64F466764F36B562221B5E,0.005,0.0025,2.700541113398458e-06,True
24294152306EBF47A8CB3B96118F440E039E90A904700D5213E03A220A57F4D0,0.005,0.0025,1.1245777540302981e-05,True
F6C91FF8090A965B60041704990E8A7AD5C30430F31DD9030258E1CAE629354A,0.005,0.0025,1.3541012626516746e-05,True
F32C738CB620582B25F790D5341373F2178BA95ED84FE61BAC95FCC383EF5796,0.005,0.0025,1.1246101374595696e-05,True
B46B2C76B673242788A39BED3E989D14A2117FB139DDC8334934AD745C6DBC06,0.005,0.0025,0.0,True
6AACF09BFBF10405C2581685295BB959114E6AF2D48BACA630ABB2F999256DFD,0.005,0.0025,0.0,True
FF8A88987B430C5415A1D452553C007B7AA4289385464B506B3DD46D352F58B2,0.005,0.0025,0.0,True
FD7612ED8FA04F447E45775CA21496FFE19AE4D7D9B6DA990B99077F68CD6A9D,0.005,0.0025,4.711905106535852e-06,True
8069BC9CEE20ED8A58B2DD93C9D598DE68355832AE840D42BEF32412EA93C89D,0.005,0.0025,4.44476941741101e-06,True
60D9A3D0F501C48BFD9FEE5A80DD579FDC9A4691DEF28869F448089AA46106E5,0.005,0.0025,5.590379152931035e-06,True
63854B2BBADE06726E72EF54FC75F2B6C55438BD24BBC395E45E6DE220FB7396,0.005,0.0025,7.5584371848069765e-06,True
C44C60BE98FCA46500519A41015B229B6FB314EB5827F3D5C5F70963B0624F25,0.005,0.0025,1.0600027656071376e-05,True
72F5A157BBBAB21A5CCF9004E1DFA02962ED2A7E076069D7BA7798BD6EF944DE,0.005,0.0025,1.2701404606962896e-05,True
FDCE8F721C9E0B2945B04574CC1D5D2ACDF68CB6DE7BBCDD6CF8A8EA1639E87C,0.005,0.0025,0.0,True
8DED4491F10281DF7C6D9962820284B00F5D480D09E8B65E215ED8918E6455E0,0.005,0.0025,0.0,True
5DB100A68B1727F3AAA4F63DCEDB67A214A144B4E6F301C4F534D428C2C03514,0.005,0.0025,0.0,True
D735369AC3EB9F8CDB8C193C0DE56E11DB94D28BA5BFA44E7629333A95971B62,0.005,0.0025,9.015237507625784e-06,True
A20B861D2909990725F5BF0AC6FBF6588CD09FD82AD9C78551528869DEF3598E,0.005,0.0025,6.587454293160988e-06,True
2CB50892C08DE8C0AC076771092D183D3B249B242CD8E2CBDB199A5A667F5FE7,0.005,0.0025,6.37593584063012e-06,True
CE22C85127D16D6C08BCD34422DD3D4E7228201EE7634EB7F8BEDC59158B15C7,0.005,0.0025,4.060914417824968e-05,True
50F7E2E1F5FA2EBB1DB7B38BF3FAAE949048BB8AC1692E7FEC69AA54CC2ED754,0.005,0.0025,1.4311482914308726e-06,True
79991CE4B177F919421B4558DA99B0DC9935FB63B34883AC38014DDA1C935253,0.005,0.0025,2.63585811843825e-06,True
1972E53D39E83DC6E4E8E464D48D14C663172623ADE8FC012DB3D29CA0F47C05,0.005,0.0025,0.0,True
4883B0DF336763D0929419C053EFE30F69B8C70464761C7D9C0CCEE40C2BB05A,0.005,0.0025,0.0,True
A604E4445891011D6D60F7547551423FA7D574CBB8A9FE5A4038273D6E750E1A,0.005,0.0025,0.0,True
72720802F05A5C4DB5E22B49D79358955C05E6F626800A11D44B5EC3603209C6,0.005,0.0025,5.291787496197742e-06,True
DA8ABF6CF94FEBDAB0284E8042C362E2630C3D0F3ECE9A6A8CB8C0B28996F600,0.005,0.0025,2.680169853608305e-06,True
77A5ABD10C459A46AC7D1810AD97924A761DB86D94C980D7C16A54446D687C45,0.005,0.0025,3.7021650016733076e-06,True
1FA540EFC1EFB1937ACF28D3236D2B1F64FC66C09687CDFA4BEFBABF42D87435,0.005,0.0025,6.9751198472634e-06,True
74435435334BD9A3EF6480909BC36C9EC3229BAF54E787D737BB354509D3D411,0.005,0.0025,1.0011479162574943e-05,True
CD4300D33AD08C3AC17C5DAA2677B9B7C1803A73304FC8B48A136ACF38D395C1,0.005,0.0025,6.763173018287105e-06,True
8A9A0A97C38DDD2B8AF7E68ED580EA9D8C402F88CF782F134BB285F880707B58,0.005,0.0025,0.0,True
439A6F87DC0B3315AED6F6C1315FB5E786B316A2CAF86B59F36846CC4AB2664C,0.005,0.0025,0.0,True
8B7858971434C47973CA064C646276C86568074D3AED6DEB522FBE36EF6110AE,0.005,0.0025,0.0,True
1F9593ED968070D2DC8C3400ACE038A40CA44713C3565C8E89097B6F60764021,0.005,0.0025,3.910413425067816e-06,True
524CB4D11A54D55A99B3EA46C2CC991EBC4C6F84B653FFDE8C7AC72AAC3DE861,0.005,0.0025,7.437690359157756e-06,True
C52209D6FD655A9BE8AF8429BF356EDE869CA1A2854504BD31E6201CFCFF5F0B,0.005,0.0025,5.375036437715863e-06,True
2580F7E0A319B658D645A3CE94806F2134B062EA21C4570868E9684EB692B44C,0.005,0.0025,8.39686347786639e-06,True
65C9AD2AC0C7FB881560B885717F5A1C1300EE9C52531B60D2AA3BED1C1E73C1,0.005,0.0025,1.098314194791783e-05,True
2AC421CA54586358E7D4E832FB674529166D4E62559CDB2EC9FF2340FDE32548,0.005,0.0025,9.209646482766232e-06,True
48849A5A2390AAB4F08C2AE256C76AEFB513119B7FB0D1157FB8309C900DB478,0.005,0.0025,2.5535208938443077e-06,True
48E1DAEFB88C981202A8158D2471F7258ADD12E0597921D47A067A1FB8DF484A,0.005,0.0025,1.054144316947614e-06,True
8AEDA4156EA92710E86EA6B7B57A615863ECA5F4299AC6FC965C56F3FB522DDB,0.005,0.0025,2.3123451877715695e-06,True
663B4054B2FCA6412E3CF335399798A086E9E010D972CB4C5CED0B11E3F7C575,0.005,0.0025,3.479366208924972e-06,True
C458727A5085D19A1A490FFE4139D328026072202AC29C1B9CC87271D17F463A,0.005,0.0025,2.565637694740275e-06,True
7B1A7BBA4B11062AE77D6D43B44620FCD6AF5B4EA8761090C0ED62BA1DDFA942,0.005,0.0025,3.478268573164911e-06,True
21B7A232CB32CB70CA326DCBAEE50CC3BDC363F271F50A402B2154C6B0939AC5,0.005,0.0025,9.178981472457437e-06,True
63AD6975A162DD1F28A520ED8E88E38A100A4DC7213C54F1D9F77B3EF9D4CB23,0.005,0.0025,1.1402423033768372e-05,True
6E10BE45A2D76AE98FE6AD30613DF0D97728ADA3FD35571BA652290F988F55D9,0.005,0.0025,6.226478378223987e-06,True
288B4B9E779C7760B19DD83D1ABEAF4EBE6480FEBF47AB09542D366FA8134CEF,0.005,0.0025,9.907931118213753e-06,True
5841FEA4C9F7351EF88992BA7D911FCE321F316205394F6076CA0A25837AF11F,0.005,0.0025,7.414296953278665e-06,True
9FB53748A9A157E4867209368A1C00EB2DDCE4E33614F36181C6697CF0DA5709,0.005,0.0025,9.98583235478634e-06,True
31FAFCE71853031B9D3BF1391299ECAE22F60F63436B23B1A67B0203DE6D40EA,0.005,0.0025,9.941585023875987e-06,True
DF2F0AE5DF38E452CB325F6AD191BF1A6D6CA906E44872520136A1BB2BA6F20B,0.005,0.0025,8.182241221454944e-06,True
D3FD966866AC4B23E6860428734E59D18FE25924E3FF996184BA3B927A59B3BC,0.005,0.0025,8.750947004365628e-06,True
DBDBFA00236B8CC13424832823259202FB13E2F9A267CA639ACD54D6AEF708B8,0.005,0.0025,8.926420831389947e-06,True
00307E5122EE42F1CA2D9E3D5FC7C695EACAB905BF891F2ABC5904097D4626D2,0.005,0.0025,1.4559273363135006e-05,True
BB3AD280450245F6EEABE3B22CD7BEC9911929536D9D99F2D1654F48ADAEF637,0.005,0.0025,8.586165193946727e-06,True
C62F6F9E8A83B70CAE485375AEB015A0674485F2DE0DFA6610629119BEA1BECC,0.005,0.0025,8.020210475301326e-06,True
9859394D3843CBD002245BA22B2E59D133CB1B1AFFDC167C8C1F5AF26BD72B3E,0.005,0.0025,9.327943594872323e-06,True
3433FA27636F4DE2BEDB36180179A8AAB996F1A538E9B7E648741CDCC37DC117,0.005,0.0025,7.928026970471791e-06,True
AAB30F6F91ED6EA0DB1D4DC7B0C12777DC270B48DA9D840E9E5CFA0455BBC188,0.005,0.0025,1.091007791664822e-05,True
1B42F465A14BC726881100C56342CFFA0CDECBC56B7C81B19726D28E7B79FB5A,0.005,0.0025,1.0440472496542341e-05,True
FEF34C3A35330CAF07E0DEA0479CB2C05E8CD22556FA30FF8A3DC03F5D04C684,0.005,0.0025,7.8945038164413e-06,True
C2A497487FB96D034D2C7BEA9BC1D2EA2954647221988EF9206882998E05B025,0.005,0.0025,1.0803695311034645e-05,True
81B2000F8D1ADBF35C966FA8630D09472333C6EA813797B7BC1C9812E827BB2E,0.005,0.0025,9.624258676899089e-06,True
B4EFF05425B3CD04CBD139755A1D09D0D03DB62430058646DF7399D60A7D9EBD,0.005,0.0025,9.524928620718853e-06,True
D995BA1CE9ED55E20E64F4605A9B1F4FCCB2ED5AA8018BF9DC5EF44E42D8CC67,0.005,0.0025,1.27151333475517e-05,True
023884822796CF9B1167F846F42D78AAC54D531AC41BA75BA84DAD18CA587FDB,0.005,0.0025,1.1341313328916414e-05,True
9F56E16BD50D0530792DAC64676D09FE62F0AF5C168BF353E1BC0BD132304832,0.005,0.0025,1.2713252522722485e-05,True
918996C42FAB367F87356532319B97C933A8EB82DF08C34BF31A828C929A53FE,0.005,0.0025,9.381322667589842e-06,True
441D6F16BE36F255A86480AE9881AA37434ECA3B1EC129BCBF77E1E0B28CA80C,0.005,0.0025,8.665976662047825e-06,True
09A77866D2A4A24F8D307AD9B1AEDAB578FBB927ADE02412384824BF9E90A7C7,0.005,0.0025,9.372407362207014e-06,True
928A57EAA870557887D2D041FCF7D19D8C3D6D45B3A6489ECFEFDAD66275AB6B,0.005,0.0025,8.107450582439668e-06,True
EC4C274215854E5439675BAD5F507712981A5CA6655C9B43D39BDFF5A259C4D8,0.005,0.0025,9.838610699475225e-06,True
AD083260E26FE30A4AD36E56A66E20891DE4D1607B02D4C0E62ADF3126AD1741,0.005,0.0025,8.905187295571437e-06,True
3AB2AB8128290F6F150EF269666664D0049303ACF654E4C0657A7054F7B160B2,0.005,0.0025,9.169379311169124e-06,True
B5B7CC46B1331B9912486B4A409885EF42DFBD485E45532F72B1B54D87B1EAAD,0.005,0.0025,1.1301188515222549e-05,True
FE492D3D64E26B4F1EFAB310B84C2FE1418D377A9B4D78ECE2391EFDDEFDDBCD,0.005,0.0025,8.433295583420986e-06,True
F9477394A703F452A8216B70F622ABC9CE111C574879CD087D9EE5FA61337415,0.005,0.0025,8.01626054336424e-06,True
194B2D94F8419BCBA26CA6C0794719949BCCAE14640B64A42D9E37DAADEDDE7D,0.005,0.0025,8.841891828259563e-06,True
B08716CAD7750AE1DF8D3D953ED185330651EE0393C5AC819C10424B75565700,0.005,0.0025,8.008962786298923e-06,True
241590EA37E379305DE8466F734C668774949665E2046239CA30258591C2DCB2,0.005,0.0025,1.0275623512079335e-05,True
D3F777E7E8414C2A909D8A3BF5C222705A348D4A4EA4DC3A127CB0E4DE22A822,0.005,0.0025,1.0809958038482392e-05,True
7FA485F1B1D2F442E3E07EEECF94BFB50FB1123D196DF7FA4F3E2173676F11C9,0.005,0.0025,1.0558809345972975e-05,True
0E100820D4C207A933AA6007052D083B9F57C6E8119448417865B219A5C7F9BC,0.005,0.0025,7.221333878870695e-06,True
D9EC5F1BB05B31288E6848B4E7F91FA6299C4E513726A8CA89B0E7D233CDAC7F,0.005,0.0025,1.16098922284813e-05,True
D2F9B8085DD75017F67C6788B8D8A75E6E9372CBBCB7BC21B1B8107B28928724,0.005,0.0025,7.338543921431295e-06,True
A518619BF59A8869B8CBAC375D5980EE27B7B4A6B740CAA059C8FFED44667BA5,0.005,0.0025,9.71387821269154e-06,True
1123795045A2B6BF77837951E84203ED41474A5B40BD53C2AED089DC8AC9F07C,0.005,0.0025,1.24156088285865e-05,True
CD8C2AB29BE25B59E32ECDC40C75F430EC8F0411860A66EB4ADFA079DCAAC1C8,0.005,0.0025,1.0811189462778259e-05,True
2C32EBC591BC430301BC75EC421493B26046A2B135C3E919A732E54F587A61BE,0.005,0.0025,1.0575501958154376e-05,True
12F1BAEAB6EA01F3681B6785D5AC8D5842AAD60BA619B615F723AB721F18BCD1,0.005,0.0025,1.1951051401837276e-05,True
BE19FA0526725C81CB64DC69AC47D58114F196A29FC5DE6FE4E08240D8974EE4,0.005,0.0025,1.0284313133102074e-05,True
851633A2B8E721C7A9827A56BCB7DD0CFB37B5E4E60BDA1BF49ABB095D81AD21,0.005,0.0025,1.1931875313120344e-05,True
B00F1C7A5E515E721C12CDE36142309FB6E6E5587FB2EB4D1F134B1F4792383A,0.005,0.0025,8.850571574958721e-06,True
46C28DDAFD9C4CF5F8C2680D8A9BFDF5F5E3792C67DE3DA2C3CE66977D143B70,0.005,0.0025,1.19309545134616e-05,True
37B74A79FA49EDCF55AF2CFA7B747D1F6C1A2AA65FC2BB5D4A3426A6F73F4985,0.005,0.0025,6.293320511829847e-06,True
9EEAA5949A872A6A0E46CD9F399776680943AFB7565EA0D16546B765745E1786,0.005,0.0025,1.0447879231545443e-05,True
84DB72624463366D2C8203D671C00AACB503D3D93D8EEA5714BE1242B71BE804,0.005,0.0025,6.268244239215903e-06,True
A7479A826D8D55053048335DBD041D0398F86C283F5278524ECFF92E79421D3B,0.005,0.0025,9.991283880905755e-06,True
4EA261BD2A3DA6C2AAB586BB2621ED7AC66D9B7422E0763F889CA74CCC77D3EF,0.005,0.0025,1.2076274140460086e-05,True
1A055859FD3819A296A7D28A13FA84562132B147374693ABB424AFD7CE695033,0.005,0.0025,8.547446835427408e-06,True
A6F6C7ECC1B3304BCBE06F9905FBA669D5EDF49CBF7DE0D2DA7EA2E52263B08F,0.005,0.0025,1.0472654825566252e-05,True
87604D68B50DBDD35D2FCF9C0A2198EA3B11D6F019D956BAFC7BD53F59BAF34C,0.005,0.0025,1.5175792341670657e-05,True
B7D55D782760D1FB9D7F5A7E62713407E2386408E46E0F68C7591114307D3390,0.005,0.0025,1.0620903379887636e-05,True
821C0F28F834B1AFA821FAD26061D21FEB0E0C380AC3F6194E9D42BACF3ECF43,0.005,0.0025,1.0752676606662348e-05,True
50AAD38E17C5BD9FAD359318625E79D732ECEC2E275308AC9E0C4BFE3872B072,0.005,0.0025,1.2235876183375183e-05,True
47D399E19A5442A3CFAB28DD924043EF5052C4A56A908DA3E7AE4F1CEC5363AE,0.005,0.0025,1.0752438401206987e-05,True
DC3D36ECEEE0DD4FC89BBD7E1D1BAD165449E563195A41BEF14D7B7D10E9EDB1,0.005,0.0025,9.027794749538742e-06,True
EE7B9D3676A2B6087289491D575B83B0E99FB5F9F06B63E7CC97565FADB5781C,0.005,0.0025,7.674198986062919e-06,True
929488CECAE7CC4BE47D5F17871800BDA1B8E40B64F2820E71C8CF15B43C780E,0.005,0.0025,8.296342825175884e-06,True
9A2E70EF2CC172FBD822C1261395E5FFB9BADF9F878CF8AEBCEAFF5E993BB375,0.005,0.0025,7.034207025746753e-06,True
FD303179D38E850C6A0504414FE792625FD1CC2CE241B3362F27A984834A19E7,0.005,0.0025,1.0903868694622787e-05,True
02983400804E7FB9FAAA4BDB2BD53158AB3E2357DD6E6E5654A1B1A68C5229E4,0.005,0.0025,7.040343937170235e-06,True
96502AB866A49CA9471F54D6C23B1BF119396EC57F83B2471A86F42BD5C4AB52,0.005,0.0025,8.348889306564189e-06,True
B121E81D729592C5C76CD41EDB2EDC164B82D4B3A5838658861C8CC43BF9C1D1,0.005,0.0025,1.3737513139044921e-05,True
4A43E1D885B142D3A4E30A2CA1446A78AB8EA7E861BB2ACCF04E03A4C826B877,0.005,0.0025,8.883159440475907e-06,True
DC1E96CC9F5D3D93D1B2542C6B3A5B6D7295CD26465452F795CD02F7E6A42376,0.005,0.0025,9.363861232181137e-06,True
323F4FAF63DBCE0B5804904221A06B3F1DB13D51601CE5945B08A26634482B00,0.005,0.0025,1.257522673281386e-05,True
8212FB25180387DF60FB0EB6D6609BB09AC1E49BD065EA763BF6957818ADD420,0.005,0.0025,9.363490476310687e-06,True
CABD8B551811A78578B0010FF07DE746DD7897A65B91601D198F151CB3277548,0.005,0.0025,9.179661722980015e-06,True
6CE38FA885AE248D7DD190BFA0FB6F5581E68E93571D7986E9638995DB88D7FA,0.005,0.0025,9.804133754176547e-06,True
2667DC2391257372C8DA3E3A33BDFFDF0437B74184370A2A7E5A0357E46DE511,0.005,0.0025,8.264363101417871e-06,True
1DCAA72CCAA6CADB499A2902FDD85C11BCE00AD8D55E867BFE15798CBF4ECEB9,0.005,0.0025,8.40014420244728e-06,True
D64263A6A3D98C20BE425D6C1C4ECC5B69F18A4B32117563533343A7B55FE15C,0.005,0.0025,1.0852589025223125e-05,True
599065C1C494C96770BC0C0B6FD9C44882DC3F6E78CC9E7DCD34C77D40616BE5,0.005,0.0025,8.29310130479044e-06,True
530CB9A9DCD2D6F6D129926A4B953719813A23130D39CAF684568F142DF1B6E2,0.005,0.0025,1.1676336307386848e-05,True
6016F3AC62951803880DA48ED5DB295AB7F7EB93E22132D35D11556CA41B3296,0.005,0.0025,8.075360425241485e-06,True
4CBC7AFEAD9DE57230426F6EE1DE6F6C31DEA83D99855371487536E293F30582,0.005,0.0025,9.29220056944402e-06,True
00BAEF41259349BCDBA4461FF71FA5953B1272635295351237F50834A7D3CD31,0.005,0.0025,1.0140676942826943e-05,True
31EFAFA81BCAE38D760145758A31E105A830C9D01EEEB096A25FC842586C4D93,0.005,0.0025,1.122734109015866e-05,True
020D4C40ED7D8C6818E44EA4C395B4A0CF61E9557AE2EDBC285DBC4538F46B8E,0.005,0.0025,1.2710194269294206e-05,True
B7705241101619138EE9D6F3F3A7E6052721894D4DA45446F45629996A4EB723,0.005,0.0025,9.598514841613337e-06,True
4BDB5CA95BDE19ADE5AC3AD5EAC3A06D38C9DCD21C4024134321AB53CEE5B4F1,0.005,0.0025,1.1018119073558097e-05,True
3404CCF9F1051F2BCC2374AD3888FF1986102891E03B2F2183F8B5ABC90602D9,0.005,0.0025,8.9047429321365e-06,True
F61FB80787184B51384E2A8CEF6A5E853F506E91308DA636770BF46538BF8106,0.005,0.0025,9.532868916473092e-06,True
32BCCD6238E603D64C0E83D3131C7650E0C6E66759C1F3D0DEFFE5F9E881C5A0,0.005,0.0025,8.582216443286939e-06,True
9544C2CA564BAFB5411B10D3A58DECA2BBB1688577A414A7464B6919107D68D3,0.005,0.0025,8.345146419230787e-06,True
EDA1F8B4257CF2AF70B1933EEA615612DCBE6791D2B16BE34990099AF07A8052,0.005,0.0025,1.1308646719498938e-05,True
FFAC469B5D437195BF57DEF72C0A3BA26C50B709CD5EE4AC2C21AF7EC247A6C1,0.005,0.0025,9.248622966584463e-06,True
865B5F1B3B9488FE7CD26304A087FD966858B97174E929DB6B840DC90EAE72E4,0.005,0.0025,1.1308185132508086e-05,True
64AED6F96B3831AB371885F61DFCA67900A000619E3DAE80306522C32291BFAD,0.005,0.0025,9.72336532290008e-06,True
923C1422E87B93B0732AE4AFB283632352940575A70B13FC5E35D69FF7BC881F,0.005,0.0025,1.0217160839376405e-05,True
DD95A7E1A74703836BCCFD210628810317A4CC1FF1B00E40A729438A0E7C823C,0.005,0.0025,9.742494694986448e-06,True
06D832082DC6820084F29F450F16493066BA6187B7859FD03F6552066673A6E8,0.005,0.0025,8.604023804092975e-06,True
0C890B6192BF390DF796A2F7A8FC8339643AFE1F37E3B91B884A06CB4C4D4DDB,0.005,0.0025,9.911699579978617e-06,True
C0427D080F4A1EC335D76435F99120CD01C6C6E4CE409457C53FE17C0886367F,0.005,0.0025,8.605539189243672e-06,True
046EB1EDDCD767096C3406C7166DC3CE50C9C8F94AD0A2F8388386551CB2D4AF,0.005,0.0025,0.0,True
0EBE234927B77758FB6F2A61AE4DE25E1585443E5EC8E3603CA2C2243FF5D656,0.005,0.0025,0.0,True
32DBBB59C973FF98927E237AFDD4D521CFC1AC1DC63182DD00F386CCE14A8753,0.005,0.0025,0.0,True
131DB3DB947FE69B9E91924CCC8948268557CDC97E534666060621C3855D669C,0.005,0.0025,3.258395346783516e-05,True
4FAF87B3AC0744240390D32784455E50A5BFEF324FF11D6A0B2EFD00E016CF68,0.005,0.0025,4.381668725583765e-05,True
BA97EEF9DB6372500A4E1690610920A240BCC9AFD68D8FFE4EA11CCBC93927E8,0.005,0.0025,1.748851948235597e-05,True
2EA56DCF6A4860B4B9A4A5A759E8D382441DC2903133A0CA42BD680EF9592E6A,0.005,0.0025,1.5422950861765372e-05,True
59BF7B9840E34E0059EDF7C819137C2C8293B590F1E472B048F76AA3152BD4CF,0.005,0.0025,1.767077253234106e-05,True
FD2641BECFC8BE49E11F08EC58301128CF64B1A80E92D96E17FE7F8DE77F0B25,0.005,0.0025,1.5358214186633745e-05,True
EC8D4067A202B3F4014A7F4450CC9E7A09DCA60C9798563B681EDECBD0DC2770,0.005,0.0025,0.0,True
9108AAC5D9D5B426DB3066236469D8ECC472CBE5A647AB576B63A3A72301AC34,0.005,0.0025,0.0,True
0705E7FBD78C6473A52627CC1AAA90889442C1A72E34EC2918CAF7CE94E28BE3,0.005,0.0025,0.0,True
BC1A0EC6051A93BE0EE59E97601BB793ADA502F90830F0B6536B8286C7F5B9FC,0.005,0.0025,5.001261829873371e-05,True
9E12177E572EC0F8F6AA897968759E2D92D2239401E79D8F346B1CAA2317CC5F,0.005,0.0025,2.9271384691220703e-05,True
CD79FB13F27987A0DA79112F880148EE329A5585566DF7FCE0C1B32A033CB681,0.005,0.0025,2.9071424708870808e-05,True
32E0B338502420EC7310DD77C0EF03CE36175985E2BD2A977333417D30A6CB6C,0.005,0.0025,1.4898259732998298e-05,True
09AF1EE65CD2508F3AB05A75F3F5EFFFAF0B6562A03F834ED167EB5BC170C97F,0.005,0.0025,1.5046960068154647e-05,True
8909A473DF47F145178C47D4631F009A13181AFDC1A1DDF4538585D31362396D,0.005,0.0025,1.0064837411949412e-05,True
E92AE7543E53F0E2C2957BD88C46BFD5A17CE6BC7673A0C5789C5E8CDB430A23,0.005,0.0025,0.0,True
82618FFC1C8CB5F7032B0C162EF6B7C0F3364183035A6EB57A43D1C782C9B3CB,0.005,0.0025,0.0,True
34FB197B23110F3652E8F40E1337B48EC34DC671D8B5449B13E39CA39B5F3BB2,0.005,0.0025,0.0,True
A086255513F1B008C99EEEEBBA9CA3989B25C41150788B1182056310C37E4F07,0.005,0.0025,4.283626481083047e-05,True
FFCC330294EDB7194ACF98179978F440EF5DA65FC697A2AA1EC16C80B6A56882,0.005,0.0025,2.9872446510648132e-05,True
EC8AAAFE7CA3C595DE771B1BEF6128AFFA8788EA412A8F402ED1CE08C872BB1D,0.005,0.0025,1.935698916399886e-05,True
F7D2680CA5B80D1441BD0BDE0C0AAC5F60B5E9068662B40564B6877966BCA954,0.005,0.0025,1.651257257861971e-05,True
EEC243D107FDA7EDF4568C471F257035F3C0853CB3FDA2784B328B1BF0DCC93F,0.005,0.0025,1.3985150075779273e-05,True
BD9164481F99C9FE734A11ABDE4C9048C317BD8DA480F46951B99FCE9A9F1288,0.005,0.0025,1.935764772031945e-06,True
26537E8BF9325F0A61EDC46C80AB4D4B95C088454D3EC87983002C4AD065C5DA,0.005,0.0025,0.0,True
83CFC9C346801E8872E5717D0FEB870EBCA7A1024D7A46EEF6BF058FEAF5E1EF,0.005,0.0025,0.0,True
1DB7A59470B471E2823D18C062B535EA71DC1F056276FE8656808590FD1DFDEC,0.005,0.0025,0.0,True
BB09836E8CBB7E7127E5CDBF6F87D956FF19D42B89B20C2FE41FFD7844280CF4,0.005,0.0025,3.628437711755694e-05,True
0C28D005251E0A6EFBAFF1201F5A3A36FF031289C758E57C44D4E26084E4A6B0,0.005,0.0025,3.103795349579386e-05,True
ED1684E3F6136CF6291E0B5C07A4458C66B734CA85EE9BD43D9457B7CEDD41D9,0.005,0.0025,3.4313225064419584e-05,True
AE4828DC68A6C8B2DFD45F594997A5753F7AF332F4BB173B62525432117CE9AF,0.005,0.0025,9.40800988313839e-06,True
F5D4B8052FEB02C17D8D3C36FA234105885B7E29B32AC315AE316E16D470B927,0.005,0.0025,1.305544518848123e-05,True
C12AEBC47CF7AB0B60E45AD63D2E24F068ED4D68CC8FAEB5D5720AF32D3DC47A,0.005,0.0025,9.395760547814547e-06,True
8082695B5EC17F5764FDE20897E80F4F13208433E4FFDBEE2E3CE06F35C42ABD,0.005,0.0025,1.004255969050405e-05,True
921E5113429AD2112D1F999722FB8AB312A45DBAA9080CCAC3110AE6A4ECB999,0.005,0.0025,1.0042574406732285e-05,True
9970D3FA31E498822C40ACC7FBBBCCE9DD83BAE1B21E325ACB751C979B51330C,0.005,0.0025,1.0042602210713625e-05,True
39FD2C7E401242118BE284620F9CDFD8A85127CF92C9AC6327E0DC70226A01A9,0.005,0.0025,0.0,True
0FF0EBF516ED9014D012D78DFF882A575DB9F280AA59EFF2775EF1F952FA3F2B,0.005,0.0025,0.0,True
A81C12357920B87649A7EB87CE1B46BB17D3AD136EC712F29BA1F664C9459BDD,0.005,0.0025,0.0,True
FF6115CF11F3385E55782AFC85E9C8617B12A50330A14EEB1D3CBAE65C69B536,0.005,0.0025,4.233535281628065e-05,True
4F4E73CF4B960BE582279C2FDD7614D329802AA4063590D484EC7188816F1BD6,0.005,0.0025,4.162029982568427e-05,True
28183818B594FD6D2EDA1B8B8BE6A21507F60A796E0371541768436FF1041E6C,0.005,0.0025,3.37306017312855e-05,True
10468CCAD8E2824051D6552008D6918E449824B6798F70079223359ADBA8CCE6,0.005,0.0025,1.8182869556682135e-05,True
68DFB729E5B6CD65DCAEF7139E5E58FBF916039E42CDB00F51FF88062F434848,0.005,0.0025,1.703572176570134e-05,True
9852B3FCB759199F72D541C7E141F9174FE8516A88225C9F9D82B523653B2CE1,0.005,0.0025,1.6766154341318895e-05,True
A209A05E1B401623AFB09870FE89958B749F682298B9DE59D3C79DA190099EB2,0.005,0.0025,0.0,True
49BD3B39546C73608F281876170EC278615E021398391ABD36617876AAC58C8D,0.005,0.0025,0.0,True
0B2C4D0ABCD1F0321F1AE76651C741AE3BAA9CDF81ED1F9983AFE8A11916BB50,0.005,0.0025,0.0,True
1D600A70F69954E6FA107715EA569B6E011C5E23A4AF950157AA82DC111450AE,0.005,0.0025,5.731866380198625e-05,True
9B8EE686522DAACD1B8C0C1911E109D30F74CDC94B9515587FBFC78F52F26674,0.005,0.0025,5.0831206803714224e-05,True
7EA8A5DA1FFE835B73102A4B0805C5D31D5E9FDE6CC5075A4D27A22299556A0D,0.005,0.0025,4.9451422709623216e-05,True
A2E430950D62CD7526C06B900C7E6412875384A9534F612B17559B7B6FF23F97,0.005,0.0025,1.7518535966321025e-05,True
C91E67ADD4888F3288676C95CCD5AAB4E9F294611DFF4EA5223EB3205752D69C,0.005,0.0025,1.938347187779854e-05,True
80F79CE6C68AF803F7086BA620E186ADEBFDE105C9483D16E8327C72D4548B04,0.005,0.0025,1.3245658024629847e-05,True
A520887F0C5FD446736F930A8233D651125213385AB8AF766876D421EFE6662D,0.005,0.0025,0.0,True
7D147E2E64139589AECF0016F598DAEECBE91A3B5431EFD4C7B23667753A33BC,0.005,0.0025,0.0,True
8AA8D11FFF72E08A25165C07AFEA240723B64130BEDA839953105D8A43DF29AB,0.005,0.0025,0.0,True
6A0FB227AEA3560D96A3598CB75EDE39CB0BA0A6B52AB5B452C7B641E6B86873,0.005,0.0025,2.5473398563846672e-05,True
D78E80F0ED6848A8AF780470851DD70283F49E7FF014ABD6A736F98C77EFDED3,0.005,0.0025,1.4966333199861737e-05,True
0611DD6231C35420A8AD95EFAF4CDA85E81BE17EB7A548088364F2A522B05FEC,0.005,0.0025,3.3771831647655404e-05,True
2F87F25D4E2DDCE8A11164FC49DAE524D6330F0513794F2B4CB618454A044B65,0.005,0.0025,1.7848053367686134e-05,True
5BC39158E32E33ABB0502D1CED093C88DC0D7C8D4911DF4472D2900928459437,0.005,0.0025,1.760370993153515e-05,True
804F2278B177BB9C1EA082E3EB38250A53E505D0BF4D6023014EAAE0CFC89A82,0.005,0.0025,9.348553433596862e-07,True
F6D8716B1D1A708E2C9D236B6C42ED976A867C0F16F2778790B09C2D6F553A99,0.005,0.0025,0.0,True
4FEDF78D69B3A244AC430AC90BCD3D7C4D773EDFB976480A96D64204DF774C7E,0.005,0.0025,0.0,True
52E8D95F8BE2BDEA77EF98944BEB9DE87D2FE4478AA4EE4E373B467ACCD58CBE,0.005,0.0025,0.0,True
0AF6DD35104E0453C54140CCAB2C49039E9C80560EC3DD5396D47117CE9A4F16,0.005,0.0025,8.807537994393044e-05,True
26C9458C781F6B4729109E66FFC8594A662D29D12C8E25D5453D0F70C459D5D3,0.005,0.0025,8.665769953530855e-05,True
800EF6AB1BDA739B2297F6A012C495406FB4C991B052DBA8814C380AFF86FAA8,0.005,0.0025,6.604153190048478e-05,True
FF35ECB3B457C7798EABA02860039E9FC031590778AE1F251626FCBA1A685291,0.005,0.0025,1.2003999179110991e-05,True
CFB5B3933E79943D852085AAB82B38BCB9F9B4944E9978CD40288B4CD6A4528F,0.005,0.0025,1.4573223219294107e-05,True
FE9BB71F6F455B9E1BE7F0A52E1230537D3AF0E9D048FD0AFBD235F243377D6F,0.005,0.0025,1.2679712396490572e-05,True
E8F9C6426935BEF1D01BE2E2F9E9EFE05A07FFADC919ABE66D8FDC7AC7571DEF,0.005,0.0025,1.0187646461989885e-05,True
C971ED3DA7B6D3243643495A0F54BC54C0AA5A76E44C0E24A8C3509E4DF7A94F,0.005,0.0025,1.0187646665382744e-05,True
A214610050DCA221B2558274238EC0D3D87C6D76DC66DA2CBF02C9836EA6DAFA,0.005,0.0025,1.018764629057145e-05,True
79B62FA7251D1D2839CC124E77A2ABCF03D5D6663C330AFA3073A80EDE6CC4E4,0.005,0.0025,0.0,True
1D0CB9F40AA6E51EBADC9BA1A8A4517EFA9FCB034E1E9C94E0B00BF1EA418D9F,0.005,0.0025,0.0,True
41998167D1A2201CB6C2765F7069410A099671A8A3E7A0045FA3F6FF049D06E5,0.005,0.0025,0.0,True
9492EDF5CD033FFA7F9D5B2663BD9F91CFB1129C9D65DB7702CF1708F0E0C2D6,0.005,0.0025,3.6175854114972594e-05,True
90F95FA625C3519553D5CE9DAAD8D6A6B22DADC0B8C5B20FA41C08C7E10CD15B,0.005,0.0025,3.41933637959535e-05,True
0FD9BEDC166B9CFEFC64318892D92F3A6290DE03E392162FCE8DBE2C725F9FB4,0.005,0.0025,6.425659507813819e-05,True
D5CE2B94027F07CA64437C159BFA3FA94315F7DC9BE512DC9411D9E7F272024E,0.005,0.0025,1.7075915736519676e-05,True
BC0E9BCC33B0D084031DB7BB84184019E9C89583A568F9BA5A7C98A2041634D4,0.005,0.0025,1.3868844421782711e-05,True
01A271BC4CE6880DDA482CCC67DB039ECB3CEC9B949B8A582C56498F1E01E16F,0.005,0.0025,1.529453126325464e-05,True
E1A78134C262C14C376C3943D191B952BEF06A3C05FF6AED1D4A716069ADC44D,0.005,0.0025,0.0,True
C550E9D2BE1698CED35E1AD182847003044C26D3C0B0987D031BCE9815DC6038,0.005,0.0025,0.0,True
AD57AADF0ACD75B3BA151F7639B608D1C1FF4CD72DEC0A1FAE4E303804BEE437,0.005,0.0025,0.0,True
B5EEAE0972EB70CAC2704CE2A4628B3C482713D01249F84169DE2149571A78CA,0.005,0.0025,4.6665623201214146e-05,True
9307AE93C86C740EBB3E9F4026F7F7059380719A1434E8E670FA41006EF367F4,0.005,0.0025,2.439232675399694e-05,True
48EA35B105B96E20E6D488A8D65B0879B6F7610883E8D639D7D75B12AB2D5AFB,0.005,0.0025,4.24496619242376e-05,True
B415BDC1C7CC374732CBF88F403C0D91832064EB688810BEE3DC74C91E9D688D,0.005,0.0025,1.5484733050463717e-05,True
6CABF623FF6413180B61D9B8AB0D6682ADDF2BEE101D02024E4CB74835C144AE,0.005,0.0025,1.6452166463398754e-05,True
33E29E162DC3240C2245281E2EDA6954258737F38D723141D8307F58130CBE0B,0.005,0.0025,1.2560836621933191e-05,True
747FBE7E340ED01AA0499EF5D16624CD294FE665A9AA94FB1094FEF7B795318E,0.005,0.0025,0.0,True
0E3C8FF34D24C2CDCF3680EB282895DDBDF1D0AADA66681AA19E45766AF5005E,0.005,0.0025,0.0,True
6BDCC9AE48086CAB841FFD2AA81502ED0CF3D98D06FD8220490167D82D35D8B0,0.005,0.0025,0.0,True
153D3D27F60316E7480F26BC235590E1E81563DACB9E5E3F521BAD054DFB59DB,0.005,0.0025,5.732964499305382e-05,True
C0509EF49E2253839D859D2681AE02161847CFFCF50F43416924887879AAB7D7,0.005,0.0025,5.9525026382178936e-05,True
92602AE81CE165A23DF6DF243664944A8B9DE5BC0D08AD0EFEB3B2DCA8541273,0.005,0.0025,2.6711856248251564e-05,True
BBD13BA060A32A379FA235EB08F53A298DFC3D9974CE8CE5EACA2133850DFD71,0.005,0.0025,1.5429536598166038e-05,True
83CD9247632C2048358DCA7E321D66C133ED01DA212743195AAE94ADA7BCA4F8,0.005,0.0025,1.6522224260295815e-05,True
E92BD25219F9F6D0A41D3559E89FC328137A9195239EDF338AF2E04BEBFFDD3B,0.005,0.0025,1.824890541346491e-06,True
567AFE1C82213B521ADB33169AA56610DA2189180F9EBA26CDEC771D2080FA27,0.005,0.0025,0.0,True
075426292B784387BD0A7C07E13EF81ABA5D80E8B8EFE858B42E385C36D302F9,0.005,0.0025,0.0,True
BEFF4E8338CF41FF3FB058170D4AEA19B481B253C4E0515877850CC653272F46,0.005,0.0025,0.0,True
0CDEAE138779EFF5D5F8047D88C1FC2D19E8E1893D9D6A6D0E2536B5FFFB6139,0.005,0.0025,3.9654136339883905e-05,True
286475574351F2776A3F66F1E57EBE9E108D27376829C7148C011C86091912FD,0.005,0.0025,4.21505065828498e-05,True
DFA72B943A6BC98022CAA5E1C1389201D156ECCCF8453A8420E51275E5BEF2BF,0.005,0.0025,1.541732812482266e-05,True
4CC892F908621446D4AEFE3428A680F4BA3C5F3C6AE3A33DF3A077A5B039FC88,0.005,0.0025,1.1655435719681861e-05,True
5950C24EA34DB8A46A54655A402FD3CACA96E262B9F3D89683CCFCB0BFA2B626,0.005,0.0025,1.4233252987772005e-05,True
76E716511C62DBD7F1A44698F3FD941B888168B90454A7C0360F96B0780B757A,0.005,0.0025,1.1655470586457994e-05,True
AB7F156BFC67689C1682EAA5CCB1C11122925FFF10B60D83B4C5ABB9B2F8C492,0.005,0.0025,1.0115669072607858e-05,True
A31C81E51B7BEE562739BEF36DF899DA5DB6F74D4A712E1FEFBF886A0E31665A,0.005,0.0025,1.0115667457455402e-05,True
07FEB4C5343C50D90CA3B064E23C64F0021C953AA3CBB0D77648C900BB99E259,0.005,0.0025,1.0115675543431735e-05,True
441600E12D12491B4833040FD707F9D2D98D39E17E6292D877BD02203B0CE702,0.005,0.0025,0.0,True
227DD8B208EDDB76A6D860C9ED71758C71A7D202143766EBB92AF24ED5C8DD90,0.005,0.0025,0.0,True
BBA49D5E00315E3E09D7DBC694DC4BE9D1D6CF9C3F7ADC7A28F83452CC16ADDE,0.005,0.0025,0.0,True
A10355636DF791F30191C8EEF3F5C7C33D7E0819998E49B474EEF15556A9ED69,0.005,0.0025,3.610020463407082e-05,True
5D23C7ED7E8F166DFF7F44E59E02AB425D333D0F3DE77700E9AFEF22B570F289,0.005,0.0025,3.437860232535783e-05,True
6DAABFB096FA988C29200F70155261918ED792223E76CD128950CA0E60B5F0E5,0.005,0.0025,2.9705855613126886e-05,True
2716C87BCA0E4363548CB596C980B3322C02F37D3212163D9D274EC6CC684046,0.005,0.0025,1.4549167716815248e-05,True
D20E73D194A18420447DCFF094B6A97B415501C0F0A9DC97C125E162C217AD61,0.005,0.0025,1.571633845154352e-05,True
0ABCE640E1D1DAA2C0EC3768127A34ACC6570A944B56E15F84A22E04DB77C3AC,0.005,0.0025,1.4788722970671131e-05,True
EF427054A6A6E93215872CC36F828378B30F7FBAE66DD966D07BD588E74581D2,0.005,0.0025,0.0,True
D2BBB2226EFA8074A7EEB2C8BC67937EB11D8CF196EBC6EE48B448D24E1F59FE,0.005,0.0025,0.0,True
16366EE4E96CDC38932B1D3482774765FCA884F247771FB17502A27067EBC362,0.005,0.0025,0.0,True
AA6EE1A7C9ED60929DB02C8A023F587D1E8038E16B934BA53C481694BA9355DA,0.005,0.0025,3.242434794437088e-05,True
155C676B5A5E98858A8FF39D63FDB599D6BA00ACA708B78FB30857058CAE79D4,0.005,0.0025,3.061960015182663e-05,True
56C5186DAC60F2A34994F5D27A0E9FC0E271CA944C8B0FCA67EB09F06A95351B,0.005,0.0025,3.2132543561491644e-05,True
504C5457AF1CCD8758C52918CE8048134311007702478DBCF8DA5605D71AA328,0.005,0.0025,1.4340856157701865e-05,True
B74C5AE4D0F4F776E4280D92E0811AC8FC4859473E181CECEE678541E4E9A435,0.005,0.0025,1.4992621587328614e-05,True
DA2F4ABE61DD4F807195BB18214C4FBC08C593D8A53818B29DAC6363FFF08AEE,0.005,0.0025,1.1512593108609082e-05,True
9298A27C35FD7961213638EBB698FF6EFDB5962958AECBB8E69AE35675E4DFFC,0.005,0.0025,0.0,True
4D1BAE2D621048C2FEE6E955234C15365C5E12B24EE332F20D69FB0279D5FA86,0.005,0.0025,0.0,True
A085A4A0ED7A110A3A8D91EEEA4C17AA8ABE3D0C01D56831EDF1C6B8D4D13E1A,0.005,0.0025,0.0,True
A94FDAB5D6E0FDE0181D33C22C5CA893D1E17CB72B6A2E6FBB73E065FDD86446,0.005,0.0025,2.110501685992361e-05,True
1CF938A30EFC7F7C9E7D1312E79D54A5F07B0411365BC3F13B37BB9C684D2981,0.005,0.0025,2.7829997891970493e-05,True
F4977162F0C695EDD48B62D65197B4BD2DB3AEA4BF8FF01D047CEC7ACC304CBB,0.005,0.0025,3.098000074031049e-05,True
4413B24816AAB2C263280080F56E1359762D89672665AE8B926131D6BF64D162,0.005,0.0025,1.6015711938432986e-05,True
51E4B84AD31BA58D3F8A61D0B08204621EC4B2A3FBD6F49E371CE497BF06DA47,0.005,0.0025,1.6430999099981136e-05,True
2AF7E409EA5128192582C41DF2D0726E794981C1AAF1D193C9FB72EE7084EB15,0.005,0.0025,1.901775603085909e-05,True
5EC8BB168481FD9FD6E248222671F5EA7794DFBAFFD83BB4DE76D49FA9E6B0E4,0.005,0.0025,0.0,True
6F993D261B55CB7F8F52F32EE816483599DF08EBB4ECFB85F3432E15934E6F9F,0.005,0.0025,0.0,True
B206B5B0944335B503322C065335B5CB0B76632B15634B2663D36E9C8D9B9BFB,0.005,0.0025,0.0,True
B772B07D1AB3DF833529834AAE4F5F8D075AD54DB2AF82DDBB96F8E21DF40262,0.005,0.0025,2.7019800408201178e-05,True
5CD98855CC0B0771429757E059575BD6E4F2A20F825BB401A1C3EFA311A88E43,0.005,0.0025,2.9613539524131482e-05,True
7FF65AF9FAE52FFC6FA9B7ED5F47DE97261A0F137E1F28A86E693F81DC05E950,0.005,0.0025,1.664239689791458e-05,True
CB28AE19CFA13594C3D7DD1E6C7B88F40EAB4D774AEBD09B580548A8002A75FC,0.005,0.0025,1.0995928862111981e-05,True
C39AC27CE13F3CC582B2F60D1B01688775432296E55172F73B5B7267A01581EF,0.005,0.0025,1.3735128209901859e-05,True
5380D22BA67A6BD504E14BC0FFBF2A6475890357F9AD1C3003FE8C0A4ED12DA0,0.005,0.0025,1.1033718409159121e-05,True
EDC1CF70EC7313718E77622D27D1F41C7859FF6D907E6A4F63E29F7C0FCD8046,0.005,0.0025,1.0063450051944756e-05,True
4F504FB3CC3A1B3E603C07DBC733D4EB4B1C593BE6DB1DF5C45B305A60E8ED99,0.005,0.0025,1.0063494960466102e-05,True
B937AA1E3798E1C5DFA752B9656E3F2251DFD41467C43D7CC63DC16B537A4ECA,0.005,0.0025,1.0063411072014361e-05,True
2C77EE0C7FA8A40FDDA13781EB6AB8CC2D6D1521D9B11D7302109CE075BDAE5F,0.005,0.0025,0.0,True
F7B53418F5D25E4E98EC8FE696B3E5120F252B8C668C8217B861A283BF8833EA,0.005,0.0025,0.0,True
245CA61B5F231DB4661087CD32F6B40F0CF5A33D83DCEAC820B0DCD66BED4E1A,0.005,0.0025,0.0,True
C8760E8BB760BEFA81F638F63970A35C14635B458DEB8589DD67402F1DB3AFB0,0.005,0.0025,4.8216016552693475e-05,True
894B3463D1EA89EAD7336ABC0745AEF748BB494AB08634B7662AB97EB1D6E486,0.005,0.0025,3.177069371940178e-05,True
11A90ABE1031FDFD932037D1059C3C9A3729A0520393F5BDA51E4AF2B766E13A,0.005,0.0025,1.679520997743822e-05,True
0D03D7E1BAA8C1933C9380AF6072D7A2C335A33EC6FFC66B947097A3F91D176A,0.005,0.0025,1.3809851510337978e-05,True
F644EA790CD13A38D227A5E9E7FD0B930454C573CFB78B97252A8902F3CEF93C,0.005,0.0025,1.6484998998311795e-05,True
9ED7A8EF49C90B5C47704E5CA27F0811E0DF4F466E4525F5A4338796B02C3456,0.005,0.0025,1.5044107900319403e-05,True
29D50FC5B66A1F6F24A3521DED51D93A06D3020465D3AE45818DD9B04A77EFFB,0.005,0.0025,0.0,True
F6ECBB93DDC3CFCE58AE80F69FFE6CA0E32B7EB97B9AF37979321DE2B2A80A7B,0.005,0.0025,0.0,True
03453FDCE0C443186708C3070530BB227F088D1E0CE4427D315478280E642A07,0.005,0.0025,0.0,True
58D93C698F51A49356AD63A90FAB030B06B1B59EC39B682003850D5AA8A1DA9A,0.005,0.0025,4.649440135340299e-05,True
062323561DF21C8B66B36DCDB46954433CAA995AACE1930AD26F6C18399F5FAB,0.005,0.0025,5.477898673600379e-05,True
3EBB570C7186FD31534CFDE721C7B3CB986064FB458B0785516A891BB8B9ACF0,0.005,0.0025,2.8677548179256718e-05,True
36F7BABF80DF9ECDD3A27DB4113FDEA97E7D4FA23C5AF6A21DDED2B5E67A868E,0.005,0.0025,1.600115284539072e-05,True
A04E5D2B366011E73EB0F7679376601B35139A2BF9C7128010E5F0683EA675A7,0.005,0.0025,1.78496439025011e-05,True
F9AA94FA52B86638E22ED995A552DCE4BF7831E31AE701C3235E900CBF6EE9D1,0.005,0.0025,1.1093997996702853e-05,True
BF095ED6A475E2E8E92E78A67FAD5E56F0AF59A6FDC5F95F0326F8CBE15E20FB,0.005,0.0025,0.0,True
2488FF7D664B5DE92190FA3B78DF51E680BE67771165D30705B67E476FD34023,0.005,0.0025,0.0,True
0A08EB3FAFB23D543C3C01D0F240E9CCDB2E060AA435D1288A09110189D29BF4,0.005,0.0025,0.0,True
5E4E105FB550D89003B8BED890E9124AD5384528FC98B0038E4C79F8384C2B1D,0.005,0.0025,2.2334908162058298e-05,True
10FAD276DF3865C22F2783A2BF1E715B831668AFB8E50902CC9F930634C56DE3,0.005,0.0025,2.230275731385234e-05,True
91F4CEB75CABDF185179FA703D002D6D945C75A2F415AA6A850F2211583B533E,0.005,0.0025,3.4226719765939606e-05,True
C76508BF38B709B1BBEE4FEADDC31EDACD097196F0093CAB0AAEEDD97766052C,0.005,0.0025,1.4994467794515742e-05,True
684E4077606A7996FA1AD3F1FE8A0736CDDD5936E435440DBD958727495AFD03,0.005,0.0025,1.6904076569179693e-05,True
2E5E0A3D787FB225506C9C87AD90CE5D83CBE137E5572F158930EA4E01738E47,0.005,0.0025,1.7108224575679287e-05,True
DFD3E6C41A0BF3A8FA96F8B6A93578A749B91DA47674CFE41666C0203F0D43EA,0.005,0.0025,0.0,True
CC5C0679CCF37B36E9311CE5965BBFAE07F27D85DB447E159918A7519A343E14,0.005,0.0025,0.0,True
089BA6B3B620351FEEF4323156595F25A0B0D962F1EFD63DD16761A910CAE78F,0.005,0.0025,0.0,True
428D8F7D3EFDCE82180B6BCF28E5259AC09AFA3CF80C3B9A00B6DF107E68639B,0.005,0.0025,4.3324452843496175e-05,True
3E40A01269D1EC851BD695682345229C31D78BF6569847091A963DAAAC5F613E,0.005,0.0025,4.1274813952885125e-05,True
921D7690232C1F8AACC0B7D552BF470042F93FA5794885D8706CC55532D2AAF2,0.005,0.0025,1.381748930517901e-05,True
F32EBAC5E2FDDB03B05685A1D14E97120B892894D9ED41DAD4BFDB902975596C,0.005,0.0025,1.0962768827393887e-05,True
0432C6C9BBA9C7F56BE010ED091B3ECA06E329954D597653410DA6E81B7FDEA7,0.005,0.0025,1.3998770183487608e-05,True
6CD46611C6E57F71418D0175D11F63ACACDE0ABA66E91D2CA3C4DAC5E536C6C2,0.005,0.0025,1.0956815229334893e-05,True
DBC04F4B12C455CBDDD5F83CE7ABD4F9A316E3BC21A5FA06E081EA2E4015E674,0.005,0.0025,1.0089219048214915e-05,True
0777B239F20D69CAAE8454F20C6549D439DCA0484D842D366CCA67E9BBC1EE78,0.005,0.0025,1.0089252397538218e-05,True
3D6FC83146F807CEF3FF5E1E3FE1920FCCFC1554CF1267B5C9AFCFE0E3EC12B0,0.005,0.0025,1.0089180542127707e-05,True
08D72AA1001A3C37DD5B7021030EE31E25FBAE374DFA77E2AEAFBB6FABF99247,0.005,0.0025,0.0,True
85BFD9D5F4B2E03DAC0B88C3AF4FC0400FD8A4E8CB0FAB785587E77EBB6EEEA1,0.005,0.0025,0.0,True
88132175029E77E41A4A973DF1D3E32CE24B166D5F4F761AEC2C4F6EBE75A88F,0.005,0.0025,0.0,True
BAD423474D5A7B6584B56AD05BC8E8955A4DF9427DAA88F88B45F379489B63D1,0.005,0.0025,3.144852611169924e-05,True
544BAEEEE91DDF7705CAF267D800EA32CFE4619D85D4A8376A58A5D0B0A8C2AF,0.005,0.0025,3.139454422118604e-05,True
D7B07AFE0463AAFE4E2E8354A41C214F86BCA1B9BCF49AE744530143AEB26050,0.005,0.0025,3.2885620313116704e-05,True
D5E3E68E9CDAE4A0918C402CA6938171F007BAB5B3D9A64112CA73DF9586BB89,0.005,0.0025,1.4413685615277672e-05,True
49085C441849E6AA58E7DCE674EF34C078015CCBDEAEB57A333D710EB85AB8D5,0.005,0.0025,1.703180124179582e-05,True
6393A559F038B561B487F5EC22B3FE462759EA6CB0147AC034AF6E018AB6CD50,0.005,0.0025,1.760234896641677e-05,True
1BEF87DF2E04144262FFA7A44A54A28AECC16B0E130C97F3A77405B50671EFE3,0.005,0.0025,0.0,True
9D760FF89D9CB30DF4E099E8C4830EF8D0FF2D4C754ED769533BD4FB8FDE96F9,0.005,0.0025,0.0,True
D0B56BC3CEDC6BD2F1895D8881020AF1C750785BD4C3DB5F9BCBE1F0A9A3AD86,0.005,0.0025,0.0,True
6C13D0CA2841CB31DCCCCB5365E42D947CF2E106F466C0FB87270DF74AB5433E,0.005,0.0025,5.836507043310846e-05,True
6CB5DF31AF100E69A77387DEB55218F30AA4EDAE893B535849F349F4A727BCC4,0.005,0.0025,5.2138442831584086e-05,True
8CD7CA37DF4AB57690BD57204E5DDC7D5F94014B18369D22D2553A52661C17B6,0.005,0.0025,2.4229714365109345e-05,True
9226CAF6A34988F555749AB136F4B01CD9AB35F25A7F842F04B4C8C5DD4519A5,0.005,0.0025,1.5703777059172808e-05,True
D557B4CD0993163E996418F20B148E17D2D2D44051F4DA2F02F0E1765FCFBC36,0.005,0.0025,1.6200067769034376e-05,True
E86DC9A2079167857824E9BEB15E3E8BC49999EF48063487EFB630EE13F7AC22,0.005,0.0025,1.196574910977688e-05,True
716CC1F530D9C4CE45347DDB3ADFD2B986555BC07AC81450F728FCB867C2F095,0.005,0.0025,0.0,True
C0BDF5366B60AEEBCCD77DF745EA325BA015CFC26631558AC8D8E698F625A399,0.005,0.0025,0.0,True
64AB031D83900CFF187A08393519FC7BFDDD22E8505037B272A9108A30D0378F,0.005,0.0025,0.0,True
1A0CD622678B0F05529B1430A935256B1D7D2F0D7DF04263F136269EEEB4F72B,0.005,0.0025,3.117870877034079e-05,True
0B8E9885A83CA22D84534F620796376413ABBD54EC2FA6F64B94C27675AE739E,0.005,0.0025,2.370161094722434e-05,True
714A86A7B4A35D50C99FDFD8560AFD1E2A5D02BA4A5E6C293DEAE69FF9ACCCB8,0.005,0.0025,2.4754062949661204e-05,True
DEB22EA1DACFC7D03DC7564E080C38CF8B85F4FF6604135E5C1857275EC31F51,0.005,0.0025,1.5481868102185103e-05,True
73BCEF80134F971A2426E8C1C279EA7AEE71880B47416AB29D141E6757F936E5,0.005,0.0025,1.519971788077612e-05,True
D4F773B7D2E24DEEF1B157A543EF8203581F1CC47BFF31BA8C2BE82381411D46,0.005,0.0025,1.6378128200322806e-06,True
2B886CC752C2F605EE2A63E86A6589D3910787AD3B2445202EE2079D10C48BC0,0.005,0.0025,0.0,True
83370E819CFF113B6CA234F5C4F2F97F0B49C2DD2946E47853BC7C7C488AAACF,0.005,0.0025,0.0,True
F778B981D85EEA2CC2379F64DE4C86282982771A320FBFC31769154F6D75644D,0.005,0.0025,0.0,True
213E608EE7F829096737E954BCDC660549EA6A424ABE6415FE3C6ED31639ACD8,0.005,0.0025,2.8480748757608865e-05,True
780F75B1F82660DA6D99CBE77D0D7A4D5F6EA944B5BB2794FCE55E262C59CEEA,0.005,0.0025,2.7573054755869464e-05,True
688EE99F2C23E9D4726E31C437B73F834BED979F381D8913AB788792C041B112,0.005,0.0025,2.4520976802389072e-05,True
123A2E8D4FBA8A936CB11C6BFE83E5787F488794B69D7B805A57BF8B775AA2C0,0.005,0.0025,1.5642086182321435e-05,True
1C0003724D5B7BCDB2647E0756985C64CAE7958D5503D9A143275E4E7ADED585,0.005,0.0025,1.453371503412626e-05,True
4B3773B2AF20214A5DB4DC85FB4C5A8343D0E00F6096BE7BA2FE3EE4DAB46510,0.005,0.0025,1.545687281190311e-05,True
7088177ACECE567AB57E80B6E390EF40282A06DF1BDAAB4CDD1F44A2DD055663,0.005,0.0025,1.0357322579146455e-05,True
62F07E520217230F3AD486BE02596A95F2440EFB900EC0C5DC8E4601B65EA821,0.005,0.0025,1.0357319441656188e-05,True
22673670F3CE2C74D9B9D74ECB736A75B87374DC879510BD01078129FD935924,0.005,0.0025,1.035733975163211e-05,True
14CFA7DC9E89B5736826FB0571A107F458D87CF39A67DF1D1A3F10BBDEB877BC,0.005,0.0025,0.0,True
9ED93554714D542A0077A4DBE33EF112CD09586B2B41793EDF7AA6764CB128CE,0.005,0.0025,0.0,True
C07F96483D4989A467AEE0F745AD14C043DFBF911C5D9EB0DE70F8D8F94E0326,0.005,0.0025,0.0,True
B90D83359B2A198B01B51F5BD9F63742295C6234096955636352EC3603CCF22B,0.005,0.0025,2.123888985705591e-05,True
5935C7AC1E0064FD1D0F2CA0D385DD38CAA0795CEBFC2D1B69FF215B14FFF4E0,0.005,0.0025,2.191938808282501e-05,True
37BA57B6E741E8E5BD74386F56453DF5DCB1B6BB22D4F9B2CB2B0EAB39B07EC4,0.005,0.0025,2.1953641244021327e-05,True
704DA41C53F497E7EA572CCEE57BCA87D6467BB794E047E87E477F2A48772F7F,0.005,0.0025,1.7824561836299324e-05,True
4B02DBEA52658B474D06AA5736C78C0C901C2C96A35460CB2224A763B8903177,0.005,0.0025,1.4599473448395628e-05,True
FB2B587F1C3E098B2D149FF09628F854B61542466CB8865792450A624767D752,0.005,0.0025,1.3098122817023494e-05,True
477E20802E70A98F4203C322BCBB9B8A8274FC97A42DE3728B24103D72D41D0B,0.005,0.0025,0.0,True
164699B342DDFB235785EBF1A318387DEA3DAF7FB5818CD6F839498F0DEE32AC,0.005,0.0025,0.0,True
858BABD51EF42D9BD7957A041B46E6FB8549BB1404F4D64714688587617348CE,0.005,0.0025,0.0,True
6401EE228F7370641FC93B6DB4575D4C0E8602A5D1CBAB844321549273D1911F,0.005,0.0025,2.8000640905023744e-05,True
DAB23C56D5F798D88F61FDDED65ECD7EAAD595A9B42E73AB69CCC19AD6251BD2,0.005,0.0025,4.12038052530761e-05,True
F8E29D7C0894E27560E21819A519F0C6EAA008DA61BC61617C32AD266FD3188E,0.005,0.0025,2.3846653330217293e-05,True
53FECDDB162467D269ABC7789C403A082178E04AD4473B357F1E22F969F88CFD,0.005,0.0025,1.6478625527671653e-05,True
E415ACE974C8B3CB8E66CC6EC0694CA6ED1D09C465A8D77303DA71B2BC805993,0.005,0.0025,1.5417718355781318e-05,True
18B0E2356D38ABF0C15ABF69A9E1D6D671AAA53D2BB9FA4445AEA863704CEC4A,0.005,0.0025,9.51982520458472e-06,True
30BBBDE77B65623851192AC09F14A181EC21E4F2969A039B7638810B4C5845F9,0.005,0.0025,0.0,True
0C1D13200D2D794C05061410C06CDB47E191D4E3F1B3BF126ACF8E695030D21C,0.005,0.0025,0.0,True
0D24AC4D40AFFDE3987F541F869D40F20FC6C8748BEF009E60006B60D90DD74E,0.005,0.0025,0.0,True
5FBC9867A5C775AC335E0C1B572BC203779252E410975974539DB4FD8F461339,0.005,0.0025,3.164440962866166e-05,True
4EF626BAE4F89A1262F717601210FEA448EBA726A76A2EC8B271CCA5D4716E55,0.005,0.0025,1.855043754339647e-05,True
9EA45227950D227F1952F6CDA89770021413166C31BBCBEFA5CABD0D1C582FB6,0.005,0.0025,3.261515183261565e-05,True
560BBC80346FCF66B43C63424EB4F2407DD8448F89F7DFB741F9F55C3EE5BD35,0.005,0.0025,1.5138305183626244e-05,True
64FDDD1168F7950E5D549E4DEF0C8D74CBFF93C76791B1FD7406BB1565C8CCFD,0.005,0.0025,1.3939416684927153e-05,True
FAAD7B0B856EE9495F3416B7B27D5ECFDD9BE751EB4E0ADEF4E4C613F0DBF2B9,0.005,0.0025,1.4668360753589127e-05,True
B9FBFA02A9E1695B90CCF6CB8F751BE5D802BDACBD33001C4B40DA54755336DA,0.005,0.0025,0.0,True
685E8215887BC5348CFA6C00E9BFF429298565CF5D27D121D8A9C5A0E75ED068,0.005,0.0025,0.0,True
F5D2A52B7670DB5255D1B3AC6DD699122E310FB30BA376A8ABE452C220DA5EE7,0.005,0.0025,0.0,True
705F2A9ECF83B4F7A4D7495B407AFE0A78F773E51606C698D88B932D937BCE6E,0.005,0.0025,4.221638195023303e-05,True
61980CFABC5B41A3A631430D63B3D6D29B9CEFBDBDEBD11856F110DFDD934074,0.005,0.0025,5.618581556587898e-05,True
4A43D20FB89EB7BC899A3461E3D4A6694E263BE56A5A857235350702F0775CCB,0.005,0.0025,1.9055363019937488e-05,True
7FE1BA5D17A23FABA36AC0C22F4300B82DF257C4D6056902DDC0E6FB54A5F0EF,0.005,0.0025,1.0143332640488723e-05,True
9595EBC776A55D025F2502E07E99E371E1DA0F8779155F26860F94D5A6A882F0,0.005,0.0025,1.5232231699968679e-05,True
3721B4D9CCA58FD4A5C335FE576BEDB94F90F84D600B6A43E2D265CD1E4ABDF8,0.005,0.0025,9.926529219494995e-06,True
FDFF3E229720A3AB64F0F7BEED8F2EAA569C000414279CA4CCC9195F6B10E61B,0.005,0.0025,1.0305929238008105e-05,True
61CC55B2DA073A711AE6A6C470BE44D7AE997E4DF2E3A0605836108F41691EFF,0.005,0.0025,1.0305937061083625e-05,True
D264D1F412413E1727F44369EAB90638076669286BE95C970BF6F4130B880638,0.005,0.0025,1.0305939933896724e-05,True
25ECBB7DA424CF534F1E2F28B691BB9194423B7754CB60C8943927ECF1216C5B,0.005,0.0025,0.0,True
6E592928CE713338CE4752F96F394E0FB0A8D8BE5A6B396356D792E8054289F8,0.005,0.0025,0.0,True
82366C553048FEA74BEE223E958B989A19D30FAE4B6FE134F11C61A62B65703C,0.005,0.0025,0.0,True
AF6224182941283B01937642454B0FC0F46AAE6748A2F1D9BDD0839EED11A314,0.005,0.0025,3.321831605607173e-05,True
2EB638AEC7599869E57DF5115822C4DC3B07288518B0B5D30ADFEBB3FF7B0C90,0.005,0.0025,1.9499027116509637e-05,True
DAE945099A8F388B56A50D970A9704E5D813801DEB94F94FD94697844E241493,0.005,0.0025,1.5040220587625441e-05,True
46281C603BE9D360CC46DDD5D3E28E79A48D78B4895FD9D3A9B943A3A93E82D2,0.005,0.0025,1.5557059652948624e-05,True
F78E0E4CB6CAAC4EFC5827AA7A929F9FF6D4820FE9D72F01242609BA4FF626C3,0.005,0.0025,1.5174871277778834e-05,True
7D6660E40C4088368F467CB0BAAD4EF8346B9C4BB7346939CB144CEFB7E517E2,0.005,0.0025,1.4983845541216567e-05,True
42B5DC558A563D196D0764003A39D782F2EDC920EC53A9A1D5FFDABDF875D708,0.005,0.0025,0.0,True
B7DDD369C3622BD6F93FF66EB75D2CF248A1AB8CF8B75F73444749540049D078,0.005,0.0025,0.0,True
89D2EA45ADE4656763AA6937C454286BAD3C4282962E710CE6AF2415D46903DE,0.005,0.0025,0.0,True
6088DC383A8EEF2682555AAC27093A1C76E26229C7E4ED77D448F6064C35972F,0.005,0.0025,2.2181492124406788e-05,True
E2D22FA887E3ED751AC8ABB7B26C80EC23B203945F41FE458EDD5F6786E9CF43,0.005,0.0025,2.299257536542143e-05,True
1E4100977062E6C5FC24234F89646AAF715225C16673A2F4CBDA38268E7B9D26,0.005,0.0025,2.3131808400744802e-05,True
CD8F7B403ED6028E1635FC111358126974AD971433D8C02854FDE7ACAD89A580,0.005,0.0025,1.549313807336361e-05,True
A5E02E6D85E48725EADEC897B3C390CF3378B9F8B9075E5DE523B46761D5B362,0.005,0.0025,1.719099513675104e-05,True
392862F410F702EB8CD2C845FA991B5F235E00007134110371DCB6BD2E48E2D6,0.005,0.0025,1.0689275355080241e-05,True
090DEE83768BE80669302C18E2CF80B9B6C07D3E953617B450EC23862F63459E,0.005,0.0025,0.0,True
96D2AFBAE1CEA4D3A588D9F6BF8C910E79EB0B428BD10F36619B0BEFAB68C0CB,0.005,0.0025,0.0,True
FE50B0D50B2E7F5BCF963D93DCACBFA57B18C4A3EA55F76185B1AE5BD1D8D652,0.005,0.0025,0.0,True
B5E4F7AC596FED9B20C1838F32ABA5C0258F710535B80E97CEE171D858C45413,0.005,0.0025,3.32110854963652e-05,True
BC0AFB3DAE30C09B82C88025D67CE580FEFA8F8D989DE98C0E8D8CC02098B0CB,0.005,0.0025,3.238414063666539e-05,True
5B3588922957862E8B78AA874CC80AD1EC3A2237EE63D58E068816798B630A12,0.005,0.0025,4.417957944546913e-05,True
3B7FFB87008164559E10AB0D517AE496364F26173404F7D90A33A610ABAB6CF8,0.005,0.0025,1.5446291132370504e-05,True
5CA722100A8A733EB22115EA9F9397FE38B10037A66909C8E24F3C2B2D170678,0.005,0.0025,1.4505951628329683e-05,True
F4C38625E857B69EB8C25928A2C06764B328C0D4693F42CBEAD8DE82B44D3A8A,0.005,0.0025,2.21899718422236e-06,True
36E0F73FB3932975568DDACFE3EEC060566A68EBC1E92A2E6FA0BEEA6063204C,0.005,0.0025,0.0,True
F9A5BBE25A7A5EC1B976391FB9D445B9C334C2BB71D32DDFC3C77D05CA53E980,0.005,0.0025,0.0,True
65A9C644AB6F6E2CE8EF7276FF50DC72AF16D6A84BB2288C8954B080991E13C2,0.005,0.0025,0.0,True
A7FB876497CC5AE21579680406A5E41976F19EE25E626D20AF04B42E652C59DD,0.005,0.0025,2.3819825453408328e-05,True
2701CA2C869910145D030DA28B99F5AABCFE073FF986171C8C4E762E12094D33,0.005,0.0025,2.669880261274571e-05,True
2004F998D98DC81C627569590A749D27A36B8BCB8F0BDA5C4DCC2CF3A70F7DF3,0.005,0.0025,1.6695431409363692e-05,True
73EF27670F7F7A3E24C2E6F672CCD11CA59514C635E05CF82918D3EB0793D03A,0.005,0.0025,1.520758273132472e-05,True
3289EF0A30AA95CEB4D8A1BCF8267DFD957CFF333E2EB62546E4B7294D4E059C,0.005,0.0025,1.300181038610404e-05,True
EB408F4EA6C928D406DDE46E44EA0C1888B8EC0A75569B7A2C1DB8B1E1E24CBE,0.005,0.0025,1.1240994796768433e-05,True
868F7F3DDEA50FF2A14BE20ECC53B2EB6F869617050DAA455C31FE5807577DE4,0.005,0.0025,1.0363815675429322e-05,True
6A86A814C7243154AD13E0E593614AECE0ED554E2F85A41C263F9C2B2B694C8D,0.005,0.0025,1.036381874497394e-05,True
763A2FA97AB317BFC74B5B1F10F75C89AE847A755652EF3B6FFFB138244EE5F8,0.005,0.0025,1.0363828710779899e-05,True
CB66944A72193FAAA3EB72F1FB39B5D7C8DC0C8BD811B9792D939BB22EAA38B3,0.005,0.0025,0.0,True
2E12F3150394E76B0D1D7FB2D8A5A00DB5232EF3A542528B52A47D3A13F45F18,0.005,0.0025,0.0,True
FB73DBD813B2349AFD03E3A06255E5A7E17F1D1989F1677E82545E75AA5B02C5,0.005,0.0025,0.0,True
BD0832E72DFB2D50244AAC2741A6B0EB9211177073CBB5E96BC039C809CE43D7,0.005,0.0025,3.986397333477498e-05,True
DA60FA97AA8BCF4825473ADB902B3B1692FF697C772683DF2D0BD14D17CC76F1,0.005,0.0025,2.281091934275281e-05,True
23EFB96F5CB4F0317E29D9A4374FB4DCF7CF279893A08DBBD06216B97BD39349,0.005,0.0025,2.1621298815777124e-05,True
638F2F3CE5D1CFF53F71866AE2C96CD5C0A394C674BE66ADD1143BC0C62F5019,0.005,0.0025,1.7199377645216174e-05,True
B36463F4C11BE96685A273FBFF3166237AC0AAD19C798C70289B5C2B1687A84A,0.005,0.0025,1.5283007819721917e-05,True
1D4101D1057118766D2BB8CDB668B80803195DAA0893673777C5215528C37091,0.005,0.0025,1.5110463368550597e-05,True
E56DFD0A7272622A8F0526595FC52ACAEAB7D65E47F921C28FC1F0255DC5BFE8,0.005,0.0025,0.0,True
568E911BB2E3CF39634F831FCA626F8AE5EE4C65ACA16738FE3EDF3C184842DF,0.005,0.0025,0.0,True
51967C95494281E3F3EE9D80DD9D0FDF447809E5B7E6BE7263A33DFF09B6F75A,0.005,0.0025,0.0,True
ACBD491733602466D65A5124D6CEB924672685B005AD13CAF4C7329C2D1A5AA8,0.005,0.0025,2.927378895734023e-05,True
B8A20BCF9B8761A6A198F2FD7846267CB33A239FB387AD8B13C12490481AC2E5,0.005,0.0025,2.1279220538072963e-05,True
CFD10734B6853DBC430CB3CB1554AC935E83D271FAF72D50AEAA649A5B03090A,0.005,0.0025,5.234591885372453e-05,True
4277A16765151C5EB24AC465C581E783B9CDFB98F65635605DD2A2BA0B813E38,0.005,0.0025,1.6112932301304284e-05,True
39F39A5DD528CB36829A430972B5E7A4E175331BB8E455A48E9E04156B5777A8,0.005,0.0025,1.6868663716973487e-05,True
2E835B94CD8FBCD01B0FD1CA22AE93C0117A6E1A12B09ABA5714484741918551,0.005,0.0025,9.675919083296236e-06,True
5DA4FA2B09D3F40A4833FF6889F074D07F3FA564B6209CBF16CC03D3E03FC912,0.005,0.0025,0.0,True
6C2B71E2C9E7E2293DD1EC6FADDEAF9D8D3814591FF439B482CB686EE91FBE0A,0.005,0.0025,0.0,True
4FFFE2FA44B711C9C5EB5BDF98CBC2AFFE168203714C4BEBCB164A6439ECFF74,0.005,0.0025,0.0,True
67E8452578E95600C1A00EB5DEE1BF568FE0DBFA241B6E34AF3DB3ED99FA5F64,0.005,0.0025,4.072072498662038e-05,True
ECBA731D683113592B414BCD1AA80686951BCF3E002121DA2833E038C553BE19,0.005,0.0025,3.2673031274299547e-05,True
DDC18DF181A8E8554C12A10A4EDF2DBC84E115CFEE62748B6113550CE7700419,0.005,0.0025,2.967384444563237e-05,True
1A4935C9005585E4DDF88AF351C5AE9D67ECEF0A317975A4B8B15A3C05D4ECBF,0.005,0.0025,1.78453657859734e-05,True
5271CDA2D256585E97A9B4556BBFD126D1AA6519E288B5C2A05BEA04A1904075,0.005,0.0025,1.4914476198946147e-05,True
8054B06E1DCBEA915F50A90C6478D4393B7D4E2014A7ADAEF5C9FB4841042CEA,0.005,0.0025,1.3744863980313937e-06,True
BB7681C68EBDDE64BC9AEF223DA01AF74082EB742082580DA1FE6052A09D399C,0.005,0.0025,0.0,True
102B924CC3FBE2B2117A686DB13B97E39EC3EFCA7DA4E6148AACD9AE258A6D93,0.005,0.0025,0.0,True
160F910DEEF147511526B1647E5A786350AAD8C3CB3A742ABCA08977D336404F,0.005,0.0025,0.0,True
FCC7907A30E92106673996165D3D95BD0E5C601E8A03EB59C0602C68469B600F,0.005,0.0025,4.54197785577648e-05,True
C4AC442D8761868570B3CA5F03E983237AD1D19441B6BEAFB043264F3BD4508B,0.005,0.0025,3.313765913404154e-05,True
1D086628D219882DA87E66B926F48723B02884FFF397CB8993180D9DCA8AF620,0.005,0.0025,3.936065684584378e-05,True
31967903386651185B77ACE11FDFC4EFF8C131F28EF73BAC2EB5F9CEFCE94035,0.005,0.0025,1.5410175691954464e-05,True
A7F0655FA1C0DEFD40132109FFC1554D4BC874660B27F42ACD71C088F4CD3280,0.005,0.0025,1.3725508934303576e-05,True
785086A30D66688E075696AC89BE562ED94DA9CD56BDDF509A48176EE8D66E30,0.005,0.0025,9.556683405964606e-06,True
CFD5CECCF63A77395A8BE47358F682DAFAACF8139D60F34F7747C971AE094760,0.005,0.0025,1.0487212998899764e-05,True
0F92E68D82B22FFF0E663981BFAB9218C8DA6C986A5E38CB5430C362FB78195E,0.005,0.0025,1.04871776889226e-05,True
ACD3D6AB236261F9C399DF76D47591D2E52F5894A962E3214D66C1777EB8E07E,0.005,0.0025,1.0487172539708212e-05,True
F418C5F87DA4F306AA75AE5CB43744216D3A0871B7B3F0CF69E6871098429DD7,0.005,0.0025,0.0,True
5C255CA1B05DBE4B53266383637CE816E45C9339D4D29330B2764C7DB81EDF49,0.005,0.0025,0.0,True
767663EA7792E3B21A946C36CBE9DC41A7F9D99BFE3881286918915F67C3412D,0.005,0.0025,0.0,True
6F60CAA6D306819AE33922E508CA087EC1867810517ED740DE3828087EEDE6B3,0.005,0.0025,3.159751681414136e-05,True
83F305DB2582109CD1EECFE7AAC9102988F0C7E4E95010AA27F30AF37F1ED930,0.005,0.0025,3.596940826566808e-05,True
636EB7877283473E195261C48DA9D0B8328F3FF3E7EE6FDEE1F0C84F4C0D2A7D,0.005,0.0025,3.2370808723314326e-05,True
3803AA3E259F5A841786F1D56C3E4AFA4B36FE5EE7498209FB6D44B3F366989C,0.005,0.0025,1.5319653277945378e-05,True
B37537CD27DF25D8D502AB520AC1F06588F365F11FA2268AF1AA0D4A6444C7AC,0.005,0.0025,1.3119995976751397e-05,True
C993072071C73D6CECA3B0559AD62B282488F4AF2AEC0301FF8F3ACE77DC4184,0.005,0.0025,1.4873284342353799e-05,True
BD2E6EFD35A711A31DA923A1787925F3292EDB1C999B48B5D66A4BFC3AB977B0,0.005,0.0025,0.0,True
BF7729F0204318E002B7ED1A290E9C20E77CE972227ED2E92CDE46444916383A,0.005,0.0025,0.0,True
1F244136CE12EDA9DF9ABEF002386D30372751C060E4DF0FB6EA9E92FECF7BAE,0.005,0.0025,0.0,True
E3460DC3F058112BB787EAF2B0129696D24525A8A20DB01AE1F84F978D35CC3B,0.005,0.0025,4.033610022480261e-05,True
213B1E39F221BE75474B243C1C96E319320A09DC9B89B7D27DD8660A206A991B,0.005,0.0025,3.398672775212219e-05,True
CDF25A522972E15E083BF499D6DE3463AC7C9BDB42D054C4FCAAED7D5FB22DA6,0.005,0.0025,2.741874150480328e-05,True
5B3153B66E3DCF7136EFAC02DF2C576D9A566A084FA23DEA60C627E9BDFE2408,0.005,0.0025,1.5800909542562636e-05,True
D6253ADC78820710B16BB40D75957E03273E8E865CBAC4B0E996BF4CE2532C20,0.005,0.0025,1.6075950073357603e-05,True
47169CD7DDBB049C528E45ACC77F0A4CAE959F2565B525BC8C161E780D8E7C26,0.005,0.0025,9.527982591794881e-06,True
795A0B60626F90EE8B20904E1724A133F9A5839EA0BDF2758DB93F9937B974C9,0.005,0.0025,0.0,True
074479CAA1D9372038D2FF167A7A2ABA08B2EA2A719271F9946B077A5D6D4F24,0.005,0.0025,0.0,True
1380498336D4759A4F7773045FD17EBBEC2C67BE74F882C4A397D29317C2A98B,0.005,0.0025,0.0,True
A99AC6DF23214E4E07949E3FB1DCD8BA61625627EEEC85D0A7A7E72122C69D1C,0.005,0.0025,3.5761078480689434e-05,True
385C908DE3949B424D45546A7130AFA384DF8E8F573C05E84682536F4BC4972D,0.005,0.0025,1.5007796973609544e-05,True
9109B216708E7827F17805849E1BF9F3DDEB83494FC3DCFC8FCA0C3D426D81C4,0.005,0.0025,1.3217137117216282e-05,True
04916CB1CD1FE7B096FC8CF4DA08527B4E64454332726FEF303EA46F581BA800,0.005,0.0025,1.5525304797314732e-05,True
7A8C11D3B6F32496A88E0E4C50CD9A475654B3BB21BBAA50A8C61C9F05E06AD1,0.005,0.0025,1.4582011682140461e-05,True
0EC3384313DC7B4C11497CB277EFA81FDB61BE175D083BA5D3CAA4145EF18CE9,0.005,0.0025,1.9132056112702855e-06,True
F127319724BEE9BBEBE7AF1731AF10F2172797E5F0D4BAD66334B6EBAD0C20CC,0.005,0.0025,0.0,True
D5446C671074FB53055DCA608F889B172E2E05F974F0BB5B795FC5BA8A075178,0.005,0.0025,0.0,True
9B25EAC27FA305E805B60B87922A6533CB8940A26FC2866FFE2A16E6CCBD92EF,0.005,0.0025,0.0,True
62804984DB85B451AEC2CFB88C8C63DEE4357D2C766EA78B61E4688689D732DD,0.005,0.0025,2.9317552578067563e-05,True
16F2D166463BC1707B70B34B9E189B210B53838BF950075845E013E4227B76FC,0.005,0.0025,5.395693635001919e-05,True
184B27D57D0850B938E908BEDC73CA84A56C1EE06B82B1B8F6C1319A474ADBDA,0.005,0.0025,1.604297247892461e-05,True
A648BF45DBFA4A4F5246265D930E78C2D4D47C960720669C8B05C314E7FDE87A,0.005,0.0025,7.967613514736627e-06,True
1F3875B675D42E835FD12EC3691835E8B7E81173986931D20844439413DFD9D1,0.005,0.0025,1.3746856895924253e-05,True
9D71A60BABBBB068766EE7EF768B850AF5DD1CE1F5219F1B66788376699296B2,0.005,0.0025,9.410881542937233e-06,True
A6885B0B6D2E4F170303F2BCFC65236D6F553AE25A173F8B70C2F186E6AA3A70,0.005,0.0025,1.0198334241984242e-05,True
039C00F8F69B39A63D0DE29D4BE28C89B786C9422917F77C90438DD777CB7861,0.005,0.0025,1.0198334626565497e-05,True
240672D9E81278AF6F3C6411B2054690578ED70FC203192FDFF276465A7B18A3,0.005,0.0025,1.019833447868379e-05,True
AFB83BAA311A5B0898A12634871A62A0FF97928455EC56D0CE50A13C547DF2D9,0.005,0.0025,0.0,True
550CEEE7159B6A018CD9AB67E1601C23C3ED6174132E5561EA21DABBF2E916EF,0.005,0.0025,0.0,True
C3E73103EBDFB078B4CE08FEB5DCA80D26554147F8EC2CC941C32FCD1DA52C86,0.005,0.0025,0.0,True
D8C1E79D0367DF8A1DE258B4E4E87EF68ED9CCAD2A858CBCA84A971649E2B064,0.005,0.0025,7.449685078375623e-06,True
F8774121A34D5D337D002CDB0C2F305183A4DF2FF11A918DC176EB44351573B0,0.005,0.0025,6.975338757486682e-06,True
B7DDA07029BA2C45B6B972621D468B090694089A97CDE4C7C5E19D0D00580995,0.005,0.0025,7.29111558350759e-06,True
89A8EF61CCAC79D9D98D33D241F47B3557CA1DDB55D4FEDD83C6F53AC8FDA378,0.005,0.0025,7.0869747108570635e-06,True
E8FD5091139D9DEC2195BFB2C252BBF1FE4FB73CF2EBAA9C5C192201B229EDD8,0.005,0.0025,7.765430509287796e-06,True
E52AE4E7CDA87A14927271CE1000012895935A2686C15CEB6B45331C7ED32525,0.005,0.0025,7.086871320227672e-06,True
AA826F1C269C5FF1E70108E0D85FF0B54CDB413F431290A939327DC46739E63E,0.005,0.0025,0.0,True
CA7FAAD53FF7AD1AE45CC5DBFF63C5A836F62891325E01241BB9F826D2CABAC6,0.005,0.0025,0.0,True
1CAEFA28077E8076D8170E5A3180A11100DC7BEBEED5CF7146A18ACA74D8A2F7,0.005,0.0025,0.0,True
54F456B4612632FE112198763B45F16CEC56C2355FAA3CF4147081403014DA73,0.005,0.0025,2.8801783444887263e-06,True
90FC20527EB0283CA0720969C3F7EE830962DFA302ECC39E24B4DA852FAAF1CD,0.005,0.0025,2.8811617556190328e-06,True
D76226EA14DC8E2AA655C26F221AB780480923363DBD99BA593064527BF6AD2C,0.005,0.0025,2.9020820466740815e-06,True
CADAA9E576E249FC57627DBB2A999C87B40DBB130E5290B360CE427A4991D764,0.005,0.0025,8.549255121170773e-06,True
0ACFE6E6C0BEEF74A94DF5F9D35E3BAFFD0E13CD72029153B9D76132AB5CBC91,0.005,0.0025,3.956502952373597e-06,True
4AE2938B58A19C8F96B156066BC19BCA3568A2BB0CE14BE30E00F97672BD413C,0.005,0.0025,1.8635712601966503e-06,True
46C7E0B8C047FA11791807F0F5EAF7168AB0DC01C391DCF86486958FD9CB14BD,0.005,0.0025,0.0,True
5D3C82D3E4F354A03C73A616F8384B24923AD51626060BABF53147644D614720,0.005,0.0025,0.0,True
6EB8E1FB64F7A082105286E7103F5524B2243F0C63CCA9029261CF533022F1BB,0.005,0.0025,0.0,True
3EE887FEFD5CD27E9C7DB849AD508943B323793A96F2229EC7126B8EDD741759,0.005,0.0025,2.936736351655256e-06,True
4606EBE877AECA0CED5D717EE29552D956D2B4AA5661D1F32CCBE364C1A1F3D3,0.005,0.0025,2.775935477483671e-06,True
9AE65DF70EA4AA39BEFE1F6FF2A9246AE7600078C0D6D23EA24EA604243E636D,0.005,0.0025,2.946043292428868e-06,True
083DE583DE0CC8BE14B94B43736C4FFA44254A763177A002BF4BDCCDDA383409,0.005,0.0025,7.20370345730359e-06,True
7308196C44601722915650C1C6BA0EEA2A8852565F4355212BBEE19B39873929,0.005,0.0025,2.0129852340566856e-06,True
F73918B6C35B2CD02F9FCFF32BCE72A2C0FF47EA47D1A9591F867E12993EEE90,0.005,0.0025,2.094832595389562e-06,True
E724F97D576436FF8FBD8435AF23201E088D39DACDFF494BB6254501FF42267D,0.005,0.0025,0.0,True
5C485E4F8BB5E79C816595DB3868FB2F30AEA9E5E7E15621A5053D52B83E917F,0.005,0.0025,0.0,True
D725BE1904E7426255ED4E768E2AAA1FA003BF441F6F90D2A91B8C7296D54D57,0.005,0.0025,0.0,True
FB7C29E28552B4B847EE46FA5551EC27424EBAF9FB0CDF3364551A285539423F,0.005,0.0025,3.1528402955061097e-06,True
5D4DB77DFA40895F2F3E1B655F0CB3674010E822423E927B539A4FDB2DECAD1D,0.005,0.0025,3.211176752060396e-06,True
F377443D5F9840F3BCF75727689C0457CFB7A8716D62184DC1F1395E085A2F08,0.005,0.0025,3.164857160342649e-06,True
CE0551A6A8287EBBB9F63A0490C59C7C297891C4376D613D84BD98B0E651A580,0.005,0.0025,6.600012054436277e-06,True
C5D41C50A502CE0535A55DDDA83D2BD319E81EAF82FA5609E39594853EFDCE9A,0.005,0.0025,5.959509681296993e-07,True
81DF0E30B4F339DF488B29562ADABEFA6734A6381BCF2896594AFB9019ABEED1,0.005,0.0025,2.2921503015638223e-06,True
3D6916A3547014ED726E98E9A6610FF4415FEE792BFF1B14D6EB6E7085181080,0.005,0.0025,6.63916425391875e-06,True
07B9E38571F84A2FBFBD0B38D32A247CC8B08DA400409577315D7DC021E9EEFA,0.005,0.0025,6.639162926980191e-06,True
9237A18C5330CE1683DA2115AB52609AB0FF7572B7441C7C1B608C39491B7978,0.005,0.0025,6.639164151778232e-06,True
34A4E6469744880ABAEFCC4231F17563F84EFB6D97A8DB33D5FD3A77A5ED6923,0.005,0.0025,0.0,True
3A8A1AA9D44DEC538CB975F397DCC5BD4A839E8D9C4C0A147EEE84716C21EF77,0.005,0.0025,0.0,True
0FEED4E0D8E5EFF4BE060A8AA2F6C7ADEA9F54E41659BF202D20201F12188684,0.005,0.0025,0.0,True
9A2F03DF6FC9581406022273304D906CEBCDBA5F24E336D7A8515F02AD61E7B3,0.005,0.0025,6.896458695671015e-06,True
EDB07541F73FFF10D69A190B8A6B6C9F3CF8B0CDD891F4D4F907987A2A1C7C74,0.005,0.0025,6.955158202481826e-06,True
7822091A31589BED88C35EFFC733C8B3BFEADC6E1A38975DC41A6CF5F22F3200,0.005,0.0025,2.3536711712957015e-06,True
CCD60A9994BAEA212E447BAFC7CC72EE45651C00F028A0D99D12F13863FDFCF5,0.005,0.0025,7.5453346652931685e-06,True
7E95FA21D5BFDB032EE3CBEA3D23BC1F32123AF5CEEE4993E13277681849A4C8,0.005,0.0025,7.697906108994346e-06,True
F548CF82675B3648D3AD94EDE146B096075C91B2C306BF2B277F58320A2F027B,0.005,0.0025,6.3133330070463956e-06,True
713B2119587680F7EA9AF9E7E273EC19B43AD73A28B586325BBE91ADC1726D7A,0.005,0.0025,0.0,True
095A3B885E4BBBC83176BEFF20DF2F66FF7B2346A33AED57D7A68E13FCEDD661,0.005,0.0025,0.0,True
B04663E1C126FE1CE39CBC3B0BFC1E2C37A8F5BEC595BD10FEE994DDF05EF5A2,0.005,0.0025,0.0,True
953F24DA020B8B663228A35E21E8745754694001730B154D033AB8E4DBB4166F,0.005,0.0025,2.9376263062097507e-06,True
266D94D480EB7538BC976D17C57C0F086778F871A1BF4EC81EF1E88F792ECBEE,0.005,0.0025,2.8441685291369367e-06,True
E4864E1380980B5B7E95A86F9576CEB04FA3184354A6E96C1EBBA83F335AE36E,0.005,0.0025,2.8440734132217926e-06,True
ABDE105D81759E0B5D98B24AA5C2BE07A14C675612E6B7ADCA44DD59AAA23DF5,0.005,0.0025,7.531941466298875e-06,True
956DFDECD987783E5904431D0C84384A2BB315B34FA144D212579F7BE2F0A77A,0.005,0.0025,2.168234630950394e-06,True
3D113FDBD0BDC0631AE5AE5AD843B22F215AFC33421B6FF3FCCBFE7885C3088A,0.005,0.0025,4.162666885410005e-06,True
307FE9D451A3C8FBF26D484E4ECBE00D0B41F8A7AA0D71D7DE557FD711D669AE,0.005,0.0025,0.0,True
8A1E895AE0F227FE80491692C180979DD964165C74A6022C240E3570B5AA1D99,0.005,0.0025,0.0,True
0B5BCF762151ED7CF2D77314CB1B3E94979AB390C47F3E21AE5E369CC8E6FE47,0.005,0.0025,0.0,True
EDF0F2905BC22A5C2AD251A66F3D070A2ECC0BA519ABE4A63784CAAF6723CEC3,0.005,0.0025,2.9149231752789717e-06,True
70473FF98387C7AB46C6FE029F52D810049F94B20BD82D68636370316F649FE1,0.005,0.0025,3.1027764568758442e-06,True
B84D0CEF5AF3FC900B84C224C99284CAAF36BFA9A42C11F0D42549067B724EDE,0.005,0.0025,2.8116043739867536e-06,True
6EF0CBF3FADC405888E835E765599F633FB0E7AF6AA0D33B470710E0B925AC98,0.005,0.0025,7.384167625579252e-06,True
B80962736494B1020A5C94CCA3239A3000C3E29678AB439DB5AEF67A5F909106,0.005,0.0025,1.6382866419029085e-06,True
D34AA4B7536F26ED86917077EC5FDF079B08B73E79F84AB1207101D43304E211,0.005,0.0025,3.162640491494173e-06,True
C6B3C8D9C6C6E5B3365EA134A75E5C7F1E1EF5D164D9B465EE63CB033FFEA5C5,0.005,0.0025,0.0,True
D8F510C9FCF2707BAAE7E7B8D361DC8971D5D83DFF809CBD709AC55E3BA27B6B,0.005,0.0025,0.0,True
5D0CC81A82DA47DEA611B9E6F6FF5647AF9008603DC5F5E67AA494EFF418AED6,0.005,0.0025,0.0,True
FCB72BEBB4450A8405BFA2587B5603D20F8339D726215BF22B391C774A7FCC99,0.005,0.0025,3.412733561525272e-06,True
73E77611ED72F7E5017D88931013953E5053FBDE62FBB7E0BC81150E36D84D1C,0.005,0.0025,3.4714216783360285e-06,True
4D921125879D6CC4A9AFB979EDB97F4D5E821D9CF6CEEF898E70ABA87F3F66FF,0.005,0.0025,3.488632111636747e-06,True
12D84DDC784404E8B31B1425EC867000A84E46C0E845A4D2EF87C169C67172A7,0.005,0.0025,4.8943704533677135e-06,True
A2B5977761D39C5D251FA3DCA5F5D4D91CA76CA7F1106A6BEBBEF14698BC6F51,0.005,0.0025,4.751166233774029e-07,True
BBA393CB78CF0575CF3BFA99F72112F4D9697F67F354D9E87A80E08517A9F024,0.005,0.0025,2.821487183002347e-06,True
857D97DF6A72D95B468E1B816A791FB6D421B72F357A7CD82474E906AC7B1339,0.005,0.0025,6.733169287898022e-06,True
1655ECB5EF8A34703E25B05C9F782115B630F980B630425C6EE2ECB47A4BB543,0.005,0.0025,6.733172966066903e-06,True
605C9B452D06F854066EC4EB6C88939E41358EA08A0E7B15097A09CEAE145AEE,0.005,0.0025,6.7331687925165085e-06,True
23A119F9FA7369706DEC17D97538375EB7F48C760D501A6D8A06418F51B1F766,0.005,0.0025,0.0,True
E5B3F511D7900B1DD08A6A82D22923BBF7001F3EAD955A6318F109BC361EE8D9,0.005,0.0025,0.0,True
C7058147B2C2578D9847B4D08A8BC999FBA3B6BD95B3191840FF110915F4CC4B,0.005,0.0025,0.0,True
D50BDF3486B294D5420B6C5063FDC1868F47CC708A88A22136341C1A686346F6,0.005,0.0025,2.5705261355035702e-06,True
ECD526675EA7C2CB79758279F565F3D8E1E05D750AB3273B6B5FC670A0C045EA,0.005,0.0025,6.927454436089775e-06,True
A1210142A8B278761AE3E1C24E30A33651B1ED0C5705B188EC18D7A0385D4D36,0.005,0.0025,2.585814346423021e-06,True
0292CFC83890EE0F25680C4BCE8F3AEA1F59DC12833F982D1390EEA8B03DCB45,0.005,0.0025,7.277610081235508e-06,True
0A10D5A6C25D8C5EEEB8A2335BC5CF4A6A8C736954EFD007C7DF212B2415C560,0.005,0.0025,6.465604126093538e-06,True
6A388193CAA8A41F4D67AFBF781E4C70A2BF52A00C462F78CF57A8400F340874,0.005,0.0025,2.68871363284795e-06,True
4B1F788CABD2C107B35DA8E220B72753A363D47A8DC47E15EF99CB2BFF21A440,0.005,0.0025,0.0,True
B0BC292AC48231FB0DFEE4C1B4610F8F490576DEF28206F3FDF3F5EDBA1C5E12,0.005,0.0025,0.0,True
6F4C2CBB300147A9E93BAF88A927149123C33D497E758A8BEB6ACAB75B019928,0.005,0.0025,0.0,True
2FDCEB6C41C115CB95CF37944095933B16DC6E7F7089C28CF3D8470343A39718,0.005,0.0025,7.450479353243722e-06,True
01218EF51AAF29A2530AB1C43967976539DAD46A51830F76D4337E8989010107,0.005,0.0025,6.978238905164247e-06,True
BB6FB78BC179DE5AA7DBF2F05E5A30D502FA533450939C4A428D4905890DF454,0.005,0.0025,7.459845267954179e-06,True
FCFF0663ADCDA3AF7B35BE9B6F27A5C4CECF59DCBE69BA0BF533EB9DF88EFFCA,0.005,0.0025,8.611723082196932e-06,True
F5EB605DF244A05DE4E3B1364F30CF6435CFF54AE7EBB1210CB2DF1225F6F291,0.005,0.0025,7.117203808970629e-06,True
756EB1FB631E495A9EB3104FD66898E6DA1E6140151AEE5E6A7EEFBF6CA24525,0.005,0.0025,8.713763426593246e-06,True
502243B55D845F9B1072C0848D76246DEC9664801E61042C4540D87A63D48C94,0.005,0.0025,0.0,True
32334EF7AA02809D51335E2401C9667CF9AEDF1C7D7EA2D59832A02AB65B6DCD,0.005,0.0025,0.0,True
4985641043E6AE23185C7F40E175472F01B0541E14BA6433147F217A57748A51,0.005,0.0025,0.0,True
36E3706672C37AE47BED2CFFB151F64204618A8FA5585BAEE26387F1F31049B3,0.005,0.0025,3.405152834146108e-06,True
8EC14CAAECC2959E3CFBFF3C453564DEE517C806CC46FAB6296A06C46C062D4C,0.005,0.0025,7.211526619421704e-06,True
E6FEDE9293048AC58457A4045AC814822A8F735B63524EA70906CDFEA20F61FC,0.005,0.0025,3.4049776307387702e-06,True
73510926D71C468141E1BA9EDCE6902D0B1F47E66882F8B2236F02B9F758407D,0.005,0.0025,6.797478701914272e-06,True
8DAB304EB8DA9DBBECF529AF887E82E80DD3B5251F4DBFC76B03E5C27C699B9F,0.005,0.0025,1.1268499477523619e-05,True
FD13502F9C3B9383D405EDFCC6D40DCD3F6ED1D7F4DAD85E47302BF879A7A1A8,0.005,0.0025,7.620786279805003e-06,True
E249AEDAA29B8665F5F96711176C53D4378C2389ECC8CE5E84E6DD2E2339482F,0.005,0.0025,0.0,True
794A81329D3866C94B735C1B20D976C0CE5350712EB85C1D8A75384A400F22C0,0.005,0.0025,0.0,True
AE6C8ACA26F52DB217D6436FAD26E61DB0851D2981AD2D46BB2D86C9491BB019,0.005,0.0025,0.0,True
6377499CC4C811420283FC7A1D0A1F8D4F2D43B79852C913C0AB4C0B279D47E1,0.005,0.0025,3.9939400662269975e-06,True
23930B2EF609CCCC0C994E222E83C7D30620E5987BE9999695FB9666D216FA52,0.005,0.0025,9.615670467422177e-06,True
463294ED6D0C5085472128EB07D676243AE6DD21B08E7E20B9D8FF0272651FD4,0.005,0.0025,3.9936960911646224e-06,True
006DE1E234131233EF1BC82C90779F60F658C94F1E7E29002479A53089A4A333,0.005,0.0025,8.405704525316082e-06,True
B3ADF5BBE6172EF9FED372324DBC9AD1559C9051F4FCFDC9421286EF35B01CA0,0.005,0.0025,4.8552005258439834e-06,True
20BABE15AFA2E6AE062E80BF72D04846DA8E0F435E90FB07915B9166E752CE29,0.005,0.0025,4.128883572596109e-06,True
78DADBD624554A2DA1BE2896E98D48626AC0BAA7C20DE2B206D637D4AE0321AC,0.005,0.0025,6.748790637889357e-06,True
EA1DF1278E7850F76A177D3D63425EBD0A7E1A578182D8E5FBF7BD36A18B4314,0.005,0.0025,6.748795113420414e-06,True
1853081B9F3836C68E1618BBFCAD54F5524F1673389B5D08A6BDA2CD8394FFBB,0.005,0.0025,6.748795277289332e-06,True
5830BA49F587A994F64D74B07DE7620F35BBE1416B19BA8992394F359B4FED4D,0.005,0.0025,0.0,True
F7AEC47DC0A0DC6B6092919CFF4A48BB12C3FE8C8103F2224E995A240125E89F,0.005,0.0025,0.0,True
23AD43525BEC1D872509207958A53840DD6CC0FBD8722D7C78FFB090D1DD26F3,0.005,0.0025,0.0,True
2C5F961A1262763F43FABC126DD7957EA3CC939F7B2FF0CB5647B90CF8CA83AE,0.005,0.0025,2.280349767680434e-06,True
43C71E9B01ED9657AAE4FF16FFEF34708048EB5137C972FB1F386CE5DE866C4B,0.005,0.0025,7.658720689196485e-06,True
BF718A53731FDEF47ECDB71E50465DF24F9876EC6EEC89E740265987EAC50B81,0.005,0.0025,1.7559653380239126e-06,True
940DC69EA0F47219090E0F09CB4D90DE36F1154DED0C675E0EDA1973D1DD3F95,0.005,0.0025,7.840556593086134e-06,True
43069AFB1B1B5BA679DD70B400E949E4143BDA63DC452EF938DC73845F0FA1EE,0.005,0.0025,2.6651518061360235e-06,True
7B99D3CF20D774F0F640A519302EAB5A35D5AC148715F1EA5207B59AA8D7B58F,0.005,0.0025,3.641549245259057e-06,True
3AC391374C499D6D4F8331A9D524728E2BE7320B9B724D3AF5BAC8ACF2D1C694,0.005,0.0025,0.0,True
20EB763FEFFF884DEF5346748D4F0E820021A2D0187C7F332FF554AA64A07136,0.005,0.0025,0.0,True
2332EE6FDC0872A6582430B7AFD5373B6D49824ACEA02ECE2E6134D6EC5F60D3,0.005,0.0025,0.0,True
852FCDD245D3441D375CEC37AB1017593AD17065BFC9A74C1CC00974E9B0656F,0.005,0.0025,2.9334258915270084e-06,True
4EB3EA390E1D07B96E4DE3AEEF24E85029FD10ADBE0024271B519E5B0C095254,0.005,0.0025,7.648426683326548e-06,True
3D70B8369868F526CEA16DAFC487FA7DBCA0D94FDF2A73DFB2AA68F9B7FAADC7,0.005,0.0025,2.9313253147034146e-06,True
99082BD11CD482E65A06E786E4DCBAB106A10EF9B780FB96BD364F53D0C523AF,0.005,0.0025,6.568055705979958e-06,True
9147CB5E6DAE1C469BCF84235C8890535F7DACECB3826337D1C6E0291B1ECA3B,0.005,0.0025,6.721388532859862e-06,True
3E8050EB75BA5D00872444E9BB8F9AF26DD00F16A4B94C623401DD806DBC8879,0.005,0.0025,3.862168662660537e-06,True
685ACC507DC80AE55C8A04A23B375F8C16934229F4A351ACEB81F40E507FDA91,0.005,0.0025,0.0,True
F3EFFD5DA98A9D75ADC1F029878E88325041F84B2DF48A7E9A6E77CFBCDB5EE5,0.005,0.0025,0.0,True
6D3745BCA2F943319D5BAE45FF7ADE287173FD4DD8DC5AEFE476159ADF848C21,0.005,0.0025,0.0,True
E8BE3BFE42FEE14B808FFAD965F7BD598DFE08B3A5E8D2E155A3A6DFCB4071DA,0.005,0.0025,2.7201167149826233e-06,True
FC97D7AEBDD84EE434CEED1F7BF4F051993700EF3E77388BFC5B0643903BA462,0.005,0.0025,6.827831979583365e-06,True
EEED2683290C4A3BB6F7D9C59508A3CF513BB62BAF599B1D068236FC27C244AE,0.005,0.0025,3.0916678290804356e-06,True
8B46F96AF3F7D019726473BA3C02B06AB33CC3CC2AFE78D36BC5C39108F1C8D4,0.005,0.0025,5.403938440506906e-06,True
8C7233C0093F75430FF3C52C5526A891CC4977EBE2C1C07DFCAB4A31657F1555,0.005,0.0025,7.656895525176566e-06,True
1C5BD4D0041907535F23065BB713162D85AD74A152C369B33D6CE8F0897764C3,0.005,0.0025,7.318193635086345e-06,True
BEB7A95E9C8EC39C2693C72D1CCE7DE0BEB45B6458FC62C9E4CE25630D0544DA,0.005,0.0025,0.0,True
61B40CA7EFE387076AAA1AB53C556983100358BFBABF25D5FA52F60F593B4F9D,0.005,0.0025,0.0,True
2773C8A00E2E21FCACF060EE85B2E26717468123E5E09729F33F23807EFA1A6D,0.005,0.0025,0.0,True
80B97B32194EB0B8074D3618587616E8962C09DB8FABE2FED57E42CD500E8F1A,0.005,0.0025,3.695039113349452e-06,True
137643FE3BDDDECC5C23DF3962EBECFE3B35643B91B8BB1B52FA28C408FC44B7,0.005,0.0025,6.8263639085852645e-06,True
50DA9DB5601ACD72C6CBCF4911C695AAB54A67F9D8F6C21DB8E5D89540E7A57C,0.005,0.0025,3.460632193252877e-06,True
16CB1D84EB94A1F6000F1CBE1D89185CF369DFC7D75A63CDC77E1076F81321BE,0.005,0.0025,6.075272472871873e-06,True
704C280208F207EE40B6316F698B4D9E1F5F4D9FA4371D01A541000B65BFED78,0.005,0.0025,6.513156423526567e-06,True
5EC28BC8F76C57E662C11CA36A22261C8DB908574AD344A1372A5A63EBF30FA5,0.005,0.0025,4.460591780608425e-06,True
B69CB580FDDBFDC3F2E1589CD27C7057768A0423CA2A4C6635FB355B81BFC44A,0.005,0.0025,6.832794674727083e-06,True
F1B2A405859F91868EA5B50C5F055678C4F05E45CC7F8D7647436D79D3EFFC4B,0.005,0.0025,6.832789015920326e-06,True
7615204B130A18A91A3520F793B3794512BC6E1E01B3E0780D001274DF882919,0.005,0.0025,6.8327936846301895e-06,True
1A614B621CDB7D1443B0C6CDAC66C6E6238FC81B69069A77471F63BC181B2E01,0.005,0.0025,0.0,True
B6359EB3414DBE4B936D891071F0686817A9B170AB83B65A115786795D25A97F,0.005,0.0025,0.0,True
71376C31645BE41B5CFD36BEF5ED2AAFEA75A6975F57DD6199ECADA60BD3E027,0.005,0.0025,0.0,True
C281450D5B0ED77CF5D48B1C2666E75D5171E6E8497CFD4A1FF8C373DD011EAD,0.005,0.0025,6.31746942758582e-06,True
921234510EBE34C0962905CB689B14FF22C58073C85EC16069A103C8C1C05940,0.005,0.0025,6.2148375055137706e-06,True
7373521E341D3663EA8B5161039EBA7EAB0CB3F9A68ED30FE390308E06FDFBB2,0.005,0.0025,1.7035280786004137e-06,True
6F174D5340F0F8EB0E2BF8CD31E05E830733125930106DFC9FA0150D080B1867,0.005,0.0025,6.924055436563492e-06,True
C160FC84D9A52BC878B412C83127077D225EDF0DB6B623429F5108690A479533,0.005,0.0025,7.787333630160376e-06,True
9182FD97548FA41A204B6764A912A76A1A18D3AEF99844BEC3AE49FD4E9A903A,0.005,0.0025,6.093742860535656e-06,True
5FAB2566EEDF61B42991B2EA5C9A2F730E651B7B73F6B22F640887929603D784,0.005,0.0025,0.0,True
3E55D54243E1762610AAE7861FC833BD7EE8D9AA503D2F1C460B041ED8392BB6,0.005,0.0025,0.0,True
6B9EC35EC9C03346681162EBE6540741D054876DEE31D8BA72E71A5222B8A927,0.005,0.0025,0.0,True
7B482AE571C6CA8529F3927B38CCCD02FEA4B867D7611C71CD77109549DC1116,0.005,0.0025,6.3590994952011926e-06,True
B31EBD369D5D5346CECA8FB3F51105330A8D87BF1A3552E264DE7BC847FA4EED,0.005,0.0025,6.735951223468817e-06,True
15F02BD592C91A94CB2F4C248486D56F98F5104D011F82AE59DDF4BF44582124,0.005,0.0025,6.028722883799631e-06,True
6C98065E6F2518A262E35D7E8F4A392DCA3314BFB1993F94D34FAB25EB073CD9,0.005,0.0025,6.505486663144211e-06,True
03768DFE0C84E0644C94F2E6050154B1F93D44935E95CE30268016275A714D83,0.005,0.0025,7.388726732227013e-06,True
6FB5A6A6D5240CE2C45AF316E0CDE15BD992253C5641895A7C207A4646FFE1C7,0.005,0.0025,6.051839528398162e-06,True
282E45F0C1F56DC89408D82F4E7055741A6FC9FB6A4FB03386EB413E6B082193,0.005,0.0025,0.0,True
6DEA3B1EC04C2D599463BA39F35408ED96C50F0509F06566295D57D7E9D9CBB4,0.005,0.0025,0.0,True
50A684838B9303F1C359A9BFEBFFA0DB26896283BFCC86F411125F164A9F29CD,0.005,0.0025,0.0,True
CCDCDEF550FD46A36C44832F8890EADF5B08F334235B32215E6CD40F1E145477,0.005,0.0025,3.5554217190369997e-06,True
F2E344F77C990ACA8B8BC13B5B1EF231DF8649EA4B90D9C2BF8483F83C9A92D2,0.005,0.0025,7.40682944200266e-06,True
05E8C94B463F9F6A42A4238EE23BB016454BA25D7D4D95FEA6E254E63DB1CDA8,0.005,0.0025,3.086049704448257e-06,True
72CB0891859093C0ED47F85C1423E92DA70BD345A40C99C37F336D46095DE61A,0.005,0.0025,7.271775618544751e-06,True
78249FC2430FB5B7F2FAEE99CEB6FB014D69E67C642F99076CDD1D982BE194E6,0.005,0.0025,6.814988348979867e-06,True
93106495FB2D9ACEE5EDAA5A96781553F4C449C22C2FD17C9B420E17C5C66C9D,0.005,0.0025,8.332938454591599e-06,True
1417811E28B5C853D9EABB7A410E5BC7B4E56151F5DA908F25D80BB80216EB75,0.005,0.0025,0.0,True
E665065A37CA0CCEDD98BD7BEA719D49FE62944A5B2D3E68C0159C8918070EBB,0.005,0.0025,0.0,True
953B351F97AA6460E9B80EAC7A7D481062391580078300990C63FECCB8F8D7EA,0.005,0.0025,0.0,True
A6760BEAC3485884A305C2DA0DA7B076B5173D54FA14560CE758128BD59E7915,0.005,0.0025,3.815600285728138e-06,True
FD3BA27A1511AFAB9701079ECFB81824ED90AD4E8B9E7EDC9B62BD0D825DBF53,0.005,0.0025,7.099937399557277e-06,True
9C90422E87147E9727EBE5551B8DA58A715A1EC9425107DB92E3EEC96756A48D,0.005,0.0025,3.911192383743156e-06,True
E3587E604F24C7C9C420EF3EA213D69FCADD53C4E280B3F9C74694CCAE7AA93D,0.005,0.0025,6.800415050634001e-06,True
99713BC6B9E93AB0A0E5DFE1C60CDF129D0FE47FC09AB9FC937EFB57B71B87CC,0.005,0.0025,7.16187313076766e-06,True
8F026411054334E29D2053F040C9BDE679BD82C20C1C1159AA250B2D6B242DCA,0.005,0.0025,4.369914687218923e-06,True
3E071E00FD9706DD8B3EF1A6AE104EF90581F0DF92088C8E3048931334ED6DB4,0.005,0.0025,6.835010416539333e-06,True
1D07A08AE3B3C0C720702DEA2BD7D11B61814EA94C53FEAE0E45C1B26D602EF1,0.005,0.0025,6.835009513483925e-06,True
4A8441E4B928C7EC3305C516B4825C1A93A636C38696383B4E4D4CBF0B826E05,0.005,0.0025,6.835014266126649e-06,True
8A04C2C3ABF7D6053C2D15A106A17BA075FE06D6F915CAEEECC50773ABA69B38,0.005,0.0025,0.0,True
7DD45910AD6308FA4875A4E61ABDEFBBCA5FA45D496DC5C4A94608B5130699B1,0.005,0.0025,0.0,True
9A40837F45E5DEB48227AE4BBE581FD148001620F5779072EA1844A1CF3AD6A5,0.005,0.0025,0.0,True
825F96AC551344A8B10E0CA6F9F37D417709341EF5A74077C855FF92CB55195E,0.005,0.0025,8.62739052776007e-06,True
2E2863C3666B3C5181CC0B99D79ECBB4654457FFB4BD715EBDE4A9A408230CAD,0.005,0.0025,8.134369112511308e-06,True
CD42F744A2FC1261BE97D3D81BE329C914C8B3559C33A1EC6706465837B37F56,0.005,0.0025,8.211533139679261e-06,True
6DE2B134FDA13CB15581160E50C10996ACDF76E248AD94113B4AAE10313115ED,0.005,0.0025,1.2397401240260564e-05,True
EAEB571E5843970C0A05CD3375135C45854346B65EDCA518BF2BEC7627474942,0.005,0.0025,1.1102696231279907e-05,True
037858BD1B1E8B6BFC430C12B0997463D8603D05F43102F3881DE29E92D8AC31,0.005,0.0025,1.227454393415428e-05,True
3DC870D3AADF4A63D4C2AB83EAD200EE5C26C4BA2D807E87C6D54FBC07432089,0.005,0.0025,0.0,True
B79263959982DDE91AB0B3EBA938EBE3792328689A6EA1DC7C4B5C309CB5BFE8,0.005,0.0025,0.0,True
3B03F4F6F56BCE5B39328F720AFFDBD69DF53BA9EF0AF053D575B855C464E399,0.005,0.0025,0.0,True
1C39B8B5EA92E0A8F85B08FCDDDE9388DDB599A5B0342977A7DE1E75326E258D,0.005,0.0025,1.3307567753972904e-05,True
CEBA0DBF82632FE6C115FBEBBB7D0C08EFB850EEB8AA10CC5396DF5EA507CC61,0.005,0.0025,1.3934881443411484e-05,True
4E4159CDF82B26C48B18D6A5CDC2AE220C261E83E6CFC4B39E8E8CCAE8E949D8,0.005,0.0025,1.391443446774332e-05,True
0877314D1039CC5B9F3128FCF3228A65041E7A9F3FD004420D02E54AD5229ABC,0.005,0.0025,1.1690346087611658e-05,True
F18F7159F4DC23213E5FF0BA12E41C4939CF99E2D7DB992FECB07E21E3F7157D,0.005,0.0025,1.4167406547471728e-05,True
36456A31FCD45421744C77B753C1AF9C7DB112784427DB2DCD213DF88DF5A1E8,0.005,0.0025,1.1561881562816012e-05,True
DEF4FF6C1A93A794656D13ED12249C80438B5EFA954A67A196CAD3BD0B3D8155,0.005,0.0025,0.0,True
66C64A0123B900ABA64C7B01756E7C24FBC0658752EB39B8D08AD9ACD5FD9827,0.005,0.0025,0.0,True
F4A626F0DFEB7DEA430217F1AA8942AD5B4BEEC201E65CF5F4E1A47AFFBEE6A5,0.005,0.0025,0.0,True
713A46387E473E7E876922607A88F0E788AE31640AD4A054EDD9F898E2A5D052,0.005,0.0025,1.1913318097800385e-05,True
53A4AE6C1ABA578679FB9D8AFAA14BB051C3FB3A84B01B41DE0BB611691DDE26,0.005,0.0025,1.2957625365128678e-05,True
57433F41A08E9215E65F0056B41CB94269013E799D43FCD4C32D7E6C8235D048,0.005,0.0025,1.3535175471979244e-05,True
C06892707A13E116F659A0690B3BABB815E3828186F42E36298C23A664925A4F,0.005,0.0025,1.3202003061874024e-05,True
17C4F9C9E304CB4EEEA5DB3251217C4FBDB8B1F6E788767D2BCAE92308CBC38A,0.005,0.0025,1.4472136259602308e-05,True
EAECDF3CCF5EFE4432666179D8F95A86BBEA66AD23F8DB86BA9116A1AF4FC0D4,0.005,0.0025,1.3193710525438718e-05,True
0C6B877110D846F4DD0DD38B84329E3799119EEF1F2BBD05BFFA003E6474285C,0.005,0.0025,0.0,True
5B25EF0504022DBD260A7549E15F6EC0FF0CE3456090138AE71117D1071E971D,0.005,0.0025,0.0,True
F3D1B0A1CCD42CB25F4057070F5134971D54B99B200A1090BFCA928855BB543F,0.005,0.0025,0.0,True
2F19188ADB811B3C9BF5A015AA827B8BD5FAD4A1145FE267ACBF60D87F84FDF2,0.005,0.0025,1.3836078746498615e-05,True
45EF38BA14196911A3B70674F66EF8D50DC255A13349F92EDF89AF3B03CD4E8F,0.005,0.0025,1.3791788623818135e-05,True
138A78D461504C43333C87D9AC8DDF66BC0DD4A8AEA43BEA99E6BABE3A1844E6,0.005,0.0025,1.2395857078129069e-05,True
C5BDA9F25624C7EC90CFAFDCDD9311E61FF8DF020C8FBEC45CB3BC226A3195EC,0.005,0.0025,1.3506781950667346e-05,True
EDFC87DB6B0AD8F9457549F1064C18BD8E40D37A01FF2BB9680FFB3580120A3E,0.005,0.0025,1.3572789502092064e-05,True
B1D369FF60CA2E57592921403F41D1D8D1A561BFCFD8ED5D41766176D683701F,0.005,0.0025,1.1542134112807467e-05,True
771D628931A9375CAA89FFFA87E92F40B2A4A76C7388783A76510DD861A9B5F4,0.005,0.0025,9.114440596036388e-06,True
18BEB96DC300E5F00A42CED6951C8EDB1D35CCD5AEE618F62DF596257AEB999B,0.005,0.0025,9.114440989943517e-06,True
62CCF5E3D089271DEAB2682F4B273898B966A2A0C882F93F36AD2736FC999839,0.005,0.0025,9.114439658564066e-06,True
1F0718CE0B5C12C4A73323082D63FF117E52E93662481BF4A615DD83729EEEA2,0.005,0.0025,0.0,True
9A011BAC13AE751EE71C46B1ABF4815957020B2A5DA27C3227CD203B43D2CFCA,0.005,0.0025,0.0,True
A77CA5FDE1A044E603D77141712EC00679C70EB728FCAF6347D351094B5C5836,0.005,0.0025,0.0,True
FD1A7D8D3D837989F7019C33EC1664F34B22CBEE072518D7A38EBE998518F5F7,0.005,0.0025,8.412697883208864e-06,True
3F44EEAA9B06454D3A954ED1C9E9F66E900780D2CF6D59097EBE30948F079593,0.005,0.0025,9.663931292980266e-06,True
88C9A47FB6216A2A77591A907B85DF91D05E600E5EB64644543F6E9DCC121AB6,0.005,0.0025,1.0372953507253868e-05,True
FEAA49B2315306B67C876C4DC0DBF44E4A65DB1A176C0A487CFE4208FB7627EE,0.005,0.0025,1.203606739741403e-05,True
679F531CAB6E5CEB95376D5627159BEDD71958224F010928111A79CEB2630B06,0.005,0.0025,1.1605530902070171e-05,True
6A6034D742F83F673D4C8C7F0E9A2D8A3E7F8DBC909BAF8305F75763A83F4675,0.005,0.0025,1.232854742960754e-05,True
F5BAF494F0355E50AC25357F931079D0E78BAEC5BF14E6D2CC811D87B630CA3A,0.005,0.0025,0.0,True
02E9D443A30FC8EBE56E61F245286E3768461D123531BEE0940BBA2506107FAB,0.005,0.0025,0.0,True
F87B2837CFAFBB16944BC7EE2F1778903B24FC19FB24AC1637BFF8A196133746,0.005,0.0025,0.0,True
9DFED20AB125019A7432868F45F6F9D659004104700FB3958C56F60D680F0A0B,0.005,0.0025,1.1424145770710936e-05,True
18E87E7410C126E20F4DA6195267653FB8C77A0CB6DD7E77CCFBC7439986D15A,0.005,0.0025,1.2382626226603577e-05,True
7A1EFD7FD055BCEDBF58AB1D3348E6FB5F06CFB0AAEF07036D1C0649CE0569DF,0.005,0.0025,1.463605587970207e-05,True
08630F68D924849CA0FBF333759B7D14D5921664AB3E1D100332E28159C8993D,0.005,0.0025,1.2450038494149496e-05,True
D3680E8770E3CBF04C16F16F8EF977585B732D26039F2FCCD829EE78A418C90C,0.005,0.0025,1.1495640288572417e-05,True
3F385659255B41F39DD1E90DD406B35E68B668980F73AECF7D163F2ECCF261A3,0.005,0.0025,1.1962139968346719e-05,True
0E448963BA37717CFE44F612396447D825BC6F780AD646F575266FDDAC78D284,0.005,0.0025,0.0,True
47AB844C034D6A4A29C75D3B56E8CB1D427C301C4B58941EBC8AEBF979339784,0.005,0.0025,0.0,True
A102966E03391644DA7B8919ED9BB32180F450A4B531C561D29220FB7A8C5D2E,0.005,0.0025,0.0,True
CCA877CA1135241D514CCBB9DC2F283CC4117953E5B9C434D5BB9C1D0CBF7DBF,0.005,0.0025,1.286135684797074e-05,True
4D785FDCCD40FBF4E1319D66617132BCC2F99F97F27D3803E4CCE44EAC45DB97,0.005,0.0025,1.0691051823830122e-05,True
7E865E6DCE5DE1EBBBDC36DE2603BDB32C64A0A6113F3E266121805E39897182,0.005,0.0025,1.370689608215514e-05,True
E564E2F66CA386375A74E23F912260DE7E35EF1B5B8241988D739E4C55582F84,0.005,0.0025,1.1119243620072439e-05,True
5F0D6CBC0552E5307391DD8E82FD25E798A621654E90360DA2910C329433E4C3,0.005,0.0025,1.2382366690655289e-05,True
8D52BCA4229B3CB7460F3656159043362FB5E27B254CCB6434F30349D04F95EA,0.005,0.0025,1.3013185844457098e-05,True
D2302965681858E5286F59F3A73DC94D06ABE26852D5F2E8B53799AED9C798C6,0.005,0.0025,0.0,True
A262D5A003CF6A80D814D7FEF014A69CB54FCD979978F651B7457070C9CF1E32,0.005,0.0025,0.0,True
71FB95E9AE5A57739089D2A51BC901FB51B72334867422963865344B04EB58D8,0.005,0.0025,0.0,True
F6AF5C37F5A8507DBABA207E7DA4E0BED5AE940CB59899C08E26A42846E6914B,0.005,0.0025,1.3600428021565136e-05,True
08F7E88A921016F11763EB9D63B201123B8B7C037054C7D8E808269CEF975F28,0.005,0.0025,1.2724199359714916e-05,True
45F6E326ADB705E82C8658284FAD65610F402F581E77200B74A71F16F926A9FE,0.005,0.0025,1.3041425437787524e-05,True
D1266E7508E821ADF135ED31BF268EFB6574CD525154A200918B7BADDE67A18D,0.005,0.0025,1.236996585118888e-05,True
B4D0E22BB69CA28EF0CCFAED5FCB311A16E78E74EA0733BC50DDD3F8746548A3,0.005,0.0025,1.1762784274171878e-05,True
1DC7AD76B1D35D3760DE020EFE5D9AA1EA2BCB8CF9A2F97916DB2435F727FBB6,0.005,0.0025,1.1705206205636642e-05,True
A14CE47163D5E7F79BE46A21B42F7E9EF4761FA70AC467E6859957F48A4920E8,0.005,0.0025,8.91026069727019e-06,True
814C3A71C36FDD3EED3080E50B736D6CBC6E3739AC051FDAD4AF5E35496E2DE4,0.005,0.0025,8.910260025807304e-06,True
CA4A1185E9FC69FEA16536CD142B007363E515746DF7ACBF2192DCCB0ABE3110,0.005,0.0025,8.91026049965049e-06,True
590EC9196A41D6DA81A4A56949A92860FEF49CBAEBC4C5885CE0E26C9D596E63,0.005,0.0025,0.0,True
4D564691BB0F6B30286BFB0C47092ECC0DC0280066A6CA639DF1FF9B1B9F11D6,0.005,0.0025,0.0,True
C70FBA4CCA5D95463BA473D217DB40F3A54F25F8AA47DD30502A89D423A0B6D0,0.005,0.0025,0.0,True
2E7CD856414DFAF655B561B4947338A6F587C120D033883C69BF9ECB60508111,0.005,0.0025,1.2249477371994999e-05,True
7C394517E660203278FC13A70AEC5DB59E3EF12DE32A367C6C5BEB5EC5292375,0.005,0.0025,1.2051458391226788e-05,True
C666DA5FA2BCABF83C669938983286421C91C610EF0D9EAA4D274BA035679BAF,0.005,0.0025,1.0037349659874906e-05,True
EB0782FBE39F3C9705A899631CC7BA56CCBAEFC99FF2F9FB97C602F14755D0F6,0.005,0.0025,1.3315595821961068e-05,True
627D0C055DF60CEFED4BD6998A2516A566642999270F37D2E7BA6599E3B65031,0.005,0.0025,1.3370750262975406e-05,True
99F68DACB0C5694B624B1333596A52C3B6EC79AD1206BC292DA4BAB0731FB0AE,0.005,0.0025,1.1766951271585668e-05,True
BFB4CFB1A96C2803B35560A14F0FE8319E54DDB21639C35E4C382F0F5B95B9DF,0.005,0.0025,0.0,True
DE81FD2F6859C3998CC93EBB90FF352CEA622E3ADEDB0471AD6BC5B033D584F3,0.005,0.0025,0.0,True
27AAFD4E7DBAE53F5FF8DB2FFA7BE1AE9C8295D4A74F03737640FBDACB8DCBAE,0.005,0.0025,0.0,True
577A20EB5C94433DF5E74A9C21D37C291FE37AF0AA51C1343CBB65E09782AAF8,0.005,0.0025,1.1470722484308027e-05,True
7E2FEB883BD19A142C4FC4CFB35EEEA8A3DF0B67F5B1A671C71AA695C5444CA0,0.005,0.0025,1.0411796875109403e-05,True
ED77C9B2713839FFBDD0665CF5F225F4498AC3B7EC54E44A369049E356F60646,0.005,0.0025,1.1923144566772237e-05,True
D5F1CF78A8BEBA4693A34FD37DBE8272DA61D113034934A565E244E294426164,0.005,0.0025,1.2908787069498828e-05,True
0D4356FFA929A26D04267A78BE391E93D0B7049E271FBFC46F13D3666935A13F,0.005,0.0025,1.2454558048435871e-05,True
59B7FFA69D02D1FAD263B891F3894867E9041C3825D99801B27152AE6F632683,0.005,0.0025,1.2485729171451965e-05,True
D4CD865C2C359F3AB40A492C6E5C149F77F882C8C18EA0EEC8B2C9DE73A24A3B,0.005,0.0025,0.0,True
48312F58766EA0ABA7F45B75CA5A74CBA2F3DD661CE3C41000A6660FEB722F3B,0.005,0.0025,0.0,True
347C8F82C58361CECC814ED287F5DF86EDE1BB8BE0EAE80A019C80557877A334,0.005,0.0025,0.0,True
1211C6391F136F4232194FC0E2C03390DA93372FB1CF2E81EFB034FB008B70AC,0.005,0.0025,1.1443512967446168e-05,True
579A07841C7FC1A804AD3918231FFC538A5532CB072735D5CF4F29FB4ADF2E8C,0.005,0.0025,1.1252565050856589e-05,True
C9B327F3DB2B330A73303EDE4BCF8723ACA74F73E51E56CEDFAEB96C06D571BD,0.005,0.0025,1.2405061409204166e-05,True
2BDA00D558BCD3C399A999734869C9EC23771FAF9EF9D9DBD6212BAA1B534983,0.005,0.0025,1.2230627406850658e-05,True
2643ED6A55AE7ED035FB02756BAB61655FA02F516B7448226BD66E32BCC2FF31,0.005,0.0025,1.5016104249809814e-05,True
A4CF8C632EB013E7440BC0048E722F3BEE04BA2F0AA7BE2F5D2BF72307B1F0BB,0.005,0.0025,1.2227436636980116e-05,True
F9372D8E5508DF7E1A0868A2979E8D733BD2DEAE17CDA987F333F2EB05381508,0.005,0.0025,0.0,True
88E1B0822073BE186F0CA3C6B4635D6F3C9F4332755F5C4D2B06ED9FB572018D,0.005,0.0025,0.0,True
65C7C622B9491364AE357E8957E7E1A14384F2215DD6E0EDF362B16E77D074CB,0.005,0.0025,0.0,True
1EEA0A466D7C13D8546CD1E95C0646EC8A4EE84C89BE62EF7E9D92389A8329C3,0.005,0.0025,1.2548207779516929e-05,True
6898DBBEA71ECC17911F6A96433EEC852438817A2E0630781EDFDE913EE50AFB,0.005,0.0025,1.28085672006506e-05,True
F426F064F2ECEAA0310E96B19A92F878C794468DC4C4C84A327BCB4DD1A46B73,0.005,0.0025,1.4088445171367425e-05,True
06AE0D78B247BF139C64CA062298566492C098D5F8EC6BD02783323B37D832CF,0.005,0.0025,1.1989712057403068e-05,True
A726D7A6822247CDAB6AA79F32BD6AE4FC1D8A711DE53E4F75545813C606EE91,0.005,0.0025,1.2003863197218578e-05,True
9678427D7330BC25FD9FE06D71C90CAEAA76EA4E3D30DA56A6131D9CEFE43095,0.005,0.0025,1.4642070324200063e-05,True
884FA807464EF36BB456AADFE86342D334AFDB10D50842D833A9E6CB9E956F6A,0.005,0.0025,9.093878770016772e-06,True
43FB0A8DD5DA78D9B478900A786D496B85D5D721F6F69B81BA418E9CFF2A8D11,0.005,0.0025,9.093881456756492e-06,True
9AEBEBF9A65FD82F6AEC30102548009E9DD3229823A99053F9D961DFB0C24852,0.005,0.0025,9.09388224501484e-06,True
FA9A31230EC079F6B702CA68ACC36BC1B4BB660FCD6DE2135B322EC90BCA4F25,0.005,0.0025,0.0,True
1DA0C96800DA2762D4CEF91552847562261303C04D9EE5EEFD0CD5487259D741,0.005,0.0025,0.0,True
959F466043A30F9F27EF5DEEA6FD52E43D4F34DF15C236BB635D3BA2AB0D4B54,0.005,0.0025,0.0,True
BB05EF429D098D405EFC01386300865941039828FA17F8BD9D3BFDF685BD4267,0.005,0.0025,1.0932154980825004e-05,True
54ACBD9CF7B588C4366C32C3246D8F3CC0B53B6B2F71981311958AD9AA935082,0.005,0.0025,1.0929150245253538e-05,True
6F828A353D310B0AAD5B5ED38438527F264777E73D7BBCC56123440DDAA2AD30,0.005,0.0025,1.0413201418035811e-05,True
25442592153CE1E284F9402E17B2DC9896F699B460078980F3A5DEC9F138B2C7,0.005,0.0025,1.247025582085115e-05,True
615697DFB91A38AD1915EB8A80BE9348B98A0920F57F25A1F70CEFFF4A2B54C4,0.005,0.0025,1.257282737521237e-05,True
1C8FEB46F609296F2A3DBF93F84FA4C7F2F36611D0CD96FCDAD5E0849E591B67,0.005,0.0025,1.2465087229518446e-05,True
C8C0AD022031E5E4D887110E163B1D8D1B94C077DB29B65429881EB593DDC42E,0.005,0.0025,0.0,True
BE2556709BD4B0BE8145F124DAFC1C479CF8377185C8C361BD1EB77447033932,0.005,0.0025,0.0,True
167002D666AB9E3157B61A4FABE4AAC2A7D79082F878CA547CEA1151134421FE,0.005,0.0025,0.0,True
F752079AA7ACE66DADC97EE639CF43950801F39BE8C8EA4B647166D35BF6F604,0.005,0.0025,1.0460161036895954e-05,True
06BC10DCD1D3C2E8DB6E11D6A10A3F0CC83C363281F04D098B5DA1FF78CCD181,0.005,0.0025,1.0568873396454848e-05,True
C66D74DD409284ECF491313B600AB1888AD98384DF5F1FBC9931130137DA1DA6,0.005,0.0025,1.035420555228761e-05,True
E14C892D3B1DC3579CB7D5A32BB80DAAD38A3657D1E6B4CA6A5F5C93A8999CCB,0.005,0.0025,1.2863678458874261e-05,True
94141E7D817FC00EA3E7EC6D239AD3C879FFB53CF79D1725F845DC481B499348,0.005,0.0025,1.2424713749403793e-05,True
CC3D365DA58DC2D97DE3E65C7658539C659497F0D96C003236E76E7094346AD6,0.005,0.0025,1.2868858723091847e-05,True
2380D43FB7600F9D5FA8E0A2CEF57D98381FE273E9AE22C43D12B846E230C78D,0.005,0.0025,0.0,True
35DFD085FD716236F0D6BBF3D34C1E5FE444891F4A24DC98400F78792242780E,0.005,0.0025,0.0,True
0E085D349E7976A3DAF6BBE0D05E9A17A1C404AE914A98B8A2CCEAC7813DD987,0.005,0.0025,0.0,True
196B8FC486EA89130D12228577873E790A6B1ED0F2E25F30068C4DF9772F4D78,0.005,0.0025,1.053295480324401e-05,True
3F3288C051E6EE48D29684B2F28A212D6BC21DC73FEAD7891AD9E7369D481B27,0.005,0.0025,1.3751257196936706e-05,True
DEC354EAC42CA83318C51D61021FA052756DFE00C76431329AE212F628355A00,0.005,0.0025,1.0344121778915749e-05,True
329C651BE2A1977E21CEC3EFEC6AAC2897F677720B31732DBD9644AFF642538D,0.005,0.0025,1.1563625711641379e-05,True
BCA6F6B1A3DBC9293C62525A39D9216AD01C822A79F085443E15396F17510BD5,0.005,0.0025,1.3143349795186055e-05,True
5B2503ECDCCC373C1939F6793581960E9078F366CBBA21E3428C5B8D83E9328F,0.005,0.0025,1.1573019288224629e-05,True
FE451C16B5DCB81C69D1CC95C47E0072DD1364A67A56D985B07B9B0864A55E9E,0.005,0.0025,0.0,True
A1E08C8065C0993859A5CAD1D82D02AA9FD8F567DEA248397EE64EF7365E92A8,0.005,0.0025,0.0,True
A5888E48FD7E33D4D43854AFE23808A31DD7D3B5D593CB01181D504BB83B9886,0.005,0.0025,0.0,True
3BAAC7EDF8DE5BCE9B1B84294C10FC726F8D8684C697EF8D03476456A5399CCA,0.005,0.0025,1.4938110487028311e-05,True
4239822F7F6C70394608980B7A670A98A934814C4EE50F61B926A6EC2438D57C,0.005,0.0025,1.5558479446564633e-05,True
C4F2DD6BDCAF7A039B0884D8EB7C1102F97E22F7F2DB8A7FD906F3E7E181B752,0.005,0.0025,1.4952920790678448e-05,True
42D9E206D384F867797E082EA12570124BFD32100BF868CA11D3AC8FD33AA129,0.005,0.0025,1.0924419032498633e-05,True
AB8B250510010D1BC114D6CC8E6AF7124347F97AB22E6C00F5DC9D723A421240,0.005,0.0025,1.1915716878529992e-05,True
A26A38A2699023C457C62D62F4AE8643530871C79F1FE9CD4AFD2008E3369664,0.005,0.0025,1.0104868313876025e-05,True
71BFE8D3E78334518835BEFF13B9DA29B92157C42404435FE87D06E64029465C,0.005,0.0025,9.09605866139529e-06,True
B375EEE1D4A91BB4429153EC4ADD4246FCEFC9312EFD70817F6AD571454A8ED1,0.005,0.0025,9.096056769575256e-06,True
811D69956C4300C14BB0F2F1B772EB0850C2B5B48BA9C1C0DE9A19CF3EFCB03C,0.005,0.0025,9.09605736820751e-06,True
58EB982F77C4882073E4657AA3965A15945C5F011F57A6FBB31E707B35D50AE9,0.005,0.0025,0.0,True
42D83826F7356218869346313D2F4FB30779937A86E48B973DD60AD1B0D660BB,0.005,0.0025,0.0,True
2D5EDA515D503134620FB26AC6D1B1486DF07122163CCF4F9DAD29FB3D6FF44C,0.005,0.0025,0.0,True
0A8185876D0AFEBE77062EBC016BB16A904109EF3CE6BDB13546BA4A70CD9F71,0.005,0.0025,9.7815804207535e-06,True
9577443333AF65CB4E0A5DA2096F0011957010570BEDA694FDA276B1FCA20427,0.005,0.0025,1.0184146086444912e-05,True
BA4412BFF2FF83712FD073B92B409E2D2605A69424ADF2BF82D72D66E7173059,0.005,0.0025,9.169587664725753e-06,True
7F35FC735BA8F33CC4D2D85EE74C57224F7D7B37A4C861ABD0504B85290F50CF,0.005,0.0025,1.2289020082434376e-05,True
664565082C7C5607872DF025BFE8C514E1944F32ADA9C236EBAF0FB53F0F5A4F,0.005,0.0025,8.590439403377559e-06,True
D4F5C98683B58D21EDD9FFC63490CF7071320BAD36D1740331B6524F18CFDF97,0.005,0.0025,1.0476675094128751e-05,True
6DA4B18E8072B490AFE2CE31A2F8935DD09F4BB1B60FF4CA8809D1BAA6D9948E,0.005,0.0025,0.0,True
0A2F18576B2265B42C61D6D19E2C2EAD7C52EC1A27DBB57A80B443E6A6E243FF,0.005,0.0025,0.0,True
3093B14D05B2B2C394BE3BB7E39DD22E0F3BA31D479A25E6883D636744E2B6B6,0.005,0.0025,0.0,True
D2BA4CA82E1957427D5FE7DEE33E73EB3ED29CE19DFA0847834A7260AEF43475,0.005,0.0025,1.2745540576730718e-05,True
0FFE5A743BCFEF7FA4205F09A953B2D8DE7312930977780C33E32EAD64907FEC,0.005,0.0025,1.39746740899227e-05,True
99ACC73F57AFF503AA145FBC6DE16FA485C5689A1991C29A8AE005054CA194E1,0.005,0.0025,1.3934306494878257e-05,True
7D58B9703466D110FE609C013EE7500ECB5666D9BAC17D5E671DADE768E1A1B1,0.005,0.0025,1.2479252092578719e-05,True
5E2374CBA503AE061D3788BE764128AA0CA9E21C8090E9531452E2DA8D6465BF,0.005,0.0025,1.3591579426153189e-05,True
38031DF160BF2FFAC6EB5EBD1A860A928592617DDCC87C6E44A7E7EA7DE1F966,0.005,0.0025,1.2641438568383734e-05,True
E4465915EAFF410165BEFD93572F4DBD3AF70A90AE338BCF64C579B4AB30FBD8,0.005,0.0025,0.0,True
050814CA9CD0C8FFE8BC0FAD03D54A5F8881D57937EB8F46D2FF6C5BB24C8333,0.005,0.0025,0.0,True
A063A942DBED7B4B14696F7F3C78064D5416ED6388A519462D3A9A73E30D1A16,0.005,0.0025,0.0,True
917038656C2BEC92CF976E5FD7C367B70A8CFF286EAB7405D469A4F4C788B8CB,0.005,0.0025,1.1327372692271354e-05,True
81488C6FE86724DBE4F0BAADCCD2030370A42FCAFF6BC8673A3B8100D0C7B484,0.005,0.0025,1.1821748773233054e-05,True
D3781210D50C2FCC0B8BB98D5A16690F48C868A1ED0F34CC507CBE1F6FA2CAB6,0.005,0.0025,1.159874762013402e-05,True
8C8B6B54E0A77350107DEE6FD0D1670A2B0BCA91086B051382566F76C3996B0F,0.005,0.0025,1.1588665724815428e-05,True
31AEB52138566CAB13DA1F6A84EF8C7E3039888C562E830F9C8AA839C24D1215,0.005,0.0025,1.6449512551197643e-05,True
9540526A9C0ABE9E5FC907503DA2BC0C989D4A4632EEE0C39379A2C489EBB43F,0.005,0.0025,1.0525625542268102e-05,True
1ADD9A3A7659E6B6E84BB5619798F2BDD5F870F9336A076FF04150EC622C6AF6,0.005,0.0025,0.0,True
8EED597001660F4C77432DE68CD2FE5087219FC260634774EC45C6A3B8DBB950,0.005,0.0025,0.0,True
F2FDEFF53E6BD368B2A70A598873489C644E3EB967BCFCC9FEF6AB56999E76A9,0.005,0.0025,0.0,True
765A4E95FD03E37F87A8EEF0E6E9F41E42DD8335C03D20FCA48CB32A8F49BD0C,0.005,0.0025,1.557363666959688e-05,True
E6A631D03EF26F3873732C9D3662413E7505416AA19EE868E768986654C32796,0.005,0.0025,1.5445990001250465e-05,True
E182E784DD3A68AEE8A52C6A107DDD83817B7FCBEB0A9AE160502E8A116B6846,0.005,0.0025,1.5638841122767033e-05,True
AB6C56FC644C75D262533BDAC6B3AA5DAC7AC1D2E2EC668A50C873217A33D00D,0.005,0.0025,1.1430672613776949e-05,True
7920DE429B0E825DC476A3BC481709C2C3716B924329A7F4F92613F345019A0D,0.005,0.0025,1.0854292873396787e-05,True
91ECA062E8CD7B6850DA1783CFF355DD8666697D61941E92125EF22B97A4AC61,0.005,0.0025,1.1253244554865205e-05,True
695ED1086029EBFA4560378A529E05082587680923C6354C93ACE70233D5AADB,0.005,0.0025,9.040603808685432e-06,True
C7BCDFC35E70D9303BCE582E4DC283D84E1E499E03E0D5384E341B09A7F0060F,0.005,0.0025,9.040604788790318e-06,True
47D20DEEF7A2023AB11BCFF371642601ED378054BC3FB7FF455662F4BFF2CAE2,0.005,0.0025,9.040605628118925e-06,True
A462576033E3851DB93E46F2B7D003F854FA6CC991B0C9EE3DA478917BAA98CE,0.005,0.0025,0.0,True
828F9FEAF3F88D9D1086299E570CBF96A527D75DD1C74EA81CFDB5D6E99BCDDF,0.005,0.0025,0.0,True
1EE5A074C03EE6A2DBA7188D69B079A55325895B4CD457CB66930D01D43B7853,0.005,0.0025,5.005693348048013e-06,True
1B0837DC2F8C83E6FA8BD482114A1C821DC9088657703BE1DC23C327B9063FB4,0.005,0.0025,3.7144939728506188e-06,True
E2FFA054E3165573861335152CB76B47D250B3B6DD950991FA24FB7B1666720D,0.005,0.0025,4.6130708183156344e-05,True
5436CA8BCB9FAA4EE4CD5A9B3E3BD2B18B2CF6E3B370B44B934145DC331BD0BD,0.005,0.0025,7.49137447719761e-06,True
C398554D01608F1E2B90D901E474901DF5CBDE58008769DA062C9C9AB8BE90ED,0.005,0.0025,2.1450960030477972e-06,True
B73A854B702E5F89D112028B94C0C55985FB30E83D63E9475BF7549D2935CF3A,0.005,0.0025,6.468463085607112e-06,True
C06B54E31153A8AABC0D8431C02FEB9907517942E2203E429C9D43877F24C6EF,0.005,0.0025,1.73657933797422e-05,True
3594BEE7B08FAF352839C519F61AB00C8AB846B40A372DF92EB67C5396E4C2C9,0.005,0.0025,5.515851981829911e-06,True
6B3ADAA07273F705DBAD7EE29C3C20E82D0AF55C2CE33AF1AC4F1BF64D241CFD,0.005,0.0025,2.6998521280852117e-06,True
576ECA5AF407C9C4FEDB69C1FDC1CFE034D8361EEE37911256BD6044A93E91B7,0.005,0.0025,0.0,True
2C27613F5AB301DAE602B7B5BA9156213B6FA1A2C4841C2C1F0451BC64458325,0.005,0.0025,0.0,True
D5D1DC4075A8ABD10D52DB622C5C5B55A530F0AF693C57BDCFBAE42CACCBF08C,0.005,0.0025,7.522722799135906e-06,True
A4DCEC4D34F4E1607B86C6238E8C3D929E8E2D21068CC7067969477C134546F3,0.005,0.0025,6.537689473340436e-06,True
BCAE91660D59B1ED695D26EA11604E5E5E3B35CEB2453EC356AAC39C0BC998E4,0.005,0.0025,4.117728059660486e-05,True
60FF6F5FE58D60F806CA0F5EC9AD4772219138BF0503EF0015F7BAD2EE55CE20,0.005,0.0025,5.043139486460291e-06,True
5EC8A9C267506FDD788B78747F4DA050E470606AF98872D108BA2714E3A53D3B,0.005,0.0025,8.280794613124698e-06,True
265C8284AE8489531D70E5590D6BF6435D7F444B10166D020B370EF4E0F35489,0.005,0.0025,7.640888731508255e-06,True
0ED14B92720EF077D6E930857B2D90D8CA858EE2AB3A02C40C5C9A5C4497BDCF,0.005,0.0025,6.4946136877352956e-06,True
D72A3BFE7DDC1FCB15B6C826C1D11FB4B46D320DBA93F321E4426E666C8A5812,0.005,0.0025,2.8604363542017452e-05,True
77FB7EFCC24B844A47C17B0CFA57543F6E9FE1CB712E990E4CD6B8D6AB6B38AE,0.005,0.0025,0.0,True
6F44F53222851FADF27C98481A4C0637997D4260A46D517BE61B1C05C975D1BF,0.005,0.0025,1.1076739637738697e-05,True
43C6AFF197E81608F39DB8C198A9033AAF8E36B4726213A88AB7137479B89B74,0.005,0.0025,4.22296201163519e-06,True
3215306FCBFC0968E14922927E1C0E1E7F3F68527915B953FF703CBDAA891458,0.005,0.0025,0.0,True
1EB842499DABF2F1F755814EB753117BB5E0AE5F79D6541C5DEB270ECF9FD474,0.005,0.0025,8.073863115409807e-06,True
29C336C84C04DFFBCC69D865B0C432A046FF76256AEE52B6B091DB801363975C,0.005,0.0025,1.9581438217564084e-06,True
F77F41D3D260ED1E4AB27BE8F4301D909A9503794BAC54B0CDF11CDC0CC7EA5B,0.005,0.0025,1.4952933169665172e-05,True
812E9066396D12E32BB1875460276E3B64DB79ACBEC05F8B7D2C1D57A2E3FE0F,0.005,0.0025,4.68217581239827e-06,True
D78C141A19FAC1C5E619D3A28C80009E047F42B2D27C9D88BA6072E32967193D,0.005,0.0025,3.62318672797457e-06,True
D5C515914D5D42959107BAAEBA3E016994D4B34D5AF417DA9B3CB96EB5048EDD,0.005,0.0025,3.3817986606621275e-06,True
B7B41E998C7296B831D94F73B64B04EF24972427354B22B627D16139E9AA17AE,0.005,0.0025,7.810816345488192e-06,True
B729538E4F888A6A534C890C697E977C14B307C6A4E3B6AAD36F74A964DB5253,0.005,0.0025,1.5280903191028372e-05,True
8BAC5CBA08A9925C7D38D8BCA5346C2FC0DC0F6A3059AD568CA4B7E015B836C8,0.005,0.0025,2.5688065119489067e-06,True
BC6B6D5A7BA1D73C0D3842B3CDE4940ED1F7AD330C6EA9F392D9B7DA6D988817,0.005,0.0025,2.680150026801442e-06,True
410AD1F3940F72FE2A058BA62947B8DDBAE348BDE96E7F876C355AFC69EBA9B4,0.005,0.0025,1.0672809259482108e-05,True
5FA028F2DF9246F8291D020028F5EA88DB46024E4010E14A49F05D0B25AE104F,0.005,0.0025,0.0,True
C307CEDEA13B05DEA2048127B05BC887070AC0B7819009E9E2DA3BBD007FAD65,0.005,0.0025,0.0,True
C12107E4B8E8DC4545D5CA9425154B3AA5940A570A56A772AEF9B4EE10981066,0.005,0.0025,3.9661239092936285e-06,True
17B8039F40D943A04AD990BA3779568BB45041B1B52652F4A8DD364478EBC0A0,0.005,0.0025,4.413137954184521e-06,True
A398299F827A4E6C542DB6837CD34D01461145AF912536BA618E3C34F285CCC0,0.005,0.0025,3.2451017691448314e-05,True
57E6875404DF3930F1598AFF101C2A22149953F8E515846EF41A314952B34787,0.005,0.0025,9.559545525172908e-06,True
B0B0B3FA16D5512154950174A57BA7299238AC53422D4114E3BC2F250ECC4258,0.005,0.0025,5.63981452561535e-06,True
6A7764BA9E86E8128D43F20C7C2959692493D352D54542CBD0E998DEB1B0ADCA,0.005,0.0025,5.662260993855028e-06,True
85FC48C25C61247E98F23AF11085FDCDE651F7F877D554A135784F8EF1569457,0.005,0.0025,3.7772455298901164e-05,True
CA9F5B142EA72A343A4EE81BCA5F3DC33FA075C84CB8C5B189A2B3D17D14736B,0.005,0.0025,5.96184335055483e-06,True
E2BAAD21E1FB122FD95CB6C445593F6C8DB311F6AA2902897034A749226BC8C3,0.005,0.0025,0.0,True
FACEF23E3C50C27EBA7894636C368D2BFB9140E3C3235A76AC94368F38D26A73,0.005,0.0025,0.0,True
1BEE7FA6FCB88DDF6D662E1B6AE5BA0C2D301F4262A030288C031932546FEC3E,0.005,0.0025,6.735089599807509e-06,True
E2DA4E1A16B4D79853F21D1B524C7386AE87BBC30C51B99C9BF35924EA3A64B1,0.005,0.0025,4.15732356939813e-06,True
0669165A710B1324799271A19667CBA97D05FBA6C8F8753D220BFBF94C08EE45,0.005,0.0025,6.063828666746929e-06,True
A5EA171CFEA56C31BBF778AEC1822F4DFE8978493557527A116EA7F2CA3317BD,0.005,0.0025,3.682432447860151e-06,True
5E7D63E8583EA89D7A5C92E9138DB699C72B71344CD62B14AE69B9FAAC67AF2B,0.005,0.0025,2.313345234239428e-05,True
05900D96C5C499618F4B39CC2274AB1234DFF0867B15B9702713F13C3C2B292B,0.005,0.0025,8.507305486737948e-06,True
F8D93FC41AC8F3120A8AE5D35949DFA0A3D01E5E6477E01506C4A7F6165C15CF,0.005,0.0025,6.418509136407735e-06,True
D2E5DE7D17352CB4A92CBD6E6C02CA30F0D162B62AA8EFB82CB9CBC6872E3BAE,0.005,0.0025,6.08691095438374e-06,True
38CFE0744FFE438FCCD0FA106D5BC324F4BC34B8D31D44A09B0E114925FC09F5,0.005,0.0025,3.96956733239584e-05,True
7DB91F8771445EE0C69983BC58D297F1F56A8A715184986BA2471DA59C7AC42A,0.005,0.0025,8.017779424385196e-06,True
2C0A3F9D5B40DF4156816B305C7150F339B9B508E1F9F3ECBCE066CF797754C7,0.005,0.0025,6.192737638244239e-06,True
5DDBC85B0F7D1FBDD1BB8462D5F483A1F15EB39D7618DC99BE5EDFC7A0889793,0.005,0.0025,1.0073170686686339e-05,True
134E46E909E1EA0F571C38DC4388EEE151D49272F99B9B2E92DB3A70F3F7E02A,0.005,0.0025,0.0,True
BF5DDBE9AF42F37B7B47C85AC9F19548F16606E9306E78FCBA62EFC0312EA27F,0.005,0.0025,0.0,True
9C9C772DE88C5E7E8A2E5AF0DB9086AA2954C8C798DA60F3967DEF1872BFDAA4,0.005,0.0025,3.0869024039148485e-06,True
1F6C3DA38F3E7C40385E15C38716DA3ED763279280DDBE876355F79B31B55ED0,0.005,0.0025,3.126719941626277e-06,True
26A64D3FB941A38A98BFCBF83A6C96BB783D0D0FD2747C5DD99A3F8B1191399C,0.005,0.0025,7.519375795572714e-06,True
B0F94136C2950D1E249CB966D21F92EA4B670CD4791260A99F2FEB8BDF151B98,0.005,0.0025,3.910487831332299e-05,True
19CA4517D771D5C6DDF3D5D98952938BCAFB036183FE86491EB026A96FD48BED,0.005,0.0025,9.992603954511736e-06,True
2D3BECD2ABB1A796A75971AF84ED9A2FE46D91C9C17AD517D188FEDFAF7C476F,0.005,0.0025,4.994216250775452e-06,True
0E48397F438F0C8060383E7F85F28107922FA5CA1A6A48326F564782E3474F30,0.005,0.0025,5.100188830065022e-05,True
17960A80D18685A104FDBAC83CE97DACC8732B1A75A64D9CE6FF2648B967B6FA,0.005,0.0025,7.861451744473058e-06,True
546CE7CAE1558640F58431F1F9C1C8211EBF98F280E982497E6637518DAAFF6F,0.005,0.0025,8.023722768868424e-06,True
FDED64FDF8D92E6E828B8893EEE43012FE86518EE78F8144640CBBD5148E8C84,0.005,0.0025,7.124387165546864e-06,True
B469B2D8A694D6F63D24146DECD26109203F7CDB9B65E4696C97514750A4F668,0.005,0.0025,0.0,True
31550441508723C4EBC47213A2A29E5E05A7189E59C750C3836C4F2C969D18C1,0.005,0.0025,0.0,True
1D32457D93728F6880B7272553803951FBAEF5C6188B2E86DE14C41D3A9966CC,0.005,0.0025,2.0222776635492323e-06,True
E9B54A131159924BD2C4DD2008DA43A0C754D68D1F588E289EB64AE706FB00E9,0.005,0.0025,4.103295860780065e-05,True
07F9C3C9DEF601FDBE3D0B141DD22A6DE326098979AE04CE2F8690B1AA005F7B,0.005,0.0025,6.961101314928442e-06,True
C9A7A7187EB666A90F784E3475512289BD31C0C2496789E64E9429361573F8D8,0.005,0.0025,4.45581966612707e-06,True
470C1FAAF2211E4FD4D0F84A0F365BA03B0B58C4FB13E6D743741E4148AD1E89,0.005,0.0025,6.606245802620592e-06,True
88A32A64820ABCD418153733F76CBA8BC4DA36B6D756985F4216C0ECEFF733EE,0.005,0.0025,8.337613444098224e-06,True
BF504F775943A6A4D73BCEC1901F2AA6891F918583818D7EC3B807168D8BA687,0.005,0.0025,0.0,True
D262D03D2B129E4EEEDBA52D2717E97DD4761B52DF198CACFBEF1C5FBBCA1F81,0.005,0.0025,0.0,True
1FDB87888E826759E79395FEECB56BF75C8403794F11EA76CC34DAA668A95B95,0.005,0.0025,2.0346211968114147e-05,True
14730FF99F5CEAB53F29DE31413578713071370D1417E167736D59A54499259D,0.005,0.0025,4.711905106535852e-06,True
D70564FC54B31AF6B7FBA9C864B7B416683993AC6442D18588384617AD259B52,0.005,0.0025,6.00251754123704e-06,True
A89097D6542ADCBA2A6677CA0E4D9C91C0ED4EC02CB45D571E87802F88489A6E,0.005,0.0025,2.848455186388321e-06,True
8990C64A271C7FD725F6ECC5AA103382EB1959C27CB31477054D5CCAAF47816D,0.005,0.0025,3.722563458863348e-05,True
31C91561D2759B48B5A0F82815FC599761F2589A764398FC548CB73863D6AE4F,0.005,0.0025,7.0213250351613965e-06,True
6B2454AE7DB772DF44E7EA53A1BC8DAB492EB773C3CE7D36D715844BD788082A,0.005,0.0025,4.322105521925579e-06,True
C24B71C77594B5B09264F0AD9014E799E708521543D05263411FCB29422023FC,0.005,0.0025,6.181856432529997e-06,True
FADE13D7B3304B8BF1184A2D497024DDBD750684564D0124A4DD8DEC02E86BED,0.005,0.0025,4.307948621162794e-06,True
4B5304AEC53FC5949B61DD94B19391AF457CA269E3344BCBA16F62FDC3AAFEA6,0.005,0.0025,0.0,True
AE7537130D51542EFA1FAE95C21D488335B64194DE620D030500CD945EB2CFDF,0.005,0.0025,0.0,True
CF4D4A18CB062864C1A5266F753A86285E5C3C8A35486320C52F94CB6E3B5929,0.005,0.0025,3.6666437491783554e-05,True
B4F1787CDC81F13D296690A43AEB60F896478FE50B846F49F33761EEF55460E5,0.005,0.0025,9.015237507625784e-06,True
38A2B10D20A0E33B0427E142B598533C57090010A98D3CA0113E3E00CD734DEC,0.005,0.0025,6.85791348864484e-06,True
CF4A314F9BC2AF3FA087B4B8FAF158265BE4B88E6FE79003C60EB2EACB5C0FA0,0.005,0.0025,6.898851672154649e-06,True
D2EDEE938DE0A856DC7FA1925C1A6D3D09BE445D7137AA784F94A04BC297FA89,0.005,0.0025,2.4823443956600855e-05,True
59D304B510BE4BA7E8849715EF868DA47A3FEF69E0BDBC08309DDD9B5027FFB3,0.005,0.0025,6.836466623028059e-06,True
74FB6BC9FEACD197FBA5F9E5E0BAB334B0432BBDAE0EF11DBE1E8DCF4EEC3F42,0.005,0.0025,4.743224923497991e-06,True
08F7C1BB7B2F9181B5804980C097A52180621A69B1A1E41C44901B1DF4B4C878,0.005,0.0025,5.866060779791127e-06,True
9869E65ABA1DCAA179EB4E2428DC813618136B570AF9AA58A5B7258B3FB0FD27,0.005,0.0025,5.300980927103183e-06,True
7B0712884CF800E37DF571513610877B9072A70617A4C8A983E66CCE13DC752F,0.005,0.0025,0.0,True
2B8B614BB905FF375C724E77C442F719A9FC5CAAE079AB881D3DD9538B7789F8,0.005,0.0025,0.0,True
E0A8329C342FED1B78F0D0BF5FD65C7D63EF00AB6DBD28072B96CE0C29A8ABE8,0.005,0.0025,5.291787496197742e-06,True
6D846E18D2C7E8FE7942B2EBEC8A7F0F8ACB2E109D2665CB0B396154B500A9EB,0.005,0.0025,4.624168217892688e-06,True
D1B883AB6B3A20856C35F2CAD486531800A6930039DCCD886E8F737A5C6B05E6,0.005,0.0025,6.997286388088497e-06,True
321F1DAE36AD4604993FF1D2E705E4E061AFE7E30C440025AFE3E8CE8FAF44EF,0.005,0.0025,7.878820209139548e-06,True
0030E8E6FF27EA1B8050F67A10D3A55E0366F81AF29AE203236EB751470C8D1E,0.005,0.0025,3.996742872880432e-05,True
D05971B1F38CB892076C84956079D72FD2E59B39ADB0038BDA6B8A2F75C0953B,0.005,0.0025,4.545149503876189e-06,True
141D0E0DA46D846FA6C074B84D0DDF7FBD5CDB34DEA9548F5B226B38CE28250E,0.005,0.0025,1.1132502868438365e-05,True
74BD615AF1FADFF9EB4A605C3C8F3896A8443462BB4E14DFA23BE64ABB7A5D8B,0.005,0.0025,8.66353007711318e-06,True
DB46F487144FFA57985C51A1C2D3335374316834A04FA6DD38397DE4B0F8EED9,0.005,0.0025,7.046027315160686e-06,True
9EC9A3D81007A77459A9C1D2A17597ADBDBD7EBB4AEE4E9E5723DDD71B79B91E,0.005,0.0025,4.6461412556597637e-05,True
789A76E0C0ADF26BBA5DCE18B9F6E4B82C8ADA11FA63DD2A9993ADA3D7BFB1F3,0.005,0.0025,8.831942635012524e-06,True
1BD7858B61ACB5351A6EB261018867DECB6B7646E45C34E2F49EC5AC561638F9,0.005,0.0025,6.742520754610126e-06,True
