scope,family,seed,phase_response,lambda,unit,heldout_vr,truth,replicate,rmse,mae,nrmse,normalization_range,n_points,bias_uA,observed_peak_V,predicted_peak_V,missing_peak,extra_peak,matched_peak_mean_abs_V,observed_trough_V,predicted_trough_V,missing_trough,extra_trough,matched_trough_mean_abs_V
synthetic_single_0_0V,H1,0,False,0.0,046EB1EDDCD767096C3406C7166DC3CE50C9C8F94AD0A2F8388386551CB2D4AF,0.0,single,0,0.8480388955285681,0.651104722423977,0.19461384606245533,4.3575465604662895,161,-0.23627585865506792,"[12.5, 24.0, 35.5, 47.5, 58.5, 70.5]","[15.5, 27.0, 38.5, 50.0, 61.5, 73.5]",0,0,2.9166666666666665,"[17.0, 29.0, 41.0, 52.5, 64.0, 76.0]","[20.5, 32.0, 44.0, 55.5, 67.0]",2,1,3.0
synthetic_single_0_0V,H1,1,False,0.0,0EBE234927B77758FB6F2A61AE4DE25E1585443E5EC8E3603CA2C2243FF5D656,0.0,single,0,0.8401322975119399,0.6470904377392116,0.1927993851251103,4.3575465604662895,161,-0.21773390960036507,"[12.5, 24.0, 35.5, 47.5, 58.5, 70.5]","[15.5, 27.0, 38.5, 50.0, 61.5, 73.5]",0,0,2.9166666666666665,"[17.0, 29.0, 41.0, 52.5, 64.0, 76.0]","[20.5, 32.0, 44.0, 55.5, 67.0]",2,1,3.0
synthetic_single_0_0V,H1,2,False,0.0,32DBBB59C973FF98927E237AFDD4D521CFC1AC1DC63182DD00F386CCE14A8753,0.0,single,0,0.8401232294047272,0.6470770829153185,0.1927973041129887,4.3575465604662895,161,-0.2177558630698488,"[12.5, 24.0, 35.5, 47.5, 58.5, 70.5]","[15.5, 27.0, 38.5, 50.0, 61.5, 73.5]",0,0,2.9166666666666665,"[17.0, 29.0, 41.0, 52.5, 64.0, 76.0]","[20.5, 32.0, 44.0, 55.5, 67.0]",2,1,3.0
synthetic_single_0_0V,G1,0,False,0.0,131DB3DB947FE69B9E91924CCC8948268557CDC97E534666060621C3855D669C,0.0,single,0,0.8515994634980288,0.6536612725106381,0.19543094988912785,4.3575465604662895,161,-0.23904595164217982,"[12.5, 24.0, 35.5, 47.5, 58.5, 70.5]","[15.5, 27.0, 38.5, 50.0, 61.5, 73.5]",0,0,2.9166666666666665,"[17.0, 29.0, 41.0, 52.5, 64.0, 76.0]","[20.5, 32.0, 44.0, 55.5, 67.0]",2,1,3.0
synthetic_single_0_0V,G1,1,False,0.0,4FAF87B3AC0744240390D32784455E50A5BFEF324FF11D6A0B2EFD00E016CF68,0.0,single,0,0.8519503831173282,0.653568812484477,0.19551148135664745,4.3575465604662895,161,-0.23806240793810504,"[12.5, 24.0, 35.5, 47.5, 58.5, 70.5]","[15.5, 27.0, 38.5, 50.0, 61.5, 73.5]",0,0,2.9166666666666665,"[17.0, 29.0, 41.0, 52.5, 64.0, 76.0]","[20.5, 32.0, 44.0, 55.5, 67.0]",2,1,3.0
synthetic_single_0_0V,G1,2,False,0.0,BA97EEF9DB6372500A4E1690610920A240BCC9AFD68D8FFE4EA11CCBC93927E8,0.0,single,0,0.8478337392315392,0.6502192218505936,0.19456676537285575,4.3575465604662895,161,-0.22324535404856888,"[12.5, 24.0, 35.5, 47.5, 58.5, 70.5]","[15.5, 27.0, 38.5, 50.0, 61.5, 73.5]",0,0,2.9166666666666665,"[17.0, 29.0, 41.0, 52.5, 64.0, 76.0]","[20.5, 32.0, 44.0, 55.5, 67.0]",2,1,3.0
synthetic_single_0_0V,C,0,True,0.0001,2EA56DCF6A4860B4B9A4A5A759E8D382441DC2903133A0CA42BD680EF9592E6A,0.0,single,0,0.19150612135654985,0.1660191603468777,0.043948152635701794,4.3575465604662895,161,0.15308671534682625,"[12.5, 24.0, 35.5, 47.5, 58.5, 70.5]","[13.0, 24.5, 35.5, 47.0, 59.0, 70.5]",0,0,0.3333333333333333,"[17.0, 29.0, 41.0, 52.5, 64.0, 76.0]","[17.5, 29.0, 41.0, 52.5, 64.5, 76.0]",0,0,0.16666666666666666
synthetic_single_0_0V,C,1,True,0.0001,59BF7B9840E34E0059EDF7C819137C2C8293B590F1E472B048F76AA3152BD4CF,0.0,single,0,0.2011193903611306,0.17378626185737014,0.046154272265448694,4.3575465604662895,161,0.16244919562962798,"[12.5, 24.0, 35.5, 47.5, 58.5, 70.5]","[13.0, 24.5, 36.0, 47.0, 59.0, 70.5]",0,0,0.4166666666666667,"[17.0, 29.0, 41.0, 52.5, 64.0, 76.0]","[17.0, 29.0, 41.0, 52.5, 64.5, 76.0]",0,0,0.08333333333333333
synthetic_single_0_0V,C,2,True,0.0001,FD2641BECFC8BE49E11F08EC58301128CF64B1A80E92D96E17FE7F8DE77F0B25,0.0,single,0,0.19183972101466265,0.16580014219110964,0.044024709398431394,4.3575465604662895,161,0.155088444905663,"[12.5, 24.0, 35.5, 47.5, 58.5, 70.5]","[12.5, 24.5, 35.5, 47.0, 59.0, 70.5]",0,0,0.25,"[17.0, 29.0, 41.0, 52.5, 64.0, 76.0]","[17.5, 29.0, 41.0, 52.5, 64.5, 76.0]",0,0,0.16666666666666666
synthetic_single_0_4V,H1,0,False,0.0,EC8D4067A202B3F4014A7F4450CC9E7A09DCA60C9798563B681EDECBD0DC2770,4.0,single,0,0.49783941966617984,0.37471699359970706,0.11390947691954338,4.370482888072729,161,0.06755472817105379,"[14.5, 26.0, 37.5, 49.0, 60.5, 72.0]","[15.5, 27.0, 38.5, 50.0, 62.0, 73.5]",0,0,1.1666666666666667,"[19.5, 31.0, 43.0, 54.5, 66.0, 78.0]","[20.5, 32.5, 44.0, 55.5, 67.5]",1,0,1.2
synthetic_single_0_4V,H1,1,False,0.0,9108AAC5D9D5B426DB3066236469D8ECC472CBE5A647AB576B63A3A72301AC34,4.0,single,0,0.49682476462547637,0.37428262623409786,0.11367731606531088,4.370482888072729,161,0.07057978948582609,"[14.5, 26.0, 37.5, 49.0, 60.5, 72.0]","[15.5, 27.0, 38.5, 50.0, 62.0, 73.5]",0,0,1.1666666666666667,"[19.5, 31.0, 43.0, 54.5, 66.0, 78.0]","[20.5, 32.5, 44.0, 55.5, 67.5]",1,0,1.2
synthetic_single_0_4V,H1,2,False,0.0,0705E7FBD78C6473A52627CC1AAA90889442C1A72E34EC2918CAF7CE94E28BE3,4.0,single,0,0.4968473392098748,0.37452674609347647,0.11368248130333528,4.370482888072729,161,0.070912665107086,"[14.5, 26.0, 37.5, 49.0, 60.5, 72.0]","[15.5, 27.0, 38.5, 50.0, 62.0, 73.5]",0,0,1.1666666666666667,"[19.5, 31.0, 43.0, 54.5, 66.0, 78.0]","[20.5, 32.5, 44.0, 55.5, 67.5]",1,0,1.2
synthetic_single_0_4V,G1,0,False,0.0,BC1A0EC6051A93BE0EE59E97601BB793ADA502F90830F0B6536B8286C7F5B9FC,4.0,single,0,0.4962228741007124,0.37354121751156566,0.11353959889762524,4.370482888072729,161,0.07050625522977574,"[14.5, 26.0, 37.5, 49.0, 60.5, 72.0]","[15.5, 27.0, 38.5, 50.0, 62.0, 73.5]",0,0,1.1666666666666667,"[19.5, 31.0, 43.0, 54.5, 66.0, 78.0]","[20.5, 32.5, 44.0, 55.5, 67.5]",1,0,1.2
synthetic_single_0_4V,G1,1,False,0.0,9E12177E572EC0F8F6AA897968759E2D92D2239401E79D8F346B1CAA2317CC5F,4.0,single,0,0.49641850847959773,0.3736452632177521,0.11358436154374364,4.370482888072729,161,0.07048428864247465,"[14.5, 26.0, 37.5, 49.0, 60.5, 72.0]","[15.5, 27.0, 38.5, 50.0, 62.0, 73.5]",0,0,1.1666666666666667,"[19.5, 31.0, 43.0, 54.5, 66.0, 78.0]","[20.5, 32.5, 44.0, 55.5, 67.5]",1,0,1.2
synthetic_single_0_4V,G1,2,False,0.0,CD79FB13F27987A0DA79112F880148EE329A5585566DF7FCE0C1B32A033CB681,4.0,single,0,0.49696485333948437,0.374071011793325,0.11370936943735138,4.370482888072729,161,0.0711782626740147,"[14.5, 26.0, 37.5, 49.0, 60.5, 72.0]","[15.5, 27.0, 38.5, 50.0, 62.0, 73.5]",0,0,1.1666666666666667,"[19.5, 31.0, 43.0, 54.5, 66.0, 78.0]","[20.5, 32.5, 44.0, 55.5, 67.5]",1,0,1.2
synthetic_single_0_4V,C,0,True,0.0001,32E0B338502420EC7310DD77C0EF03CE36175985E2BD2A977333417D30A6CB6C,4.0,single,0,0.2082514846308104,0.17097834230813574,0.04764953666770766,4.370482888072729,161,0.13534842598965044,"[14.5, 26.0, 37.5, 49.0, 60.5, 72.0]","[14.5, 26.0, 37.5, 49.0, 60.5, 72.5]",0,0,0.08333333333333333,"[19.5, 31.0, 43.0, 54.5, 66.0, 78.0]","[7.5, 19.5, 31.0, 43.0, 54.5, 66.0]",1,1,0.0
synthetic_single_0_4V,C,1,True,0.0001,09AF1EE65CD2508F3AB05A75F3F5EFFFAF0B6562A03F834ED167EB5BC170C97F,4.0,single,0,0.18637416964177828,0.14785826368174665,0.042643839231221545,4.370482888072729,161,0.08225864528509243,"[14.5, 26.0, 37.5, 49.0, 60.5, 72.0]","[14.5, 26.0, 37.5, 49.0, 60.5, 72.5]",0,0,0.08333333333333333,"[19.5, 31.0, 43.0, 54.5, 66.0, 78.0]","[7.5, 19.5, 31.0, 43.0, 54.5, 66.0]",1,1,0.0
synthetic_single_0_4V,C,2,True,0.0001,8909A473DF47F145178C47D4631F009A13181AFDC1A1DDF4538585D31362396D,4.0,single,0,1.2390592836549257,0.9600345648524888,0.28350626587198907,4.370482888072729,161,0.1892473416280257,"[14.5, 26.0, 37.5, 49.0, 60.5, 72.0]","[8.0, 19.5, 31.0, 42.5, 54.0, 65.5, 77.0]",6,7,,"[19.5, 31.0, 43.0, 54.5, 66.0, 78.0]","[13.0, 24.5, 36.0, 48.0, 59.5, 71.0]",6,6,
synthetic_single_0_6V,H1,0,False,0.0,E92AE7543E53F0E2C2957BD88C46BFD5A17CE6BC7673A0C5789C5E8CDB430A23,6.0,single,0,0.2694446805891624,0.19165566328365083,0.06361823544067637,4.235337222460657,161,0.006469021537012099,"[15.0, 26.5, 38.0, 50.0, 61.5, 73.0]","[15.0, 26.5, 38.0, 50.0, 61.5, 73.0]",0,0,0.0,"[20.0, 32.0, 44.0, 55.5, 67.0]","[20.5, 32.0, 44.0, 55.5, 67.0]",0,0,0.1
synthetic_single_0_6V,H1,1,False,0.0,82618FFC1C8CB5F7032B0C162EF6B7C0F3364183035A6EB57A43D1C782C9B3CB,6.0,single,0,0.277926876055203,0.20720361249631816,0.06562095565408893,4.235337222460657,161,0.05757489629115895,"[15.0, 26.5, 38.0, 50.0, 61.5, 73.0]","[15.5, 26.5, 38.5, 50.0, 61.5, 73.0]",0,0,0.16666666666666666,"[20.0, 32.0, 44.0, 55.5, 67.0]","[20.5, 32.0, 44.0, 55.5, 67.5]",0,0,0.2
synthetic_single_0_6V,H1,2,False,0.0,34FB197B23110F3652E8F40E1337B48EC34DC671D8B5449B13E39CA39B5F3BB2,6.0,single,0,0.2756755340665141,0.20681353114887727,0.06508939420562866,4.235337222460657,161,0.06218163496710738,"[15.0, 26.5, 38.0, 50.0, 61.5, 73.0]","[15.5, 26.5, 38.5, 50.0, 61.5, 73.0]",0,0,0.16666666666666666,"[20.0, 32.0, 44.0, 55.5, 67.0]","[20.5, 32.0, 44.0, 55.5, 67.0]",0,0,0.1
synthetic_single_0_6V,G1,0,False,0.0,A086255513F1B008C99EEEEBBA9CA3989B25C41150788B1182056310C37E4F07,6.0,single,0,0.28032072227357385,0.20792124928147032,0.06618616359211944,4.235337222460657,161,0.060101242564826796,"[15.0, 26.5, 38.0, 50.0, 61.5, 73.0]","[15.5, 26.5, 38.5, 50.0, 61.5, 73.0]",0,0,0.16666666666666666,"[20.0, 32.0, 44.0, 55.5, 67.0]","[20.5, 32.0, 44.0, 55.5, 67.0]",0,0,0.1
synthetic_single_0_6V,G1,1,False,0.0,FFCC330294EDB7194ACF98179978F440EF5DA65FC697A2AA1EC16C80B6A56882,6.0,single,0,0.26690312077758427,0.1968046289974023,0.06301815103698359,4.235337222460657,161,0.027970921192522875,"[15.0, 26.5, 38.0, 50.0, 61.5, 73.0]","[15.5, 26.5, 38.5, 50.0, 61.5, 73.0]",0,0,0.16666666666666666,"[20.0, 32.0, 44.0, 55.5, 67.0]","[20.5, 32.0, 44.0, 55.5, 67.5]",0,0,0.2
synthetic_single_0_6V,G1,2,False,0.0,EC8AAAFE7CA3C595DE771B1BEF6128AFFA8788EA412A8F402ED1CE08C872BB1D,6.0,single,0,0.27789447221113445,0.2066693314299156,0.06561330482432816,4.235337222460657,161,0.038957105924021976,"[15.0, 26.5, 38.0, 50.0, 61.5, 73.0]","[15.5, 26.5, 38.5, 50.0, 61.5, 73.0]",0,0,0.16666666666666666,"[20.0, 32.0, 44.0, 55.5, 67.0]","[20.5, 32.0, 44.0, 55.5, 67.0]",0,0,0.1
synthetic_single_0_6V,C,0,True,0.0001,F7D2680CA5B80D1441BD0BDE0C0AAC5F60B5E9068662B40564B6877966BCA954,6.0,single,0,0.22558747284308414,0.17416146205705316,0.05326316677849367,4.235337222460657,161,0.07505742084540176,"[15.0, 26.5, 38.0, 50.0, 61.5, 73.0]","[4.0, 15.5, 27.0, 38.5, 50.0, 61.5, 73.0]",0,1,0.25,"[20.0, 32.0, 44.0, 55.5, 67.0]","[8.5, 20.5, 32.0, 44.0, 55.5, 67.0]",0,1,0.1
synthetic_single_0_6V,C,1,True,0.0001,EEC243D107FDA7EDF4568C471F257035F3C0853CB3FDA2784B328B1BF0DCC93F,6.0,single,0,0.21791163142100617,0.16702629826327361,0.05145083377667937,4.235337222460657,161,0.07693693302021126,"[15.0, 26.5, 38.0, 50.0, 61.5, 73.0]","[4.0, 15.5, 27.0, 38.5, 50.0, 61.5, 73.0]",0,1,0.25,"[20.0, 32.0, 44.0, 55.5, 67.0]","[9.0, 20.5, 32.0, 44.0, 55.5, 67.0]",0,1,0.1
synthetic_single_0_6V,C,2,True,0.0001,BD9164481F99C9FE734A11ABDE4C9048C317BD8DA480F46951B99FCE9A9F1288,6.0,single,0,0.8916145799071613,0.6928135151171433,0.21051796659278732,4.235337222460657,161,0.13835433947751194,"[15.0, 26.5, 38.0, 50.0, 61.5, 73.0]","[8.0, 18.5, 30.5, 41.0, 52.5, 64.5, 75.5]",2,3,2.75,"[20.0, 32.0, 44.0, 55.5, 67.0]","[12.0, 23.5, 35.0, 46.5, 58.0, 70.0]",1,2,2.75
synthetic_single_0_8V,H1,0,False,0.0,26537E8BF9325F0A61EDC46C80AB4D4B95C088454D3EC87983002C4AD065C5DA,8.0,single,0,0.748745627720207,0.5194720001580833,0.17251886327667745,4.340079765766859,161,-0.1420932094608334,"[16.5, 27.5, 39.0, 50.5, 62.5, 74.0]","[14.5, 26.0, 37.5, 49.0, 61.0, 72.5]",0,0,1.5833333333333333,"[21.5, 33.0, 45.0, 56.5, 68.0]","[20.0, 31.5, 43.0, 54.5, 66.0]",0,0,1.8
synthetic_single_0_8V,H1,1,False,0.0,83CFC9C346801E8872E5717D0FEB870EBCA7A1024D7A46EEF6BF058FEAF5E1EF,8.0,single,0,0.7488488561443926,0.5102661859394534,0.17254264819072437,4.340079765766859,161,-0.1860924320392279,"[16.5, 27.5, 39.0, 50.5, 62.5, 74.0]","[14.5, 26.0, 37.5, 49.0, 61.0, 72.5]",0,0,1.5833333333333333,"[21.5, 33.0, 45.0, 56.5, 68.0]","[20.0, 31.5, 43.0, 54.5, 66.0]",0,0,1.8
synthetic_single_0_8V,H1,2,False,0.0,1DB7A59470B471E2823D18C062B535EA71DC1F056276FE8656808590FD1DFDEC,8.0,single,0,0.7501214756556159,0.5096748201961577,0.17283587310360762,4.340079765766859,161,-0.19208013840043772,"[16.5, 27.5, 39.0, 50.5, 62.5, 74.0]","[14.5, 26.0, 37.5, 49.0, 61.0, 72.5]",0,0,1.5833333333333333,"[21.5, 33.0, 45.0, 56.5, 68.0]","[20.0, 31.5, 43.0, 54.5, 66.0]",0,0,1.8
synthetic_single_0_8V,G1,0,False,0.0,BB09836E8CBB7E7127E5CDBF6F87D956FF19D42B89B20C2FE41FFD7844280CF4,8.0,single,0,0.7496437054615441,0.5042392464424886,0.1727257898286779,4.340079765766859,161,-0.18471487198885073,"[16.5, 27.5, 39.0, 50.5, 62.5, 74.0]","[14.5, 26.0, 37.5, 49.0, 61.0, 72.5]",0,0,1.5833333333333333,"[21.5, 33.0, 45.0, 56.5, 68.0]","[20.0, 31.5, 43.0, 54.5, 66.0]",0,0,1.8
synthetic_single_0_8V,G1,1,False,0.0,0C28D005251E0A6EFBAFF1201F5A3A36FF031289C758E57C44D4E26084E4A6B0,8.0,single,0,0.7552202042833327,0.5048884507509399,0.17401067377615145,4.340079765766859,161,-0.20458638017352032,"[16.5, 27.5, 39.0, 50.5, 62.5, 74.0]","[14.5, 26.0, 37.5, 49.0, 61.0, 72.5]",0,0,1.5833333333333333,"[21.5, 33.0, 45.0, 56.5, 68.0]","[20.0, 31.5, 43.0, 54.5, 66.0]",0,0,1.8
synthetic_single_0_8V,G1,2,False,0.0,ED1684E3F6136CF6291E0B5C07A4458C66B734CA85EE9BD43D9457B7CEDD41D9,8.0,single,0,0.7521715559446076,0.5038908885094434,0.173308233152186,4.340079765766859,161,-0.20594614220434,"[16.5, 27.5, 39.0, 50.5, 62.5, 74.0]","[15.5, 26.0, 37.5, 49.0, 61.0, 72.5]",0,0,1.4166666666666667,"[21.5, 33.0, 45.0, 56.5, 68.0]","[20.0, 31.5, 43.0, 54.5, 66.0]",0,0,1.8
synthetic_single_0_8V,C,0,True,0.0001,AE4828DC68A6C8B2DFD45F594997A5753F7AF332F4BB173B62525432117CE9AF,8.0,single,0,0.36555222245494046,0.28735165155313747,0.08422707465846545,4.340079765766859,161,-0.018408199814990547,"[16.5, 27.5, 39.0, 50.5, 62.5, 74.0]","[13.5, 26.0, 38.5, 50.5, 62.0, 74.0]",0,0,0.9166666666666666,"[21.5, 33.0, 45.0, 56.5, 68.0]","[6.5, 19.0, 31.5, 44.5, 56.5, 68.0]",0,1,0.9
synthetic_single_0_8V,C,1,True,0.0001,F5D4B8052FEB02C17D8D3C36FA234105885B7E29B32AC315AE316E16D470B927,8.0,single,0,0.2821394659489613,0.19546807962343132,0.06500789874287238,4.340079765766859,161,0.012214567280434291,"[16.5, 27.5, 39.0, 50.5, 62.5, 74.0]","[4.5, 16.0, 27.5, 39.0, 50.5, 62.5, 74.0]",0,1,0.08333333333333333,"[21.5, 33.0, 45.0, 56.5, 68.0]","[9.5, 21.5, 33.0, 45.0, 56.5, 68.0]",0,1,0.0
synthetic_single_0_8V,C,2,True,0.0001,C12AEBC47CF7AB0B60E45AD63D2E24F068ED4D68CC8FAEB5D5720AF32D3DC47A,8.0,single,0,0.36227344692075614,0.284642531681071,0.08347161030961954,4.340079765766859,161,-0.019850136602520847,"[16.5, 27.5, 39.0, 50.5, 62.5, 74.0]","[13.5, 26.0, 38.5, 50.5, 62.0, 74.0]",0,0,0.9166666666666666,"[21.5, 33.0, 45.0, 56.5, 68.0]","[6.5, 19.0, 31.5, 44.5, 56.5, 68.0]",0,1,0.9
synthetic_single_1_0V,H1,0,False,0.0,39FD2C7E401242118BE284620F9CDFD8A85127CF92C9AC6327E0DC70226A01A9,0.0,single,1,0.8519572086115969,0.6592092991897316,0.1986034719004905,4.289739753585309,161,-0.22002207541984636,"[12.5, 24.5, 35.5, 47.0, 59.0, 70.5]","[15.5, 27.0, 38.5, 50.0, 61.5, 73.5]",0,0,2.8333333333333335,"[17.5, 29.0, 41.0, 52.5, 64.5, 76.0]","[20.5, 32.0, 44.0, 55.5, 67.0]",1,0,2.9
synthetic_single_1_0V,H1,1,False,0.0,0FF0EBF516ED9014D012D78DFF882A575DB9F280AA59EFF2775EF1F952FA3F2B,0.0,single,1,0.8552512863152845,0.6639561220467429,0.1993713687643817,4.289739753585309,161,-0.21506114952007252,"[12.5, 24.5, 35.5, 47.0, 59.0, 70.5]","[15.5, 27.0, 38.5, 50.0, 61.5, 73.5]",0,0,2.8333333333333335,"[17.5, 29.0, 41.0, 52.5, 64.5, 76.0]","[20.5, 32.0, 44.0, 55.5, 67.0]",1,0,2.9
synthetic_single_1_0V,H1,2,False,0.0,A81C12357920B87649A7EB87CE1B46BB17D3AD136EC712F29BA1F664C9459BDD,0.0,single,1,0.8531712679756662,0.6584373031601247,0.19888648658991417,4.289739753585309,161,-0.22794369593500585,"[12.5, 24.5, 35.5, 47.0, 59.0, 70.5]","[15.5, 27.0, 38.5, 50.0, 61.5, 73.5]",0,0,2.8333333333333335,"[17.5, 29.0, 41.0, 52.5, 64.5, 76.0]","[20.5, 32.0, 44.0, 55.5, 67.0]",1,0,2.9
synthetic_single_1_0V,G1,0,False,0.0,FF6115CF11F3385E55782AFC85E9C8617B12A50330A14EEB1D3CBAE65C69B536,0.0,single,1,0.8584759502094854,0.6618857007813691,0.20012308427148345,4.289739753585309,161,-0.23095786952754854,"[12.5, 24.5, 35.5, 47.0, 59.0, 70.5]","[15.5, 27.0, 38.5, 50.0, 61.5, 73.5]",0,0,2.8333333333333335,"[17.5, 29.0, 41.0, 52.5, 64.5, 76.0]","[20.5, 32.0, 44.0, 55.5, 67.0]",1,0,2.9
synthetic_single_1_0V,G1,1,False,0.0,4F4E73CF4B960BE582279C2FDD7614D329802AA4063590D484EC7188816F1BD6,0.0,single,1,0.8584738599668704,0.6620910845018121,0.20012259700588342,4.289739753585309,161,-0.22870169803670734,"[12.5, 24.5, 35.5, 47.0, 59.0, 70.5]","[15.5, 27.0, 38.5, 50.0, 61.5, 73.5]",0,0,2.8333333333333335,"[17.5, 29.0, 41.0, 52.5, 64.5, 76.0]","[20.5, 32.0, 44.0, 55.5, 67.0]",1,0,2.9
synthetic_single_1_0V,G1,2,False,0.0,28183818B594FD6D2EDA1B8B8BE6A21507F60A796E0371541768436FF1041E6C,0.0,single,1,0.853201509536513,0.6583821296211106,0.1988935363324589,4.289739753585309,161,-0.2127598134787346,"[12.5, 24.5, 35.5, 47.0, 59.0, 70.5]","[15.5, 27.0, 38.5, 50.0, 61.5, 73.5]",0,0,2.8333333333333335,"[17.5, 29.0, 41.0, 52.5, 64.5, 76.0]","[20.5, 32.0, 44.0, 55.5, 67.0]",1,0,2.9
synthetic_single_1_0V,C,0,True,0.0001,10468CCAD8E2824051D6552008D6918E449824B6798F70079223359ADBA8CCE6,0.0,single,1,0.22470342172174335,0.19807795218669327,0.05238159763280258,4.289739753585309,161,0.1958710576519715,"[12.5, 24.5, 35.5, 47.0, 59.0, 70.5]","[13.0, 24.5, 36.0, 47.0, 59.0, 70.5]",0,0,0.16666666666666666,"[17.5, 29.0, 41.0, 52.5, 64.5, 76.0]","[17.5, 29.0, 41.0, 52.5, 64.5, 76.0]",0,0,0.0
synthetic_single_1_0V,C,1,True,0.0001,68DFB729E5B6CD65DCAEF7139E5E58FBF916039E42CDB00F51FF88062F434848,0.0,single,1,0.17303654113712844,0.14524391338547846,0.040337305076026286,4.289739753585309,161,0.13261191493963553,"[12.5, 24.5, 35.5, 47.0, 59.0, 70.5]","[13.0, 24.5, 36.0, 47.0, 59.0, 70.5]",0,0,0.16666666666666666,"[17.5, 29.0, 41.0, 52.5, 64.5, 76.0]","[17.5, 29.0, 41.0, 52.5, 64.5, 76.0]",0,0,0.0
synthetic_single_1_0V,C,2,True,0.0001,9852B3FCB759199F72D541C7E141F9174FE8516A88225C9F9D82B523653B2CE1,0.0,single,1,0.22440316187411366,0.19805020268249085,0.05231160274619467,4.289739753585309,161,0.19191102516629477,"[12.5, 24.5, 35.5, 47.0, 59.0, 70.5]","[13.0, 24.5, 36.0, 47.0, 59.0, 70.5]",0,0,0.16666666666666666,"[17.5, 29.0, 41.0, 52.5, 64.5, 76.0]","[17.5, 29.0, 41.0, 52.5, 64.5, 76.0]",0,0,0.0
synthetic_single_1_4V,H1,0,False,0.0,A209A05E1B401623AFB09870FE89958B749F682298B9DE59D3C79DA190099EB2,4.0,single,1,0.5056297959086625,0.37296640263511044,0.11590019978239352,4.3626309260725975,161,0.07648389457756426,"[14.5, 26.0, 37.5, 49.0, 60.5, 72.0]","[16.0, 27.0, 38.5, 50.5, 62.0, 73.5]",0,0,1.3333333333333333,"[20.0, 31.0, 43.0, 54.5, 66.0, 78.0]","[20.5, 32.5, 44.0, 55.5, 67.5]",1,0,1.1
synthetic_single_1_4V,H1,1,False,0.0,49BD3B39546C73608F281876170EC278615E021398391ABD36617876AAC58C8D,4.0,single,1,0.5055897580057765,0.3728906281195914,0.1158910223150431,4.3626309260725975,161,0.07638519223681035,"[14.5, 26.0, 37.5, 49.0, 60.5, 72.0]","[16.0, 27.0, 38.5, 50.5, 62.0, 73.5]",0,0,1.3333333333333333,"[20.0, 31.0, 43.0, 54.5, 66.0, 78.0]","[20.5, 32.5, 44.0, 55.5, 67.5]",1,0,1.1
synthetic_single_1_4V,H1,2,False,0.0,0B2C4D0ABCD1F0321F1AE76651C741AE3BAA9CDF81ED1F9983AFE8A11916BB50,4.0,single,1,0.5053166710174034,0.3729876830137862,0.11582842545709184,4.3626309260725975,161,0.07593292785435765,"[14.5, 26.0, 37.5, 49.0, 60.5, 72.0]","[16.0, 27.0, 38.5, 50.5, 62.0, 73.5]",0,0,1.3333333333333333,"[20.0, 31.0, 43.0, 54.5, 66.0, 78.0]","[20.5, 32.5, 44.0, 56.0, 67.5]",1,0,1.2
synthetic_single_1_4V,G1,0,False,0.0,1D600A70F69954E6FA107715EA569B6E011C5E23A4AF950157AA82DC111450AE,4.0,single,1,0.5055265776559604,0.37281356901384827,0.11587654014800061,4.3626309260725975,161,0.07661120801201399,"[14.5, 26.0, 37.5, 49.0, 60.5, 72.0]","[16.0, 27.0, 38.5, 50.5, 62.0, 73.5]",0,0,1.3333333333333333,"[20.0, 31.0, 43.0, 54.5, 66.0, 78.0]","[20.5, 32.5, 44.0, 55.5, 67.5]",1,0,1.1
synthetic_single_1_4V,G1,1,False,0.0,9B8EE686522DAACD1B8C0C1911E109D30F74CDC94B9515587FBFC78F52F26674,4.0,single,1,0.5055389923051604,0.3729001116887144,0.11587938582745651,4.3626309260725975,161,0.07659292382696915,"[14.5, 26.0, 37.5, 49.0, 60.5, 72.0]","[16.0, 27.0, 38.5, 50.5, 62.0, 73.5]",0,0,1.3333333333333333,"[20.0, 31.0, 43.0, 54.5, 66.0, 78.0]","[20.5, 32.5, 44.0, 55.5, 67.5]",1,0,1.1
synthetic_single_1_4V,G1,2,False,0.0,7EA8A5DA1FFE835B73102A4B0805C5D31D5E9FDE6CC5075A4D27A22299556A0D,4.0,single,1,0.5046457105151351,0.373716775528084,0.11567462823847809,4.3626309260725975,161,0.07658912362962253,"[14.5, 26.0, 37.5, 49.0, 60.5, 72.0]","[16.0, 27.0, 38.5, 50.5, 62.0, 73.5]",0,0,1.3333333333333333,"[20.0, 31.0, 43.0, 54.5, 66.0, 78.0]","[20.5, 32.5, 44.0, 55.5, 67.5]",1,0,1.1
synthetic_single_1_4V,C,0,True,0.0001,A2E430950D62CD7526C06B900C7E6412875384A9534F612B17559B7B6FF23F97,4.0,single,1,0.21144673703169328,0.16865015440527995,0.04846771148299851,4.3626309260725975,161,0.14263410184468642,"[14.5, 26.0, 37.5, 49.0, 60.5, 72.0]","[14.5, 26.0, 37.5, 49.0, 60.5, 72.5]",0,0,0.08333333333333333,"[20.0, 31.0, 43.0, 54.5, 66.0, 78.0]","[7.5, 19.5, 31.0, 43.0, 54.5, 66.0, 78.0]",0,1,0.08333333333333333
synthetic_single_1_4V,C,1,True,0.0001,C91E67ADD4888F3288676C95CCD5AAB4E9F294611DFF4EA5223EB3205752D69C,4.0,single,1,0.20849875753093922,0.1658534560437819,0.0477919771495861,4.3626309260725975,161,0.13839006032002663,"[14.5, 26.0, 37.5, 49.0, 60.5, 72.0]","[14.5, 26.0, 37.5, 49.0, 60.5, 72.5]",0,0,0.08333333333333333,"[20.0, 31.0, 43.0, 54.5, 66.0, 78.0]","[7.5, 19.5, 31.0, 43.0, 54.5, 66.0, 78.0]",0,1,0.08333333333333333
synthetic_single_1_4V,C,2,True,0.0001,80F79CE6C68AF803F7086BA620E186ADEBFDE105C9483D16E8327C72D4548B04,4.0,single,1,1.2594840384087804,0.9730262155003474,0.2886982785735246,4.3626309260725975,161,0.18227256956831533,"[14.5, 26.0, 37.5, 49.0, 60.5, 72.0]","[8.5, 19.5, 31.0, 42.5, 54.0, 65.5, 77.0]",6,7,,"[20.0, 31.0, 43.0, 54.5, 66.0, 78.0]","[13.0, 24.5, 36.0, 48.0, 59.5, 71.0]",6,6,
synthetic_single_1_6V,H1,0,False,0.0,A520887F0C5FD446736F930A8233D651125213385AB8AF766876D421EFE6662D,6.0,single,1,0.28174872862821737,0.21663025751569412,0.06385185849372839,4.412537634372711,161,0.030978508705412546,"[15.0, 27.0, 38.5, 50.0, 61.5, 73.0]","[15.5, 26.5, 38.5, 50.0, 61.5, 73.0]",0,0,0.16666666666666666,"[20.5, 32.5, 44.0, 55.5, 67.0]","[20.5, 32.0, 44.0, 55.5, 67.0]",0,0,0.1
synthetic_single_1_6V,H1,1,False,0.0,7D147E2E64139589AECF0016F598DAEECBE91A3B5431EFD4C7B23667753A33BC,6.0,single,1,0.2839533963242304,0.21528325631422784,0.06435149563650064,4.412537634372711,161,0.040676029929149204,"[15.0, 27.0, 38.5, 50.0, 61.5, 73.0]","[15.5, 26.5, 38.5, 50.0, 61.5, 73.0]",0,0,0.16666666666666666,"[20.5, 32.5, 44.0, 55.5, 67.0]","[20.5, 32.0, 44.0, 55.5, 67.0]",0,0,0.1
synthetic_single_1_6V,H1,2,False,0.0,8AA8D11FFF72E08A25165C07AFEA240723B64130BEDA839953105D8A43DF29AB,6.0,single,1,0.28279777711919146,0.2119824946870923,0.06408960116651655,4.412537634372711,161,0.01625205559283646,"[15.0, 27.0, 38.5, 50.0, 61.5, 73.0]","[15.0, 26.5, 38.5, 50.0, 61.5, 73.0]",0,0,0.08333333333333333,"[20.5, 32.5, 44.0, 55.5, 67.0]","[20.5, 32.0, 44.0, 55.5, 67.0]",0,0,0.1
synthetic_single_1_6V,G1,0,False,0.0,6A0FB227AEA3560D96A3598CB75EDE39CB0BA0A6B52AB5B452C7B641E6B86873,6.0,single,1,0.283323413095219,0.2113349949790333,0.06420872445102589,4.412537634372711,161,0.017445972549921602,"[15.0, 27.0, 38.5, 50.0, 61.5, 73.0]","[15.5, 26.5, 38.5, 50.0, 61.5, 73.0]",0,0,0.16666666666666666,"[20.5, 32.5, 44.0, 55.5, 67.0]","[20.5, 32.0, 44.0, 55.5, 67.0]",0,0,0.1
synthetic_single_1_6V,G1,1,False,0.0,D78E80F0ED6848A8AF780470851DD70283F49E7FF014ABD6A736F98C77EFDED3,6.0,single,1,0.2829749347191866,0.2161331858547924,0.06412974985524729,4.412537634372711,161,0.03648783076997842,"[15.0, 27.0, 38.5, 50.0, 61.5, 73.0]","[15.5, 26.5, 38.5, 50.0, 61.5, 73.0]",0,0,0.16666666666666666,"[20.5, 32.5, 44.0, 55.5, 67.0]","[20.5, 32.0, 44.0, 55.5, 67.5]",0,0,0.2
synthetic_single_1_6V,G1,2,False,0.0,0611DD6231C35420A8AD95EFAF4CDA85E81BE17EB7A548088364F2A522B05FEC,6.0,single,1,0.2942073448198879,0.22116013163403278,0.06667531683539116,4.412537634372711,161,0.055597719749559474,"[15.0, 27.0, 38.5, 50.0, 61.5, 73.0]","[15.5, 26.5, 38.5, 50.0, 61.5, 73.0]",0,0,0.16666666666666666,"[20.5, 32.5, 44.0, 55.5, 67.0]","[20.5, 32.0, 44.0, 55.5, 67.0]",0,0,0.1
synthetic_single_1_6V,C,0,True,0.0001,2F87F25D4E2DDCE8A11164FC49DAE524D6330F0513794F2B4CB618454A044B65,6.0,single,1,0.2372846066153593,0.17982694250121312,0.05377508959174958,4.412537634372711,161,0.07200593897240777,"[15.0, 27.0, 38.5, 50.0, 61.5, 73.0]","[3.5, 15.5, 27.0, 38.5, 50.0, 61.5, 73.0]",0,1,0.08333333333333333,"[20.5, 32.5, 44.0, 55.5, 67.0]","[8.5, 20.5, 32.0, 44.0, 55.5, 67.0]",0,1,0.1
synthetic_single_1_6V,C,1,True,0.0001,5BC39158E32E33ABB0502D1CED093C88DC0D7C8D4911DF4472D2900928459437,6.0,single,1,0.23732183854118646,0.17986967417860944,0.05378352734999942,4.412537634372711,161,0.0726999401340935,"[15.0, 27.0, 38.5, 50.0, 61.5, 73.0]","[3.5, 15.5, 27.0, 38.5, 50.0, 61.5, 73.0]",0,1,0.08333333333333333,"[20.5, 32.5, 44.0, 55.5, 67.0]","[8.5, 20.5, 32.0, 44.0, 55.5, 67.0]",0,1,0.1
synthetic_single_1_6V,C,2,True,0.0001,804F2278B177BB9C1EA082E3EB38250A53E505D0BF4D6023014EAAE0CFC89A82,6.0,single,1,0.9052370036784373,0.7095849076068407,0.2051511122821565,4.412537634372711,161,0.12095424784882011,"[15.0, 27.0, 38.5, 50.0, 61.5, 73.0]","[19.5, 31.0, 41.0, 52.5, 64.5, 75.5]",2,2,2.625,"[20.5, 32.5, 44.0, 55.5, 67.0]","[23.5, 35.0, 47.0, 58.0, 70.0]",0,0,2.8
synthetic_single_1_8V,H1,0,False,0.0,F6D8716B1D1A708E2C9D236B6C42ED976A867C0F16F2778790B09C2D6F553A99,8.0,single,1,0.7596469430440155,0.5064813517255116,0.17914032115430376,4.240513459779322,161,-0.202048122217252,"[16.0, 27.5, 39.0, 50.5, 62.5, 74.0]","[14.5, 26.0, 37.5, 49.0, 61.0, 72.5]",0,0,1.5,"[21.5, 33.0, 44.5, 56.5, 68.0]","[20.0, 31.5, 43.0, 54.5, 66.0]",0,0,1.7
synthetic_single_1_8V,H1,1,False,0.0,4FEDF78D69B3A244AC430AC90BCD3D7C4D773EDFB976480A96D64204DF774C7E,8.0,single,1,0.7668451406404689,0.5047595399918967,0.1808378037032279,4.240513459779322,161,-0.2215374151046409,"[16.0, 27.5, 39.0, 50.5, 62.5, 74.0]","[14.5, 26.0, 37.5, 49.0, 61.0, 72.5]",0,0,1.5,"[21.5, 33.0, 44.5, 56.5, 68.0]","[20.0, 31.5, 43.0, 54.5, 66.0]",0,0,1.7
synthetic_single_1_8V,H1,2,False,0.0,52E8D95F8BE2BDEA77EF98944BEB9DE87D2FE4478AA4EE4E373B467ACCD58CBE,8.0,single,1,0.7665453139859991,0.504713797234503,0.1807670984319645,4.240513459779322,161,-0.22116432915129458,"[16.0, 27.5, 39.0, 50.5, 62.5, 74.0]","[14.5, 26.0, 37.5, 49.0, 61.0, 72.5]",0,0,1.5,"[21.5, 33.0, 44.5, 56.5, 68.0]","[20.0, 31.5, 43.0, 54.5, 66.0]",0,0,1.7
synthetic_single_1_8V,G1,0,False,0.0,0AF6DD35104E0453C54140CCAB2C49039E9C80560EC3DD5396D47117CE9A4F16,8.0,single,1,0.7668518750155301,0.5038987925532362,0.18083939180691513,4.240513459779322,161,-0.22296413493512585,"[16.0, 27.5, 39.0, 50.5, 62.5, 74.0]","[14.5, 26.0, 37.5, 49.0, 61.0, 72.5]",0,0,1.5,"[21.5, 33.0, 44.5, 56.5, 68.0]","[20.0, 31.5, 43.0, 54.5, 66.0]",0,0,1.7
synthetic_single_1_8V,G1,1,False,0.0,26C9458C781F6B4729109E66FFC8594A662D29D12C8E25D5453D0F70C459D5D3,8.0,single,1,0.7679164780056335,0.5040092188965197,0.18109044701525276,4.240513459779322,161,-0.2244612484731107,"[16.0, 27.5, 39.0, 50.5, 62.5, 74.0]","[14.5, 26.0, 37.5, 49.0, 61.0, 72.5]",0,0,1.5,"[21.5, 33.0, 44.5, 56.5, 68.0]","[20.0, 31.5, 43.0, 54.5, 66.0]",0,0,1.7
synthetic_single_1_8V,G1,2,False,0.0,800EF6AB1BDA739B2297F6A012C495406FB4C991B052DBA8814C380AFF86FAA8,8.0,single,1,0.7626725026595541,0.5008991973647199,0.179853810132522,4.240513459779322,161,-0.2200382017818536,"[16.0, 27.5, 39.0, 50.5, 62.5, 74.0]","[15.5, 26.0, 37.5, 49.0, 61.0, 72.5]",0,0,1.3333333333333333,"[21.5, 33.0, 44.5, 56.5, 68.0]","[20.0, 31.5, 43.0, 54.5, 66.0]",0,0,1.7
synthetic_single_1_8V,C,0,True,0.0001,FF35ECB3B457C7798EABA02860039E9FC031590778AE1F251626FCBA1A685291,8.0,single,1,0.3601253108175959,0.282619779116952,0.0849249304909262,4.240513459779322,161,-0.0070914852827822705,"[16.0, 27.5, 39.0, 50.5, 62.5, 74.0]","[13.5, 26.0, 38.5, 50.5, 62.0, 74.0]",0,0,0.8333333333333334,"[21.5, 33.0, 44.5, 56.5, 68.0]","[19.0, 31.5, 44.5, 56.5, 68.0]",0,0,0.8
synthetic_single_1_8V,C,1,True,0.0001,CFB5B3933E79943D852085AAB82B38BCB9F9B4944E9978CD40288B4CD6A4528F,8.0,single,1,0.279090016903873,0.19671353976830236,0.06581514704551768,4.240513459779322,161,0.01355506719123693,"[16.0, 27.5, 39.0, 50.5, 62.5, 74.0]","[4.5, 16.5, 28.0, 39.0, 50.5, 62.5, 74.0]",0,1,0.16666666666666666,"[21.5, 33.0, 44.5, 56.5, 68.0]","[10.0, 21.5, 33.0, 45.0, 56.5, 68.0]",0,1,0.1
synthetic_single_1_8V,C,2,True,0.0001,FE9BB71F6F455B9E1BE7F0A52E1230537D3AF0E9D048FD0AFBD235F243377D6F,8.0,single,1,0.35769562264336074,0.28081153753712595,0.08435196021332175,4.240513459779322,161,-0.0073748443908192894,"[16.0, 27.5, 39.0, 50.5, 62.5, 74.0]","[13.5, 26.0, 38.5, 50.5, 62.0, 74.0]",0,0,0.8333333333333334,"[21.5, 33.0, 44.5, 56.5, 68.0]","[19.0, 31.5, 44.5, 56.5, 68.0]",0,0,0.8
synthetic_single_2_0V,H1,0,False,0.0,79B62FA7251D1D2839CC124E77A2ABCF03D5D6663C330AFA3073A80EDE6CC4E4,0.0,single,2,0.8372817171767358,0.6434587986422625,0.19537980340178962,4.285405669361353,161,-0.199957992744665,"[12.5, 24.5, 35.5, 47.5, 59.0, 70.5]","[15.5, 27.0, 38.5, 50.0, 61.5, 73.0]",0,0,2.6666666666666665,"[17.5, 30.0, 41.0, 52.5, 64.5, 76.0]","[20.5, 32.0, 44.0, 55.5, 67.0]",1,0,2.7
synthetic_single_2_0V,H1,1,False,0.0,1D0CB9F40AA6E51EBADC9BA1A8A4517EFA9FCB034E1E9C94E0B00BF1EA418D9F,0.0,single,2,0.8328114991800878,0.6394036670227043,0.1943366774199,4.285405669361353,161,-0.19075172724028444,"[12.5, 24.5, 35.5, 47.5, 59.0, 70.5]","[15.5, 27.0, 38.5, 50.0, 61.5, 73.0]",0,0,2.6666666666666665,"[17.5, 30.0, 41.0, 52.5, 64.5, 76.0]","[20.5, 32.0, 44.0, 55.5, 67.0]",1,0,2.7
synthetic_single_2_0V,H1,2,False,0.0,41998167D1A2201CB6C2765F7069410A099671A8A3E7A0045FA3F6FF049D06E5,0.0,single,2,0.8372864441625221,0.6434386750057096,0.1953809064445704,4.285405669361353,161,-0.20015356561320946,"[12.5, 24.5, 35.5, 47.5, 59.0, 70.5]","[15.5, 27.0, 38.5, 50.0, 61.5, 73.0]",0,0,2.6666666666666665,"[17.5, 30.0, 41.0, 52.5, 64.5, 76.0]","[20.5, 32.0, 44.0, 55.5, 67.0]",1,0,2.7
synthetic_single_2_0V,G1,0,False,0.0,9492EDF5CD033FFA7F9D5B2663BD9F91CFB1129C9D65DB7702CF1708F0E0C2D6,0.0,single,2,0.8389025279510379,0.6440891465391191,0.1957580198180067,4.285405669361353,161,-0.19957178422714472,"[12.5, 24.5, 35.5, 47.5, 59.0, 70.5]","[15.5, 27.0, 38.5, 50.0, 61.5, 73.0]",0,0,2.6666666666666665,"[17.5, 30.0, 41.0, 52.5, 64.5, 76.0]","[20.5, 32.0, 44.0, 55.5, 67.0]",1,0,2.7
synthetic_single_2_0V,G1,1,False,0.0,90F95FA625C3519553D5CE9DAAD8D6A6B22DADC0B8C5B20FA41C08C7E10CD15B,0.0,single,2,0.8395350387797017,0.6442690005361577,0.19590561630652256,4.285405669361353,161,-0.2007338478023184,"[12.5, 24.5, 35.5, 47.5, 59.0, 70.5]","[15.5, 27.0, 38.5, 50.0, 61.5, 73.0]",0,0,2.6666666666666665,"[17.5, 30.0, 41.0, 52.5, 64.5, 76.0]","[20.5, 32.0, 44.0, 55.5, 67.0]",1,0,2.7
synthetic_single_2_0V,G1,2,False,0.0,0FD9BEDC166B9CFEFC64318892D92F3A6290DE03E392162FCE8DBE2C725F9FB4,0.0,single,2,0.8332579298606488,0.6413022654799231,0.1944408520803651,4.285405669361353,161,-0.17820597442897315,"[12.5, 24.5, 35.5, 47.5, 59.0, 70.5]","[15.5, 27.0, 38.5, 50.0, 61.5, 73.0]",0,0,2.6666666666666665,"[17.5, 30.0, 41.0, 52.5, 64.5, 76.0]","[20.5, 32.0, 44.0, 55.5, 67.0]",1,0,2.7
synthetic_single_2_0V,C,0,True,0.0001,D5CE2B94027F07CA64437C159BFA3FA94315F7DC9BE512DC9411D9E7F272024E,0.0,single,2,0.17168018277288802,0.14617606144169254,0.04006159416839369,4.285405669361353,161,0.12763485083647724,"[12.5, 24.5, 35.5, 47.5, 59.0, 70.5]","[13.0, 24.5, 35.5, 47.0, 58.5, 70.5]",0,0,0.25,"[17.5, 30.0, 41.0, 52.5, 64.5, 76.0]","[17.0, 29.0, 41.0, 52.5, 64.5, 76.0]",0,0,0.25
synthetic_single_2_0V,C,1,True,0.0001,BC0E9BCC33B0D084031DB7BB84184019E9C89583A568F9BA5A7C98A2041634D4,0.0,single,2,0.19872848156615802,0.16941200573174597,0.046373318397129534,4.285405669361353,161,0.15729293045856735,"[12.5, 24.5, 35.5, 47.5, 59.0, 70.5]","[13.0, 24.5, 35.5, 47.0, 58.5, 70.5]",0,0,0.25,"[17.5, 30.0, 41.0, 52.5, 64.5, 76.0]","[17.0, 29.0, 41.0, 52.5, 64.5, 76.0]",0,0,0.25
synthetic_single_2_0V,C,2,True,0.0001,01A271BC4CE6880DDA482CCC67DB039ECB3CEC9B949B8A582C56498F1E01E16F,0.0,single,2,0.2444516507482812,0.2123278344579595,0.057042826189360844,4.285405669361353,161,0.2092487825196789,"[12.5, 24.5, 35.5, 47.5, 59.0, 70.5]","[13.0, 24.5, 35.5, 47.0, 58.5, 70.5]",0,0,0.25,"[17.5, 30.0, 41.0, 52.5, 64.5, 76.0]","[17.0, 29.0, 41.0, 52.5, 64.0, 76.0]",0,0,0.3333333333333333
synthetic_single_2_4V,H1,0,False,0.0,E1A78134C262C14C376C3943D191B952BEF06A3C05FF6AED1D4A716069ADC44D,4.0,single,2,0.501524428768533,0.38089824745868317,0.11581300430664417,4.33046730607748,161,0.039764878829965246,"[14.5, 26.0, 37.0, 49.0, 60.5, 72.0]","[16.0, 27.0, 38.5, 50.0, 62.0, 73.5]",0,0,1.3333333333333333,"[19.5, 31.0, 43.0, 54.5, 66.0, 78.0]","[20.5, 32.5, 44.0, 55.5, 67.5]",1,0,1.2
synthetic_single_2_4V,H1,1,False,0.0,C550E9D2BE1698CED35E1AD182847003044C26D3C0B0987D031BCE9815DC6038,4.0,single,2,0.5005195647679064,0.3793492910712386,0.11558095914163014,4.33046730607748,161,0.04239807204666113,"[14.5, 26.0, 37.0, 49.0, 60.5, 72.0]","[16.0, 27.0, 38.5, 50.0, 62.0, 73.5]",0,0,1.3333333333333333,"[19.5, 31.0, 43.0, 54.5, 66.0, 78.0]","[20.5, 32.5, 44.0, 55.5, 67.5]",1,0,1.2
synthetic_single_2_4V,H1,2,False,0.0,AD57AADF0ACD75B3BA151F7639B608D1C1FF4CD72DEC0A1FAE4E303804BEE437,4.0,single,2,0.5017350772379167,0.38096949847740513,0.11586164766416081,4.33046730607748,161,0.040011878212473234,"[14.5, 26.0, 37.0, 49.0, 60.5, 72.0]","[16.0, 27.0, 38.5, 50.0, 62.0, 73.5]",0,0,1.3333333333333333,"[19.5, 31.0, 43.0, 54.5, 66.0, 78.0]","[20.5, 32.5, 44.0, 55.5, 67.5]",1,0,1.2
synthetic_single_2_4V,G1,0,False,0.0,B5EEAE0972EB70CAC2704CE2A4628B3C482713D01249F84169DE2149571A78CA,4.0,single,2,0.5014222126997198,0.3804933106286974,0.11578940037164395,4.33046730607748,161,0.03978781967252437,"[14.5, 26.0, 37.0, 49.0, 60.5, 72.0]","[16.0, 27.0, 38.5, 50.0, 62.0, 73.5]",0,0,1.3333333333333333,"[19.5, 31.0, 43.0, 54.5, 66.0, 78.0]","[20.5, 32.5, 44.0, 55.5, 67.5]",1,0,1.2
synthetic_single_2_4V,G1,1,False,0.0,9307AE93C86C740EBB3E9F4026F7F7059380719A1434E8E670FA41006EF367F4,4.0,single,2,0.5004429315185082,0.3793120093150382,0.11556326284144317,4.33046730607748,161,0.042671328297201654,"[14.5, 26.0, 37.0, 49.0, 60.5, 72.0]","[16.0, 27.0, 38.5, 50.0, 62.0, 73.5]",0,0,1.3333333333333333,"[19.5, 31.0, 43.0, 54.5, 66.0, 78.0]","[20.5, 32.5, 44.0, 55.5, 67.5]",1,0,1.2
synthetic_single_2_4V,G1,2,False,0.0,48EA35B105B96E20E6D488A8D65B0879B6F7610883E8D639D7D75B12AB2D5AFB,4.0,single,2,0.5009503384248435,0.3800062509171113,0.11568043423900186,4.33046730607748,161,0.03918124030310307,"[14.5, 26.0, 37.0, 49.0, 60.5, 72.0]","[16.0, 27.0, 38.5, 50.0, 62.0, 73.5]",0,0,1.3333333333333333,"[19.5, 31.0, 43.0, 54.5, 66.0, 78.0]","[20.5, 32.5, 44.0, 55.5, 67.5]",1,0,1.2
synthetic_single_2_4V,C,0,True,0.0001,B415BDC1C7CC374732CBF88F403C0D91832064EB688810BEE3DC74C91E9D688D,4.0,single,2,0.18052480628943643,0.140372583351541,0.041687142178878395,4.33046730607748,161,0.09422885364341908,"[14.5, 26.0, 37.0, 49.0, 60.5, 72.0]","[14.5, 26.0, 37.5, 49.0, 60.5, 72.5]",0,0,0.16666666666666666,"[19.5, 31.0, 43.0, 54.5, 66.0, 78.0]","[7.5, 19.5, 31.0, 43.0, 54.5, 66.0]",1,1,0.0
synthetic_single_2_4V,C,1,True,0.0001,6CABF623FF6413180B61D9B8AB0D6682ADDF2BEE101D02024E4CB74835C144AE,4.0,single,2,0.17208902129396444,0.13038774403466316,0.039739134169758224,4.33046730607748,161,0.06639672294312415,"[14.5, 26.0, 37.0, 49.0, 60.5, 72.0]","[14.5, 26.0, 37.5, 49.0, 60.5, 72.5]",0,0,0.16666666666666666,"[19.5, 31.0, 43.0, 54.5, 66.0, 78.0]","[7.5, 19.5, 31.0, 43.0, 54.5, 66.0, 78.0]",0,1,0.0
synthetic_single_2_4V,C,2,True,0.0001,33E29E162DC3240C2245281E2EDA6954258737F38D723141D8307F58130CBE0B,4.0,single,2,1.2531940521548144,0.9682264712625248,0.28939002735248737,4.33046730607748,161,0.1366215162717578,"[14.5, 26.0, 37.0, 49.0, 60.5, 72.0]","[8.5, 19.5, 31.0, 42.5, 54.0, 65.5, 77.0]",6,7,,"[19.5, 31.0, 43.0, 54.5, 66.0, 78.0]","[13.0, 24.5, 36.0, 48.0, 59.5, 71.0]",6,6,
synthetic_single_2_6V,H1,0,False,0.0,747FBE7E340ED01AA0499EF5D16624CD294FE665A9AA94FB1094FEF7B795318E,6.0,single,2,0.27355490479473044,0.2039978009422729,0.06137209764255904,4.4573171734809875,161,0.06912186617978967,"[15.0, 27.0, 38.0, 50.0, 61.5, 73.0]","[15.0, 26.5, 38.0, 50.0, 61.5, 73.0]",0,0,0.08333333333333333,"[20.5, 32.5, 44.0, 55.5, 67.0]","[20.0, 32.0, 44.0, 55.5, 67.0]",0,0,0.2
synthetic_single_2_6V,H1,1,False,0.0,0E3C8FF34D24C2CDCF3680EB282895DDBDF1D0AADA66681AA19E45766AF5005E,6.0,single,2,0.28090445854133655,0.209006755815037,0.0630209714966192,4.4573171734809875,161,0.07423453212551956,"[15.0, 27.0, 38.0, 50.0, 61.5, 73.0]","[15.0, 26.5, 38.0, 50.0, 61.5, 73.0]",0,0,0.08333333333333333,"[20.5, 32.5, 44.0, 55.5, 67.0]","[20.0, 32.0, 44.0, 55.5, 67.0]",0,0,0.2
synthetic_single_2_6V,H1,2,False,0.0,6BDCC9AE48086CAB841FFD2AA81502ED0CF3D98D06FD8220490167D82D35D8B0,6.0,single,2,0.2808923052195389,0.20899381624507865,0.06301824489644141,4.4573171734809875,161,0.0742865655956476,"[15.0, 27.0, 38.0, 50.0, 61.5, 73.0]","[15.0, 26.5, 38.0, 50.0, 61.5, 73.0]",0,0,0.08333333333333333,"[20.5, 32.5, 44.0, 55.5, 67.0]","[20.0, 32.0, 44.0, 55.5, 67.0]",0,0,0.2
synthetic_single_2_6V,G1,0,False,0.0,153D3D27F60316E7480F26BC235590E1E81563DACB9E5E3F521BAD054DFB59DB,6.0,single,2,0.2959896013010025,0.2194472580394107,0.06640532629403313,4.4573171734809875,161,0.033217326868643204,"[15.0, 27.0, 38.0, 50.0, 61.5, 73.0]","[15.0, 26.5, 38.0, 50.0, 61.5, 73.0]",0,0,0.08333333333333333,"[20.5, 32.5, 44.0, 55.5, 67.0]","[20.0, 32.0, 44.0, 55.5, 67.0]",0,0,0.2
synthetic_single_2_6V,G1,1,False,0.0,C0509EF49E2253839D859D2681AE02161847CFFCF50F43416924887879AAB7D7,6.0,single,2,0.2829981487192399,0.20990645414349604,0.06349069130708272,4.4573171734809875,161,0.07108248074957088,"[15.0, 27.0, 38.0, 50.0, 61.5, 73.0]","[15.0, 26.5, 38.0, 50.0, 61.5, 73.0]",0,0,0.08333333333333333,"[20.5, 32.5, 44.0, 55.5, 67.0]","[20.0, 32.0, 44.0, 55.5, 67.0]",0,0,0.2
synthetic_single_2_6V,G1,2,False,0.0,92602AE81CE165A23DF6DF243664944A8B9DE5BC0D08AD0EFEB3B2DCA8541273,6.0,single,2,0.2976643311069817,0.2203219747491358,0.0667810522612008,4.4573171734809875,161,0.03485343227285802,"[15.0, 27.0, 38.0, 50.0, 61.5, 73.0]","[15.0, 26.5, 38.0, 50.0, 61.5, 73.0]",0,0,0.08333333333333333,"[20.5, 32.5, 44.0, 55.5, 67.0]","[20.0, 32.0, 44.0, 55.5, 67.0]",0,0,0.2
synthetic_single_2_6V,C,0,True,0.0001,BBD13BA060A32A379FA235EB08F53A298DFC3D9974CE8CE5EACA2133850DFD71,6.0,single,2,0.2484782551803954,0.18399215034906263,0.05574614628250557,4.4573171734809875,161,0.05980377225831051,"[15.0, 27.0, 38.0, 50.0, 61.5, 73.0]","[4.0, 15.0, 26.5, 38.0, 50.0, 61.5, 73.0]",0,1,0.08333333333333333,"[20.5, 32.5, 44.0, 55.5, 67.0]","[8.5, 20.5, 32.0, 44.0, 55.5, 67.0]",0,1,0.1
synthetic_single_2_6V,C,1,True,0.0001,83CD9247632C2048358DCA7E321D66C133ED01DA212743195AAE94ADA7BCA4F8,6.0,single,2,0.2445073257526362,0.18276142959532538,0.05485526747060849,4.4573171734809875,161,0.06320097216293202,"[15.0, 27.0, 38.0, 50.0, 61.5, 73.0]","[3.5, 15.0, 27.0, 38.0, 50.0, 61.5, 73.0]",0,1,0.0,"[20.5, 32.5, 44.0, 55.5, 67.0]","[8.5, 20.5, 32.0, 44.0, 55.5, 67.0]",0,1,0.1
synthetic_single_2_6V,C,2,True,0.0001,E92BD25219F9F6D0A41D3559E89FC328137A9195239EDF338AF2E04BEBFFDD3B,6.0,single,2,0.9208063351589287,0.7214680898869014,0.20658308559177888,4.4573171734809875,161,0.13028282187083906,"[15.0, 27.0, 38.0, 50.0, 61.5, 73.0]","[8.0, 19.0, 30.5, 41.0, 52.5, 64.5, 75.5]",2,3,2.75,"[20.5, 32.5, 44.0, 55.5, 67.0]","[12.0, 23.5, 35.0, 46.5, 58.0, 70.0]",0,1,2.7
synthetic_single_2_8V,H1,0,False,0.0,567AFE1C82213B521ADB33169AA56610DA2189180F9EBA26CDEC771D2080FA27,8.0,single,2,0.7720760563544947,0.5196853537810207,0.17760336767754273,4.347192659974098,161,-0.17782895301217164,"[16.0, 27.5, 39.0, 50.5, 62.5, 74.0]","[14.5, 26.0, 37.5, 49.0, 61.0, 72.5]",0,0,1.5,"[21.5, 33.0, 45.0, 56.5, 68.0]","[20.0, 31.5, 43.0, 54.5, 66.0]",0,0,1.8
synthetic_single_2_8V,H1,1,False,0.0,075426292B784387BD0A7C07E13EF81ABA5D80E8B8EFE858B42E385C36D302F9,8.0,single,2,0.7727230822615477,0.5312729334248667,0.17775220532005404,4.347192659974098,161,-0.13591054506531253,"[16.0, 27.5, 39.0, 50.5, 62.5, 74.0]","[14.5, 26.0, 37.5, 49.0, 60.5, 72.5]",0,0,1.5833333333333333,"[21.5, 33.0, 45.0, 56.5, 68.0]","[20.0, 31.5, 43.0, 54.5, 66.0]",0,0,1.8
synthetic_single_2_8V,H1,2,False,0.0,BEFF4E8338CF41FF3FB058170D4AEA19B481B253C4E0515877850CC653272F46,8.0,single,2,0.7725784954258234,0.5204076189810939,0.17771894550227424,4.347192659974098,161,-0.17903946524893505,"[16.0, 27.5, 39.0, 50.5, 62.5, 74.0]","[14.5, 26.0, 37.5, 49.0, 61.0, 72.5]",0,0,1.5,"[21.5, 33.0, 45.0, 56.5, 68.0]","[20.0, 31.5, 43.0, 54.5, 66.0]",0,0,1.8
synthetic_single_2_8V,G1,0,False,0.0,0CDEAE138779EFF5D5F8047D88C1FC2D19E8E1893D9D6A6D0E2536B5FFFB6139,8.0,single,2,0.773948275748638,0.5204071632774865,0.1780340408822022,4.347192659974098,161,-0.18209938693482944,"[16.0, 27.5, 39.0, 50.5, 62.5, 74.0]","[14.5, 26.0, 37.5, 49.0, 60.5, 72.5]",0,0,1.5833333333333333,"[21.5, 33.0, 45.0, 56.5, 68.0]","[20.0, 31.5, 43.0, 54.5, 66.0]",0,0,1.8
synthetic_single_2_8V,G1,1,False,0.0,286475574351F2776A3F66F1E57EBE9E108D27376829C7148C011C86091912FD,8.0,single,2,0.7739190036698775,0.5202083607540778,0.17802730732308716,4.347192659974098,161,-0.18204110831270837,"[16.0, 27.5, 39.0, 50.5, 62.5, 74.0]","[14.5, 26.0, 37.5, 49.0, 60.5, 72.5]",0,0,1.5833333333333333,"[21.5, 33.0, 45.0, 56.5, 68.0]","[20.0, 31.5, 43.0, 54.5, 66.0]",0,0,1.8
synthetic_single_2_8V,G1,2,False,0.0,DFA72B943A6BC98022CAA5E1C1389201D156ECCCF8453A8420E51275E5BEF2BF,8.0,single,2,0.8216045704690765,0.611388970242992,0.18899658578140216,4.347192659974098,161,-0.14717501878940367,"[16.0, 27.5, 39.0, 50.5, 62.5, 74.0]","[13.0, 24.5, 36.5, 48.5, 60.5, 72.5]",0,0,2.3333333333333335,"[21.5, 33.0, 45.0, 56.5, 68.0]","[18.0, 30.0, 42.5, 54.5, 66.0]",1,1,2.375
synthetic_single_2_8V,C,0,True,0.0001,4CC892F908621446D4AEFE3428A680F4BA3C5F3C6AE3A33DF3A077A5B039FC88,8.0,single,2,0.36013157890480385,0.2885137491228656,0.08284233229887483,4.347192659974098,161,0.010450093867631505,"[16.0, 27.5, 39.0, 50.5, 62.5, 74.0]","[13.5, 26.0, 38.5, 50.5, 62.0, 74.0]",0,0,0.8333333333333334,"[21.5, 33.0, 45.0, 56.5, 68.0]","[6.5, 19.0, 31.5, 44.5, 56.5, 68.0]",0,1,0.9
synthetic_single_2_8V,C,1,True,0.0001,5950C24EA34DB8A46A54655A402FD3CACA96E262B9F3D89683CCFCB0BFA2B626,8.0,single,2,0.26611430464094077,0.1890118568690945,0.06121520840130567,4.347192659974098,161,0.027386363850773674,"[16.0, 27.5, 39.0, 50.5, 62.5, 74.0]","[5.0, 16.0, 27.5, 39.0, 50.5, 62.5, 74.0]",0,1,0.0,"[21.5, 33.0, 45.0, 56.5, 68.0]","[9.5, 21.5, 33.0, 45.0, 56.5, 68.0]",0,1,0.0
synthetic_single_2_8V,C,2,True,0.0001,76E716511C62DBD7F1A44698F3FD941B888168B90454A7C0360F96B0780B757A,8.0,single,2,0.3601316232043666,0.2885137722735175,0.08284234248925888,4.347192659974098,161,0.010450222206747028,"[16.0, 27.5, 39.0, 50.5, 62.5, 74.0]","[13.5, 26.0, 38.5, 50.5, 62.0, 74.0]",0,0,0.8333333333333334,"[21.5, 33.0, 45.0, 56.5, 68.0]","[6.5, 19.0, 31.5, 44.5, 56.5, 68.0]",0,1,0.9
synthetic_single_3_0V,H1,0,False,0.0,441600E12D12491B4833040FD707F9D2D98D39E17E6292D877BD02203B0CE702,0.0,single,3,0.8567347977436452,0.6505629478201164,0.1937168811902724,4.422613003469451,161,-0.27366729111866145,"[13.5, 24.0, 35.5, 47.0, 59.0, 70.5]","[15.5, 27.0, 38.5, 50.0, 61.5, 73.5]",0,0,2.75,"[17.5, 29.5, 40.5, 52.5, 64.5, 76.0]","[20.5, 32.0, 44.0, 55.5, 67.0]",2,1,2.75
synthetic_single_3_0V,H1,1,False,0.0,227DD8B208EDDB76A6D860C9ED71758C71A7D202143766EBB92AF24ED5C8DD90,0.0,single,3,0.8594363391623152,0.6481504978163244,0.19432772853697683,4.422613003469451,161,-0.29828040985443804,"[13.5, 24.0, 35.5, 47.0, 59.0, 70.5]","[15.5, 27.0, 38.5, 50.0, 61.5, 73.5]",0,0,2.75,"[17.5, 29.5, 40.5, 52.5, 64.5, 76.0]","[20.5, 32.0, 44.0, 55.5, 67.0]",2,1,2.75
synthetic_single_3_0V,H1,2,False,0.0,BBA49D5E00315E3E09D7DBC694DC4BE9D1D6CF9C3F7ADC7A28F83452CC16ADDE,0.0,single,3,0.8532058723064228,0.6443077739917537,0.19291895348679614,4.422613003469451,161,-0.28821329981317806,"[13.5, 24.0, 35.5, 47.0, 59.0, 70.5]","[15.5, 27.0, 38.5, 50.0, 61.5, 73.5]",0,0,2.75,"[17.5, 29.5, 40.5, 52.5, 64.5, 76.0]","[20.5, 32.0, 44.0, 55.5, 67.0]",2,1,2.75
synthetic_single_3_0V,G1,0,False,0.0,A10355636DF791F30191C8EEF3F5C7C33D7E0819998E49B474EEF15556A9ED69,0.0,single,3,0.8489728099483705,0.646228753845345,0.19196181291068617,4.422613003469451,161,-0.25685274797186897,"[13.5, 24.0, 35.5, 47.0, 59.0, 70.5]","[15.5, 27.0, 38.5, 50.0, 61.5, 73.5]",0,0,2.75,"[17.5, 29.5, 40.5, 52.5, 64.5, 76.0]","[20.5, 32.0, 44.0, 55.5, 67.0]",2,1,2.75
synthetic_single_3_0V,G1,1,False,0.0,5D23C7ED7E8F166DFF7F44E59E02AB425D333D0F3DE77700E9AFEF22B570F289,0.0,single,3,0.8596958290106559,0.6536609887655874,0.19438640196106732,4.422613003469451,161,-0.2697304675301043,"[13.5, 24.0, 35.5, 47.0, 59.0, 70.5]","[15.5, 27.0, 38.5, 50.0, 61.5, 73.5]",0,0,2.75,"[17.5, 29.5, 40.5, 52.5, 64.5, 76.0]","[20.5, 32.0, 44.0, 55.5, 67.0]",2,1,2.75
synthetic_single_3_0V,G1,2,False,0.0,6DAABFB096FA988C29200F70155261918ED792223E76CD128950CA0E60B5F0E5,0.0,single,3,0.8459473755641989,0.6525331418447115,0.19127772990776498,4.422613003469451,161,-0.1894183281738533,"[13.5, 24.0, 35.5, 47.0, 59.0, 70.5]","[15.5, 27.0, 38.5, 50.0, 61.5, 73.5]",0,0,2.75,"[17.5, 29.5, 40.5, 52.5, 64.5, 76.0]","[20.5, 32.0, 44.0, 55.5, 67.0]",2,1,2.75
synthetic_single_3_0V,C,0,True,0.0001,2716C87BCA0E4363548CB596C980B3322C02F37D3212163D9D274EC6CC684046,0.0,single,3,0.1649355019151823,0.1425051730061083,0.03729367724143933,4.422613003469451,161,0.12350339340707873,"[13.5, 24.0, 35.5, 47.0, 59.0, 70.5]","[12.5, 24.5, 35.5, 47.0, 59.0, 70.5]",0,0,0.25,"[17.5, 29.5, 40.5, 52.5, 64.5, 76.0]","[17.5, 29.0, 41.0, 52.5, 64.5, 76.0]",0,0,0.16666666666666666
synthetic_single_3_0V,C,1,True,0.0001,D20E73D194A18420447DCFF094B6A97B415501C0F0A9DC97C125E162C217AD61,0.0,single,3,0.15185634198997738,0.12302165273917554,0.03433633959626337,4.422613003469451,161,0.08638943442527125,"[13.5, 24.0, 35.5, 47.0, 59.0, 70.5]","[13.0, 24.5, 36.0, 47.0, 59.0, 70.5]",0,0,0.25,"[17.5, 29.5, 40.5, 52.5, 64.5, 76.0]","[17.0, 29.0, 41.0, 52.5, 64.5, 76.0]",0,0,0.25
synthetic_single_3_0V,C,2,True,0.0001,0ABCE640E1D1DAA2C0EC3768127A34ACC6570A944B56E15F84A22E04DB77C3AC,0.0,single,3,0.15623943620917377,0.13360179857960994,0.035327403977378775,4.422613003469451,161,0.10796584763992217,"[13.5, 24.0, 35.5, 47.0, 59.0, 70.5]","[13.0, 24.5, 36.0, 47.0, 59.0, 70.5]",0,0,0.25,"[17.5, 29.5, 40.5, 52.5, 64.5, 76.0]","[17.0, 29.0, 41.0, 52.5, 64.5, 76.0]",0,0,0.25
synthetic_single_3_4V,H1,0,False,0.0,EF427054A6A6E93215872CC36F828378B30F7FBAE66DD966D07BD588E74581D2,4.0,single,3,0.5004378528480232,0.37427649159266185,0.11836961516671952,4.227756017819047,161,0.07613573683923582,"[15.0, 25.5, 37.0, 49.0, 60.5, 72.0]","[16.0, 27.0, 38.5, 50.5, 62.0, 73.5]",0,0,1.4166666666666667,"[19.5, 31.5, 43.0, 54.5, 66.0, 78.0]","[20.5, 32.5, 44.0, 56.0, 67.5]",1,0,1.2
synthetic_single_3_4V,H1,1,False,0.0,D2BBB2226EFA8074A7EEB2C8BC67937EB11D8CF196EBC6EE48B448D24E1F59FE,4.0,single,3,0.5007968069333246,0.37455127933906823,0.11845451932953982,4.227756017819047,161,0.07631145894755413,"[15.0, 25.5, 37.0, 49.0, 60.5, 72.0]","[16.0, 27.0, 38.5, 50.5, 62.0, 73.5]",0,0,1.4166666666666667,"[19.5, 31.5, 43.0, 54.5, 66.0, 78.0]","[20.5, 32.5, 44.0, 55.5, 67.5]",1,0,1.1
synthetic_single_3_4V,H1,2,False,0.0,16366EE4E96CDC38932B1D3482774765FCA884F247771FB17502A27067EBC362,4.0,single,3,0.501203893171853,0.37474832732637586,0.11855080829153589,4.227756017819047,161,0.07684069686480273,"[15.0, 25.5, 37.0, 49.0, 60.5, 72.0]","[16.0, 27.0, 38.5, 50.5, 62.0, 73.5]",0,0,1.4166666666666667,"[19.5, 31.5, 43.0, 54.5, 66.0, 78.0]","[20.5, 32.5, 44.0, 55.5, 67.5]",1,0,1.1
synthetic_single_3_4V,G1,0,False,0.0,AA6EE1A7C9ED60929DB02C8A023F587D1E8038E16B934BA53C481694BA9355DA,4.0,single,3,0.5010349813443989,0.37417040095704357,0.1185108552226402,4.227756017819047,161,0.07701789973521114,"[15.0, 25.5, 37.0, 49.0, 60.5, 72.0]","[16.0, 27.0, 38.5, 50.5, 62.0, 73.5]",0,0,1.4166666666666667,"[19.5, 31.5, 43.0, 54.5, 66.0, 78.0]","[20.5, 32.5, 44.0, 55.5, 67.5]",1,0,1.1
synthetic_single_3_4V,G1,1,False,0.0,155C676B5A5E98858A8FF39D63FDB599D6BA00ACA708B78FB30857058CAE79D4,4.0,single,3,0.5009090785924661,0.37412504128411067,0.1184810751806032,4.227756017819047,161,0.07686323850924744,"[15.0, 25.5, 37.0, 49.0, 60.5, 72.0]","[16.0, 27.0, 38.5, 50.5, 62.0, 73.5]",0,0,1.4166666666666667,"[19.5, 31.5, 43.0, 54.5, 66.0, 78.0]","[20.5, 32.5, 44.0, 55.5, 67.5]",1,0,1.1
synthetic_single_3_4V,G1,2,False,0.0,56C5186DAC60F2A34994F5D27A0E9FC0E271CA944C8B0FCA67EB09F06A95351B,4.0,single,3,0.497581058331948,0.37180970492322585,0.11769389156676852,4.227756017819047,161,0.07384847566239243,"[15.0, 25.5, 37.0, 49.0, 60.5, 72.0]","[16.0, 27.0, 38.5, 50.0, 62.0, 73.5]",0,0,1.3333333333333333,"[19.5, 31.5, 43.0, 54.5, 66.0, 78.0]","[20.5, 32.5, 44.0, 55.5, 67.5]",1,0,1.1
synthetic_single_3_4V,C,0,True,0.0001,504C5457AF1CCD8758C52918CE8048134311007702478DBCF8DA5605D71AA328,4.0,single,3,0.19323547809475072,0.15280903446111163,0.04570639300856207,4.227756017819047,161,0.11032216991843892,"[15.0, 25.5, 37.0, 49.0, 60.5, 72.0]","[14.5, 26.0, 37.5, 49.0, 60.5, 72.5]",0,0,0.3333333333333333,"[19.5, 31.5, 43.0, 54.5, 66.0, 78.0]","[7.5, 19.5, 31.0, 43.0, 54.5, 66.0]",1,1,0.1
synthetic_single_3_4V,C,1,True,0.0001,B74C5AE4D0F4F776E4280D92E0811AC8FC4859473E181CECEE678541E4E9A435,4.0,single,3,0.1876839866432894,0.14525367646040802,0.04439328708947331,4.227756017819047,161,0.0960750452564091,"[15.0, 25.5, 37.0, 49.0, 60.5, 72.0]","[14.5, 26.0, 37.5, 49.0, 60.5, 72.5]",0,0,0.3333333333333333,"[19.5, 31.5, 43.0, 54.5, 66.0, 78.0]","[19.5, 31.0, 43.0, 54.5, 66.0]",1,0,0.1
synthetic_single_3_4V,C,2,True,0.0001,DA2F4ABE61DD4F807195BB18214C4FBC08C593D8A53818B29DAC6363FFF08AEE,4.0,single,3,1.243158187169186,0.9592254240925363,0.29404681394327203,4.227756017819047,161,0.14995579596215475,"[15.0, 25.5, 37.0, 49.0, 60.5, 72.0]","[9.5, 19.5, 31.0, 42.5, 54.0, 65.5, 77.0]",6,7,,"[19.5, 31.5, 43.0, 54.5, 66.0, 78.0]","[13.0, 24.5, 36.0, 48.0, 59.5, 71.0]",6,6,
synthetic_single_3_6V,H1,0,False,0.0,9298A27C35FD7961213638EBB698FF6EFDB5962958AECBB8E69AE35675E4DFFC,6.0,single,3,0.2824302754465908,0.20523822603121566,0.06391136206542186,4.419093355536461,161,0.004016756395393977,"[15.5, 26.5, 38.0, 50.0, 61.5, 73.0]","[15.5, 26.5, 38.0, 50.0, 61.5, 73.0]",0,0,0.0,"[8.0, 20.5, 32.0, 44.0, 55.5, 67.0]","[20.5, 32.0, 44.0, 55.5, 67.0]",1,0,0.0
synthetic_single_3_6V,H1,1,False,0.0,4D1BAE2D621048C2FEE6E955234C15365C5E12B24EE332F20D69FB0279D5FA86,6.0,single,3,0.28563299166951794,0.20940655086059196,0.06463610715796775,4.419093355536461,161,-0.006280494540075997,"[15.5, 26.5, 38.0, 50.0, 61.5, 73.0]","[15.5, 26.5, 38.0, 50.0, 61.5, 73.0]",0,0,0.0,"[8.0, 20.5, 32.0, 44.0, 55.5, 67.0]","[20.5, 32.0, 44.0, 55.5, 67.0]",1,0,0.0
synthetic_single_3_6V,H1,2,False,0.0,A085A4A0ED7A110A3A8D91EEEA4C17AA8ABE3D0C01D56831EDF1C6B8D4D13E1A,6.0,single,3,0.27869836033323736,0.20228516388071502,0.06306686415304401,4.419093355536461,161,-0.0034915563817164963,"[15.5, 26.5, 38.0, 50.0, 61.5, 73.0]","[15.5, 26.5, 38.0, 50.0, 61.5, 73.0]",0,0,0.0,"[8.0, 20.5, 32.0, 44.0, 55.5, 67.0]","[20.5, 32.0, 44.0, 55.5, 67.0]",1,0,0.0
synthetic_single_3_6V,G1,0,False,0.0,A94FDAB5D6E0FDE0181D33C22C5CA893D1E17CB72B6A2E6FBB73E065FDD86446,6.0,single,3,0.2855841686787664,0.20822775008245556,0.0646250589662181,4.419093355536461,161,0.005621287226998168,"[15.5, 26.5, 38.0, 50.0, 61.5, 73.0]","[15.5, 26.5, 38.0, 50.0, 61.5, 73.0]",0,0,0.0,"[8.0, 20.5, 32.0, 44.0, 55.5, 67.0]","[20.5, 32.0, 44.0, 55.5, 67.0]",1,0,0.0
synthetic_single_3_6V,G1,1,False,0.0,1CF938A30EFC7F7C9E7D1312E79D54A5F07B0411365BC3F13B37BB9C684D2981,6.0,single,3,0.2849921913556582,0.20999977934980263,0.06449109996705675,4.419093355536461,161,0.018142896825078872,"[15.5, 26.5, 38.0, 50.0, 61.5, 73.0]","[15.5, 26.5, 38.0, 50.0, 61.5, 73.0]",0,0,0.0,"[8.0, 20.5, 32.0, 44.0, 55.5, 67.0]","[20.5, 32.0, 44.0, 55.5, 67.0]",1,0,0.0
synthetic_single_3_6V,G1,2,False,0.0,F4977162F0C695EDD48B62D65197B4BD2DB3AEA4BF8FF01D047CEC7ACC304CBB,6.0,single,3,0.2776986154957649,0.20128714374981524,0.06284063113259425,4.419093355536461,161,-0.007998360481800679,"[15.5, 26.5, 38.0, 50.0, 61.5, 73.0]","[15.5, 26.5, 38.0, 50.0, 61.5, 73.0]",0,0,0.0,"[8.0, 20.5, 32.0, 44.0, 55.5, 67.0]","[20.0, 32.0, 44.0, 55.5, 67.0]",1,0,0.1
synthetic_single_3_6V,C,0,True,0.0001,4413B24816AAB2C263280080F56E1359762D89672665AE8B926131D6BF64D162,6.0,single,3,0.2274532398257504,0.17015552796909353,0.05147056681678508,4.419093355536461,161,0.05681073439755208,"[15.5, 26.5, 38.0, 50.0, 61.5, 73.0]","[15.0, 26.5, 38.0, 50.0, 61.5, 73.0]",0,0,0.08333333333333333,"[8.0, 20.5, 32.0, 44.0, 55.5, 67.0]","[8.5, 20.5, 32.0, 44.0, 55.5, 67.0]",0,0,0.08333333333333333
synthetic_single_3_6V,C,1,True,0.0001,51E4B84AD31BA58D3F8A61D0B08204621EC4B2A3FBD6F49E371CE497BF06DA47,6.0,single,3,0.22627074483850948,0.1699588975714055,0.0512029791258033,4.419093355536461,161,0.05263664682938073,"[15.5, 26.5, 38.0, 50.0, 61.5, 73.0]","[15.0, 26.5, 38.0, 50.0, 61.5, 73.0]",0,0,0.08333333333333333,"[8.0, 20.5, 32.0, 44.0, 55.5, 67.0]","[8.5, 20.5, 32.0, 44.0, 55.5, 67.0]",0,0,0.08333333333333333
synthetic_single_3_6V,C,2,True,0.0001,2AF7E409EA5128192582C41DF2D0726E794981C1AAF1D193C9FB72EE7084EB15,6.0,single,3,0.2265958997939377,0.16326137309115646,0.05127655868823116,4.419093355536461,161,0.04872997438107993,"[15.5, 26.5, 38.0, 50.0, 61.5, 73.0]","[15.5, 26.5, 38.0, 50.0, 61.5, 73.0]",0,0,0.0,"[8.0, 20.5, 32.0, 44.0, 55.5, 67.0]","[20.5, 32.0, 44.0, 55.5, 67.0]",1,0,0.0
synthetic_single_3_8V,H1,0,False,0.0,5EC8BB168481FD9FD6E248222671F5EA7794DFBAFFD83BB4DE76D49FA9E6B0E4,8.0,single,3,0.7542598903897034,0.5201661013321761,0.17782904899700958,4.2414886355400085,161,-0.15163186949906227,"[16.0, 27.5, 39.0, 50.5, 62.5, 74.0]","[14.5, 26.0, 37.5, 49.0, 61.0, 72.5]",0,0,1.5,"[21.0, 33.0, 45.0, 56.5, 68.0]","[20.0, 31.5, 43.5, 54.5, 66.0]",0,0,1.6
synthetic_single_3_8V,H1,1,False,0.0,6F993D261B55CB7F8F52F32EE816483599DF08EBB4ECFB85F3432E15934E6F9F,8.0,single,3,0.747385917530465,0.5175237523920078,0.1762083979827311,4.2414886355400085,161,-0.1451469524404631,"[16.0, 27.5, 39.0, 50.5, 62.5, 74.0]","[14.5, 26.0, 37.5, 49.0, 61.0, 72.5]",0,0,1.5,"[21.0, 33.0, 45.0, 56.5, 68.0]","[20.0, 31.5, 43.5, 54.5, 66.0]",0,0,1.6
synthetic_single_3_8V,H1,2,False,0.0,B206B5B0944335B503322C065335B5CB0B76632B15634B2663D36E9C8D9B9BFB,8.0,single,3,0.7572160289060172,0.5152797500158366,0.1785260067800728,4.2414886355400085,161,-0.1378219185776729,"[16.0, 27.5, 39.0, 50.5, 62.5, 74.0]","[15.0, 26.0, 37.5, 49.0, 61.0, 72.5]",0,0,1.4166666666666667,"[21.0, 33.0, 45.0, 56.5, 68.0]","[20.0, 31.5, 43.0, 54.5, 66.0]",0,0,1.7
synthetic_single_3_8V,G1,0,False,0.0,B772B07D1AB3DF833529834AAE4F5F8D075AD54DB2AF82DDBB96F8E21DF40262,8.0,single,3,0.7579307745672164,0.5150688342205006,0.17869451970622097,4.2414886355400085,161,-0.13905381844147244,"[16.0, 27.5, 39.0, 50.5, 62.5, 74.0]","[15.0, 26.0, 37.5, 49.0, 61.0, 72.5]",0,0,1.4166666666666667,"[21.0, 33.0, 45.0, 56.5, 68.0]","[20.0, 31.5, 43.0, 54.5, 66.0]",0,0,1.7
synthetic_single_3_8V,G1,1,False,0.0,5CD98855CC0B0771429757E059575BD6E4F2A20F825BB401A1C3EFA311A88E43,8.0,single,3,0.7490413219685864,0.5185988724552691,0.1765986865300705,4.2414886355400085,161,-0.1455475488044057,"[16.0, 27.5, 39.0, 50.5, 62.5, 74.0]","[14.5, 26.0, 37.5, 49.0, 61.0, 72.5]",0,0,1.5,"[21.0, 33.0, 45.0, 56.5, 68.0]","[20.0, 31.5, 43.5, 54.5, 66.0]",0,0,1.6
synthetic_single_3_8V,G1,2,False,0.0,7FF65AF9FAE52FFC6FA9B7ED5F47DE97261A0F137E1F28A86E693F81DC05E950,8.0,single,3,0.814868826438608,0.5993344898179259,0.1921185924231204,4.2414886355400085,161,-0.17130652725718215,"[16.0, 27.5, 39.0, 50.5, 62.5, 74.0]","[14.5, 24.5, 36.5, 48.5, 60.5, 72.5]",0,0,2.0833333333333335,"[21.0, 33.0, 45.0, 56.5, 68.0]","[18.0, 30.0, 42.5, 54.0, 66.0]",0,0,2.6
synthetic_single_3_8V,C,0,True,0.0001,CB28AE19CFA13594C3D7DD1E6C7B88F40EAB4D774AEBD09B580548A8002A75FC,8.0,single,3,0.34863583056740266,0.281969065144307,0.08219657307251416,4.2414886355400085,161,0.003666322339149329,"[16.0, 27.5, 39.0, 50.5, 62.5, 74.0]","[13.5, 26.0, 38.5, 50.5, 62.0, 74.0]",0,0,0.8333333333333334,"[21.0, 33.0, 45.0, 56.5, 68.0]","[6.5, 19.0, 31.5, 44.5, 56.5, 68.0]",0,1,0.8
synthetic_single_3_8V,C,1,True,0.0001,C39AC27CE13F3CC582B2F60D1B01688775432296E55172F73B5B7267A01581EF,8.0,single,3,0.2681977674181758,0.19867135708769051,0.0632319901015201,4.2414886355400085,161,0.023129068450461154,"[16.0, 27.5, 39.0, 50.5, 62.5, 74.0]","[4.5, 16.0, 27.5, 39.0, 50.5, 62.5, 74.0]",0,1,0.0,"[21.0, 33.0, 45.0, 56.5, 68.0]","[9.5, 21.5, 33.0, 45.0, 56.5, 68.0]",0,1,0.1
synthetic_single_3_8V,C,2,True,0.0001,5380D22BA67A6BD504E14BC0FFBF2A6475890357F9AD1C3003FE8C0A4ED12DA0,8.0,single,3,0.3466422275719697,0.2803491324919476,0.08172654870919786,4.2414886355400085,161,0.003519484887204259,"[16.0, 27.5, 39.0, 50.5, 62.5, 74.0]","[13.5, 26.0, 38.5, 50.5, 62.0, 74.0]",0,0,0.8333333333333334,"[21.0, 33.0, 45.0, 56.5, 68.0]","[6.5, 19.0, 31.5, 44.5, 56.5, 68.0]",0,1,0.8
synthetic_single_4_0V,H1,0,False,0.0,2C77EE0C7FA8A40FDDA13781EB6AB8CC2D6D1521D9B11D7302109CE075BDAE5F,0.0,single,4,0.8538530205010736,0.6497287940764268,0.19559914613206741,4.365320797078311,161,-0.24957435128373406,"[13.0, 24.0, 35.5, 47.5, 59.0, 70.5]","[15.5, 27.0, 38.5, 50.0, 61.5, 73.0]",0,0,2.6666666666666665,"[18.0, 29.5, 41.0, 52.5, 64.0, 76.0]","[20.5, 32.0, 43.5, 55.5, 67.0]",1,0,2.7
synthetic_single_4_0V,H1,1,False,0.0,F7B53418F5D25E4E98EC8FE696B3E5120F252B8C668C8217B861A283BF8833EA,0.0,single,4,0.839116013218902,0.6392439727461485,0.19222321845865678,4.365320797078311,161,-0.21363959933002202,"[13.0, 24.0, 35.5, 47.5, 59.0, 70.5]","[15.5, 27.0, 38.5, 50.0, 61.5, 73.0]",0,0,2.6666666666666665,"[18.0, 29.5, 41.0, 52.5, 64.0, 76.0]","[20.5, 32.0, 44.0, 55.5, 67.0]",1,0,2.8
synthetic_single_4_0V,H1,2,False,0.0,245CA61B5F231DB4661087CD32F6B40F0CF5A33D83DCEAC820B0DCD66BED4E1A,0.0,single,4,0.8389724664041489,0.6391968811970423,0.19219033500714752,4.365320797078311,161,-0.21224160920145688,"[13.0, 24.0, 35.5, 47.5, 59.0, 70.5]","[15.5, 27.0, 38.5, 50.0, 61.5, 73.0]",0,0,2.6666666666666665,"[18.0, 29.5, 41.0, 52.5, 64.0, 76.0]","[20.5, 32.0, 44.0, 55.5, 67.0]",1,0,2.8
synthetic_single_4_0V,G1,0,False,0.0,C8760E8BB760BEFA81F638F63970A35C14635B458DEB8589DD67402F1DB3AFB0,0.0,single,4,0.8412921084355279,0.6406990010097582,0.1927217145183467,4.365320797078311,161,-0.21662205552372574,"[13.0, 24.0, 35.5, 47.5, 59.0, 70.5]","[15.5, 27.0, 38.5, 50.0, 61.5, 73.0]",0,0,2.6666666666666665,"[18.0, 29.5, 41.0, 52.5, 64.0, 76.0]","[20.5, 32.0, 44.0, 55.5, 67.0]",1,0,2.8
synthetic_single_4_0V,G1,1,False,0.0,894B3463D1EA89EAD7336ABC0745AEF748BB494AB08634B7662AB97EB1D6E486,0.0,single,4,0.8591267143517568,0.6525541714214177,0.19680723463136232,4.365320797078311,161,-0.25996867734387324,"[13.0, 24.0, 35.5, 47.5, 59.0, 70.5]","[15.5, 27.0, 38.5, 50.0, 61.5, 73.0]",0,0,2.6666666666666665,"[18.0, 29.5, 41.0, 52.5, 64.0, 76.0]","[20.5, 32.0, 43.5, 55.5, 67.0]",1,0,2.7
synthetic_single_4_0V,G1,2,False,0.0,11A90ABE1031FDFD932037D1059C3C9A3729A0520393F5BDA51E4AF2B766E13A,0.0,single,4,0.8310253028077117,0.6361893131472364,0.19036981276700513,4.365320797078311,161,-0.17578803273132332,"[13.0, 24.0, 35.5, 47.5, 59.0, 70.5]","[15.5, 27.0, 38.5, 50.0, 61.5, 73.0]",0,0,2.6666666666666665,"[18.0, 29.5, 41.0, 52.5, 64.0, 76.0]","[20.5, 32.0, 44.0, 55.5, 67.0]",1,0,2.8
synthetic_single_4_0V,C,0,True,0.0001,0D03D7E1BAA8C1933C9380AF6072D7A2C335A33EC6FFC66B947097A3F91D176A,0.0,single,4,0.20777123586422416,0.174267962436582,0.047595868785470355,4.365320797078311,161,0.1614757597542354,"[13.0, 24.0, 35.5, 47.5, 59.0, 70.5]","[13.0, 24.5, 35.5, 47.0, 58.5, 70.5]",0,0,0.25,"[18.0, 29.5, 41.0, 52.5, 64.0, 76.0]","[17.0, 29.0, 41.0, 52.5, 64.0, 76.0]",0,0,0.25
synthetic_single_4_0V,C,1,True,0.0001,F644EA790CD13A38D227A5E9E7FD0B930454C573CFB78B97252A8902F3CEF93C,0.0,single,4,0.13889161283349094,0.10526745950757867,0.03181704605225129,4.365320797078311,161,-0.007336728112326532,"[13.0, 24.0, 35.5, 47.5, 59.0, 70.5]","[12.5, 24.0, 35.5, 47.0, 58.5, 70.5]",0,0,0.25,"[18.0, 29.5, 41.0, 52.5, 64.0, 76.0]","[17.0, 29.0, 41.0, 52.5, 64.0, 76.0]",0,0,0.25
synthetic_single_4_0V,C,2,True,0.0001,9ED7A8EF49C90B5C47704E5CA27F0811E0DF4F466E4525F5A4338796B02C3456,0.0,single,4,0.16362909262898787,0.13346849688509874,0.037483864356201275,4.365320797078311,161,0.10752826916089177,"[13.0, 24.0, 35.5, 47.5, 59.0, 70.5]","[12.5, 24.0, 35.5, 47.0, 58.5, 70.5]",0,0,0.25,"[18.0, 29.5, 41.0, 52.5, 64.0, 76.0]","[17.0, 29.0, 41.0, 52.5, 64.0, 76.0]",0,0,0.25
synthetic_single_4_4V,H1,0,False,0.0,29D50FC5B66A1F6F24A3521DED51D93A06D3020465D3AE45818DD9B04A77EFFB,4.0,single,4,0.501820140486631,0.3800096632587642,0.11527320996053447,4.353311065584421,161,0.07541212857214093,"[14.5, 25.5, 37.5, 49.0, 60.5, 72.0]","[16.0, 27.0, 38.5, 50.0, 62.0, 73.5]",0,0,1.3333333333333333,"[19.5, 31.0, 43.0, 54.5, 66.0, 78.0]","[20.5, 32.5, 44.0, 55.5, 67.5]",1,0,1.2
synthetic_single_4_4V,H1,1,False,0.0,F6ECBB93DDC3CFCE58AE80F69FFE6CA0E32B7EB97B9AF37979321DE2B2A80A7B,4.0,single,4,0.5018232201082194,0.3799982493705833,0.11527391738105693,4.353311065584421,161,0.07515607179139816,"[14.5, 25.5, 37.5, 49.0, 60.5, 72.0]","[16.0, 27.0, 38.5, 50.0, 62.0, 73.5]",0,0,1.3333333333333333,"[19.5, 31.0, 43.0, 54.5, 66.0, 78.0]","[20.5, 32.5, 44.0, 55.5, 67.5]",1,0,1.2
synthetic_single_4_4V,H1,2,False,0.0,03453FDCE0C443186708C3070530BB227F088D1E0CE4427D315478280E642A07,4.0,single,4,0.5012783225192528,0.3797371600338917,0.11514874884135057,4.353311065584421,161,0.0747732921946682,"[14.5, 25.5, 37.5, 49.0, 60.5, 72.0]","[16.0, 27.0, 38.5, 50.5, 62.0, 73.5]",0,0,1.4166666666666667,"[19.5, 31.0, 43.0, 54.5, 66.0, 78.0]","[20.5, 32.5, 44.0, 55.5, 67.5]",1,0,1.2
synthetic_single_4_4V,G1,0,False,0.0,58D93C698F51A49356AD63A90FAB030B06B1B59EC39B682003850D5AA8A1DA9A,4.0,single,4,0.5022023120225343,0.3803107116754564,0.11536099866438441,4.353311065584421,161,0.07569601790682023,"[14.5, 25.5, 37.5, 49.0, 60.5, 72.0]","[16.0, 27.0, 38.5, 50.0, 62.0, 73.5]",0,0,1.3333333333333333,"[19.5, 31.0, 43.0, 54.5, 66.0, 78.0]","[20.5, 32.5, 44.0, 55.5, 67.5]",1,0,1.2
synthetic_single_4_4V,G1,1,False,0.0,062323561DF21C8B66B36DCDB46954433CAA995AACE1930AD26F6C18399F5FAB,4.0,single,4,0.5026069074063303,0.3804700877798098,0.1154539383550476,4.353311065584421,161,0.0757310262641284,"[14.5, 25.5, 37.5, 49.0, 60.5, 72.0]","[16.0, 27.0, 38.5, 50.0, 62.0, 73.5]",0,0,1.3333333333333333,"[19.5, 31.0, 43.0, 54.5, 66.0, 78.0]","[20.5, 32.5, 44.0, 55.5, 67.5]",1,0,1.2
synthetic_single_4_4V,G1,2,False,0.0,3EBB570C7186FD31534CFDE721C7B3CB986064FB458B0785516A891BB8B9ACF0,4.0,single,4,0.5012663383874308,0.3795195558118505,0.11514599596391054,4.353311065584421,161,0.07649940412126643,"[14.5, 25.5, 37.5, 49.0, 60.5, 72.0]","[16.0, 27.0, 38.5, 50.5, 62.0, 73.5]",0,0,1.4166666666666667,"[19.5, 31.0, 43.0, 54.5, 66.0, 78.0]","[20.5, 32.5, 44.0, 55.5, 67.5]",1,0,1.2
synthetic_single_4_4V,C,0,True,0.0001,36F7BABF80DF9ECDD3A27DB4113FDEA97E7D4FA23C5AF6A21DDED2B5E67A868E,4.0,single,4,0.18278843170731673,0.14127450972545058,0.041988369072077286,4.353311065584421,161,0.06264225647330451,"[14.5, 25.5, 37.5, 49.0, 60.5, 72.0]","[14.5, 26.0, 37.5, 49.0, 60.5, 72.0]",0,0,0.08333333333333333,"[19.5, 31.0, 43.0, 54.5, 66.0, 78.0]","[19.5, 31.0, 43.0, 54.5, 66.0, 78.0]",0,0,0.0
synthetic_single_4_4V,C,1,True,0.0001,A04E5D2B366011E73EB0F7679376601B35139A2BF9C7128010E5F0683EA675A7,4.0,single,4,0.1826247532211752,0.14445487566755594,0.041950770452618295,4.353311065584421,161,0.06633838756522115,"[14.5, 25.5, 37.5, 49.0, 60.5, 72.0]","[14.5, 26.0, 37.5, 49.0, 60.5, 72.0]",0,0,0.08333333333333333,"[19.5, 31.0, 43.0, 54.5, 66.0, 78.0]","[7.5, 19.5, 31.0, 43.0, 54.5, 66.0]",1,1,0.0
synthetic_single_4_4V,C,2,True,0.0001,F9AA94FA52B86638E22ED995A552DCE4BF7831E31AE701C3235E900CBF6EE9D1,4.0,single,4,1.2434653450429078,0.9659365949869629,0.285636685802965,4.353311065584421,161,0.12669499267600684,"[14.5, 25.5, 37.5, 49.0, 60.5, 72.0]","[8.5, 20.0, 31.0, 42.5, 54.0, 65.5, 77.0]",6,7,,"[19.5, 31.0, 43.0, 54.5, 66.0, 78.0]","[13.0, 24.5, 36.0, 48.0, 59.5, 71.0]",6,6,
synthetic_single_4_6V,H1,0,False,0.0,BF095ED6A475E2E8E92E78A67FAD5E56F0AF59A6FDC5F95F0326F8CBE15E20FB,6.0,single,4,0.24934391688294408,0.18485197460852595,0.05647755904417533,4.414920210838318,161,0.09195909732330185,"[15.5, 26.5, 38.0, 50.0, 61.5, 73.0]","[15.0, 26.5, 38.0, 50.0, 61.5, 73.0]",0,0,0.08333333333333333,"[20.5, 32.0, 44.0, 55.5, 67.0]","[20.0, 32.0, 44.0, 55.5, 67.0]",0,0,0.1
synthetic_single_4_6V,H1,1,False,0.0,2488FF7D664B5DE92190FA3B78DF51E680BE67771165D30705B67E476FD34023,6.0,single,4,0.25282764178742306,0.1880883249941002,0.057266638968185436,4.414920210838318,161,0.05579736058776477,"[15.5, 26.5, 38.0, 50.0, 61.5, 73.0]","[15.0, 26.5, 38.0, 50.0, 61.5, 73.0]",0,0,0.08333333333333333,"[20.5, 32.0, 44.0, 55.5, 67.0]","[20.0, 32.0, 44.0, 55.5, 67.0]",0,0,0.1
synthetic_single_4_6V,H1,2,False,0.0,0A08EB3FAFB23D543C3C01D0F240E9CCDB2E060AA435D1288A09110189D29BF4,6.0,single,4,0.24934124329330845,0.18484964639060392,0.05647695346366471,4.414920210838318,161,0.09195986014041849,"[15.5, 26.5, 38.0, 50.0, 61.5, 73.0]","[15.0, 26.5, 38.0, 50.0, 61.5, 73.0]",0,0,0.08333333333333333,"[20.5, 32.0, 44.0, 55.5, 67.0]","[20.0, 32.0, 44.0, 55.5, 67.0]",0,0,0.1
synthetic_single_4_6V,G1,0,False,0.0,5E4E105FB550D89003B8BED890E9124AD5384528FC98B0038E4C79F8384C2B1D,6.0,single,4,0.2507147973946558,0.18541493917072688,0.056788069867982814,4.414920210838318,161,0.07615698386303855,"[15.5, 26.5, 38.0, 50.0, 61.5, 73.0]","[15.0, 26.5, 38.0, 50.0, 61.5, 73.0]",0,0,0.08333333333333333,"[20.5, 32.0, 44.0, 55.5, 67.0]","[20.0, 32.0, 44.0, 55.5, 67.0]",0,0,0.1
synthetic_single_4_6V,G1,1,False,0.0,10FAD276DF3865C22F2783A2BF1E715B831668AFB8E50902CC9F930634C56DE3,6.0,single,4,0.2505873093098521,0.18532961566073117,0.05675919322271735,4.414920210838318,161,0.07649539724848474,"[15.5, 26.5, 38.0, 50.0, 61.5, 73.0]","[15.0, 26.5, 38.0, 50.0, 61.5, 73.0]",0,0,0.08333333333333333,"[20.5, 32.0, 44.0, 55.5, 67.0]","[20.0, 32.0, 44.0, 55.5, 67.0]",0,0,0.1
synthetic_single_4_6V,G1,2,False,0.0,91F4CEB75CABDF185179FA703D002D6D945C75A2F415AA6A850F2211583B533E,6.0,single,4,0.28400822439940177,0.2092368289941738,0.0643291862222519,4.414920210838318,161,0.01728817989543502,"[15.5, 26.5, 38.0, 50.0, 61.5, 73.0]","[15.0, 26.5, 38.0, 50.0, 61.5, 73.0]",0,0,0.08333333333333333,"[20.5, 32.0, 44.0, 55.5, 67.0]","[20.0, 32.0, 44.0, 55.5, 67.0]",0,0,0.1
synthetic_single_4_6V,C,0,True,0.0001,C76508BF38B709B1BBEE4FEADDC31EDACD097196F0093CAB0AAEEDD97766052C,6.0,single,4,0.23726592058499382,0.17527058664437953,0.053741836602736945,4.414920210838318,161,0.045399386199483714,"[15.5, 26.5, 38.0, 50.0, 61.5, 73.0]","[4.0, 15.5, 27.0, 38.5, 50.0, 61.5, 73.0]",0,1,0.16666666666666666,"[20.5, 32.0, 44.0, 55.5, 67.0]","[9.0, 20.5, 32.0, 44.0, 55.5, 67.0]",0,1,0.0
synthetic_single_4_6V,C,1,True,0.0001,684E4077606A7996FA1AD3F1FE8A0736CDDD5936E435440DBD958727495AFD03,6.0,single,4,0.23519535465877298,0.17402719010950485,0.053272843772212454,4.414920210838318,161,0.041782957002135156,"[15.5, 26.5, 38.0, 50.0, 61.5, 73.0]","[4.0, 15.5, 27.0, 38.5, 50.0, 61.5, 73.0]",0,1,0.16666666666666666,"[20.5, 32.0, 44.0, 55.5, 67.0]","[9.0, 20.5, 32.0, 44.0, 55.5, 67.0]",0,1,0.0
synthetic_single_4_6V,C,2,True,0.0001,2E5E0A3D787FB225506C9C87AD90CE5D83CBE137E5572F158930EA4E01738E47,6.0,single,4,0.23729926836261156,0.17247974455134085,0.053749390029758315,4.414920210838318,161,0.033973264452204194,"[15.5, 26.5, 38.0, 50.0, 61.5, 73.0]","[15.5, 27.0, 38.5, 50.0, 61.5, 73.0]",0,0,0.16666666666666666,"[20.5, 32.0, 44.0, 55.5, 67.0]","[20.5, 32.0, 44.0, 55.5, 67.0]",0,0,0.0
synthetic_single_4_8V,H1,0,False,0.0,DFD3E6C41A0BF3A8FA96F8B6A93578A749B91DA47674CFE41666C0203F0D43EA,8.0,single,4,0.761860390824103,0.5297418664839184,0.17406859326394047,4.376782603561878,161,-0.14967913667654115,"[16.0, 27.5, 39.0, 50.5, 62.5, 74.0]","[14.5, 26.0, 37.5, 49.0, 60.5, 72.5]",0,0,1.5833333333333333,"[21.5, 33.0, 45.0, 56.5, 68.0]","[20.0, 31.5, 43.0, 54.5, 66.0]",0,0,1.8
synthetic_single_4_8V,H1,1,False,0.0,CC5C0679CCF37B36E9311CE5965BBFAE07F27D85DB447E159918A7519A343E14,8.0,single,4,0.7622212877482739,0.5300076426422542,0.17415105039212345,4.376782603561878,161,-0.1479154749600857,"[16.0, 27.5, 39.0, 50.5, 62.5, 74.0]","[14.5, 26.0, 37.5, 49.0, 60.5, 72.5]",0,0,1.5833333333333333,"[21.5, 33.0, 45.0, 56.5, 68.0]","[20.0, 31.5, 43.0, 54.5, 66.0]",0,0,1.8
synthetic_single_4_8V,H1,2,False,0.0,089BA6B3B620351FEEF4323156595F25A0B0D962F1EFD63DD16761A910CAE78F,8.0,single,4,0.7593458747253863,0.5271697231166845,0.17349408081347734,4.376782603561878,161,-0.15767144562759167,"[16.0, 27.5, 39.0, 50.5, 62.5, 74.0]","[14.5, 26.0, 37.5, 49.0, 60.5, 72.5]",0,0,1.5833333333333333,"[21.5, 33.0, 45.0, 56.5, 68.0]","[20.0, 31.5, 43.0, 54.5, 66.0]",0,0,1.8
synthetic_single_4_8V,G1,0,False,0.0,428D8F7D3EFDCE82180B6BCF28E5259AC09AFA3CF80C3B9A00B6DF107E68639B,8.0,single,4,0.7643129354921729,0.5247953707194462,0.17462894658513903,4.376782603561878,161,-0.17340490374678766,"[16.0, 27.5, 39.0, 50.5, 62.5, 74.0]","[14.5, 26.0, 37.5, 49.0, 61.0, 72.5]",0,0,1.5,"[21.5, 33.0, 45.0, 56.5, 68.0]","[20.0, 31.5, 43.0, 54.5, 66.0]",0,0,1.8
synthetic_single_4_8V,G1,1,False,0.0,3E40A01269D1EC851BD695682345229C31D78BF6569847091A963DAAAC5F613E,8.0,single,4,0.764770976444103,0.5253744343750549,0.17473359901899702,4.376782603561878,161,-0.17249705878459531,"[16.0, 27.5, 39.0, 50.5, 62.5, 74.0]","[14.5, 26.0, 37.5, 49.0, 61.0, 72.5]",0,0,1.5,"[21.5, 33.0, 45.0, 56.5, 68.0]","[20.0, 31.5, 43.0, 54.5, 66.0]",0,0,1.8
synthetic_single_4_8V,G1,2,False,0.0,921D7690232C1F8AACC0B7D552BF470042F93FA5794885D8706CC55532D2AAF2,8.0,single,4,0.8060158702468534,0.6141672877428164,0.18415716366421947,4.376782603561878,161,-0.10622747472072626,"[16.0, 27.5, 39.0, 50.5, 62.5, 74.0]","[13.0, 24.5, 36.5, 48.5, 60.5, 72.5]",0,0,2.3333333333333335,"[21.5, 33.0, 45.0, 56.5, 68.0]","[18.0, 30.0, 42.5, 54.5, 66.5]",1,1,2.25
synthetic_single_4_8V,C,0,True,0.0001,F32EBAC5E2FDDB03B05685A1D14E97120B892894D9ED41DAD4BFDB902975596C,8.0,single,4,0.3549527147767099,0.29046739257808346,0.08109900512030119,4.376782603561878,161,0.027927683737009518,"[16.0, 27.5, 39.0, 50.5, 62.5, 74.0]","[13.5, 26.0, 38.5, 50.5, 62.0, 74.0]",0,0,0.8333333333333334,"[21.5, 33.0, 45.0, 56.5, 68.0]","[19.0, 31.5, 44.5, 56.5, 68.0]",0,0,0.9
synthetic_single_4_8V,C,1,True,0.0001,0432C6C9BBA9C7F56BE010ED091B3ECA06E329954D597653410DA6E81B7FDEA7,8.0,single,4,0.27948794885704087,0.20820402670930377,0.06385694108489423,4.376782603561878,161,0.07065388536146207,"[16.0, 27.5, 39.0, 50.5, 62.5, 74.0]","[5.0, 16.0, 27.5, 39.0, 50.5, 62.5, 74.0]",0,1,0.0,"[21.5, 33.0, 45.0, 56.5, 68.0]","[9.5, 21.5, 33.0, 45.0, 56.5, 68.0]",0,1,0.0
synthetic_single_4_8V,C,2,True,0.0001,6CD46611C6E57F71418D0175D11F63ACACDE0ABA66E91D2CA3C4DAC5E536C6C2,8.0,single,4,0.3548097064356138,0.290342997985243,0.08106633081269914,4.376782603561878,161,0.027895206145138643,"[16.0, 27.5, 39.0, 50.5, 62.5, 74.0]","[13.5, 26.0, 38.5, 50.5, 62.0, 74.0]",0,0,0.8333333333333334,"[21.5, 33.0, 45.0, 56.5, 68.0]","[19.0, 31.5, 44.5, 56.5, 68.0]",0,0,0.9
synthetic_gaussian_0_0V,H1,0,False,0.0,08D72AA1001A3C37DD5B7021030EE31E25FBAE374DFA77E2AEAFBB6FABF99247,0.0,gaussian,0,0.727884004234063,0.5717583225616071,0.18148320766602485,4.010751262307167,161,-0.14898946694319926,"[12.0, 24.0, 35.5, 47.0, 59.0, 70.5]","[15.5, 27.0, 38.5, 50.0, 61.5, 73.5]",1,1,2.9,"[17.5, 29.5, 41.0, 52.5, 64.5, 76.0]","[20.5, 32.0, 44.0, 55.5, 67.0]",1,0,2.8
synthetic_gaussian_0_0V,H1,1,False,0.0,85BFD9D5F4B2E03DAC0B88C3AF4FC0400FD8A4E8CB0FAB785587E77EBB6EEEA1,0.0,gaussian,0,0.7295776493863424,0.5735674152940569,0.18190548395331205,4.010751262307167,161,-0.13721976897780336,"[12.0, 24.0, 35.5, 47.0, 59.0, 70.5]","[15.5, 27.0, 38.5, 50.0, 61.5, 73.5]",1,1,2.9,"[17.5, 29.5, 41.0, 52.5, 64.5, 76.0]","[20.5, 32.0, 44.0, 55.5, 67.0]",1,0,2.8
synthetic_gaussian_0_0V,H1,2,False,0.0,88132175029E77E41A4A973DF1D3E32CE24B166D5F4F761AEC2C4F6EBE75A88F,0.0,gaussian,0,0.7279965972786345,0.574412930896095,0.18151128047264084,4.010751262307167,161,-0.14127314818638534,"[12.0, 24.0, 35.5, 47.0, 59.0, 70.5]","[15.5, 27.0, 38.5, 50.0, 61.5, 73.5]",1,1,2.9,"[17.5, 29.5, 41.0, 52.5, 64.5, 76.0]","[20.5, 32.0, 44.0, 55.5, 67.0]",1,0,2.8
synthetic_gaussian_0_0V,G1,0,False,0.0,BAD423474D5A7B6584B56AD05BC8E8955A4DF9427DAA88F88B45F379489B63D1,0.0,gaussian,0,0.7348083565348066,0.5769176298647908,0.1832096553681844,4.010751262307167,161,-0.15577290841164193,"[12.0, 24.0, 35.5, 47.0, 59.0, 70.5]","[15.5, 27.0, 38.5, 50.0, 61.5, 73.5]",1,1,2.9,"[17.5, 29.5, 41.0, 52.5, 64.5, 76.0]","[20.5, 32.0, 44.0, 55.5, 67.0]",1,0,2.8
synthetic_gaussian_0_0V,G1,1,False,0.0,544BAEEEE91DDF7705CAF267D800EA32CFE4619D85D4A8376A58A5D0B0A8C2AF,0.0,gaussian,0,0.734802288048011,0.5769112927659564,0.18320814231329796,4.010751262307167,161,-0.15577811914422474,"[12.0, 24.0, 35.5, 47.0, 59.0, 70.5]","[15.5, 27.0, 38.5, 50.0, 61.5, 73.5]",1,1,2.9,"[17.5, 29.5, 41.0, 52.5, 64.5, 76.0]","[20.5, 32.0, 44.0, 55.5, 67.0]",1,0,2.8
synthetic_gaussian_0_0V,G1,2,False,0.0,D7B07AFE0463AAFE4E2E8354A41C214F86BCA1B9BCF49AE744530143AEB26050,0.0,gaussian,0,0.7339293333882116,0.5782291743405821,0.18299048866122453,4.010751262307167,161,-0.13460817527428165,"[12.0, 24.0, 35.5, 47.0, 59.0, 70.5]","[15.5, 27.0, 38.5, 50.0, 61.5, 73.5]",1,1,2.9,"[17.5, 29.5, 41.0, 52.5, 64.5, 76.0]","[20.5, 32.0, 44.0, 55.5, 67.0]",1,0,2.8
synthetic_gaussian_0_0V,C,0,True,0.0001,D5E3E68E9CDAE4A0918C402CA6938171F007BAB5B3D9A64112CA73DF9586BB89,0.0,gaussian,0,0.1823619076836415,0.1555555105506122,0.04546826660567791,4.010751262307167,161,0.152123761416522,"[12.0, 24.0, 35.5, 47.0, 59.0, 70.5]","[13.0, 24.5, 36.0, 47.0, 59.0, 70.5]",0,0,0.3333333333333333,"[17.5, 29.5, 41.0, 52.5, 64.5, 76.0]","[17.5, 29.0, 41.0, 52.5, 64.5, 76.0]",0,0,0.08333333333333333
synthetic_gaussian_0_0V,C,1,True,0.0001,49085C441849E6AA58E7DCE674EF34C078015CCBDEAEB57A333D710EB85AB8D5,0.0,gaussian,0,0.12144269950986784,0.09108803918187566,0.030279289730874126,4.010751262307167,161,0.065466395915312,"[12.0, 24.0, 35.5, 47.0, 59.0, 70.5]","[13.0, 24.5, 36.0, 47.0, 59.0, 70.5]",0,0,0.3333333333333333,"[17.5, 29.5, 41.0, 52.5, 64.5, 76.0]","[17.0, 29.0, 41.0, 52.5, 64.5, 76.0]",0,0,0.16666666666666666
synthetic_gaussian_0_0V,C,2,True,0.0001,6393A559F038B561B487F5EC22B3FE462759EA6CB0147AC034AF6E018AB6CD50,0.0,gaussian,0,0.09567480414385507,0.07735454640121013,0.02385458431267028,4.010751262307167,161,0.030387150584843023,"[12.0, 24.0, 35.5, 47.0, 59.0, 70.5]","[13.0, 24.5, 35.5, 47.0, 59.0, 70.5]",0,0,0.25,"[17.5, 29.5, 41.0, 52.5, 64.5, 76.0]","[17.5, 29.0, 41.0, 52.5, 64.5, 76.0]",0,0,0.08333333333333333
synthetic_gaussian_0_4V,H1,0,False,0.0,1BEF87DF2E04144262FFA7A44A54A28AECC16B0E130C97F3A77405B50671EFE3,4.0,gaussian,0,0.45335572699885623,0.34846371249985314,0.11337545196348386,3.9987115301191807,161,0.06226376258448018,"[14.5, 26.0, 37.5, 49.0, 60.5, 72.0]","[15.5, 27.0, 38.5, 50.5, 62.0, 73.5]",0,0,1.25,"[19.5, 31.0, 43.0, 54.5, 66.5, 78.0]","[20.5, 32.5, 44.0, 56.0, 67.5]",1,0,1.2
synthetic_gaussian_0_4V,H1,1,False,0.0,9D760FF89D9CB30DF4E099E8C4830EF8D0FF2D4C754ED769533BD4FB8FDE96F9,4.0,gaussian,0,0.4538082103069696,0.3485977325175496,0.113488609240448,3.9987115301191807,161,0.06299185348083838,"[14.5, 26.0, 37.5, 49.0, 60.5, 72.0]","[15.5, 27.0, 38.5, 50.5, 62.0, 73.5]",0,0,1.25,"[19.5, 31.0, 43.0, 54.5, 66.5, 78.0]","[20.5, 32.5, 44.0, 56.0, 67.5]",1,0,1.2
synthetic_gaussian_0_4V,H1,2,False,0.0,D0B56BC3CEDC6BD2F1895D8881020AF1C750785BD4C3DB5F9BCBE1F0A9A3AD86,4.0,gaussian,0,0.450695648458413,0.3470425435688633,0.11271021804490611,3.9987115301191807,161,0.04971805594929477,"[14.5, 26.0, 37.5, 49.0, 60.5, 72.0]","[15.5, 27.0, 38.5, 50.5, 62.0, 73.5]",0,0,1.25,"[19.5, 31.0, 43.0, 54.5, 66.5, 78.0]","[20.5, 32.5, 44.0, 56.0, 67.5]",1,0,1.2
synthetic_gaussian_0_4V,G1,0,False,0.0,6C13D0CA2841CB31DCCCCB5365E42D947CF2E106F466C0FB87270DF74AB5433E,4.0,gaussian,0,0.4537545648363923,0.34877324987220765,0.11347519355137585,3.9987115301191807,161,0.06233778390092166,"[14.5, 26.0, 37.5, 49.0, 60.5, 72.0]","[15.5, 27.0, 38.5, 50.5, 62.0, 73.5]",0,0,1.25,"[19.5, 31.0, 43.0, 54.5, 66.5, 78.0]","[20.5, 32.5, 44.0, 56.0, 67.5]",1,0,1.2
synthetic_gaussian_0_4V,G1,1,False,0.0,6CB5DF31AF100E69A77387DEB55218F30AA4EDAE893B535849F349F4A727BCC4,4.0,gaussian,0,0.4537527595012692,0.3487665073907924,0.11347474207216574,3.9987115301191807,161,0.06210567773954224,"[14.5, 26.0, 37.5, 49.0, 60.5, 72.0]","[15.5, 27.0, 38.5, 50.5, 62.0, 73.5]",0,0,1.25,"[19.5, 31.0, 43.0, 54.5, 66.5, 78.0]","[20.5, 32.5, 44.0, 56.0, 67.5]",1,0,1.2
synthetic_gaussian_0_4V,G1,2,False,0.0,8CD7CA37DF4AB57690BD57204E5DDC7D5F94014B18369D22D2553A52661C17B6,4.0,gaussian,0,0.45067716898902116,0.34695237485794916,0.11270559668893866,3.9987115301191807,161,0.04947601850010145,"[14.5, 26.0, 37.5, 49.0, 60.5, 72.0]","[15.5, 27.0, 38.5, 50.5, 62.0, 73.5]",0,0,1.25,"[19.5, 31.0, 43.0, 54.5, 66.5, 78.0]","[20.5, 32.5, 44.0, 56.0, 67.5]",1,0,1.2
synthetic_gaussian_0_4V,C,0,True,0.0001,9226CAF6A34988F555749AB136F4B01CD9AB35F25A7F842F04B4C8C5DD4519A5,4.0,gaussian,0,0.16307719443905755,0.13887441149356078,0.040782435344666405,3.9987115301191807,161,0.11472058753934865,"[14.5, 26.0, 37.5, 49.0, 60.5, 72.0]","[14.5, 26.0, 37.5, 49.0, 60.5, 72.0]",0,0,0.0,"[19.5, 31.0, 43.0, 54.5, 66.5, 78.0]","[19.5, 31.0, 43.0, 54.5, 66.0, 78.0]",0,0,0.08333333333333333
synthetic_gaussian_0_4V,C,1,True,0.0001,D557B4CD0993163E996418F20B148E17D2D2D44051F4DA2F02F0E1765FCFBC36,4.0,gaussian,0,0.16613483404916504,0.13971580398329855,0.04154709155631775,3.9987115301191807,161,0.11569785543363363,"[14.5, 26.0, 37.5, 49.0, 60.5, 72.0]","[14.5, 26.0, 37.5, 49.0, 60.5, 72.0]",0,0,0.0,"[19.5, 31.0, 43.0, 54.5, 66.5, 78.0]","[7.5, 19.5, 31.0, 43.0, 54.5, 66.0, 78.0]",0,1,0.08333333333333333
synthetic_gaussian_0_4V,C,2,True,0.0001,E86DC9A2079167857824E9BEB15E3E8BC49999EF48063487EFB630EE13F7AC22,4.0,gaussian,0,1.153384603197414,0.906729680378085,0.28843906206033265,3.9987115301191807,161,0.1659971494319315,"[14.5, 26.0, 37.5, 49.0, 60.5, 72.0]","[8.0, 19.5, 31.0, 42.5, 54.0, 65.5, 77.0]",6,7,,"[19.5, 31.0, 43.0, 54.5, 66.5, 78.0]","[12.5, 24.5, 36.0, 48.0, 59.5, 71.0]",6,6,
synthetic_gaussian_0_6V,H1,0,False,0.0,716CC1F530D9C4CE45347DDB3ADFD2B986555BC07AC81450F728FCB867C2F095,6.0,gaussian,0,0.25891138323226887,0.1978166961711377,0.06566504997806388,3.9429100155830383,161,0.07541928071033951,"[4.5, 15.5, 26.5, 38.0, 50.0, 61.5, 73.0]","[15.5, 27.0, 38.5, 50.0, 61.5, 73.5]",1,0,0.25,"[8.5, 20.5, 32.0, 44.0, 55.5, 67.0]","[20.5, 32.0, 44.0, 55.5, 67.5]",1,0,0.1
synthetic_gaussian_0_6V,H1,1,False,0.0,C0BDF5366B60AEEBCCD77DF745EA325BA015CFC26631558AC8D8E698F625A399,6.0,gaussian,0,0.260517720911374,0.19901768686048896,0.06607244899877615,3.9429100155830383,161,0.08078185684658928,"[4.5, 15.5, 26.5, 38.0, 50.0, 61.5, 73.0]","[15.5, 27.0, 38.5, 50.0, 61.5, 73.5]",1,0,0.25,"[8.5, 20.5, 32.0, 44.0, 55.5, 67.0]","[20.5, 32.0, 44.0, 55.5, 67.5]",1,0,0.1
synthetic_gaussian_0_6V,H1,2,False,0.0,64AB031D83900CFF187A08393519FC7BFDDD22E8505037B272A9108A30D0378F,6.0,gaussian,0,0.2546689165620336,0.19039255369060865,0.06458907648298834,3.9429100155830383,161,0.05999450954677533,"[4.5, 15.5, 26.5, 38.0, 50.0, 61.5, 73.0]","[15.5, 27.0, 38.5, 50.0, 61.5, 73.5]",1,0,0.25,"[8.5, 20.5, 32.0, 44.0, 55.5, 67.0]","[20.5, 32.0, 44.0, 55.5, 67.5]",1,0,0.1
synthetic_gaussian_0_6V,G1,0,False,0.0,1A0CD622678B0F05529B1430A935256B1D7D2F0D7DF04263F136269EEEB4F72B,6.0,gaussian,0,0.26032814884227073,0.19889043799402492,0.06602436977090789,3.9429100155830383,161,0.08011693950373942,"[4.5, 15.5, 26.5, 38.0, 50.0, 61.5, 73.0]","[15.5, 27.0, 38.5, 50.0, 61.5, 73.5]",1,0,0.25,"[8.5, 20.5, 32.0, 44.0, 55.5, 67.0]","[20.5, 32.0, 44.0, 55.5, 67.5]",1,0,0.1
synthetic_gaussian_0_6V,G1,1,False,0.0,0B8E9885A83CA22D84534F620796376413ABBD54EC2FA6F64B94C27675AE739E,6.0,gaussian,0,0.260448028311317,0.19886304452147632,0.0660547735763644,3.9429100155830383,161,0.08049233304172347,"[4.5, 15.5, 26.5, 38.0, 50.0, 61.5, 73.0]","[15.5, 27.0, 38.5, 50.0, 61.5, 73.5]",1,0,0.25,"[8.5, 20.5, 32.0, 44.0, 55.5, 67.0]","[20.5, 32.0, 44.0, 55.5, 67.5]",1,0,0.1
synthetic_gaussian_0_6V,G1,2,False,0.0,714A86A7B4A35D50C99FDFD8560AFD1E2A5D02BA4A5E6C293DEAE69FF9ACCCB8,6.0,gaussian,0,0.2604490719071238,0.19893565171356942,0.06605503825291108,3.9429100155830383,161,0.0805950794053071,"[4.5, 15.5, 26.5, 38.0, 50.0, 61.5, 73.0]","[15.5, 27.0, 38.5, 50.0, 61.5, 73.5]",1,0,0.25,"[8.5, 20.5, 32.0, 44.0, 55.5, 67.0]","[20.5, 32.0, 44.0, 55.5, 67.5]",1,0,0.1
synthetic_gaussian_0_6V,C,0,True,0.0001,DEB22EA1DACFC7D03DC7564E080C38CF8B85F4FF6604135E5C1857275EC31F51,6.0,gaussian,0,0.17876097808950564,0.14172039503360287,0.04533732126348621,3.9429100155830383,161,0.07927049625461469,"[4.5, 15.5, 26.5, 38.0, 50.0, 61.5, 73.0]","[15.5, 26.5, 38.0, 50.0, 61.5, 73.0]",1,0,0.0,"[8.5, 20.5, 32.0, 44.0, 55.5, 67.0]","[20.5, 32.0, 44.0, 55.5, 67.0]",1,0,0.0
synthetic_gaussian_0_6V,C,1,True,0.0001,73BCEF80134F971A2426E8C1C279EA7AEE71880B47416AB29D141E6757F936E5,6.0,gaussian,0,0.18312833428753925,0.14834118977570976,0.046444969214053965,3.9429100155830383,161,0.08355189076411508,"[4.5, 15.5, 26.5, 38.0, 50.0, 61.5, 73.0]","[4.0, 15.0, 26.5, 38.0, 50.0, 61.5, 73.0]",0,0,0.14285714285714285,"[8.5, 20.5, 32.0, 44.0, 55.5, 67.0]","[8.5, 20.5, 32.0, 44.0, 55.5, 67.0]",0,0,0.0
synthetic_gaussian_0_6V,C,2,True,0.0001,D4F773B7D2E24DEEF1B157A543EF8203581F1CC47BFF31BA8C2BE82381411D46,6.0,gaussian,0,0.8235233893278594,0.6554955487624732,0.20886182694333819,3.9429100155830383,161,0.10172669766836248,"[4.5, 15.5, 26.5, 38.0, 50.0, 61.5, 73.0]","[19.0, 30.5, 41.0, 52.5, 64.5, 75.5]",3,2,2.75,"[8.5, 20.5, 32.0, 44.0, 55.5, 67.0]","[23.5, 35.0, 46.5, 58.0, 70.0]",1,0,2.8
synthetic_gaussian_0_8V,H1,0,False,0.0,2B886CC752C2F605EE2A63E86A6589D3910787AD3B2445202EE2079D10C48BC0,8.0,gaussian,0,0.6902371595258959,0.48402088894098305,0.18142407582151782,3.8045510575175285,161,-0.15476874988723402,"[16.0, 27.5, 39.0, 50.5, 62.5, 74.0]","[14.5, 26.0, 37.5, 49.0, 61.0, 72.5]",0,0,1.5,"[21.5, 33.0, 45.0, 56.5, 68.0]","[20.0, 31.5, 43.0, 55.0, 66.5]",0,0,1.6
synthetic_gaussian_0_8V,H1,1,False,0.0,83370E819CFF113B6CA234F5C4F2F97F0B49C2DD2946E47853BC7C7C488AAACF,8.0,gaussian,0,0.6915982253666898,0.486227614823959,0.181781822588539,3.8045510575175285,161,-0.14701919946318392,"[16.0, 27.5, 39.0, 50.5, 62.5, 74.0]","[14.5, 26.0, 37.5, 49.0, 61.0, 72.5]",0,0,1.5,"[21.5, 33.0, 45.0, 56.5, 68.0]","[20.0, 31.5, 43.0, 55.0, 66.5]",0,0,1.6
synthetic_gaussian_0_8V,H1,2,False,0.0,F778B981D85EEA2CC2379F64DE4C86282982771A320FBFC31769154F6D75644D,8.0,gaussian,0,0.6912304993252485,0.48287734002607635,0.1816851683352823,3.8045510575175285,161,-0.15923194063559917,"[16.0, 27.5, 39.0, 50.5, 62.5, 74.0]","[14.5, 26.0, 37.5, 49.0, 61.0, 72.5]",0,0,1.5,"[21.5, 33.0, 45.0, 56.5, 68.0]","[20.0, 31.5, 43.0, 55.0, 66.5]",0,0,1.6
synthetic_gaussian_0_8V,G1,0,False,0.0,213E608EE7F829096737E954BCDC660549EA6A424ABE6415FE3C6ED31639ACD8,8.0,gaussian,0,0.6922166754325052,0.4826184406751679,0.1819443779219977,3.8045510575175285,161,-0.1613203804925726,"[16.0, 27.5, 39.0, 50.5, 62.5, 74.0]","[14.5, 26.0, 37.5, 49.0, 61.0, 72.5]",0,0,1.5,"[21.5, 33.0, 45.0, 56.5, 68.0]","[20.0, 31.5, 43.0, 55.0, 66.5]",0,0,1.6
synthetic_gaussian_0_8V,G1,1,False,0.0,780F75B1F82660DA6D99CBE77D0D7A4D5F6EA944B5BB2794FCE55E262C59CEEA,8.0,gaussian,0,0.691717752580451,0.4856167473977841,0.18181323949212477,3.8045510575175285,161,-0.14806703951183686,"[16.0, 27.5, 39.0, 50.5, 62.5, 74.0]","[14.5, 26.0, 37.5, 49.0, 61.0, 72.5]",0,0,1.5,"[21.5, 33.0, 45.0, 56.5, 68.0]","[20.0, 31.5, 43.0, 55.0, 66.5]",0,0,1.6
synthetic_gaussian_0_8V,G1,2,False,0.0,688EE99F2C23E9D4726E31C437B73F834BED979F381D8913AB788792C041B112,8.0,gaussian,0,0.6906725602880763,0.48214744949164134,0.18153851790827077,3.8045510575175285,161,-0.1594298440253325,"[16.0, 27.5, 39.0, 50.5, 62.5, 74.0]","[14.5, 26.0, 37.5, 49.0, 61.0, 72.5]",0,0,1.5,"[21.5, 33.0, 45.0, 56.5, 68.0]","[20.0, 31.5, 43.5, 55.0, 66.5]",0,0,1.5
synthetic_gaussian_0_8V,C,0,True,0.0001,123A2E8D4FBA8A936CB11C6BFE83E5787F488794B69D7B805A57BF8B775AA2C0,8.0,gaussian,0,0.23670844572354838,0.1712516965522688,0.06221718203934441,3.8045510575175285,161,-0.0015781998331394777,"[16.0, 27.5, 39.0, 50.5, 62.5, 74.0]","[4.5, 16.0, 27.5, 39.0, 50.5, 62.5, 74.0]",0,1,0.0,"[21.5, 33.0, 45.0, 56.5, 68.0]","[9.5, 21.5, 33.0, 45.0, 56.5, 68.0]",0,1,0.0
synthetic_gaussian_0_8V,C,1,True,0.0001,1C0003724D5B7BCDB2647E0756985C64CAE7958D5503D9A143275E4E7ADED585,8.0,gaussian,0,0.22811254248631666,0.15159934311972995,0.05995780817176369,3.8045510575175285,161,-0.03616291112657432,"[16.0, 27.5, 39.0, 50.5, 62.5, 74.0]","[4.5, 16.0, 27.5, 39.0, 50.5, 62.5, 74.0]",0,1,0.0,"[21.5, 33.0, 45.0, 56.5, 68.0]","[10.0, 21.5, 33.0, 45.0, 56.5, 68.0]",0,1,0.0
synthetic_gaussian_0_8V,C,2,True,0.0001,4B3773B2AF20214A5DB4DC85FB4C5A8343D0E00F6096BE7BA2FE3EE4DAB46510,8.0,gaussian,0,0.2322731639281102,0.16638747606958273,0.061051398815940336,3.8045510575175285,161,-0.00038543198315804764,"[16.0, 27.5, 39.0, 50.5, 62.5, 74.0]","[4.5, 16.0, 27.5, 39.0, 50.5, 62.5, 74.0]",0,1,0.0,"[21.5, 33.0, 45.0, 56.5, 68.0]","[9.5, 21.5, 33.0, 45.0, 56.5, 68.0]",0,1,0.0
synthetic_gaussian_1_0V,H1,0,False,0.0,14CFA7DC9E89B5736826FB0571A107F458D87CF39A67DF1D1A3F10BBDEB877BC,0.0,gaussian,1,0.72600309416599,0.5732598019677125,0.17798370520365747,4.079042479395866,161,-0.08830754633423163,"[12.5, 24.5, 36.0, 47.0, 59.0, 70.5]","[15.5, 27.0, 38.5, 50.0, 62.0, 73.5]",0,0,2.8333333333333335,"[17.5, 29.0, 41.0, 52.5, 64.5, 76.0]","[20.5, 32.0, 44.0, 55.5, 67.5]",1,0,3.0
synthetic_gaussian_1_0V,H1,1,False,0.0,9ED93554714D542A0077A4DBE33EF112CD09586B2B41793EDF7AA6764CB128CE,0.0,gaussian,1,0.725348369961527,0.5720619157124505,0.17782319591556595,4.079042479395866,161,-0.09521616705839477,"[12.5, 24.5, 36.0, 47.0, 59.0, 70.5]","[15.5, 27.0, 38.5, 50.0, 62.0, 73.5]",0,0,2.8333333333333335,"[17.5, 29.0, 41.0, 52.5, 64.5, 76.0]","[20.5, 32.0, 44.0, 55.5, 67.5]",1,0,3.0
synthetic_gaussian_1_0V,H1,2,False,0.0,C07F96483D4989A467AEE0F745AD14C043DFBF911C5D9EB0DE70F8D8F94E0326,0.0,gaussian,1,0.7257744944856301,0.5698669024021409,0.17792766271782545,4.079042479395866,161,-0.08756960847672147,"[12.5, 24.5, 36.0, 47.0, 59.0, 70.5]","[15.5, 27.0, 38.5, 50.0, 62.0, 73.5]",0,0,2.8333333333333335,"[17.5, 29.0, 41.0, 52.5, 64.5, 76.0]","[20.5, 32.0, 44.0, 55.5, 67.0]",1,0,2.9
synthetic_gaussian_1_0V,G1,0,False,0.0,B90D83359B2A198B01B51F5BD9F63742295C6234096955636352EC3603CCF22B,0.0,gaussian,1,0.7327126380089091,0.57833705365722,0.17962858727507755,4.079042479395866,161,-0.093338350703861,"[12.5, 24.5, 36.0, 47.0, 59.0, 70.5]","[15.5, 27.0, 38.5, 50.0, 61.5, 73.5]",0,0,2.75,"[17.5, 29.0, 41.0, 52.5, 64.5, 76.0]","[20.5, 32.0, 44.0, 55.5, 67.5]",1,0,3.0
synthetic_gaussian_1_0V,G1,1,False,0.0,5935C7AC1E0064FD1D0F2CA0D385DD38CAA0795CEBFC2D1B69FF215B14FFF4E0,0.0,gaussian,1,0.7284372451656771,0.5755806397930682,0.17858045088894578,4.079042479395866,161,-0.06468247399039169,"[12.5, 24.5, 36.0, 47.0, 59.0, 70.5]","[15.5, 27.0, 38.5, 50.0, 61.5, 73.5]",0,0,2.75,"[17.5, 29.0, 41.0, 52.5, 64.5, 76.0]","[20.5, 32.0, 44.0, 55.5, 67.5]",1,0,3.0
synthetic_gaussian_1_0V,G1,2,False,0.0,37BA57B6E741E8E5BD74386F56453DF5DCB1B6BB22D4F9B2CB2B0EAB39B07EC4,0.0,gaussian,1,0.7284440521332467,0.5755872357597166,0.17858211965498683,4.079042479395866,161,-0.06468504258271662,"[12.5, 24.5, 36.0, 47.0, 59.0, 70.5]","[15.5, 27.0, 38.5, 50.0, 61.5, 73.5]",0,0,2.75,"[17.5, 29.0, 41.0, 52.5, 64.5, 76.0]","[20.5, 32.0, 44.0, 55.5, 67.5]",1,0,3.0
synthetic_gaussian_1_0V,C,0,True,0.0001,704DA41C53F497E7EA572CCEE57BCA87D6467BB794E047E87E477F2A48772F7F,0.0,gaussian,1,0.5652846084554843,0.5050882616874758,0.13858267260291116,4.079042479395866,161,0.5050882616874758,"[12.5, 24.5, 36.0, 47.0, 59.0, 70.5]","[13.0, 24.5, 36.0, 47.0, 59.0, 70.5]",0,0,0.08333333333333333,"[17.5, 29.0, 41.0, 52.5, 64.5, 76.0]","[17.0, 29.0, 41.0, 52.5, 64.5, 76.0]",0,0,0.08333333333333333
synthetic_gaussian_1_0V,C,1,True,0.0001,4B02DBEA52658B474D06AA5736C78C0C901C2C96A35460CB2224A763B8903177,0.0,gaussian,1,0.1875464114716412,0.15420405395594874,0.04597804813727217,4.079042479395866,161,0.144989252572062,"[12.5, 24.5, 36.0, 47.0, 59.0, 70.5]","[13.0, 24.5, 36.0, 47.0, 59.0, 70.5]",0,0,0.08333333333333333,"[17.5, 29.0, 41.0, 52.5, 64.5, 76.0]","[17.0, 29.0, 41.0, 52.5, 64.5, 76.5]",0,0,0.16666666666666666
synthetic_gaussian_1_0V,C,2,True,0.0001,FB2B587F1C3E098B2D149FF09628F854B61542466CB8865792450A624767D752,0.0,gaussian,1,0.145520318372203,0.11667199658797564,0.03567511716469193,4.079042479395866,161,0.10885404524767574,"[12.5, 24.5, 36.0, 47.0, 59.0, 70.5]","[12.5, 24.0, 35.5, 47.0, 59.0, 70.5]",0,0,0.16666666666666666,"[17.5, 29.0, 41.0, 52.5, 64.5, 76.0]","[17.5, 29.0, 41.0, 52.5, 64.5, 76.0]",0,0,0.0
synthetic_gaussian_1_4V,H1,0,False,0.0,477E20802E70A98F4203C322BCBB9B8A8274FC97A42DE3728B24103D72D41D0B,4.0,gaussian,1,0.4453145469285454,0.348206484784479,0.11095406494339045,4.013503670692444,161,0.04151971729043695,"[14.0, 25.5, 37.5, 49.0, 60.5, 72.5]","[15.5, 27.0, 38.5, 50.5, 62.0, 73.5]",0,0,1.3333333333333333,"[19.5, 31.0, 43.0, 54.5, 66.0, 78.0]","[20.5, 32.5, 44.0, 56.0, 67.5]",1,0,1.3
synthetic_gaussian_1_4V,H1,1,False,0.0,164699B342DDFB235785EBF1A318387DEA3DAF7FB5818CD6F839498F0DEE32AC,4.0,gaussian,1,0.44527657003594306,0.3492241956708302,0.11094460266411571,4.013503670692444,161,0.04339996914637256,"[14.0, 25.5, 37.5, 49.0, 60.5, 72.5]","[15.5, 27.0, 38.5, 50.5, 62.0, 73.5]",0,0,1.3333333333333333,"[19.5, 31.0, 43.0, 54.5, 66.0, 78.0]","[20.5, 32.5, 44.0, 56.0, 67.5]",1,0,1.3
synthetic_gaussian_1_4V,H1,2,False,0.0,858BABD51EF42D9BD7957A041B46E6FB8549BB1404F4D64714688587617348CE,4.0,gaussian,1,0.4452183725070779,0.3481416146129288,0.11093010223415718,4.013503670692444,161,0.0412925951724586,"[14.0, 25.5, 37.5, 49.0, 60.5, 72.5]","[15.5, 27.0, 38.5, 50.5, 62.0, 73.5]",0,0,1.3333333333333333,"[19.5, 31.0, 43.0, 54.5, 66.0, 78.0]","[20.5, 32.5, 44.0, 56.0, 67.5]",1,0,1.3
synthetic_gaussian_1_4V,G1,0,False,0.0,6401EE228F7370641FC93B6DB4575D4C0E8602A5D1CBAB844321549273D1911F,4.0,gaussian,1,0.4456553835436893,0.34844317122751667,0.11103898740593428,4.013503670692444,161,0.04137695705966379,"[14.0, 25.5, 37.5, 49.0, 60.5, 72.5]","[15.5, 27.0, 38.5, 50.5, 62.0, 73.5]",0,0,1.3333333333333333,"[19.5, 31.0, 43.0, 54.5, 66.0, 78.0]","[20.5, 32.5, 44.0, 56.0, 67.5]",1,0,1.3
synthetic_gaussian_1_4V,G1,1,False,0.0,DAB23C56D5F798D88F61FDDED65ECD7EAAD595A9B42E73AB69CCC19AD6251BD2,4.0,gaussian,1,0.4455934287417806,0.3488253653302404,0.11102355081810678,4.013503670692444,161,0.041929155031248375,"[14.0, 25.5, 37.5, 49.0, 60.5, 72.5]","[15.5, 27.0, 38.5, 50.5, 62.0, 73.5]",0,0,1.3333333333333333,"[19.5, 31.0, 43.0, 54.5, 66.0, 78.0]","[20.5, 32.5, 44.0, 56.0, 67.5]",1,0,1.3
synthetic_gaussian_1_4V,G1,2,False,0.0,F8E29D7C0894E27560E21819A519F0C6EAA008DA61BC61617C32AD266FD3188E,4.0,gaussian,1,0.44585077507450577,0.34946972000764037,0.11108767093704533,4.013503670692444,161,0.04328753988975964,"[14.0, 25.5, 37.5, 49.0, 60.5, 72.5]","[15.5, 27.0, 38.5, 50.5, 62.0, 73.5]",0,0,1.3333333333333333,"[19.5, 31.0, 43.0, 54.5, 66.0, 78.0]","[20.5, 32.5, 44.0, 56.0, 67.5]",1,0,1.3
synthetic_gaussian_1_4V,C,0,True,0.0001,53FECDDB162467D269ABC7789C403A082178E04AD4473B357F1E22F969F88CFD,4.0,gaussian,1,0.13838258006146537,0.11023835995677182,0.03447924591971045,4.013503670692444,161,0.0709563469663929,"[14.0, 25.5, 37.5, 49.0, 60.5, 72.5]","[14.5, 26.0, 37.5, 49.0, 60.5, 72.5]",0,0,0.16666666666666666,"[19.5, 31.0, 43.0, 54.5, 66.0, 78.0]","[19.5, 31.0, 43.0, 54.5, 66.0]",1,0,0.0
synthetic_gaussian_1_4V,C,1,True,0.0001,E415ACE974C8B3CB8E66CC6EC0694CA6ED1D09C465A8D77303DA71B2BC805993,4.0,gaussian,1,0.14052718648617965,0.11363555142187809,0.0350135936120708,4.013503670692444,161,0.04670093863273493,"[14.0, 25.5, 37.5, 49.0, 60.5, 72.5]","[14.5, 26.0, 37.5, 49.0, 60.5, 72.5]",0,0,0.16666666666666666,"[19.5, 31.0, 43.0, 54.5, 66.0, 78.0]","[7.5, 19.5, 31.0, 43.0, 54.5, 66.0]",1,1,0.0
synthetic_gaussian_1_4V,C,2,True,0.0001,18B0E2356D38ABF0C15ABF69A9E1D6D671AAA53D2BB9FA4445AEA863704CEC4A,4.0,gaussian,1,1.1392294876694051,0.9108594568920092,0.28384912065443696,4.013503670692444,161,0.148801471992803,"[14.0, 25.5, 37.5, 49.0, 60.5, 72.5]","[8.0, 19.5, 31.0, 42.5, 54.0, 65.5, 77.0]",6,7,,"[19.5, 31.0, 43.0, 54.5, 66.0, 78.0]","[13.0, 24.5, 36.0, 48.0, 59.5, 71.0]",6,6,
synthetic_gaussian_1_6V,H1,0,False,0.0,30BBBDE77B65623851192AC09F14A181EC21E4F2969A039B7638810B4C5845F9,6.0,gaussian,1,0.2836304872710731,0.2049613530823527,0.07306533169765948,3.8818750381469727,161,0.06336168988797523,"[6.0, 15.5, 26.5, 38.5, 50.0, 61.5, 73.0]","[15.0, 26.5, 38.5, 50.0, 62.0, 73.5]",1,0,0.25,"[9.5, 20.5, 32.5, 43.5, 55.5, 67.0]","[20.5, 32.0, 44.0, 55.5, 67.5]",1,0,0.3
synthetic_gaussian_1_6V,H1,1,False,0.0,0C1D13200D2D794C05061410C06CDB47E191D4E3F1B3BF126ACF8E695030D21C,6.0,gaussian,1,0.2803427910793768,0.20419933985606814,0.0722183966058834,3.8818750381469727,161,0.05500757278179512,"[6.0, 15.5, 26.5, 38.5, 50.0, 61.5, 73.0]","[15.0, 26.5, 38.5, 50.0, 62.0, 73.5]",1,0,0.25,"[9.5, 20.5, 32.5, 43.5, 55.5, 67.0]","[20.5, 32.0, 44.0, 55.5, 67.5]",1,0,0.3
synthetic_gaussian_1_6V,H1,2,False,0.0,0D24AC4D40AFFDE3987F541F869D40F20FC6C8748BEF009E60006B60D90DD74E,6.0,gaussian,1,0.28314433215932555,0.20453188875691297,0.07294009451022554,3.8818750381469727,161,0.062497131935943584,"[6.0, 15.5, 26.5, 38.5, 50.0, 61.5, 73.0]","[15.0, 26.5, 38.5, 50.0, 62.0, 73.5]",1,0,0.25,"[9.5, 20.5, 32.5, 43.5, 55.5, 67.0]","[20.5, 32.0, 44.0, 55.5, 67.5]",1,0,0.3
synthetic_gaussian_1_6V,G1,0,False,0.0,5FBC9867A5C775AC335E0C1B572BC203779252E410975974539DB4FD8F461339,6.0,gaussian,1,0.28267565552627555,0.20419400884583833,0.07281935990943485,3.8818750381469727,161,0.060657989122677815,"[6.0, 15.5, 26.5, 38.5, 50.0, 61.5, 73.0]","[15.0, 26.5, 38.5, 50.0, 62.0, 73.5]",1,0,0.25,"[9.5, 20.5, 32.5, 43.5, 55.5, 67.0]","[20.5, 32.0, 44.0, 55.5, 67.5]",1,0,0.3
synthetic_gaussian_1_6V,G1,1,False,0.0,4EF626BAE4F89A1262F717601210FEA448EBA726A76A2EC8B271CCA5D4716E55,6.0,gaussian,1,0.28292314334076046,0.204497368998461,0.07288311461870624,3.8818750381469727,161,0.06320820838528252,"[6.0, 15.5, 26.5, 38.5, 50.0, 61.5, 73.0]","[15.0, 26.5, 38.5, 50.0, 62.0, 73.5]",1,0,0.25,"[9.5, 20.5, 32.5, 43.5, 55.5, 67.0]","[20.5, 32.0, 44.0, 55.5, 67.5]",1,0,0.3
synthetic_gaussian_1_6V,G1,2,False,0.0,9EA45227950D227F1952F6CDA89770021413166C31BBCBEFA5CABD0D1C582FB6,6.0,gaussian,1,0.2826578068021405,0.20395808717333863,0.07281476194480187,3.8818750381469727,161,0.06017156789481841,"[6.0, 15.5, 26.5, 38.5, 50.0, 61.5, 73.0]","[15.0, 26.5, 38.5, 50.0, 62.0, 73.5]",1,0,0.25,"[9.5, 20.5, 32.5, 43.5, 55.5, 67.0]","[20.5, 32.0, 44.0, 55.5, 67.5]",1,0,0.3
synthetic_gaussian_1_6V,C,0,True,0.0001,560BBC80346FCF66B43C63424EB4F2407DD8448F89F7DFB741F9F55C3EE5BD35,6.0,gaussian,1,0.1809425915052323,0.14021564897013294,0.04661216286642908,3.8818750381469727,161,0.05176819817526751,"[6.0, 15.5, 26.5, 38.5, 50.0, 61.5, 73.0]","[15.0, 26.5, 38.0, 50.0, 61.5, 73.0]",1,0,0.16666666666666666,"[9.5, 20.5, 32.5, 43.5, 55.5, 67.0]","[8.5, 20.5, 32.0, 44.0, 55.5, 67.0]",0,0,0.3333333333333333
synthetic_gaussian_1_6V,C,1,True,0.0001,64FDDD1168F7950E5D549E4DEF0C8D74CBFF93C76791B1FD7406BB1565C8CCFD,6.0,gaussian,1,0.17987005811364234,0.1420366756092571,0.04633587025498481,3.8818750381469727,161,0.059075812064173575,"[6.0, 15.5, 26.5, 38.5, 50.0, 61.5, 73.0]","[3.5, 15.0, 26.5, 38.0, 50.0, 61.5, 73.0]",0,0,0.5,"[9.5, 20.5, 32.5, 43.5, 55.5, 67.0]","[8.5, 20.5, 32.0, 44.0, 55.5, 67.0]",0,0,0.3333333333333333
synthetic_gaussian_1_6V,C,2,True,0.0001,FAAD7B0B856EE9495F3416B7B27D5ECFDD9BE751EB4E0ADEF4E4C613F0DBF2B9,6.0,gaussian,1,0.1814455510418436,0.14069380714576515,0.0467417289992048,3.8818750381469727,161,0.05181328925910469,"[6.0, 15.5, 26.5, 38.5, 50.0, 61.5, 73.0]","[15.0, 26.5, 38.0, 50.0, 61.5, 73.0]",1,0,0.16666666666666666,"[9.5, 20.5, 32.5, 43.5, 55.5, 67.0]","[8.5, 20.5, 32.0, 44.0, 55.5, 67.0]",0,0,0.3333333333333333
synthetic_gaussian_1_8V,H1,0,False,0.0,B9FBFA02A9E1695B90CCF6CB8F751BE5D802BDACBD33001C4B40DA54755336DA,8.0,gaussian,1,0.6768827953279245,0.4697544083006607,0.1854225245028805,3.6504885107278824,161,-0.16456267083006287,"[16.0, 27.5, 39.0, 51.0, 62.5, 74.0]","[15.5, 26.0, 37.5, 49.0, 61.0, 72.5]",0,0,1.4166666666666667,"[21.0, 33.0, 45.0, 56.5, 68.0]","[20.0, 31.5, 43.5, 55.0, 66.5]",0,0,1.4
synthetic_gaussian_1_8V,H1,1,False,0.0,685E8215887BC5348CFA6C00E9BFF429298565CF5D27D121D8A9C5A0E75ED068,8.0,gaussian,1,0.6749580962075922,0.4736693855216692,0.18489528024100263,3.6504885107278824,161,-0.14957327350207697,"[16.0, 27.5, 39.0, 51.0, 62.5, 74.0]","[14.5, 26.0, 37.5, 49.0, 61.0, 72.5]",0,0,1.5833333333333333,"[21.0, 33.0, 45.0, 56.5, 68.0]","[20.0, 31.5, 43.5, 55.0, 66.5]",0,0,1.4
synthetic_gaussian_1_8V,H1,2,False,0.0,F5D2A52B7670DB5255D1B3AC6DD699122E310FB30BA376A8ABE452C220DA5EE7,8.0,gaussian,1,0.679378812052179,0.4730254109911303,0.1861062731893698,3.6504885107278824,161,-0.17103982950286095,"[16.0, 27.5, 39.0, 51.0, 62.5, 74.0]","[15.5, 26.0, 37.5, 49.0, 61.0, 72.5]",0,0,1.4166666666666667,"[21.0, 33.0, 45.0, 56.5, 68.0]","[20.0, 31.5, 43.5, 55.0, 66.5]",0,0,1.4
synthetic_gaussian_1_8V,G1,0,False,0.0,705F2A9ECF83B4F7A4D7495B407AFE0A78F773E51606C698D88B932D937BCE6E,8.0,gaussian,1,0.6776667062825384,0.4662154582043931,0.1856372658867556,3.6504885107278824,161,-0.16506834696858408,"[16.0, 27.5, 39.0, 51.0, 62.5, 74.0]","[15.0, 26.0, 37.5, 49.0, 61.0, 72.5]",0,0,1.5,"[21.0, 33.0, 45.0, 56.5, 68.0]","[20.0, 31.5, 43.5, 55.0, 66.5]",0,0,1.4
synthetic_gaussian_1_8V,G1,1,False,0.0,61980CFABC5B41A3A631430D63B3D6D29B9CEFBDBDEBD11856F110DFDD934074,8.0,gaussian,1,0.6751647529382165,0.47445822614904265,0.1849518909466704,3.6504885107278824,161,-0.145813779989898,"[16.0, 27.5, 39.0, 51.0, 62.5, 74.0]","[14.5, 26.0, 37.5, 49.0, 61.0, 72.5]",0,0,1.5833333333333333,"[21.0, 33.0, 45.0, 56.5, 68.0]","[20.0, 31.5, 43.5, 55.0, 66.5]",0,0,1.4
synthetic_gaussian_1_8V,G1,2,False,0.0,4A43D20FB89EB7BC899A3461E3D4A6694E263BE56A5A857235350702F0775CCB,8.0,gaussian,1,0.6830257450625392,0.4720621246568388,0.18710529921003602,3.6504885107278824,161,-0.19077184534000868,"[16.0, 27.5, 39.0, 51.0, 62.5, 74.0]","[15.5, 26.0, 37.5, 49.0, 61.0, 72.5]",0,0,1.4166666666666667,"[21.0, 33.0, 45.0, 56.5, 68.0]","[20.0, 31.5, 43.5, 54.5, 66.5]",0,0,1.5
synthetic_gaussian_1_8V,C,0,True,0.0001,7FE1BA5D17A23FABA36AC0C22F4300B82DF257C4D6056902DDC0E6FB54A5F0EF,8.0,gaussian,1,0.31836000424586386,0.26356142353896406,0.08721024687799525,3.6504885107278824,161,0.006464375248029711,"[16.0, 27.5, 39.0, 51.0, 62.5, 74.0]","[13.5, 26.0, 38.5, 50.5, 62.0, 74.0]",0,0,0.9166666666666666,"[21.0, 33.0, 45.0, 56.5, 68.0]","[6.5, 19.0, 32.0, 44.5, 56.5, 68.0]",0,1,0.7
synthetic_gaussian_1_8V,C,1,True,0.0001,9595EBC776A55D025F2502E07E99E371E1DA0F8779155F26860F94D5A6A882F0,8.0,gaussian,1,0.223338834664148,0.16821156011226726,0.061180533511558916,3.6504885107278824,161,0.026031845916428525,"[16.0, 27.5, 39.0, 51.0, 62.5, 74.0]","[4.5, 16.0, 27.5, 39.0, 50.5, 62.5, 74.0]",0,1,0.08333333333333333,"[21.0, 33.0, 45.0, 56.5, 68.0]","[9.5, 21.5, 33.0, 45.0, 56.5, 68.0]",0,1,0.1
synthetic_gaussian_1_8V,C,2,True,0.0001,3721B4D9CCA58FD4A5C335FE576BEDB94F90F84D600B6A43E2D265CD1E4ABDF8,8.0,gaussian,1,0.31061615461206343,0.2494290721698134,0.08508892815283199,3.6504885107278824,161,0.0007620664316739214,"[16.0, 27.5, 39.0, 51.0, 62.5, 74.0]","[15.0, 26.0, 38.5, 50.5, 62.0, 74.0]",0,0,0.6666666666666666,"[21.0, 33.0, 45.0, 56.5, 68.0]","[19.0, 32.0, 44.5, 56.5, 68.0]",0,0,0.7
synthetic_gaussian_2_0V,H1,0,False,0.0,25ECBB7DA424CF534F1E2F28B691BB9194423B7754CB60C8943927ECF1216C5B,0.0,gaussian,2,0.7149958794881056,0.564983381113085,0.17417017250349615,4.105156865902245,161,-0.13584446144057818,"[13.5, 24.0, 35.5, 47.0, 59.0, 70.5]","[16.0, 27.0, 38.5, 50.0, 61.5, 73.5]",0,0,2.8333333333333335,"[17.5, 29.0, 41.0, 53.0, 64.5, 76.0]","[20.5, 32.0, 44.0, 55.5, 67.0]",1,0,2.8
synthetic_gaussian_2_0V,H1,1,False,0.0,6E592928CE713338CE4752F96F394E0FB0A8D8BE5A6B396356D792E8054289F8,0.0,gaussian,2,0.7147073278121344,0.5643795219602776,0.17409988245480934,4.105156865902245,161,-0.13938308951855075,"[13.5, 24.0, 35.5, 47.0, 59.0, 70.5]","[16.0, 27.0, 38.5, 50.0, 61.5, 73.5]",0,0,2.8333333333333335,"[17.5, 29.0, 41.0, 53.0, 64.5, 76.0]","[20.5, 32.0, 44.0, 55.5, 67.0]",1,0,2.8
synthetic_gaussian_2_0V,H1,2,False,0.0,82366C553048FEA74BEE223E958B989A19D30FAE4B6FE134F11C61A62B65703C,0.0,gaussian,2,0.7142880623450252,0.5639713223238088,0.1739977510428305,4.105156865902245,161,-0.1381077401656646,"[13.5, 24.0, 35.5, 47.0, 59.0, 70.5]","[16.0, 27.0, 38.5, 50.0, 61.5, 73.5]",0,0,2.8333333333333335,"[17.5, 29.0, 41.0, 53.0, 64.5, 76.0]","[20.5, 32.0, 44.0, 55.5, 67.0]",1,0,2.8
synthetic_gaussian_2_0V,G1,0,False,0.0,AF6224182941283B01937642454B0FC0F46AAE6748A2F1D9BDD0839EED11A314,0.0,gaussian,2,0.7194139095523315,0.5680338646472886,0.17524638717897478,4.105156865902245,161,-0.13524839224422294,"[13.5, 24.0, 35.5, 47.0, 59.0, 70.5]","[16.0, 27.0, 38.5, 50.0, 61.5, 73.5]",0,0,2.8333333333333335,"[17.5, 29.0, 41.0, 53.0, 64.5, 76.0]","[20.5, 32.0, 44.0, 55.5, 67.0]",1,0,2.8
synthetic_gaussian_2_0V,G1,1,False,0.0,2EB638AEC7599869E57DF5115822C4DC3B07288518B0B5D30ADFEBB3FF7B0C90,0.0,gaussian,2,0.7228287116546914,0.5723294437433891,0.1760782194850003,4.105156865902245,161,-0.1476900806151968,"[13.5, 24.0, 35.5, 47.0, 59.0, 70.5]","[16.0, 27.0, 38.5, 50.0, 61.5, 73.5]",0,0,2.8333333333333335,"[17.5, 29.0, 41.0, 53.0, 64.5, 76.0]","[20.5, 32.0, 44.0, 55.5, 67.0]",1,0,2.8
synthetic_gaussian_2_0V,G1,2,False,0.0,DAE945099A8F388B56A50D970A9704E5D813801DEB94F94FD94697844E241493,0.0,gaussian,2,0.7203433662181741,0.5665721957593087,0.17547279915206226,4.105156865902245,161,-0.13002786673585173,"[13.5, 24.0, 35.5, 47.0, 59.0, 70.5]","[15.5, 27.0, 38.5, 50.0, 61.5, 73.5]",0,0,2.75,"[17.5, 29.0, 41.0, 53.0, 64.5, 76.0]","[20.5, 32.0, 44.0, 55.5, 67.0]",1,0,2.8
synthetic_gaussian_2_0V,C,0,True,0.0001,46281C603BE9D360CC46DDD5D3E28E79A48D78B4895FD9D3A9B943A3A93E82D2,0.0,gaussian,2,0.1625754170457489,0.131624383344835,0.039602729531753846,4.105156865902245,161,0.1222827437495496,"[13.5, 24.0, 35.5, 47.0, 59.0, 70.5]","[13.0, 24.5, 35.5, 47.0, 59.0, 70.5]",0,0,0.16666666666666666,"[17.5, 29.0, 41.0, 53.0, 64.5, 76.0]","[17.5, 29.0, 41.0, 52.5, 64.0, 76.0]",0,0,0.16666666666666666
synthetic_gaussian_2_0V,C,1,True,0.0001,F78E0E4CB6CAAC4EFC5827AA7A929F9FF6D4820FE9D72F01242609BA4FF626C3,0.0,gaussian,2,0.158573516252754,0.1265983628446955,0.03862788230332392,4.105156865902245,161,0.10567291274759545,"[13.5, 24.0, 35.5, 47.0, 59.0, 70.5]","[13.0, 24.5, 36.0, 47.0, 59.0, 70.5]",0,0,0.25,"[17.5, 29.0, 41.0, 53.0, 64.5, 76.0]","[17.0, 29.0, 41.0, 52.5, 64.0, 76.0]",0,0,0.25
synthetic_gaussian_2_0V,C,2,True,0.0001,7D6660E40C4088368F467CB0BAAD4EF8346B9C4BB7346939CB144CEFB7E517E2,0.0,gaussian,2,0.15877115614740725,0.12677655155679537,0.03867602660112039,4.105156865902245,161,0.10590701738461485,"[13.5, 24.0, 35.5, 47.0, 59.0, 70.5]","[13.0, 24.5, 36.0, 47.0, 59.0, 70.5]",0,0,0.25,"[17.5, 29.0, 41.0, 53.0, 64.5, 76.0]","[17.0, 29.0, 41.0, 52.5, 64.0, 76.0]",0,0,0.25
synthetic_gaussian_2_4V,H1,0,False,0.0,42B5DC558A563D196D0764003A39D782F2EDC920EC53A9A1D5FFDABDF875D708,4.0,gaussian,2,0.45914733384406226,0.35388396722077786,0.11439876379665762,4.013569016009569,161,0.054219343392514274,"[14.5, 26.0, 37.5, 49.0, 60.5, 72.0]","[15.5, 27.0, 38.5, 50.5, 62.0, 73.5]",0,0,1.25,"[19.5, 31.0, 42.5, 54.5, 66.5, 78.0]","[20.5, 32.5, 44.0, 56.0, 67.5]",1,0,1.3
synthetic_gaussian_2_4V,H1,1,False,0.0,B7DDD369C3622BD6F93FF66EB75D2CF248A1AB8CF8B75F73444749540049D078,4.0,gaussian,2,0.45917608082713846,0.35388148497127286,0.11440592624558064,4.013569016009569,161,0.05430360160297412,"[14.5, 26.0, 37.5, 49.0, 60.5, 72.0]","[15.5, 27.0, 38.5, 50.5, 62.0, 73.5]",0,0,1.25,"[19.5, 31.0, 42.5, 54.5, 66.5, 78.0]","[20.5, 32.5, 44.0, 56.0, 67.5]",1,0,1.3
synthetic_gaussian_2_4V,H1,2,False,0.0,89D2EA45ADE4656763AA6937C454286BAD3C4282962E710CE6AF2415D46903DE,4.0,gaussian,2,0.459340917359955,0.35404258390252036,0.11444699605954399,4.013569016009569,161,0.05440259934548977,"[14.5, 26.0, 37.5, 49.0, 60.5, 72.0]","[15.5, 27.0, 38.5, 50.5, 62.0, 73.5]",0,0,1.25,"[19.5, 31.0, 42.5, 54.5, 66.5, 78.0]","[20.5, 32.5, 44.0, 56.0, 67.5]",1,0,1.3
synthetic_gaussian_2_4V,G1,0,False,0.0,6088DC383A8EEF2682555AAC27093A1C76E26229C7E4ED77D448F6064C35972F,4.0,gaussian,2,0.4596762468004469,0.3540531927949854,0.11453054500043781,4.013569016009569,161,0.05450670563428575,"[14.5, 26.0, 37.5, 49.0, 60.5, 72.0]","[15.5, 27.0, 38.5, 50.5, 62.0, 73.5]",0,0,1.25,"[19.5, 31.0, 42.5, 54.5, 66.5, 78.0]","[20.5, 32.5, 44.0, 56.0, 67.5]",1,0,1.3
synthetic_gaussian_2_4V,G1,1,False,0.0,E2D22FA887E3ED751AC8ABB7B26C80EC23B203945F41FE458EDD5F6786E9CF43,4.0,gaussian,2,0.45964493536372864,0.35403639032276285,0.11452274360557121,4.013569016009569,161,0.05439307403720666,"[14.5, 26.0, 37.5, 49.0, 60.5, 72.0]","[15.5, 27.0, 38.5, 50.5, 62.0, 73.5]",0,0,1.25,"[19.5, 31.0, 42.5, 54.5, 66.5, 78.0]","[20.5, 32.5, 44.0, 56.0, 67.5]",1,0,1.3
synthetic_gaussian_2_4V,G1,2,False,0.0,1E4100977062E6C5FC24234F89646AAF715225C16673A2F4CBDA38268E7B9D26,4.0,gaussian,2,0.45967040128768455,0.35404539212805214,0.11452908856285346,4.013569016009569,161,0.05452944915464858,"[14.5, 26.0, 37.5, 49.0, 60.5, 72.0]","[15.5, 27.0, 38.5, 50.5, 62.0, 73.5]",0,0,1.25,"[19.5, 31.0, 42.5, 54.5, 66.5, 78.0]","[20.5, 32.5, 44.0, 56.0, 67.5]",1,0,1.3
synthetic_gaussian_2_4V,C,0,True,0.0001,CD8F7B403ED6028E1635FC111358126974AD971433D8C02854FDE7ACAD89A580,4.0,gaussian,2,0.1501403108211017,0.12635071453726057,0.037408179658108,4.013569016009569,161,0.07150209448364515,"[14.5, 26.0, 37.5, 49.0, 60.5, 72.0]","[14.5, 26.0, 37.5, 49.0, 60.5, 72.5]",0,0,0.08333333333333333,"[19.5, 31.0, 42.5, 54.5, 66.5, 78.0]","[19.5, 31.0, 43.0, 54.5, 66.0, 78.0]",0,0,0.16666666666666666
synthetic_gaussian_2_4V,C,1,True,0.0001,A5E02E6D85E48725EADEC897B3C390CF3378B9F8B9075E5DE523B46761D5B362,4.0,gaussian,2,0.1472833997809776,0.1168883122262335,0.03669636654894549,4.013569016009569,161,0.04604065710729556,"[14.5, 26.0, 37.5, 49.0, 60.5, 72.0]","[14.5, 26.0, 37.5, 49.0, 60.5, 72.5]",0,0,0.08333333333333333,"[19.5, 31.0, 42.5, 54.5, 66.5, 78.0]","[7.5, 19.5, 31.0, 43.0, 54.5, 66.0, 78.0]",0,1,0.16666666666666666
synthetic_gaussian_2_4V,C,2,True,0.0001,392862F410F702EB8CD2C845FA991B5F235E00007134110371DCB6BD2E48E2D6,4.0,gaussian,2,1.1436733174042828,0.8999628663458371,0.28495170080353144,4.013569016009569,161,0.15498374536059223,"[14.5, 26.0, 37.5, 49.0, 60.5, 72.0]","[8.5, 19.5, 31.0, 42.5, 54.0, 65.5, 77.0]",6,7,,"[19.5, 31.0, 42.5, 54.5, 66.5, 78.0]","[13.0, 24.5, 36.0, 48.0, 59.5, 71.0]",6,6,
synthetic_gaussian_2_6V,H1,0,False,0.0,090DEE83768BE80669302C18E2CF80B9B6C07D3E953617B450EC23862F63459E,6.0,gaussian,2,0.27403865385462656,0.2102027438693077,0.0695281687884235,3.941404737532139,161,0.044673040328566574,"[15.5, 26.5, 38.5, 50.0, 61.5, 73.0]","[15.5, 27.0, 38.5, 50.0, 61.5, 73.5]",0,0,0.16666666666666666,"[6.0, 21.0, 32.0, 44.0, 55.5, 67.0]","[20.5, 32.0, 44.0, 55.5, 67.5]",1,0,0.2
synthetic_gaussian_2_6V,H1,1,False,0.0,96D2AFBAE1CEA4D3A588D9F6BF8C910E79EB0B428BD10F36619B0BEFAB68C0CB,6.0,gaussian,2,0.278957888113486,0.210963781925992,0.07077626041728259,3.941404737532139,161,0.06693489388337562,"[15.5, 26.5, 38.5, 50.0, 61.5, 73.0]","[15.5, 27.0, 38.5, 50.0, 62.0, 73.5]",0,0,0.25,"[6.0, 21.0, 32.0, 44.0, 55.5, 67.0]","[20.5, 32.0, 44.0, 55.5, 67.5]",1,0,0.2
synthetic_gaussian_2_6V,H1,2,False,0.0,FE50B0D50B2E7F5BCF963D93DCACBFA57B18C4A3EA55F76185B1AE5BD1D8D652,6.0,gaussian,2,0.2701157233829904,0.20283676197358205,0.0685328560172483,3.941404737532139,161,0.027475315385937307,"[15.5, 26.5, 38.5, 50.0, 61.5, 73.0]","[15.5, 27.0, 38.5, 50.0, 61.5, 73.5]",0,0,0.16666666666666666,"[6.0, 21.0, 32.0, 44.0, 55.5, 67.0]","[20.5, 32.0, 44.0, 55.5, 67.5]",1,0,0.2
synthetic_gaussian_2_6V,G1,0,False,0.0,B5E4F7AC596FED9B20C1838F32ABA5C0258F710535B80E97CEE171D858C45413,6.0,gaussian,2,0.27397583873658066,0.20965560961667842,0.06951223154720396,3.941404737532139,161,0.04903279103575656,"[15.5, 26.5, 38.5, 50.0, 61.5, 73.0]","[15.5, 27.0, 38.5, 50.0, 61.5, 73.5]",0,0,0.16666666666666666,"[6.0, 21.0, 32.0, 44.0, 55.5, 67.0]","[20.5, 32.0, 44.0, 55.5, 67.5]",1,0,0.2
synthetic_gaussian_2_6V,G1,1,False,0.0,BC0AFB3DAE30C09B82C88025D67CE580FEFA8F8D989DE98C0E8D8CC02098B0CB,6.0,gaussian,2,0.27622648985222464,0.20964772296299483,0.07008325920498598,3.941404737532139,161,0.04866975973551357,"[15.5, 26.5, 38.5, 50.0, 61.5, 73.0]","[15.5, 27.0, 38.5, 50.0, 61.5, 73.5]",0,0,0.16666666666666666,"[6.0, 21.0, 32.0, 44.0, 55.5, 67.0]","[20.5, 32.0, 44.0, 55.5, 67.5]",1,0,0.2
synthetic_gaussian_2_6V,G1,2,False,0.0,5B3588922957862E8B78AA874CC80AD1EC3A2237EE63D58E068816798B630A12,6.0,gaussian,2,0.2762224782191409,0.21144067087967053,0.07008224138688537,3.941404737532139,161,0.05553079269917449,"[15.5, 26.5, 38.5, 50.0, 61.5, 73.0]","[15.5, 27.0, 38.5, 50.0, 61.5, 73.5]",0,0,0.16666666666666666,"[6.0, 21.0, 32.0, 44.0, 55.5, 67.0]","[20.5, 32.0, 44.0, 55.5, 67.5]",1,0,0.2
synthetic_gaussian_2_6V,C,0,True,0.0001,3B7FFB87008164559E10AB0D517AE496364F26173404F7D90A33A610ABAB6CF8,6.0,gaussian,2,0.18557713476097082,0.15031212489276394,0.04708400865148592,3.941404737532139,161,0.049907617396069116,"[15.5, 26.5, 38.5, 50.0, 61.5, 73.0]","[15.5, 26.5, 38.0, 50.0, 61.5, 73.0]",0,0,0.08333333333333333,"[6.0, 21.0, 32.0, 44.0, 55.5, 67.0]","[20.5, 32.0, 44.0, 55.5, 67.0]",1,0,0.1
synthetic_gaussian_2_6V,C,1,True,0.0001,5CA722100A8A733EB22115EA9F9397FE38B10037A66909C8E24F3C2B2D170678,6.0,gaussian,2,0.19070988906855918,0.15578028152501602,0.04838627387147502,3.941404737532139,161,0.0492085859238776,"[15.5, 26.5, 38.5, 50.0, 61.5, 73.0]","[4.0, 15.0, 26.5, 38.0, 50.0, 61.5, 73.0]",0,1,0.16666666666666666,"[6.0, 21.0, 32.0, 44.0, 55.5, 67.0]","[8.5, 20.5, 32.0, 44.0, 55.5, 67.0]",0,0,0.5
synthetic_gaussian_2_6V,C,2,True,0.0001,F4C38625E857B69EB8C25928A2C06764B328C0D4693F42CBEAD8DE82B44D3A8A,6.0,gaussian,2,0.8364272949607722,0.657336165672289,0.21221552990888487,3.941404737532139,161,0.09275563225437099,"[15.5, 26.5, 38.5, 50.0, 61.5, 73.0]","[18.5, 30.0, 41.5, 52.5, 64.5, 75.5]",1,1,2.8,"[6.0, 21.0, 32.0, 44.0, 55.5, 67.0]","[23.5, 35.0, 46.5, 58.0, 70.0]",1,0,2.7
synthetic_gaussian_2_8V,H1,0,False,0.0,36E0F73FB3932975568DDACFE3EEC060566A68EBC1E92A2E6FA0BEEA6063204C,8.0,gaussian,2,0.6752850935238115,0.48391457559192114,0.18320676922420812,3.6859178096055984,161,-0.1184334328607985,"[16.0, 27.5, 39.0, 50.5, 62.5, 74.0]","[14.5, 26.0, 37.5, 49.0, 61.0, 72.5]",0,0,1.5,"[21.5, 33.0, 45.0, 56.5, 68.0]","[20.0, 31.5, 43.5, 55.0, 66.5]",0,0,1.5
synthetic_gaussian_2_8V,H1,1,False,0.0,F9A5BBE25A7A5EC1B976391FB9D445B9C334C2BB71D32DDFC3C77D05CA53E980,8.0,gaussian,2,0.6733000970741035,0.4837579831314913,0.18266823403372312,3.6859178096055984,161,-0.10969408337167307,"[16.0, 27.5, 39.0, 50.5, 62.5, 74.0]","[14.5, 26.0, 37.5, 49.0, 61.0, 72.5]",0,0,1.5,"[21.5, 33.0, 45.0, 56.5, 68.0]","[20.0, 31.5, 43.5, 55.0, 66.5]",0,0,1.5
synthetic_gaussian_2_8V,H1,2,False,0.0,65A9C644AB6F6E2CE8EF7276FF50DC72AF16D6A84BB2288C8954B080991E13C2,8.0,gaussian,2,0.6737815814306367,0.4822767758910418,0.1827988621110173,3.6859178096055984,161,-0.1219700671583624,"[16.0, 27.5, 39.0, 50.5, 62.5, 74.0]","[14.5, 26.0, 37.5, 49.0, 61.0, 72.5]",0,0,1.5,"[21.5, 33.0, 45.0, 56.5, 68.0]","[20.0, 31.5, 43.5, 55.0, 66.5]",0,0,1.5
synthetic_gaussian_2_8V,G1,0,False,0.0,A7FB876497CC5AE21579680406A5E41976F19EE25E626D20AF04B42E652C59DD,8.0,gaussian,2,0.6758815868301601,0.4825166081537756,0.18336859955715643,3.6859178096055984,161,-0.1230966554456418,"[16.0, 27.5, 39.0, 50.5, 62.5, 74.0]","[14.5, 26.0, 37.5, 49.0, 61.0, 72.5]",0,0,1.5,"[21.5, 33.0, 45.0, 56.5, 68.0]","[20.0, 31.5, 43.5, 55.0, 66.5]",0,0,1.5
synthetic_gaussian_2_8V,G1,1,False,0.0,2701CA2C869910145D030DA28B99F5AABCFE073FF986171C8C4E762E12094D33,8.0,gaussian,2,0.6761885884933212,0.4833263583058804,0.18345188998277606,3.6859178096055984,161,-0.12212409261275758,"[16.0, 27.5, 39.0, 50.5, 62.5, 74.0]","[14.5, 26.0, 37.5, 49.0, 61.0, 72.5]",0,0,1.5,"[21.5, 33.0, 45.0, 56.5, 68.0]","[20.0, 31.5, 43.5, 55.0, 66.5]",0,0,1.5
synthetic_gaussian_2_8V,G1,2,False,0.0,2004F998D98DC81C627569590A749D27A36B8BCB8F0BDA5C4DCC2CF3A70F7DF3,8.0,gaussian,2,0.7390891392972974,0.576691865514219,0.20051698856963432,3.6859178096055984,161,-0.04731607952454183,"[16.0, 27.5, 39.0, 50.5, 62.5, 74.0]","[13.0, 24.5, 36.5, 48.5, 60.5, 73.0]",0,0,2.25,"[21.5, 33.0, 45.0, 56.5, 68.0]","[18.0, 30.0, 42.5, 54.5, 66.5]",1,1,2.25
synthetic_gaussian_2_8V,C,0,True,0.0001,73EF27670F7F7A3E24C2E6F672CCD11CA59514C635E05CF82918D3EB0793D03A,8.0,gaussian,2,0.21533186219750014,0.16187672955208027,0.058420147523729274,3.6859178096055984,161,0.02660241171331352,"[16.0, 27.5, 39.0, 50.5, 62.5, 74.0]","[5.0, 16.0, 27.5, 39.0, 50.5, 62.5, 74.0]",0,1,0.0,"[21.5, 33.0, 45.0, 56.5, 68.0]","[9.5, 21.5, 33.0, 45.0, 56.5, 68.0]",0,1,0.0
synthetic_gaussian_2_8V,C,1,True,0.0001,3289EF0A30AA95CEB4D8A1BCF8267DFD957CFF333E2EB62546E4B7294D4E059C,8.0,gaussian,2,0.21549090995373726,0.16034702738969928,0.058463297632997215,3.6859178096055984,161,0.032165490920384225,"[16.0, 27.5, 39.0, 50.5, 62.5, 74.0]","[5.0, 16.0, 27.5, 39.0, 50.5, 62.5, 74.0]",0,1,0.0,"[21.5, 33.0, 45.0, 56.5, 68.0]","[9.5, 21.5, 33.0, 45.0, 56.5, 68.0]",0,1,0.0
synthetic_gaussian_2_8V,C,2,True,0.0001,EB408F4EA6C928D406DDE46E44EA0C1888B8EC0A75569B7A2C1DB8B1E1E24CBE,8.0,gaussian,2,0.3194140864281719,0.259416208578654,0.08665795140514809,3.6859178096055984,161,0.009461721112876917,"[16.0, 27.5, 39.0, 50.5, 62.5, 74.0]","[13.5, 26.0, 38.5, 50.5, 62.0, 74.0]",0,0,0.8333333333333334,"[21.5, 33.0, 45.0, 56.5, 68.0]","[19.0, 31.5, 44.5, 56.5, 68.0]",0,0,0.9
synthetic_gaussian_3_0V,H1,0,False,0.0,CB66944A72193FAAA3EB72F1FB39B5D7C8DC0C8BD811B9792D939BB22EAA38B3,0.0,gaussian,3,0.7353107216806756,0.5805182982098192,0.18137454579816295,4.054100967943668,161,-0.1317393391580296,"[13.0, 24.5, 35.5, 47.0, 59.0, 70.5]","[15.5, 27.0, 38.5, 50.0, 61.5, 73.5]",0,0,2.75,"[18.0, 29.5, 41.0, 52.5, 64.5, 76.0]","[20.5, 32.0, 44.0, 55.5, 67.0]",1,0,2.7
synthetic_gaussian_3_0V,H1,1,False,0.0,2E12F3150394E76B0D1D7FB2D8A5A00DB5232EF3A542528B52A47D3A13F45F18,0.0,gaussian,3,0.7353094391407572,0.580516255421162,0.1813742294419773,4.054100967943668,161,-0.13174894850071986,"[13.0, 24.5, 35.5, 47.0, 59.0, 70.5]","[15.5, 27.0, 38.5, 50.0, 61.5, 73.5]",0,0,2.75,"[18.0, 29.5, 41.0, 52.5, 64.5, 76.0]","[20.5, 32.0, 44.0, 55.5, 67.0]",1,0,2.7
synthetic_gaussian_3_0V,H1,2,False,0.0,FB73DBD813B2349AFD03E3A06255E5A7E17F1D1989F1677E82545E75AA5B02C5,0.0,gaussian,3,0.7353095093635299,0.5805180190516191,0.18137424676339414,4.054100967943668,161,-0.13173469108380995,"[13.0, 24.5, 35.5, 47.0, 59.0, 70.5]","[15.5, 27.0, 38.5, 50.0, 61.5, 73.5]",0,0,2.75,"[18.0, 29.5, 41.0, 52.5, 64.5, 76.0]","[20.5, 32.0, 44.0, 55.5, 67.0]",1,0,2.7
synthetic_gaussian_3_0V,G1,0,False,0.0,BD0832E72DFB2D50244AAC2741A6B0EB9211177073CBB5E96BC039C809CE43D7,0.0,gaussian,3,0.7419269263607827,0.5825851515991509,0.18300652406718543,4.054100967943668,161,-0.1553477280607362,"[13.0, 24.5, 35.5, 47.0, 59.0, 70.5]","[15.5, 27.0, 38.5, 50.0, 61.5, 73.5]",0,0,2.75,"[18.0, 29.5, 41.0, 52.5, 64.5, 76.0]","[20.5, 32.0, 44.0, 55.5, 67.0]",1,0,2.7
synthetic_gaussian_3_0V,G1,1,False,0.0,DA60FA97AA8BCF4825473ADB902B3B1692FF697C772683DF2D0BD14D17CC76F1,0.0,gaussian,3,0.7474397533650057,0.5870507899055768,0.18436633899232263,4.054100967943668,161,-0.1592864930289963,"[13.0, 24.5, 35.5, 47.0, 59.0, 70.5]","[15.5, 27.0, 38.5, 50.0, 61.5, 73.5]",0,0,2.75,"[18.0, 29.5, 41.0, 52.5, 64.5, 76.0]","[20.5, 32.0, 44.0, 55.5, 67.0]",1,0,2.7
synthetic_gaussian_3_0V,G1,2,False,0.0,23EFB96F5CB4F0317E29D9A4374FB4DCF7CF279893A08DBBD06216B97BD39349,0.0,gaussian,3,0.7540864623022634,0.595037436810023,0.18600584155770375,4.054100967943668,161,-0.1514669018321551,"[13.0, 24.5, 35.5, 47.0, 59.0, 70.5]","[15.5, 27.0, 38.5, 50.0, 61.5, 73.5]",0,0,2.75,"[18.0, 29.5, 41.0, 52.5, 64.5, 76.0]","[20.5, 32.0, 44.0, 55.5, 67.0]",1,0,2.7
synthetic_gaussian_3_0V,C,0,True,0.0001,638F2F3CE5D1CFF53F71866AE2C96CD5C0A394C674BE66ADD1143BC0C62F5019,0.0,gaussian,3,0.18661439017018322,0.1575677677714214,0.04603101690011392,4.054100967943668,161,0.15488001914027194,"[13.0, 24.5, 35.5, 47.0, 59.0, 70.5]","[13.0, 24.5, 36.0, 47.0, 59.0, 70.5]",0,0,0.08333333333333333,"[18.0, 29.5, 41.0, 52.5, 64.5, 76.0]","[17.5, 29.0, 41.0, 52.5, 64.5, 76.0]",0,0,0.16666666666666666
synthetic_gaussian_3_0V,C,1,True,0.0001,B36463F4C11BE96685A273FBFF3166237AC0AAD19C798C70289B5C2B1687A84A,0.0,gaussian,3,0.17848604992703324,0.14486780619214887,0.044026049508472255,4.054100967943668,161,0.14060683753421316,"[13.0, 24.5, 35.5, 47.0, 59.0, 70.5]","[13.0, 24.5, 36.0, 47.0, 59.0, 70.5]",0,0,0.08333333333333333,"[18.0, 29.5, 41.0, 52.5, 64.5, 76.0]","[17.5, 29.0, 41.0, 52.5, 64.5, 76.0]",0,0,0.16666666666666666
synthetic_gaussian_3_0V,C,2,True,0.0001,1D4101D1057118766D2BB8CDB668B80803195DAA0893673777C5215528C37091,0.0,gaussian,3,0.14961688157872174,0.12060255934807941,0.036905070387186434,4.054100967943668,161,0.10776192930610555,"[13.0, 24.5, 35.5, 47.0, 59.0, 70.5]","[13.0, 24.5, 36.0, 47.0, 59.0, 70.5]",0,0,0.08333333333333333,"[18.0, 29.5, 41.0, 52.5, 64.5, 76.0]","[17.5, 29.0, 41.0, 52.5, 64.5, 76.0]",0,0,0.16666666666666666
synthetic_gaussian_3_4V,H1,0,False,0.0,E56DFD0A7272622A8F0526595FC52ACAEAB7D65E47F921C28FC1F0255DC5BFE8,4.0,gaussian,3,0.4531511582030525,0.3560034375692891,0.11587262021263084,3.9107699245214462,161,0.04919597864476927,"[14.5, 26.0, 37.5, 49.0, 60.5, 72.0]","[16.0, 27.0, 38.5, 50.5, 62.0, 73.5]",0,0,1.3333333333333333,"[19.5, 31.0, 43.0, 54.5, 66.0, 78.0]","[20.5, 32.5, 44.0, 56.0, 67.5]",1,0,1.3
synthetic_gaussian_3_4V,H1,1,False,0.0,568E911BB2E3CF39634F831FCA626F8AE5EE4C65ACA16738FE3EDF3C184842DF,4.0,gaussian,3,0.4519604563451055,0.35389097125164765,0.11556815283640372,3.9107699245214462,161,0.0500037888774045,"[14.5, 26.0, 37.5, 49.0, 60.5, 72.0]","[16.0, 27.0, 38.5, 50.5, 62.0, 73.5]",0,0,1.3333333333333333,"[19.5, 31.0, 43.0, 54.5, 66.0, 78.0]","[20.5, 32.5, 44.0, 56.0, 67.5]",1,0,1.3
synthetic_gaussian_3_4V,H1,2,False,0.0,51967C95494281E3F3EE9D80DD9D0FDF447809E5B7E6BE7263A33DFF09B6F75A,4.0,gaussian,3,0.45264703105287796,0.3556797111025099,0.11574371282101632,3.9107699245214462,161,0.04873298190694084,"[14.5, 26.0, 37.5, 49.0, 60.5, 72.0]","[16.0, 27.0, 38.5, 50.5, 62.0, 73.5]",0,0,1.3333333333333333,"[19.5, 31.0, 43.0, 54.5, 66.0, 78.0]","[20.5, 32.5, 44.0, 56.0, 67.5]",1,0,1.3
synthetic_gaussian_3_4V,G1,0,False,0.0,ACBD491733602466D65A5124D6CEB924672685B005AD13CAF4C7329C2D1A5AA8,4.0,gaussian,3,0.446975793604261,0.35124998601433927,0.11429355401390855,3.9107699245214462,161,0.05125334603827038,"[14.5, 26.0, 37.5, 49.0, 60.5, 72.0]","[16.0, 27.0, 38.5, 50.5, 62.0, 73.5]",0,0,1.3333333333333333,"[19.5, 31.0, 43.0, 54.5, 66.0, 78.0]","[20.5, 32.5, 44.0, 56.0, 67.5]",1,0,1.3
synthetic_gaussian_3_4V,G1,1,False,0.0,B8A20BCF9B8761A6A198F2FD7846267CB33A239FB387AD8B13C12490481AC2E5,4.0,gaussian,3,0.4533170964357528,0.35586265086850494,0.11591505130315852,3.9107699245214462,161,0.04904488581681167,"[14.5, 26.0, 37.5, 49.0, 60.5, 72.0]","[16.0, 27.0, 38.5, 50.5, 62.0, 73.5]",0,0,1.3333333333333333,"[19.5, 31.0, 43.0, 54.5, 66.0, 78.0]","[20.5, 32.5, 44.0, 56.0, 67.5]",1,0,1.3
synthetic_gaussian_3_4V,G1,2,False,0.0,CFD10734B6853DBC430CB3CB1554AC935E83D271FAF72D50AEAA649A5B03090A,4.0,gaussian,3,0.4502533183448735,0.3524666659726124,0.11513163060850995,3.9107699245214462,161,0.05167839129233055,"[14.5, 26.0, 37.5, 49.0, 60.5, 72.0]","[15.5, 27.0, 38.5, 50.5, 62.0, 73.5]",0,0,1.25,"[19.5, 31.0, 43.0, 54.5, 66.0, 78.0]","[20.5, 32.5, 44.0, 56.0, 67.5]",1,0,1.3
synthetic_gaussian_3_4V,C,0,True,0.0001,4277A16765151C5EB24AC465C581E783B9CDFB98F65635605DD2A2BA0B813E38,4.0,gaussian,3,0.14449746900941335,0.11918334188633137,0.03694859881768556,3.9107699245214462,161,0.08922065150324213,"[14.5, 26.0, 37.5, 49.0, 60.5, 72.0]","[14.5, 26.0, 37.5, 49.0, 60.5, 72.5]",0,0,0.08333333333333333,"[19.5, 31.0, 43.0, 54.5, 66.0, 78.0]","[19.5, 31.0, 43.0, 54.5, 66.0, 78.0]",0,0,0.0
synthetic_gaussian_3_4V,C,1,True,0.0001,39F39A5DD528CB36829A430972B5E7A4E175331BB8E455A48E9E04156B5777A8,4.0,gaussian,3,0.14676560597653407,0.12127650891481517,0.03752857079530024,3.9107699245214462,161,0.09205456220612622,"[14.5, 26.0, 37.5, 49.0, 60.5, 72.0]","[14.5, 26.0, 37.5, 49.0, 60.5, 72.5]",0,0,0.08333333333333333,"[19.5, 31.0, 43.0, 54.5, 66.0, 78.0]","[19.5, 31.0, 43.0, 54.5, 66.0, 78.0]",0,0,0.0
synthetic_gaussian_3_4V,C,2,True,0.0001,2E835B94CD8FBCD01B0FD1CA22AE93C0117A6E1A12B09ABA5714484741918551,4.0,gaussian,3,1.1499599568240313,0.9026792275709811,0.2940495040665809,3.9107699245214462,161,0.14013670461255784,"[14.5, 26.0, 37.5, 49.0, 60.5, 72.0]","[8.5, 20.0, 31.0, 42.5, 54.0, 65.5, 77.0]",6,7,,"[19.5, 31.0, 43.0, 54.5, 66.0, 78.0]","[13.0, 24.5, 36.0, 48.0, 59.5, 71.0]",6,6,
synthetic_gaussian_3_6V,H1,0,False,0.0,5DA4FA2B09D3F40A4833FF6889F074D07F3FA564B6209CBF16CC03D3E03FC912,6.0,gaussian,3,0.2676543033547561,0.19593988966729964,0.06751785058291959,3.9642005935311317,161,0.017126426240628843,"[15.5, 26.5, 38.5, 50.0, 61.5, 73.0]","[15.5, 26.5, 38.5, 50.0, 61.5, 73.5]",0,0,0.08333333333333333,"[20.5, 32.0, 44.0, 55.5, 67.0]","[20.5, 32.0, 44.0, 55.5, 67.5]",0,0,0.1
synthetic_gaussian_3_6V,H1,1,False,0.0,6C2B71E2C9E7E2293DD1EC6FADDEAF9D8D3814591FF439B482CB686EE91FBE0A,6.0,gaussian,3,0.2737759862965756,0.2019377531815485,0.0690620920503693,3.9642005935311317,161,0.054903200830417116,"[15.5, 26.5, 38.5, 50.0, 61.5, 73.0]","[15.5, 26.5, 38.5, 50.0, 61.5, 73.5]",0,0,0.08333333333333333,"[20.5, 32.0, 44.0, 55.5, 67.0]","[20.5, 32.0, 44.0, 55.5, 67.5]",0,0,0.1
synthetic_gaussian_3_6V,H1,2,False,0.0,4FFFE2FA44B711C9C5EB5BDF98CBC2AFFE168203714C4BEBCB164A6439ECFF74,6.0,gaussian,3,0.2739174695100542,0.20206018041492788,0.06909778227596218,3.9642005935311317,161,0.05536301499095513,"[15.5, 26.5, 38.5, 50.0, 61.5, 73.0]","[15.5, 26.5, 38.5, 50.0, 61.5, 73.5]",0,0,0.08333333333333333,"[20.5, 32.0, 44.0, 55.5, 67.0]","[20.5, 32.0, 44.0, 55.5, 67.5]",0,0,0.1
synthetic_gaussian_3_6V,G1,0,False,0.0,67E8452578E95600C1A00EB5DEE1BF568FE0DBFA241B6E34AF3DB3ED99FA5F64,6.0,gaussian,3,0.2666473902876334,0.19329941603431672,0.06726384904001942,3.9642005935311317,161,0.03374621957079797,"[15.5, 26.5, 38.5, 50.0, 61.5, 73.0]","[15.5, 26.5, 38.5, 50.0, 61.5, 73.5]",0,0,0.08333333333333333,"[20.5, 32.0, 44.0, 55.5, 67.0]","[20.5, 32.0, 44.0, 55.5, 67.5]",0,0,0.1
synthetic_gaussian_3_6V,G1,1,False,0.0,ECBA731D683113592B414BCD1AA80686951BCF3E002121DA2833E038C553BE19,6.0,gaussian,3,0.27134916465121617,0.20115449363629223,0.06844990767975001,3.9642005935311317,161,0.025426733910560863,"[15.5, 26.5, 38.5, 50.0, 61.5, 73.0]","[15.5, 26.5, 38.5, 50.0, 61.5, 73.5]",0,0,0.08333333333333333,"[20.5, 32.0, 44.0, 55.5, 67.0]","[20.5, 32.0, 44.0, 55.5, 67.5]",0,0,0.1
synthetic_gaussian_3_6V,G1,2,False,0.0,DDC18DF181A8E8554C12A10A4EDF2DBC84E115CFEE62748B6113550CE7700419,6.0,gaussian,3,0.27165129674506716,0.2014113808843548,0.06852612281738558,3.9642005935311317,161,0.041685470854219524,"[15.5, 26.5, 38.5, 50.0, 61.5, 73.0]","[15.5, 26.5, 38.5, 50.0, 61.5, 73.5]",0,0,0.08333333333333333,"[20.5, 32.0, 44.0, 55.5, 67.0]","[20.5, 32.0, 44.0, 55.5, 67.5]",0,0,0.1
synthetic_gaussian_3_6V,C,0,True,0.0001,1A4935C9005585E4DDF88AF351C5AE9D67ECEF0A317975A4B8B15A3C05D4ECBF,6.0,gaussian,3,0.19913268095652553,0.15540948940504584,0.05023274586091192,3.9642005935311317,161,0.06205233346662864,"[15.5, 26.5, 38.5, 50.0, 61.5, 73.0]","[15.5, 26.5, 38.0, 50.0, 61.5, 73.0]",0,0,0.08333333333333333,"[20.5, 32.0, 44.0, 55.5, 67.0]","[8.5, 20.5, 32.0, 44.0, 55.5, 67.0]",0,1,0.0
synthetic_gaussian_3_6V,C,1,True,0.0001,5271CDA2D256585E97A9B4556BBFD126D1AA6519E288B5C2A05BEA04A1904075,6.0,gaussian,3,0.2043753716555034,0.15909323557794694,0.05155525479437331,3.9642005935311317,161,0.05973331573858206,"[15.5, 26.5, 38.5, 50.0, 61.5, 73.0]","[4.0, 15.5, 27.0, 38.5, 50.0, 61.5, 73.0]",0,1,0.08333333333333333,"[20.5, 32.0, 44.0, 55.5, 67.0]","[9.0, 20.5, 32.0, 44.0, 55.5, 67.0]",0,1,0.0
synthetic_gaussian_3_6V,C,2,True,0.0001,8054B06E1DCBEA915F50A90C6478D4393B7D4E2014A7ADAEF5C9FB4841042CEA,6.0,gaussian,3,0.845284401867536,0.6682937364722624,0.2132294726071353,3.9642005935311317,161,0.08675037503028371,"[15.5, 26.5, 38.5, 50.0, 61.5, 73.0]","[19.0, 30.5, 41.0, 52.5, 64.5, 75.5]",2,2,2.625,"[20.5, 32.0, 44.0, 55.5, 67.0]","[24.0, 35.0, 46.5, 58.0, 70.0]",1,1,2.75
synthetic_gaussian_3_8V,H1,0,False,0.0,BB7681C68EBDDE64BC9AEF223DA01AF74082EB742082580DA1FE6052A09D399C,8.0,gaussian,3,0.6884678323574984,0.486728876440493,0.1831062963867099,3.759935326874256,161,-0.16048902616926936,"[16.5, 27.5, 39.0, 50.5, 62.5, 74.0]","[14.5, 26.0, 37.5, 49.0, 61.0, 72.5]",0,0,1.5833333333333333,"[21.5, 33.0, 45.0, 56.5, 68.0]","[20.0, 31.5, 43.0, 54.5, 66.5]",0,0,1.7
synthetic_gaussian_3_8V,H1,1,False,0.0,102B924CC3FBE2B2117A686DB13B97E39EC3EFCA7DA4E6148AACD9AE258A6D93,8.0,gaussian,3,0.6891514239246742,0.47783523395805805,0.1832881057817518,3.759935326874256,161,-0.1806533179440184,"[16.5, 27.5, 39.0, 50.5, 62.5, 74.0]","[15.0, 26.0, 37.5, 49.0, 61.0, 72.5]",0,0,1.5,"[21.5, 33.0, 45.0, 56.5, 68.0]","[20.0, 31.5, 43.0, 54.5, 66.5]",0,0,1.7
synthetic_gaussian_3_8V,H1,2,False,0.0,160F910DEEF147511526B1647E5A786350AAD8C3CB3A742ABCA08977D336404F,8.0,gaussian,3,0.6796094748210928,0.48973476132626015,0.18075030970973427,3.759935326874256,161,-0.11343277338383548,"[16.5, 27.5, 39.0, 50.5, 62.5, 74.0]","[14.5, 26.0, 37.5, 49.0, 61.0, 72.5]",0,0,1.5833333333333333,"[21.5, 33.0, 45.0, 56.5, 68.0]","[8.0, 20.0, 31.5, 43.5, 55.0, 66.5]",0,1,1.5
synthetic_gaussian_3_8V,G1,0,False,0.0,FCC7907A30E92106673996165D3D95BD0E5C601E8A03EB59C0602C68469B600F,8.0,gaussian,3,0.6967726940269446,0.4858467037905692,0.18531507418405307,3.759935326874256,161,-0.1736765387343231,"[16.5, 27.5, 39.0, 50.5, 62.5, 74.0]","[14.5, 26.0, 37.5, 49.0, 61.0, 72.5]",0,0,1.5833333333333333,"[21.5, 33.0, 45.0, 56.5, 68.0]","[20.0, 31.5, 43.0, 54.5, 66.0]",0,0,1.8
synthetic_gaussian_3_8V,G1,1,False,0.0,C4AC442D8761868570B3CA5F03E983237AD1D19441B6BEAFB043264F3BD4508B,8.0,gaussian,3,0.6949678975532289,0.4821153277022048,0.18483506686562504,3.759935326874256,161,-0.17859464691352386,"[16.5, 27.5, 39.0, 50.5, 62.5, 74.0]","[14.5, 26.0, 37.5, 49.0, 61.0, 72.5]",0,0,1.5833333333333333,"[21.5, 33.0, 45.0, 56.5, 68.0]","[20.0, 31.5, 43.0, 54.5, 66.0]",0,0,1.8
synthetic_gaussian_3_8V,G1,2,False,0.0,1D086628D219882DA87E66B926F48723B02884FFF397CB8993180D9DCA8AF620,8.0,gaussian,3,0.6899330885404195,0.47782101934949517,0.18349599888303955,3.759935326874256,161,-0.18209900387201863,"[16.5, 27.5, 39.0, 50.5, 62.5, 74.0]","[15.0, 26.0, 37.5, 49.0, 61.0, 72.5]",0,0,1.5,"[21.5, 33.0, 45.0, 56.5, 68.0]","[20.0, 31.5, 43.0, 54.5, 66.5]",0,0,1.7
synthetic_gaussian_3_8V,C,0,True,0.0001,31967903386651185B77ACE11FDFC4EFF8C131F28EF73BAC2EB5F9CEFCE94035,8.0,gaussian,3,0.22589884884755376,0.1699094153269182,0.060080514479314215,3.759935326874256,161,0.026436282120236864,"[16.5, 27.5, 39.0, 50.5, 62.5, 74.0]","[4.5, 16.0, 27.5, 39.0, 50.5, 62.5, 74.0]",0,1,0.08333333333333333,"[21.5, 33.0, 45.0, 56.5, 68.0]","[9.5, 21.5, 33.0, 45.0, 56.5, 68.0]",0,1,0.0
synthetic_gaussian_3_8V,C,1,True,0.0001,A7F0655FA1C0DEFD40132109FFC1554D4BC874660B27F42ACD71C088F4CD3280,8.0,gaussian,3,0.22284309513885212,0.1648729091128818,0.059267800045940705,3.759935326874256,161,0.01463289333752717,"[16.5, 27.5, 39.0, 50.5, 62.5, 74.0]","[4.5, 16.0, 27.5, 39.0, 50.5, 62.5, 74.0]",0,1,0.08333333333333333,"[21.5, 33.0, 45.0, 56.5, 68.0]","[9.5, 21.5, 33.0, 45.0, 56.5, 68.0]",0,1,0.0
synthetic_gaussian_3_8V,C,2,True,0.0001,785086A30D66688E075696AC89BE562ED94DA9CD56BDDF509A48176EE8D66E30,8.0,gaussian,3,0.33066582876903783,0.2706639500162505,0.08794455223886256,3.759935326874256,161,0.0016970739056587512,"[16.5, 27.5, 39.0, 50.5, 62.5, 74.0]","[13.5, 26.0, 38.5, 50.5, 62.0, 74.0]",0,0,0.9166666666666666,"[21.5, 33.0, 45.0, 56.5, 68.0]","[6.5, 19.0, 31.5, 44.5, 56.5, 68.0]",0,1,0.9
synthetic_gaussian_4_0V,H1,0,False,0.0,F418C5F87DA4F306AA75AE5CB43744216D3A0871B7B3F0CF69E6871098429DD7,0.0,gaussian,4,0.7255265078136294,0.5700429923746858,0.17884043796272175,4.056837011128664,161,-0.16186520484597852,"[13.5, 24.5, 35.5, 47.5, 59.0, 70.5]","[16.0, 27.0, 38.5, 50.0, 61.5, 73.5]",0,0,2.6666666666666665,"[17.5, 29.0, 41.0, 52.5, 64.5, 76.0]","[20.5, 32.0, 44.0, 55.5, 67.0]",1,0,2.9
synthetic_gaussian_4_0V,H1,1,False,0.0,5C255CA1B05DBE4B53266383637CE816E45C9339D4D29330B2764C7DB81EDF49,0.0,gaussian,4,0.7357020532303108,0.5769792648118975,0.1813486840146997,4.056837011128664,161,-0.1885332725834135,"[13.5, 24.5, 35.5, 47.5, 59.0, 70.5]","[16.0, 27.0, 38.5, 50.0, 61.5, 73.5]",0,0,2.6666666666666665,"[17.5, 29.0, 41.0, 52.5, 64.5, 76.0]","[20.5, 32.0, 44.0, 55.5, 67.0]",1,0,2.9
synthetic_gaussian_4_0V,H1,2,False,0.0,767663EA7792E3B21A946C36CBE9DC41A7F9D99BFE3881286918915F67C3412D,0.0,gaussian,4,0.7255177061213283,0.5700340980261375,0.1788382683679668,4.056837011128664,161,-0.16183076480970504,"[13.5, 24.5, 35.5, 47.5, 59.0, 70.5]","[16.0, 27.0, 38.5, 50.0, 61.5, 73.5]",0,0,2.6666666666666665,"[17.5, 29.0, 41.0, 52.5, 64.5, 76.0]","[20.5, 32.0, 44.0, 55.5, 67.0]",1,0,2.9
synthetic_gaussian_4_0V,G1,0,False,0.0,6F60CAA6D306819AE33922E508CA087EC1867810517ED740DE3828087EEDE6B3,0.0,gaussian,4,0.7281941517755693,0.5717600608537315,0.17949800541111124,4.056837011128664,161,-0.15875721393053818,"[13.5, 24.5, 35.5, 47.5, 59.0, 70.5]","[16.0, 27.0, 38.5, 50.0, 61.5, 73.5]",0,0,2.6666666666666665,"[17.5, 29.0, 41.0, 52.5, 64.5, 76.0]","[20.5, 32.0, 44.0, 55.5, 67.0]",1,0,2.9
synthetic_gaussian_4_0V,G1,1,False,0.0,83F305DB2582109CD1EECFE7AAC9102988F0C7E4E95010AA27F30AF37F1ED930,0.0,gaussian,4,0.7384210465524111,0.5787880804304171,0.1820189089497024,4.056837011128664,161,-0.1867225058808442,"[13.5, 24.5, 35.5, 47.5, 59.0, 70.5]","[16.0, 27.0, 38.5, 50.0, 61.5, 73.5]",0,0,2.6666666666666665,"[17.5, 29.0, 41.0, 52.5, 64.5, 76.0]","[20.5, 32.0, 44.0, 55.5, 67.0]",1,0,2.9
synthetic_gaussian_4_0V,G1,2,False,0.0,636EB7877283473E195261C48DA9D0B8328F3FF3E7EE6FDEE1F0C84F4C0D2A7D,0.0,gaussian,4,0.7186013022131946,0.5647696512836707,0.17713339240446108,4.056837011128664,161,-0.11476504259288253,"[13.5, 24.5, 35.5, 47.5, 59.0, 70.5]","[15.5, 27.0, 38.5, 50.0, 61.5, 73.5]",0,0,2.5833333333333335,"[17.5, 29.0, 41.0, 52.5, 64.5, 76.0]","[20.5, 32.0, 44.0, 55.5, 67.0]",1,0,2.9
synthetic_gaussian_4_0V,C,0,True,0.0001,3803AA3E259F5A841786F1D56C3E4AFA4B36FE5EE7498209FB6D44B3F366989C,0.0,gaussian,4,0.22975888480704407,0.20261523517006377,0.05663498044825868,4.056837011128664,161,0.20261523517006377,"[13.5, 24.5, 35.5, 47.5, 59.0, 70.5]","[13.0, 24.5, 35.5, 47.0, 59.0, 70.5]",0,0,0.16666666666666666,"[17.5, 29.0, 41.0, 52.5, 64.5, 76.0]","[17.5, 29.0, 41.0, 52.5, 64.0, 76.0]",0,0,0.08333333333333333
synthetic_gaussian_4_0V,C,1,True,0.0001,B37537CD27DF25D8D502AB520AC1F06588F365F11FA2268AF1AA0D4A6444C7AC,0.0,gaussian,4,0.22319067020982192,0.1948160238026711,0.05501593226387161,4.056837011128664,161,0.1948160238026711,"[13.5, 24.5, 35.5, 47.5, 59.0, 70.5]","[13.0, 24.0, 35.5, 47.0, 59.0, 70.5]",0,0,0.25,"[17.5, 29.0, 41.0, 52.5, 64.5, 76.0]","[17.0, 29.0, 41.0, 52.5, 64.0, 76.0]",0,0,0.16666666666666666
synthetic_gaussian_4_0V,C,2,True,0.0001,C993072071C73D6CECA3B0559AD62B282488F4AF2AEC0301FF8F3ACE77DC4184,0.0,gaussian,4,0.22438396240088898,0.19578462338937122,0.05531007575245486,4.056837011128664,161,0.19578462338937122,"[13.5, 24.5, 35.5, 47.5, 59.0, 70.5]","[13.0, 24.5, 35.5, 47.0, 59.0, 70.5]",0,0,0.16666666666666666,"[17.5, 29.0, 41.0, 52.5, 64.5, 76.0]","[17.0, 29.0, 41.0, 52.5, 64.0, 76.0]",0,0,0.16666666666666666
synthetic_gaussian_4_4V,H1,0,False,0.0,BD2E6EFD35A711A31DA923A1787925F3292EDB1C999B48B5D66A4BFC3AB977B0,4.0,gaussian,4,0.4454311604466321,0.3438480520554122,0.10970357437982822,4.060315837152302,161,0.054845652673182844,"[14.5, 25.5, 37.5, 49.0, 60.5, 72.5]","[16.0, 27.0, 38.5, 50.5, 62.0, 73.5]",0,0,1.3333333333333333,"[19.0, 31.5, 43.0, 54.5, 66.0, 78.0]","[20.5, 32.5, 44.0, 56.0, 67.5]",1,0,1.3
synthetic_gaussian_4_4V,H1,1,False,0.0,BF7729F0204318E002B7ED1A290E9C20E77CE972227ED2E92CDE46444916383A,4.0,gaussian,4,0.44822776495214034,0.3443954521736979,0.11039233964284521,4.060315837152302,161,0.05283816294997696,"[14.5, 25.5, 37.5, 49.0, 60.5, 72.5]","[16.0, 27.0, 38.5, 50.5, 62.0, 73.5]",0,0,1.3333333333333333,"[19.0, 31.5, 43.0, 54.5, 66.0, 78.0]","[20.5, 32.5, 44.0, 56.0, 67.5]",1,0,1.3
synthetic_gaussian_4_4V,H1,2,False,0.0,1F244136CE12EDA9DF9ABEF002386D30372751C060E4DF0FB6EA9E92FECF7BAE,4.0,gaussian,4,0.44829002488889136,0.34491038533431895,0.11040767340978554,4.060315837152302,161,0.04915436812917968,"[14.5, 25.5, 37.5, 49.0, 60.5, 72.5]","[16.0, 27.0, 38.5, 50.5, 62.0, 73.5]",0,0,1.3333333333333333,"[19.0, 31.5, 43.0, 54.5, 66.0, 78.0]","[20.5, 32.5, 44.0, 56.0, 67.5]",1,0,1.3
synthetic_gaussian_4_4V,G1,0,False,0.0,E3460DC3F058112BB787EAF2B0129696D24525A8A20DB01AE1F84F978D35CC3B,4.0,gaussian,4,0.4480283590235111,0.3446146431636734,0.11034322870255711,4.060315837152302,161,0.0526472810353211,"[14.5, 25.5, 37.5, 49.0, 60.5, 72.5]","[16.0, 27.0, 38.5, 50.5, 62.0, 73.5]",0,0,1.3333333333333333,"[19.0, 31.5, 43.0, 54.5, 66.0, 78.0]","[20.5, 32.5, 44.0, 56.0, 67.5]",1,0,1.3
synthetic_gaussian_4_4V,G1,1,False,0.0,213B1E39F221BE75474B243C1C96E319320A09DC9B89B7D27DD8660A206A991B,4.0,gaussian,4,0.4484776104682923,0.34493429772681167,0.110453873160476,4.060315837152302,161,0.053621029318459155,"[14.5, 25.5, 37.5, 49.0, 60.5, 72.5]","[16.0, 27.0, 38.5, 50.5, 62.0, 73.5]",0,0,1.3333333333333333,"[19.0, 31.5, 43.0, 54.5, 66.0, 78.0]","[20.5, 32.5, 44.0, 56.0, 67.5]",1,0,1.3
synthetic_gaussian_4_4V,G1,2,False,0.0,CDF25A522972E15E083BF499D6DE3463AC7C9BDB42D054C4FCAAED7D5FB22DA6,4.0,gaussian,4,0.4462316687053492,0.3406858522285558,0.10990072856458212,4.060315837152302,161,0.05554173899523789,"[14.5, 25.5, 37.5, 49.0, 60.5, 72.5]","[15.5, 27.0, 38.5, 50.5, 62.0, 73.5]",0,0,1.25,"[19.0, 31.5, 43.0, 54.5, 66.0, 78.0]","[20.5, 32.5, 44.0, 56.0, 67.5]",1,0,1.3
synthetic_gaussian_4_4V,C,0,True,0.0001,5B3153B66E3DCF7136EFAC02DF2C576D9A566A084FA23DEA60C627E9BDFE2408,4.0,gaussian,4,0.15162447096835138,0.13011169439257864,0.03734302380641724,4.060315837152302,161,0.09451898864772389,"[14.5, 25.5, 37.5, 49.0, 60.5, 72.5]","[14.5, 26.0, 37.5, 49.0, 60.5, 72.5]",0,0,0.08333333333333333,"[19.0, 31.5, 43.0, 54.5, 66.0, 78.0]","[19.5, 31.0, 43.0, 54.5, 66.0]",1,0,0.2
synthetic_gaussian_4_4V,C,1,True,0.0001,D6253ADC78820710B16BB40D75957E03273E8E865CBAC4B0E996BF4CE2532C20,4.0,gaussian,4,0.14859760498113966,0.12275282830050006,0.03659754830436009,4.060315837152302,161,0.08174445495749456,"[14.5, 25.5, 37.5, 49.0, 60.5, 72.5]","[14.5, 26.0, 37.5, 49.0, 60.5, 72.5]",0,0,0.08333333333333333,"[19.0, 31.5, 43.0, 54.5, 66.0, 78.0]","[19.5, 31.0, 43.0, 54.5, 66.0]",1,0,0.2
synthetic_gaussian_4_4V,C,2,True,0.0001,47169CD7DDBB049C528E45ACC77F0A4CAE959F2565B525BC8C161E780D8E7C26,4.0,gaussian,4,1.1285844594279841,0.8771351003971762,0.27795484506434737,4.060315837152302,161,0.13870970991830062,"[14.5, 25.5, 37.5, 49.0, 60.5, 72.5]","[10.0, 19.5, 31.0, 42.5, 54.0, 65.5, 77.0]",6,7,,"[19.0, 31.5, 43.0, 54.5, 66.0, 78.0]","[13.0, 24.5, 36.0, 48.0, 59.5, 71.0]",6,6,
synthetic_gaussian_4_6V,H1,0,False,0.0,795A0B60626F90EE8B20904E1724A133F9A5839EA0BDF2758DB93F9937B974C9,6.0,gaussian,4,0.27978687105891453,0.21158322952058048,0.07090198177674915,3.9461079090833664,161,0.07971286764417841,"[15.5, 26.5, 38.0, 50.0, 61.5, 73.0]","[15.5, 27.0, 38.5, 50.0, 61.5, 73.5]",0,0,0.25,"[20.5, 32.0, 44.0, 55.5, 67.0]","[20.5, 32.5, 44.0, 55.5, 67.5]",0,0,0.2
synthetic_gaussian_4_6V,H1,1,False,0.0,074479CAA1D9372038D2FF167A7A2ABA08B2EA2A719271F9946B077A5D6D4F24,6.0,gaussian,4,0.2723022521070312,0.20541676954315388,0.06900527263337908,3.9461079090833664,161,0.05396779947552982,"[15.5, 26.5, 38.0, 50.0, 61.5, 73.0]","[15.5, 27.0, 38.5, 50.0, 61.5, 73.5]",0,0,0.25,"[20.5, 32.0, 44.0, 55.5, 67.0]","[20.5, 32.5, 44.0, 55.5, 67.5]",0,0,0.2
synthetic_gaussian_4_6V,H1,2,False,0.0,1380498336D4759A4F7773045FD17EBBEC2C67BE74F882C4A397D29317C2A98B,6.0,gaussian,4,0.26782222599312633,0.20071242562954625,0.06786997014872262,3.9461079090833664,161,0.040266126708305,"[15.5, 26.5, 38.0, 50.0, 61.5, 73.0]","[15.5, 27.0, 38.5, 50.0, 61.5, 73.5]",0,0,0.25,"[20.5, 32.0, 44.0, 55.5, 67.0]","[20.5, 32.5, 44.0, 55.5, 67.5]",0,0,0.2
synthetic_gaussian_4_6V,G1,0,False,0.0,A99AC6DF23214E4E07949E3FB1DCD8BA61625627EEEC85D0A7A7E72122C69D1C,6.0,gaussian,4,0.27092477025127043,0.20460528073862044,0.06865619909370471,3.9461079090833664,161,0.05143499653266906,"[15.5, 26.5, 38.0, 50.0, 61.5, 73.0]","[15.5, 27.0, 38.5, 50.0, 62.0, 73.5]",0,0,0.3333333333333333,"[20.5, 32.0, 44.0, 55.5, 67.0]","[20.5, 32.5, 44.0, 55.5, 67.5]",0,0,0.2
synthetic_gaussian_4_6V,G1,1,False,0.0,385C908DE3949B424D45546A7130AFA384DF8E8F573C05E84682536F4BC4972D,6.0,gaussian,4,0.27914107319989406,0.2114047325060777,0.0707383273927588,3.9461079090833664,161,0.07775103159613883,"[15.5, 26.5, 38.0, 50.0, 61.5, 73.0]","[15.5, 27.0, 38.5, 50.0, 61.5, 73.5]",0,0,0.25,"[20.5, 32.0, 44.0, 55.5, 67.0]","[20.5, 32.5, 44.0, 55.5, 67.5]",0,0,0.2
synthetic_gaussian_4_6V,G1,2,False,0.0,9109B216708E7827F17805849E1BF9F3DDEB83494FC3DCFC8FCA0C3D426D81C4,6.0,gaussian,4,0.27139044736729356,0.2049079998627306,0.06877420831361257,3.9461079090833664,161,0.05402986656700253,"[15.5, 26.5, 38.0, 50.0, 61.5, 73.0]","[15.5, 27.0, 38.5, 50.0, 61.5, 73.5]",0,0,0.25,"[20.5, 32.0, 44.0, 55.5, 67.0]","[20.5, 32.5, 44.0, 55.5, 67.5]",0,0,0.2
synthetic_gaussian_4_6V,C,0,True,0.0001,04916CB1CD1FE7B096FC8CF4DA08527B4E64454332726FEF303EA46F581BA800,6.0,gaussian,4,0.1710229392650472,0.132043837894248,0.043339650918155906,3.9461079090833664,161,0.03676766472763761,"[15.5, 26.5, 38.0, 50.0, 61.5, 73.0]","[15.5, 26.5, 38.5, 50.0, 61.5, 73.0]",0,0,0.08333333333333333,"[20.5, 32.0, 44.0, 55.5, 67.0]","[20.5, 32.0, 44.0, 55.5, 67.0]",0,0,0.0
synthetic_gaussian_4_6V,C,1,True,0.0001,7A8C11D3B6F32496A88E0E4C50CD9A475654B3BB21BBAA50A8C61C9F05E06AD1,6.0,gaussian,4,0.17426456669728146,0.13664292375306925,0.04416112552222654,3.9461079090833664,161,0.0398175349297392,"[15.5, 26.5, 38.0, 50.0, 61.5, 73.0]","[4.0, 15.5, 26.5, 38.5, 50.0, 61.5, 73.0]",0,1,0.08333333333333333,"[20.5, 32.0, 44.0, 55.5, 67.0]","[8.5, 20.5, 32.0, 44.0, 55.5, 67.0]",0,1,0.0
synthetic_gaussian_4_6V,C,2,True,0.0001,0EC3384313DC7B4C11497CB277EFA81FDB61BE175D083BA5D3CAA4145EF18CE9,6.0,gaussian,4,0.8332253418159307,0.6485734793301016,0.21115118010279627,3.9461079090833664,161,0.0639771792048691,"[15.5, 26.5, 38.0, 50.0, 61.5, 73.0]","[18.5, 30.0, 41.0, 52.5, 64.5, 75.5]",1,1,2.8,"[20.5, 32.0, 44.0, 55.5, 67.0]","[23.5, 35.0, 46.5, 58.0, 70.0]",0,0,2.8
synthetic_gaussian_4_8V,H1,0,False,0.0,F127319724BEE9BBEBE7AF1731AF10F2172797E5F0D4BAD66334B6EBAD0C20CC,8.0,gaussian,4,0.699412031064631,0.5090011714834949,0.18345544687699636,3.8124353513121605,161,-0.11950016432726455,"[16.5, 27.5, 39.0, 51.0, 62.5, 74.0]","[14.5, 26.0, 37.5, 49.0, 61.0, 72.5]",0,0,1.6666666666666667,"[10.5, 21.5, 33.0, 44.5, 56.5, 68.0]","[20.0, 31.5, 43.0, 55.0, 66.5]",1,0,1.5
synthetic_gaussian_4_8V,H1,1,False,0.0,D5446C671074FB53055DCA608F889B172E2E05F974F0BB5B795FC5BA8A075178,8.0,gaussian,4,0.6973927040237835,0.506146542106468,0.18292577834369192,3.8124353513121605,161,-0.1285383925809639,"[16.5, 27.5, 39.0, 51.0, 62.5, 74.0]","[14.5, 26.0, 37.5, 49.0, 61.0, 72.5]",0,0,1.6666666666666667,"[10.5, 21.5, 33.0, 44.5, 56.5, 68.0]","[20.0, 31.5, 43.0, 55.0, 66.5]",1,0,1.5
synthetic_gaussian_4_8V,H1,2,False,0.0,9B25EAC27FA305E805B60B87922A6533CB8940A26FC2866FFE2A16E6CCBD92EF,8.0,gaussian,4,0.6986762160203661,0.499701826650143,0.18326244293687402,3.8124353513121605,161,-0.15146719421890734,"[16.5, 27.5, 39.0, 51.0, 62.5, 74.0]","[15.5, 26.0, 37.5, 49.0, 61.0, 72.5]",0,0,1.5,"[10.5, 21.5, 33.0, 44.5, 56.5, 68.0]","[20.0, 31.5, 43.0, 55.0, 66.5]",1,0,1.5
synthetic_gaussian_4_8V,G1,0,False,0.0,62804984DB85B451AEC2CFB88C8C63DEE4357D2C766EA78B61E4688689D732DD,8.0,gaussian,4,0.7013531412636685,0.5017260284736097,0.18396459916947247,3.8124353513121605,161,-0.15336137084659043,"[16.5, 27.5, 39.0, 51.0, 62.5, 74.0]","[15.5, 26.0, 37.5, 49.0, 61.0, 72.5]",0,0,1.5,"[10.5, 21.5, 33.0, 44.5, 56.5, 68.0]","[20.0, 31.5, 43.0, 55.0, 66.5]",1,0,1.5
synthetic_gaussian_4_8V,G1,1,False,0.0,16F2D166463BC1707B70B34B9E189B210B53838BF950075845E013E4227B76FC,8.0,gaussian,4,0.7017656677916356,0.5021395664433158,0.1840728046837837,3.8124353513121605,161,-0.1537670444888182,"[16.5, 27.5, 39.0, 51.0, 62.5, 74.0]","[15.5, 26.0, 37.5, 49.0, 61.0, 72.5]",0,0,1.5,"[10.5, 21.5, 33.0, 44.5, 56.5, 68.0]","[20.0, 31.5, 43.0, 55.0, 66.5]",1,0,1.5
synthetic_gaussian_4_8V,G1,2,False,0.0,184B27D57D0850B938E908BEDC73CA84A56C1EE06B82B1B8F6C1319A474ADBDA,8.0,gaussian,4,0.7541807510034774,0.593128227539839,0.19782125636409917,3.8124353513121605,161,-0.07845333794754018,"[16.5, 27.5, 39.0, 51.0, 62.5, 74.0]","[13.0, 24.5, 36.5, 48.5, 60.5, 73.0]",1,1,2.2,"[10.5, 21.5, 33.0, 44.5, 56.5, 68.0]","[18.0, 30.0, 42.5, 54.5, 66.5]",2,1,2.125
synthetic_gaussian_4_8V,C,0,True,0.0001,A648BF45DBFA4A4F5246265D930E78C2D4D47C960720669C8B05C314E7FDE87A,8.0,gaussian,4,0.3296839983158446,0.26414004230859056,0.08647595773719134,3.8124353513121605,161,0.016536655687441552,"[16.5, 27.5, 39.0, 51.0, 62.5, 74.0]","[15.0, 25.5, 38.5, 50.5, 62.0, 74.0]",0,0,0.8333333333333334,"[10.5, 21.5, 33.0, 44.5, 56.5, 68.0]","[19.0, 31.5, 44.5, 56.5, 68.0]",1,0,0.8
synthetic_gaussian_4_8V,C,1,True,0.0001,1F3875B675D42E835FD12EC3691835E8B7E81173986931D20844439413DFD9D1,8.0,gaussian,4,0.20761733627769666,0.14981082701680026,0.05445792968167686,3.8124353513121605,161,-0.0066840082627885435,"[16.5, 27.5, 39.0, 51.0, 62.5, 74.0]","[4.5, 16.0, 27.5, 39.0, 50.5, 62.5, 74.0]",0,1,0.16666666666666666,"[10.5, 21.5, 33.0, 44.5, 56.5, 68.0]","[9.5, 21.5, 33.0, 45.0, 56.5, 68.0]",0,0,0.25
synthetic_gaussian_4_8V,C,2,True,0.0001,9D71A60BABBBB068766EE7EF768B850AF5DD1CE1F5219F1B66788376699296B2,8.0,gaussian,4,0.33313676812806575,0.2742245005044208,0.08738161763540647,3.8124353513121605,161,0.022335838262032198,"[16.5, 27.5, 39.0, 51.0, 62.5, 74.0]","[13.5, 26.0, 38.5, 50.5, 62.0, 74.0]",0,0,1.0,"[10.5, 21.5, 33.0, 44.5, 56.5, 68.0]","[6.5, 19.0, 31.5, 44.5, 56.5, 68.0]",1,1,0.8
synthetic_broad_0_0V,H1,0,False,0.0,AFB83BAA311A5B0898A12634871A62A0FF97928455EC56D0CE50A13C547DF2D9,0.0,broad,0,0.3946093313503786,0.33632378908259525,0.11685864013309698,3.3768092021346092,161,-0.2600638966618287,"[12.0, 25.0]","[15.5, 27.5, 39.5]",1,2,2.5,"[17.0, 29.0]","[20.5, 32.0, 44.0]",1,2,3.0
synthetic_broad_0_0V,H1,1,False,0.0,550CEEE7159B6A018CD9AB67E1601C23C3ED6174132E5561EA21DABBF2E916EF,0.0,broad,0,0.39643051551671454,0.33756582908571936,0.11739796114809085,3.3768092021346092,161,-0.2610723110667166,"[12.0, 25.0]","[15.5, 27.5, 39.5]",1,2,2.5,"[17.0, 29.0]","[20.5, 32.0, 44.0]",1,2,3.0
synthetic_broad_0_0V,H1,2,False,0.0,C3E73103EBDFB078B4CE08FEB5DCA80D26554147F8EC2CC941C32FCD1DA52C86,0.0,broad,0,0.4622313735537039,0.38173685799772317,0.13688406595833424,3.3768092021346092,161,-0.36363612262322137,"[12.0, 25.0]","[13.0, 26.0, 39.5]",0,1,1.0,"[17.0, 29.0]","[18.5, 31.5, 43.5]",0,1,2.0
synthetic_broad_0_0V,G1,0,False,0.0,D8C1E79D0367DF8A1DE258B4E4E87EF68ED9CCAD2A858CBCA84A971649E2B064,0.0,broad,0,0.1589971955897819,0.13143340290484912,0.04708503977342686,3.3768092021346092,161,0.0092511150009907,"[12.0, 25.0]","[16.0, 27.5, 39.5]",1,2,2.5,"[17.0, 29.0]","[20.5, 32.0, 43.5]",1,2,3.0
synthetic_broad_0_0V,G1,1,False,0.0,F8774121A34D5D337D002CDB0C2F305183A4DF2FF11A918DC176EB44351573B0,0.0,broad,0,0.15881751658127655,0.13101672617134624,0.04703183007227117,3.3768092021346092,161,0.0064381954711938486,"[12.0, 25.0]","[16.0, 27.5, 39.5]",1,2,2.5,"[17.0, 29.0]","[20.5, 32.0, 43.5]",1,2,3.0
synthetic_broad_0_0V,G1,2,False,0.0,B7DDA07029BA2C45B6B972621D468B090694089A97CDE4C7C5E19D0D00580995,0.0,broad,0,0.19570581364021777,0.16710152376969148,0.057955839943963874,3.3768092021346092,161,0.1036636592179949,"[12.0, 25.0]","[16.0, 27.5, 40.0]",1,2,2.5,"[17.0, 29.0]","[20.0, 32.0, 43.5]",0,1,3.0
synthetic_broad_0_0V,C,0,True,0.0001,89A8EF61CCAC79D9D98D33D241F47B3557CA1DDB55D4FEDD83C6F53AC8FDA378,0.0,broad,0,0.06853852007481369,0.05694651154042209,0.020296829335660387,3.3768092021346092,161,-0.0020399896005958607,"[12.0, 25.0]","[13.0, 24.5, 36.5]",0,1,0.75,"[17.0, 29.0]","[17.5, 29.0, 40.5]",0,1,0.25
synthetic_broad_0_0V,C,1,True,0.0001,E8FD5091139D9DEC2195BFB2C252BBF1FE4FB73CF2EBAA9C5C192201B229EDD8,0.0,broad,0,0.2335812133088556,0.21792509967774698,0.0691721679629397,3.3768092021346092,161,0.21404824258435956,"[12.0, 25.0]","[13.0, 24.5, 36.5]",0,1,0.75,"[17.0, 29.0]","[17.0, 29.0, 40.5]",0,1,0.0
synthetic_broad_0_0V,C,2,True,0.0001,E52AE4E7CDA87A14927271CE1000012895935A2686C15CEB6B45331C7ED32525,0.0,broad,0,0.06853868824438185,0.05694648784753698,0.02029687913698409,3.3768092021346092,161,-0.002042564174593509,"[12.0, 25.0]","[13.0, 24.5, 36.5]",0,1,0.75,"[17.0, 29.0]","[17.5, 29.0, 40.5]",0,1,0.25
synthetic_broad_0_4V,H1,0,False,0.0,AA826F1C269C5FF1E70108E0D85FF0B54CDB413F431290A939327DC46739E63E,4.0,broad,0,0.11556792162606493,0.09480130716569787,0.042549673485660015,2.716070704162121,161,0.036356551367017494,"[15.0, 26.0, 37.5, 50.5]","[13.5, 26.0, 39.0, 52.0, 65.0]",0,1,1.125,"[7.0, 19.0, 31.0, 43.0, 53.5]","[18.0, 30.5, 43.5, 56.5, 69.0]",5,5,
synthetic_broad_0_4V,H1,1,False,0.0,CA7FAAD53FF7AD1AE45CC5DBFF63C5A836F62891325E01241BB9F826D2CABAC6,4.0,broad,0,0.11290118193153191,0.09239820416732578,0.04156783612389823,2.716070704162121,161,0.03301094813802153,"[15.0, 26.0, 37.5, 50.5]","[13.5, 26.0, 39.0, 52.0, 65.0]",0,1,1.125,"[7.0, 19.0, 31.0, 43.0, 53.5]","[18.0, 31.0, 43.5, 56.5, 69.0]",5,5,
synthetic_broad_0_4V,H1,2,False,0.0,1CAEFA28077E8076D8170E5A3180A11100DC7BEBEED5CF7146A18ACA74D8A2F7,4.0,broad,0,0.11290480039765781,0.0924000286904758,0.041569168366877164,2.716070704162121,161,0.033021184068724924,"[15.0, 26.0, 37.5, 50.5]","[13.5, 26.0, 39.0, 52.0, 65.0]",0,1,1.125,"[7.0, 19.0, 31.0, 43.0, 53.5]","[18.0, 31.0, 43.5, 56.5, 69.0]",5,5,
synthetic_broad_0_4V,G1,0,False,0.0,54F456B4612632FE112198763B45F16CEC56C2355FAA3CF4147081403014DA73,4.0,broad,0,0.10307721241442326,0.08579295905426183,0.03795085755921862,2.716070704162121,161,-0.003660363748988335,"[15.0, 26.0, 37.5, 50.5]","[13.5, 26.0, 39.5]",1,0,1.1666666666666667,"[7.0, 19.0, 31.0, 43.0, 53.5]","[18.0, 31.0, 44.0]",2,0,0.6666666666666666
synthetic_broad_0_4V,G1,1,False,0.0,90FC20527EB0283CA0720969C3F7EE830962DFA302ECC39E24B4DA852FAAF1CD,4.0,broad,0,0.10275641760020167,0.08542495233048064,0.03783274766843779,2.716070704162121,161,-0.002671577430384744,"[15.0, 26.0, 37.5, 50.5]","[13.5, 26.0, 39.5]",1,0,1.1666666666666667,"[7.0, 19.0, 31.0, 43.0, 53.5]","[18.0, 31.0, 44.0]",2,0,0.6666666666666666
synthetic_broad_0_4V,G1,2,False,0.0,D76226EA14DC8E2AA655C26F221AB780480923363DBD99BA593064527BF6AD2C,4.0,broad,0,0.10495493232272635,0.08721252422856823,0.03864219446198248,2.716070704162121,161,0.009701713954438704,"[15.0, 26.0, 37.5, 50.5]","[13.5, 26.0, 39.5]",1,0,1.1666666666666667,"[7.0, 19.0, 31.0, 43.0, 53.5]","[18.0, 31.0, 44.0]",2,0,0.6666666666666666
synthetic_broad_0_4V,C,0,True,0.0001,CADAA9E576E249FC57627DBB2A999C87B40DBB130E5290B360CE427A4991D764,4.0,broad,0,0.06437545292619985,0.05167966216291173,0.023701685242416767,2.716070704162121,161,-0.0033832105931150477,"[15.0, 26.0, 37.5, 50.5]","[14.5, 26.0, 38.0, 50.5]",0,0,0.25,"[7.0, 19.0, 31.0, 43.0, 53.5]","[19.5, 31.0, 43.0, 54.5]",1,0,0.375
synthetic_broad_0_4V,C,1,True,0.0001,0ACFE6E6C0BEEF74A94DF5F9D35E3BAFFD0E13CD72029153B9D76132AB5CBC91,4.0,broad,0,0.11224423992472736,0.0940894668998797,0.04132596392013054,2.716070704162121,161,-0.04657306834981108,"[15.0, 26.0, 37.5, 50.5]","[13.0, 25.0, 38.0, 51.0]",0,0,1.0,"[7.0, 19.0, 31.0, 43.0, 53.5]","[18.0, 31.0, 43.5, 55.0]",1,0,0.75
synthetic_broad_0_4V,C,2,True,0.0001,4AE2938B58A19C8F96B156066BC19BCA3568A2BB0CE14BE30E00F97672BD413C,4.0,broad,0,0.09193926418948065,0.07556567784055825,0.03385009972258544,2.716070704162121,161,-0.042122276826931676,"[15.0, 26.0, 37.5, 50.5]","[13.5, 25.0, 38.0]",1,0,1.0,"[7.0, 19.0, 31.0, 43.0, 53.5]","[18.0, 31.0, 43.0]",2,0,0.3333333333333333
synthetic_broad_0_6V,H1,0,False,0.0,46C7E0B8C047FA11791807F0F5EAF7168AB0DC01C391DCF86486958FD9CB14BD,6.0,broad,0,0.13080254114555948,0.10977394714592183,0.05795689088142916,2.2568936869502068,161,0.041448905971235975,"[15.5, 27.0, 38.5, 51.0, 64.5]","[14.0, 26.0, 39.0, 52.0, 65.0]",0,0,0.9,"[9.0, 20.0, 32.0, 43.5, 56.5, 67.5]","[18.0, 31.0, 44.0, 56.5, 69.5]",1,0,1.1
synthetic_broad_0_6V,H1,1,False,0.0,5D3C82D3E4F354A03C73A616F8384B24923AD51626060BABF53147644D614720,6.0,broad,0,0.13087378631093258,0.1098436380038373,0.057988458680029976,2.2568936869502068,161,0.041635128182939046,"[15.5, 27.0, 38.5, 51.0, 64.5]","[14.0, 26.0, 39.0, 52.0, 65.0]",0,0,0.9,"[9.0, 20.0, 32.0, 43.5, 56.5, 67.5]","[18.0, 31.0, 44.0, 56.5, 69.5]",1,0,1.1
synthetic_broad_0_6V,H1,2,False,0.0,6EB8E1FB64F7A082105286E7103F5524B2243F0C63CCA9029261CF533022F1BB,6.0,broad,0,0.1298168057698026,0.10843440479829529,0.05752012446152352,2.2568936869502068,161,0.03742917039655775,"[15.5, 27.0, 38.5, 51.0, 64.5]","[14.0, 26.0, 39.0, 52.0, 65.0]",0,0,0.9,"[9.0, 20.0, 32.0, 43.5, 56.5, 67.5]","[18.0, 31.0, 44.0, 56.5, 69.5]",1,0,1.1
synthetic_broad_0_6V,G1,0,False,0.0,3EE887FEFD5CD27E9C7DB849AD508943B323793A96F2229EC7126B8EDD741759,6.0,broad,0,0.11654398323630416,0.09423003420500145,0.051639110831929694,2.2568936869502068,161,0.0191294615831423,"[15.5, 27.0, 38.5, 51.0, 64.5]","[14.0, 26.0, 39.0, 52.5]",1,0,1.125,"[9.0, 20.0, 32.0, 43.5, 56.5, 67.5]","[18.5, 31.5, 44.5, 57.0]",2,0,0.875
synthetic_broad_0_6V,G1,1,False,0.0,4606EBE877AECA0CED5D717EE29552D956D2B4AA5661D1F32CCBE364C1A1F3D3,6.0,broad,0,0.11630760342770664,0.09245345092909453,0.05153437403818335,2.2568936869502068,161,0.016922977739206285,"[15.5, 27.0, 38.5, 51.0, 64.5]","[14.0, 26.0, 39.0, 52.5]",1,0,1.125,"[9.0, 20.0, 32.0, 43.5, 56.5, 67.5]","[18.5, 31.5, 44.5, 57.0]",2,0,0.875
synthetic_broad_0_6V,G1,2,False,0.0,9AE65DF70EA4AA39BEFE1F6FF2A9246AE7600078C0D6D23EA24EA604243E636D,6.0,broad,0,0.11747526889861885,0.09495229330778682,0.05205175129776092,2.2568936869502068,161,0.020434038586506532,"[15.5, 27.0, 38.5, 51.0, 64.5]","[14.0, 26.0, 39.0, 52.5]",1,0,1.125,"[9.0, 20.0, 32.0, 43.5, 56.5, 67.5]","[18.5, 31.5, 44.5, 57.0]",2,0,0.875
synthetic_broad_0_6V,C,0,True,0.0001,083DE583DE0CC8BE14B94B43736C4FFA44254A763177A002BF4BDCCDDA383409,6.0,broad,0,0.0710310304989007,0.058603639092386965,0.03147291824582424,2.2568936869502068,161,-0.03193283441727951,"[15.5, 27.0, 38.5, 51.0, 64.5]","[15.5, 27.0, 38.5, 51.0]",1,0,0.0,"[9.0, 20.0, 32.0, 43.5, 56.5, 67.5]","[20.5, 32.0, 44.0, 55.5]",2,0,0.5
synthetic_broad_0_6V,C,1,True,0.0001,7308196C44601722915650C1C6BA0EEA2A8852565F4355212BBEE19B39873929,6.0,broad,0,0.11492702357657139,0.09572069218927484,0.05092265720849039,2.2568936869502068,161,0.06606579324742567,"[15.5, 27.0, 38.5, 51.0, 64.5]","[14.5, 26.0, 39.0, 52.0]",1,0,0.875,"[9.0, 20.0, 32.0, 43.5, 56.5, 67.5]","[19.0, 32.0, 44.0, 56.0]",2,0,0.5
synthetic_broad_0_6V,C,2,True,0.0001,F73918B6C35B2CD02F9FCFF32BCE72A2C0FF47EA47D1A9591F867E12993EEE90,6.0,broad,0,0.08501802774307023,0.06437149615833884,0.037670373325363445,2.2568936869502068,161,0.011111925218459634,"[15.5, 27.0, 38.5, 51.0, 64.5]","[14.5, 26.0, 39.0, 51.0, 64.0]",0,0,0.6,"[9.0, 20.0, 32.0, 43.5, 56.5, 67.5]","[19.0, 32.0, 44.5, 55.5, 68.0]",1,0,0.7
synthetic_broad_0_8V,H1,0,False,0.0,E724F97D576436FF8FBD8435AF23201E088D39DACDFF494BB6254501FF42267D,8.0,broad,0,0.3811129695774884,0.3231703101489008,0.2114100095749422,1.802719607949257,161,0.276689647572428,"[16.5, 27.5, 39.5, 51.5, 65.0]","[25.5, 38.0, 51.0, 63.5, 76.5]",5,5,,"[9.5, 21.5, 33.0, 45.0, 56.5, 69.0]","[30.5, 43.5, 56.0, 68.5]",2,0,1.25
synthetic_broad_0_8V,H1,1,False,0.0,5C485E4F8BB5E79C816595DB3868FB2F30AEA9E5E7E15621A5053D52B83E917F,8.0,broad,0,0.3820831393429596,0.3237658126786083,0.21194817966040258,1.802719607949257,161,0.2771912664369545,"[16.5, 27.5, 39.5, 51.5, 65.0]","[25.5, 38.0, 50.5, 63.5, 76.0]",5,5,,"[9.5, 21.5, 33.0, 45.0, 56.5, 69.0]","[30.5, 43.5, 56.0, 68.5]",2,0,1.25
synthetic_broad_0_8V,H1,2,False,0.0,D725BE1904E7426255ED4E768E2AAA1FA003BF441F6F90D2A91B8C7296D54D57,8.0,broad,0,0.4516322098135271,0.3878375556138068,0.2505282617563006,1.802719607949257,161,0.3583440836663524,"[16.5, 27.5, 39.5, 51.5, 65.0]","[25.5, 38.5, 51.0, 64.0]",1,0,1.125,"[9.5, 21.5, 33.0, 45.0, 56.5, 69.0]","[5.5, 31.0, 43.5, 56.0, 68.5]",2,1,1.125
synthetic_broad_0_8V,G1,0,False,0.0,FB7C29E28552B4B847EE46FA5551EC27424EBAF9FB0CDF3364551A285539423F,8.0,broad,0,0.2540724481980807,0.2160211470752849,0.14093841719906136,1.802719607949257,161,0.1496854359838915,"[16.5, 27.5, 39.5, 51.5, 65.0]","[25.5, 38.0, 51.0, 64.5]",1,0,1.125,"[9.5, 21.5, 33.0, 45.0, 56.5, 69.0]","[31.0, 43.5, 56.5, 68.5]",2,0,1.0
synthetic_broad_0_8V,G1,1,False,0.0,5D4DB77DFA40895F2F3E1B655F0CB3674010E822423E927B539A4FDB2DECAD1D,8.0,broad,0,0.1754445254419826,0.12307111776002845,0.09732213743520841,1.802719607949257,161,0.020476269361584483,"[16.5, 27.5, 39.5, 51.5, 65.0]","[25.5, 38.0, 51.0, 64.5]",1,0,1.125,"[9.5, 21.5, 33.0, 45.0, 56.5, 69.0]","[31.0, 44.0, 56.5, 69.0]",2,0,0.75
synthetic_broad_0_8V,G1,2,False,0.0,F377443D5F9840F3BCF75727689C0457CFB7A8716D62184DC1F1395E085A2F08,8.0,broad,0,0.2536103935719602,0.21553126288603394,0.1406821074412471,1.802719607949257,161,0.14824791618614172,"[16.5, 27.5, 39.5, 51.5, 65.0]","[25.5, 38.0, 51.0, 64.5]",1,0,1.125,"[9.5, 21.5, 33.0, 45.0, 56.5, 69.0]","[31.0, 43.5, 56.5, 68.5]",2,0,1.0
synthetic_broad_0_8V,C,0,True,0.0001,CE0551A6A8287EBBB9F63A0490C59C7C297891C4376D613D84BD98B0E651A580,8.0,broad,0,0.07875085963559168,0.06582507858024488,0.043684474994520814,1.802719607949257,161,0.037535513622842305,"[16.5, 27.5, 39.5, 51.5, 65.0]","[4.0, 16.5, 27.5, 39.5, 51.5, 64.5]",0,1,0.1,"[9.5, 21.5, 33.0, 45.0, 56.5, 69.0]","[9.0, 21.0, 33.0, 45.0, 56.5, 69.0]",0,0,0.16666666666666666
synthetic_broad_0_8V,C,1,True,0.0001,C5D41C50A502CE0535A55DDDA83D2BD319E81EAF82FA5609E39594853EFDCE9A,8.0,broad,0,0.5604702957321439,0.4835169486927172,0.3109026457917798,1.802719607949257,161,0.47917695399507026,"[16.5, 27.5, 39.5, 51.5, 65.0]","[16.5, 27.5, 40.5]",2,0,0.3333333333333333,"[9.5, 21.5, 33.0, 45.0, 56.5, 69.0]","[19.5, 32.5, 44.5]",3,0,1.0
synthetic_broad_0_8V,C,2,True,0.0001,81DF0E30B4F339DF488B29562ADABEFA6734A6381BCF2896594AFB9019ABEED1,8.0,broad,0,0.2610553383894671,0.23109423662416978,0.14481194814674436,1.802719607949257,161,0.19532634194603513,"[16.5, 27.5, 39.5, 51.5, 65.0]","[16.0, 26.5, 39.5, 51.5, 64.0]",0,0,0.5,"[9.5, 21.5, 33.0, 45.0, 56.5, 69.0]","[19.5, 32.5, 45.0, 56.0, 68.5]",1,0,0.7
synthetic_broad_1_0V,H1,0,False,0.0,34A4E6469744880ABAEFCC4231F17563F84EFB6D97A8DB33D5FD3A77A5ED6923,0.0,broad,1,0.400026719943529,0.34461171796195444,0.11914003152850783,3.357618046691641,161,-0.249740658615859,"[12.0, 24.5, 35.5]","[15.5, 27.5, 39.5, 51.5]",2,3,3.0,"[17.5, 28.5, 40.0]","[20.5, 32.5, 44.0, 55.5]",2,3,3.0
synthetic_broad_1_0V,H1,1,False,0.0,3A8A1AA9D44DEC538CB975F397DCC5BD4A839E8D9C4C0A147EEE84716C21EF77,0.0,broad,1,0.4000908297085883,0.3446541219283761,0.11915912535161925,3.357618046691641,161,-0.24985814345033427,"[12.0, 24.5, 35.5]","[15.5, 27.5, 39.5, 51.5]",2,3,3.0,"[17.5, 28.5, 40.0]","[20.5, 32.5, 44.0, 55.5]",2,3,3.0
synthetic_broad_1_0V,H1,2,False,0.0,0FEED4E0D8E5EFF4BE060A8AA2F6C7ADEA9F54E41659BF202D20201F12188684,0.0,broad,1,0.5304148912269373,0.42177461771298774,0.1579735645481089,3.357618046691641,161,-0.41889223359480493,"[12.0, 24.5, 35.5]","[13.0, 26.0, 39.0, 52.0]",1,2,1.25,"[17.5, 28.5, 40.0]","[18.5, 31.5, 44.0, 56.5]",1,2,2.0
synthetic_broad_1_0V,G1,0,False,0.0,9A2F03DF6FC9581406022273304D906CEBCDBA5F24E336D7A8515F02AD61E7B3,0.0,broad,1,0.19337990258391674,0.16191112309964453,0.05759437193115506,3.357618046691641,161,0.04703883312737903,"[12.0, 24.5, 35.5]","[16.0, 27.5, 40.0]",2,2,3.0,"[17.5, 28.5, 40.0]","[20.5, 32.0, 43.5]",2,2,3.0
synthetic_broad_1_0V,G1,1,False,0.0,EDB07541F73FFF10D69A190B8A6B6C9F3CF8B0CDD891F4D4F907987A2A1C7C74,0.0,broad,1,0.19310259308720779,0.16159227174633906,0.05751178079277879,3.357618046691641,161,0.046465224021465065,"[12.0, 24.5, 35.5]","[16.0, 27.5, 40.0]",2,2,3.0,"[17.5, 28.5, 40.0]","[20.5, 32.0, 43.5]",2,2,3.0
synthetic_broad_1_0V,G1,2,False,0.0,7822091A31589BED88C35EFFC733C8B3BFEADC6E1A38975DC41A6CF5F22F3200,0.0,broad,1,0.4165306907594583,0.34801008909046505,0.12405541219016204,3.357618046691641,161,-0.34682506804453395,"[12.0, 24.5, 35.5]","[13.0, 26.0, 39.0]",1,1,1.25,"[17.5, 28.5, 40.0]","[18.0, 31.0, 43.5]",1,1,1.5
synthetic_broad_1_0V,C,0,True,0.0001,CCD60A9994BAEA212E447BAFC7CC72EE45651C00F028A0D99D12F13863FDFCF5,0.0,broad,1,0.06772552499188009,0.0530956713078303,0.020170705556759806,3.357618046691641,161,-0.00395332341727059,"[12.0, 24.5, 35.5]","[13.0, 24.5, 36.5]",0,0,0.6666666666666666,"[17.5, 28.5, 40.0]","[17.5, 29.0, 40.5]",0,0,0.3333333333333333
synthetic_broad_1_0V,C,1,True,0.0001,7E95FA21D5BFDB032EE3CBEA3D23BC1F32123AF5CEEE4993E13277681849A4C8,0.0,broad,1,0.15717840033904332,0.13813004243506513,0.0468124718634735,3.357618046691641,161,0.1319644296464389,"[12.0, 24.5, 35.5]","[13.0, 24.5, 36.5]",0,0,0.6666666666666666,"[17.5, 28.5, 40.0]","[17.0, 29.0, 40.5]",0,0,0.5
synthetic_broad_1_0V,C,2,True,0.0001,F548CF82675B3648D3AD94EDE146B096075C91B2C306BF2B277F58320A2F027B,0.0,broad,1,0.06622794332799854,0.05031222158188019,0.019724680534539914,3.357618046691641,161,-0.018057813496710005,"[12.0, 24.5, 35.5]","[13.0, 24.5, 36.5]",0,0,0.6666666666666666,"[17.5, 28.5, 40.0]","[17.0, 29.0, 40.5]",0,0,0.5
synthetic_broad_1_4V,H1,0,False,0.0,713B2119587680F7EA9AF9E7E273EC19B43AD73A28B586325BBE91ADC1726D7A,4.0,broad,1,0.1073848158944755,0.08917814103518275,0.04110975666462528,2.6121491491794586,161,-0.0430695340177306,"[14.0, 26.0, 38.5, 50.5]","[13.0, 26.0, 39.0, 52.0]",0,0,0.75,"[19.5, 31.5, 42.5, 54.5]","[18.0, 31.0, 43.0, 56.0]",0,0,1.0
synthetic_broad_1_4V,H1,1,False,0.0,095A3B885E4BBBC83176BEFF20DF2F66FF7B2346A33AED57D7A68E13FCEDD661,4.0,broad,1,0.10745714247319126,0.08968701253616027,0.04113744519793069,2.6121491491794586,161,-0.043510353482964774,"[14.0, 26.0, 38.5, 50.5]","[13.0, 26.0, 39.0, 52.0, 65.0]",0,1,0.75,"[19.5, 31.5, 42.5, 54.5]","[18.0, 31.0, 43.0, 56.0, 69.0]",0,1,1.0
synthetic_broad_1_4V,H1,2,False,0.0,B04663E1C126FE1CE39CBC3B0BFC1E2C37A8F5BEC595BD10FEE994DDF05EF5A2,4.0,broad,1,0.09741322906833391,0.07669793049946125,0.03729236866085302,2.6121491491794586,161,0.015463046092683902,"[14.0, 26.0, 38.5, 50.5]","[13.0, 26.0, 39.0, 52.0, 65.0]",0,1,0.75,"[19.5, 31.5, 42.5, 54.5]","[18.0, 31.0, 43.0, 56.0, 69.0]",0,1,1.0
synthetic_broad_1_4V,G1,0,False,0.0,953F24DA020B8B663228A35E21E8745754694001730B154D033AB8E4DBB4166F,4.0,broad,1,0.0935690978396702,0.07557302742660887,0.03582073323380581,2.6121491491794586,161,0.004664604768225118,"[14.0, 26.0, 38.5, 50.5]","[13.5, 26.0, 39.0, 53.0]",0,0,0.875,"[19.5, 31.5, 42.5, 54.5]","[18.0, 31.0, 44.0, 57.0]",0,0,1.5
synthetic_broad_1_4V,G1,1,False,0.0,266D94D480EB7538BC976D17C57C0F086778F871A1BF4EC81EF1E88F792ECBEE,4.0,broad,1,0.10635916367625413,0.08835339754098383,0.04071710978282546,2.6121491491794586,161,-0.055556509352272264,"[14.0, 26.0, 38.5, 50.5]","[13.5, 26.0, 39.5]",1,0,0.5,"[19.5, 31.5, 42.5, 54.5]","[18.0, 31.0, 44.0]",1,0,1.1666666666666667
synthetic_broad_1_4V,G1,2,False,0.0,E4864E1380980B5B7E95A86F9576CEB04FA3184354A6E96C1EBBA83F335AE36E,4.0,broad,1,0.10636764290170528,0.08836008017268455,0.04072035585529946,2.6121491491794586,161,-0.05557128269694634,"[14.0, 26.0, 38.5, 50.5]","[13.5, 26.0, 39.5]",1,0,0.5,"[19.5, 31.5, 42.5, 54.5]","[18.0, 31.0, 44.0]",1,0,1.1666666666666667
synthetic_broad_1_4V,C,0,True,0.0001,ABDE105D81759E0B5D98B24AA5C2BE07A14C675612E6B7ADCA44DD59AAA23DF5,4.0,broad,1,0.05717232382019094,0.04721815012837874,0.021887082457810726,2.6121491491794586,161,-0.025624120022553768,"[14.0, 26.0, 38.5, 50.5]","[14.5, 26.0, 38.0, 50.0]",0,0,0.375,"[19.5, 31.5, 42.5, 54.5]","[19.5, 31.0, 43.0, 54.5]",0,0,0.25
synthetic_broad_1_4V,C,1,True,0.0001,956DFDECD987783E5904431D0C84384A2BB315B34FA144D212579F7BE2F0A77A,4.0,broad,1,0.10040206677982665,0.08584795065095713,0.03843657503682952,2.6121491491794586,161,-0.057866257450096256,"[14.0, 26.0, 38.5, 50.5]","[12.5, 25.0, 38.0, 51.0]",0,0,0.875,"[19.5, 31.5, 42.5, 54.5]","[18.0, 31.0, 43.0, 55.0]",0,0,0.75
synthetic_broad_1_4V,C,2,True,0.0001,3D113FDBD0BDC0631AE5AE5AD843B22F215AFC33421B6FF3FCCBFE7885C3088A,4.0,broad,1,0.09896413938281204,0.08141379962548394,0.03788609827807848,2.6121491491794586,161,-0.0672399329114114,"[14.0, 26.0, 38.5, 50.5]","[13.0, 25.0, 38.0]",1,0,0.8333333333333334,"[19.5, 31.5, 42.5, 54.5]","[17.5, 31.0, 43.0]",1,0,1.0
synthetic_broad_1_6V,H1,0,False,0.0,307FE9D451A3C8FBF26D484E4ECBE00D0B41F8A7AA0D71D7DE557FD711D669AE,6.0,broad,1,0.12521668494021043,0.09917739811967488,0.057640412893067774,2.1723766131326556,161,0.00031555272882105063,"[15.5, 26.5, 39.0, 51.0]","[13.5, 26.0, 39.0, 51.5, 64.5, 77.5]",0,2,0.75,"[20.5, 32.0, 44.0, 56.0]","[17.5, 30.5, 43.5, 56.5, 69.0]",0,1,1.375
synthetic_broad_1_6V,H1,1,False,0.0,8A1E895AE0F227FE80491692C180979DD964165C74A6022C240E3570B5AA1D99,6.0,broad,1,0.12526610500792176,0.09919960019687829,0.05766316220247047,2.1723766131326556,161,-0.0002473561387395914,"[15.5, 26.5, 39.0, 51.0]","[13.5, 26.0, 39.0, 51.5, 64.5, 77.5]",0,2,0.75,"[20.5, 32.0, 44.0, 56.0]","[17.5, 30.5, 43.5, 56.5, 69.0]",0,1,1.375
synthetic_broad_1_6V,H1,2,False,0.0,0B5BCF762151ED7CF2D77314CB1B3E94979AB390C47F3E21AE5E369CC8E6FE47,6.0,broad,1,0.11747021516720783,0.09406347734004084,0.05407451657188069,2.1723766131326556,161,-0.001984885341507458,"[15.5, 26.5, 39.0, 51.0]","[14.0, 26.0, 38.5, 51.5, 64.5]",0,1,0.75,"[20.5, 32.0, 44.0, 56.0]","[18.0, 30.5, 43.5, 56.5, 69.0]",0,1,1.25
synthetic_broad_1_6V,G1,0,False,0.0,EDF0F2905BC22A5C2AD251A66F3D070A2ECC0BA519ABE4A63784CAAF6723CEC3,6.0,broad,1,0.11409737207349784,0.09207583833973615,0.05252191143273485,2.1723766131326556,161,-0.04319621235056042,"[15.5, 26.5, 39.0, 51.0]","[14.0, 26.0, 39.0, 52.5]",0,0,0.875,"[20.5, 32.0, 44.0, 56.0]","[18.0, 31.0, 44.5, 57.0]",0,0,1.25
synthetic_broad_1_6V,G1,1,False,0.0,70473FF98387C7AB46C6FE029F52D810049F94B20BD82D68636370316F649FE1,6.0,broad,1,0.10724090950764126,0.08837427163155698,0.049365707980530825,2.1723766131326556,161,0.026602145559356503,"[15.5, 26.5, 39.0, 51.0]","[14.0, 26.0, 39.0, 52.5]",0,0,0.875,"[20.5, 32.0, 44.0, 56.0]","[18.0, 31.0, 44.5, 57.0]",0,0,1.25
synthetic_broad_1_6V,G1,2,False,0.0,B84D0CEF5AF3FC900B84C224C99284CAAF36BFA9A42C11F0D42549067B724EDE,6.0,broad,1,0.10220800554107523,0.08096934462577912,0.04704893475799628,2.1723766131326556,161,-0.010511159447454756,"[15.5, 26.5, 39.0, 51.0]","[14.0, 26.0, 39.0, 52.5]",0,0,0.875,"[20.5, 32.0, 44.0, 56.0]","[18.5, 31.5, 44.5, 57.0]",0,0,1.0
synthetic_broad_1_6V,C,0,True,0.0001,6EF0CBF3FADC405888E835E765599F633FB0E7AF6AA0D33B470710E0B925AC98,6.0,broad,1,0.06014842737234583,0.049609985106016365,0.027687845196238486,2.1723766131326556,161,0.0013681366590031407,"[15.5, 26.5, 39.0, 51.0]","[4.0, 15.0, 27.0, 39.0, 51.0]",0,1,0.25,"[20.5, 32.0, 44.0, 56.0]","[8.5, 20.5, 32.0, 44.0, 55.5]",0,1,0.125
synthetic_broad_1_6V,C,1,True,0.0001,B80962736494B1020A5C94CCA3239A3000C3E29678AB439DB5AEF67A5F909106,6.0,broad,1,0.1395364037327019,0.11018865085006661,0.06423214229483198,2.1723766131326556,161,0.0738610414758126,"[15.5, 26.5, 39.0, 51.0]","[13.0, 26.0, 39.5, 52.0]",0,0,1.125,"[20.5, 32.0, 44.0, 56.0]","[5.5, 18.5, 31.5, 44.0, 56.0]",0,1,0.625
synthetic_broad_1_6V,C,2,True,0.0001,D34AA4B7536F26ED86917077EC5FDF079B08B73E79F84AB1207101D43304E211,6.0,broad,1,0.1066595325398792,0.08603384390260072,0.049098085430993386,2.1723766131326556,161,-0.059084154136850184,"[15.5, 26.5, 39.0, 51.0]","[14.0, 26.0, 39.0, 51.0]",0,0,0.5,"[20.5, 32.0, 44.0, 56.0]","[19.0, 32.0, 44.0, 55.5]",0,0,0.5
synthetic_broad_1_8V,H1,0,False,0.0,C6B3C8D9C6C6E5B3365EA134A75E5C7F1E1EF5D164D9B465EE63CB033FFEA5C5,8.0,broad,1,0.6070584072080998,0.5037154038583401,0.34033731203919815,1.7836963087320328,161,0.47767513678715773,"[4.5, 15.5, 27.5, 39.5, 51.5, 63.0, 76.0]","[15.0, 25.5, 38.5, 51.5, 64.0, 77.0]",1,0,0.9166666666666666,"[11.0, 21.5, 33.5, 45.0, 56.0, 67.5]","[18.0, 31.0, 43.5, 56.0, 68.5]",2,1,1.25
synthetic_broad_1_8V,H1,1,False,0.0,D8F510C9FCF2707BAAE7E7B8D361DC8971D5D83DFF809CBD709AC55E3BA27B6B,8.0,broad,1,0.5681799975304701,0.4928019932581158,0.31854077106565826,1.7836963087320328,161,0.4699606693743756,"[4.5, 15.5, 27.5, 39.5, 51.5, 63.0, 76.0]","[13.5, 26.0, 38.5, 51.5, 64.0]",2,0,1.1,"[11.0, 21.5, 33.5, 45.0, 56.0, 67.5]","[5.5, 18.0, 31.0, 43.5, 56.0, 68.5]",2,2,1.25
synthetic_broad_1_8V,H1,2,False,0.0,5D0CC81A82DA47DEA611B9E6F6FF5647AF9008603DC5F5E67AA494EFF418AED6,8.0,broad,1,0.5487701397337351,0.46210963259458143,0.30765895351537537,1.7836963087320328,161,0.44048943561983356,"[4.5, 15.5, 27.5, 39.5, 51.5, 63.0, 76.0]","[15.0, 26.0, 38.5, 51.5, 64.5]",2,0,0.9,"[11.0, 21.5, 33.5, 45.0, 56.0, 67.5]","[5.5, 18.5, 31.0, 43.5, 56.0, 68.5]",1,1,1.6
synthetic_broad_1_8V,G1,0,False,0.0,FCB72BEBB4450A8405BFA2587B5603D20F8339D726215BF22B391C774A7FCC99,8.0,broad,1,0.257858488622512,0.22140587784916746,0.14456412078680286,1.7836963087320328,161,0.1090360718977315,"[4.5, 15.5, 27.5, 39.5, 51.5, 63.0, 76.0]","[15.0, 25.5, 38.0, 51.0, 64.5]",2,0,1.2,"[11.0, 21.5, 33.5, 45.0, 56.0, 67.5]","[18.5, 31.0, 43.5, 56.5, 68.5]",1,0,1.7
synthetic_broad_1_8V,G1,1,False,0.0,73E77611ED72F7E5017D88931013953E5053FBDE62FBB7E0BC81150E36D84D1C,8.0,broad,1,0.18816973569606837,0.13746652407702076,0.10549426759190395,1.7836963087320328,161,-0.008495408934022817,"[4.5, 15.5, 27.5, 39.5, 51.5, 63.0, 76.0]","[15.0, 25.5, 38.0, 51.0, 64.5]",2,0,1.2,"[11.0, 21.5, 33.5, 45.0, 56.0, 67.5]","[18.5, 31.0, 43.5, 56.5, 69.0]",1,0,1.8
synthetic_broad_1_8V,G1,2,False,0.0,4D921125879D6CC4A9AFB979EDB97F4D5E821D9CF6CEEF898E70ABA87F3F66FF,8.0,broad,1,0.25911124898597315,0.22277232507952446,0.1452664602811037,1.7836963087320328,161,0.11531064817096343,"[4.5, 15.5, 27.5, 39.5, 51.5, 63.0, 76.0]","[15.0, 25.5, 38.0, 51.0, 64.5]",2,0,1.2,"[11.0, 21.5, 33.5, 45.0, 56.0, 67.5]","[18.5, 31.0, 43.5, 56.5, 69.0]",1,0,1.8
synthetic_broad_1_8V,C,0,True,0.0001,12D84DDC784404E8B31B1425EC867000A84E46C0E845A4D2EF87C169C67172A7,8.0,broad,1,0.32211166028589944,0.26330759744561133,0.18058660474264104,1.7836963087320328,161,0.26079401142026853,"[4.5, 15.5, 27.5, 39.5, 51.5, 63.0, 76.0]","[5.0, 16.0, 27.5, 39.5, 52.0]",2,0,0.3,"[11.0, 21.5, 33.5, 45.0, 56.0, 67.5]","[9.5, 21.5, 33.0, 45.0, 57.0]",1,0,0.6
synthetic_broad_1_8V,C,1,True,0.0001,A2B5977761D39C5D251FA3DCA5F5D4D91CA76CA7F1106A6BEBBEF14698BC6F51,8.0,broad,1,0.5338253913048162,0.46369516294487206,0.2992804260969144,1.7836963087320328,161,0.4558022107448192,"[4.5, 15.5, 27.5, 39.5, 51.5, 63.0, 76.0]","[3.5, 15.0, 27.0, 39.5, 51.5, 65.5]",1,0,0.75,"[11.0, 21.5, 33.5, 45.0, 56.0, 67.5]","[6.5, 19.5, 32.5, 44.5, 56.0, 69.0]",1,1,1.0
synthetic_broad_1_8V,C,2,True,0.0001,BBA393CB78CF0575CF3BFA99F72112F4D9697F67F354D9E87A80E08517A9F024,8.0,broad,1,0.3008886069065091,0.24728110929303956,0.16868824890959172,1.7836963087320328,161,0.19536454127189126,"[4.5, 15.5, 27.5, 39.5, 51.5, 63.0, 76.0]","[15.5, 26.5, 39.5, 52.0]",3,0,0.375,"[11.0, 21.5, 33.5, 45.0, 56.0, 67.5]","[19.5, 32.5, 44.5, 56.5]",2,0,1.0
synthetic_broad_2_0V,H1,0,False,0.0,23A119F9FA7369706DEC17D97538375EB7F48C760D501A6D8A06418F51B1F766,0.0,broad,2,0.49227852182071685,0.38702824555076837,0.14681188377631982,3.3531244825571775,161,-0.32417869189252574,"[13.5, 25.0, 36.5]","[15.5, 27.5, 39.5, 51.5]",0,1,2.5,"[6.0, 18.0, 28.5, 40.5]","[20.0, 32.5, 44.5, 56.0]",4,4,
synthetic_broad_2_0V,H1,1,False,0.0,E5B3F511D7900B1DD08A6A82D22923BBF7001F3EAD955A6318F109BC361EE8D9,0.0,broad,2,0.4895801640341452,0.3912220876858916,0.1460071543961228,3.3531244825571775,161,-0.31145624511787173,"[13.5, 25.0, 36.5]","[15.5, 27.5, 39.5, 51.5]",0,1,2.5,"[6.0, 18.0, 28.5, 40.5]","[20.0, 32.5, 44.5, 56.0]",4,4,
synthetic_broad_2_0V,H1,2,False,0.0,C7058147B2C2578D9847B4D08A8BC999FBA3B6BD95B3191840FF110915F4CC4B,0.0,broad,2,0.5325949925082091,0.4165893212431467,0.15883543700174194,3.3531244825571775,161,-0.4093730005455448,"[13.5, 25.0, 36.5]","[13.5, 26.0, 39.0]",0,0,1.1666666666666667,"[6.0, 18.0, 28.5, 40.5]","[18.5, 31.0, 43.5]",1,0,2.0
synthetic_broad_2_0V,G1,0,False,0.0,D50BDF3486B294D5420B6C5063FDC1868F47CC708A88A22136341C1A686346F6,0.0,broad,2,0.29526291507402125,0.23029777749507252,0.08805605536268259,3.3531244825571775,161,-0.21077943752560374,"[13.5, 25.0, 36.5]","[13.0, 26.0, 39.0]",0,0,1.3333333333333333,"[6.0, 18.0, 28.5, 40.5]","[18.0, 31.0, 43.0]",1,0,1.6666666666666667
synthetic_broad_2_0V,G1,1,False,0.0,ECD526675EA7C2CB79758279F565F3D8E1E05D750AB3273B6B5FC670A0C045EA,0.0,broad,2,0.19451258594734816,0.16000597197907673,0.05800935424831229,3.3531244825571775,161,0.09053879162372981,"[13.5, 25.0, 36.5]","[16.0, 27.5, 39.5]",0,0,2.6666666666666665,"[6.0, 18.0, 28.5, 40.5]","[20.5, 32.0, 43.5]",2,1,2.75
synthetic_broad_2_0V,G1,2,False,0.0,A1210142A8B278761AE3E1C24E30A33651B1ED0C5705B188EC18D7A0385D4D36,0.0,broad,2,0.2949371947191247,0.23035732706274248,0.08795891600606434,3.3531244825571775,161,-0.21109706213004872,"[13.5, 25.0, 36.5]","[13.0, 26.0, 39.0]",0,0,1.3333333333333333,"[6.0, 18.0, 28.5, 40.5]","[18.0, 31.0, 43.0]",1,0,1.6666666666666667
synthetic_broad_2_0V,C,0,True,0.0001,0292CFC83890EE0F25680C4BCE8F3AEA1F59DC12833F982D1390EEA8B03DCB45,0.0,broad,2,0.0829714310140403,0.06821125658293625,0.024744512601800033,3.3531244825571775,161,0.058873712989775,"[13.5, 25.0, 36.5]","[13.0, 24.5, 36.5]",0,0,0.3333333333333333,"[6.0, 18.0, 28.5, 40.5]","[17.5, 29.0, 41.0]",1,0,0.5
synthetic_broad_2_0V,C,1,True,0.0001,0A10D5A6C25D8C5EEEB8A2335BC5CF4A6A8C736954EFD007C7DF212B2415C560,0.0,broad,2,0.2447602676342763,0.2299812097533062,0.0729946856752589,3.3531244825571775,161,0.22088113723215486,"[13.5, 25.0, 36.5]","[13.0, 24.5, 36.5]",0,0,0.3333333333333333,"[6.0, 18.0, 28.5, 40.5]","[17.0, 29.0, 40.5]",1,0,0.5
synthetic_broad_2_0V,C,2,True,0.0001,6A388193CAA8A41F4D67AFBF781E4C70A2BF52A00C462F78CF57A8400F340874,0.0,broad,2,0.17477402026646338,0.15878970741991766,0.05212273542948703,3.3531244825571775,161,-0.12414203891227561,"[13.5, 25.0, 36.5]","[10.5, 23.0, 36.0]",0,0,1.8333333333333333,"[6.0, 18.0, 28.5, 40.5]","[15.0, 28.0, 40.0]",1,0,1.3333333333333333
synthetic_broad_2_4V,H1,0,False,0.0,4B1F788CABD2C107B35DA8E220B72753A363D47A8DC47E15EF99CB2BFF21A440,4.0,broad,2,0.150766581014559,0.11825493645758267,0.05676033005994666,2.656196340918541,161,0.08351101716366227,"[14.5, 25.5, 38.0, 62.5]","[15.5, 27.5, 39.5, 51.5, 64.0, 76.0]",0,2,1.5,"[19.0, 31.0, 43.0, 65.5]","[20.0, 32.5, 44.5, 56.5, 68.5]",0,1,1.75
synthetic_broad_2_4V,H1,1,False,0.0,B0BC292AC48231FB0DFEE4C1B4610F8F490576DEF28206F3FDF3F5EDBA1C5E12,4.0,broad,2,0.15173721283850194,0.11897394560873893,0.057125751775574544,2.656196340918541,161,0.08577714340587556,"[14.5, 25.5, 38.0, 62.5]","[15.5, 27.5, 39.5, 51.5, 64.0, 76.0]",0,2,1.5,"[19.0, 31.0, 43.0, 65.5]","[20.0, 32.5, 44.5, 56.5, 68.5]",0,1,1.75
synthetic_broad_2_4V,H1,2,False,0.0,6F4C2CBB300147A9E93BAF88A927149123C33D497E758A8BEB6ACAB75B019928,4.0,broad,2,0.11594306758892735,0.09491742323304928,0.043650036634277196,2.656196340918541,161,-0.0412642702828126,"[14.5, 25.5, 38.0, 62.5]","[13.5, 26.0, 39.0, 52.0, 65.0]",0,1,1.25,"[19.0, 31.0, 43.0, 65.5]","[17.5, 30.5, 43.5, 56.5, 69.5]",1,2,0.8333333333333334
synthetic_broad_2_4V,G1,0,False,0.0,2FDCEB6C41C115CB95CF37944095933B16DC6E7F7089C28CF3D8470343A39718,4.0,broad,2,0.15914305150166216,0.13607339631432191,0.05991388853680478,2.656196340918541,161,0.06239691086438942,"[14.5, 25.5, 38.0, 62.5]","[16.0, 27.5, 39.5, 52.0]",1,1,1.6666666666666667,"[19.0, 31.0, 43.0, 65.5]","[20.5, 32.5, 44.0, 56.0]",1,1,1.3333333333333333
synthetic_broad_2_4V,G1,1,False,0.0,01218EF51AAF29A2530AB1C43967976539DAD46A51830F76D4337E8989010107,4.0,broad,2,0.1591438323294083,0.1360737845410167,0.05991418250142407,2.656196340918541,161,0.06243445355162586,"[14.5, 25.5, 38.0, 62.5]","[16.0, 27.5, 39.5, 52.0]",1,1,1.6666666666666667,"[19.0, 31.0, 43.0, 65.5]","[20.5, 32.5, 44.0, 56.0]",1,1,1.3333333333333333
synthetic_broad_2_4V,G1,2,False,0.0,BB6FB78BC179DE5AA7DBF2F05E5A30D502FA533450939C4A428D4905890DF454,4.0,broad,2,0.15914544252569238,0.13607570041750222,0.059914788705212274,2.656196340918541,161,0.06239950323946784,"[14.5, 25.5, 38.0, 62.5]","[16.0, 27.5, 39.5, 52.0]",1,1,1.6666666666666667,"[19.0, 31.0, 43.0, 65.5]","[20.5, 32.5, 44.0, 56.0]",1,1,1.3333333333333333
synthetic_broad_2_4V,C,0,True,0.0001,FCFF0663ADCDA3AF7B35BE9B6F27A5C4CECF59DCBE69BA0BF533EB9DF88EFFCA,4.0,broad,2,0.06504856415031898,0.05397137621999035,0.024489365920828163,2.656196340918541,161,0.04410911329090381,"[14.5, 25.5, 38.0, 62.5]","[14.5, 26.0, 38.0, 50.0]",1,1,0.16666666666666666,"[19.0, 31.0, 43.0, 65.5]","[19.5, 31.0, 43.0, 54.5]",1,1,0.16666666666666666
synthetic_broad_2_4V,C,1,True,0.0001,F5EB605DF244A05DE4E3B1364F30CF6435CFF54AE7EBB1210CB2DF1225F6F291,4.0,broad,2,0.13458132192574368,0.11953274726499341,0.050666932956922914,2.656196340918541,161,0.11596043257388712,"[14.5, 25.5, 38.0, 62.5]","[14.5, 26.0, 38.0, 50.5]",1,1,0.16666666666666666,"[19.0, 31.0, 43.0, 65.5]","[19.5, 31.0, 43.0, 54.5]",1,1,0.16666666666666666
synthetic_broad_2_4V,C,2,True,0.0001,756EB1FB631E495A9EB3104FD66898E6DA1E6140151AEE5E6A7EEFBF6CA24525,4.0,broad,2,0.0597689031082055,0.04915241518267946,0.02250168866942147,2.656196340918541,161,0.03646257696065825,"[14.5, 25.5, 38.0, 62.5]","[14.5, 26.0, 38.0, 50.0]",1,1,0.16666666666666666,"[19.0, 31.0, 43.0, 65.5]","[19.5, 31.0, 43.0, 54.5]",1,1,0.16666666666666666
synthetic_broad_2_6V,H1,0,False,0.0,502243B55D845F9B1072C0848D76246DEC9664801E61042C4540D87A63D48C94,6.0,broad,2,0.1802903124511438,0.14906075970892863,0.07931562443854458,2.2730743624269962,161,0.13816407365277472,"[4.5, 15.5, 26.5, 38.5, 50.0, 76.5]","[15.5, 27.5, 39.5, 51.5, 63.5, 75.5]",5,5,1.0,"[8.0, 20.5, 32.0, 44.5, 55.5]","[20.0, 32.0, 44.5, 56.5, 68.5]",5,5,
synthetic_broad_2_6V,H1,1,False,0.0,32334EF7AA02809D51335E2401C9667CF9AEDF1C7D7EA2D59832A02AB65B6DCD,6.0,broad,2,0.20155525624362575,0.17335734004254982,0.08867077099423273,2.2730743624269962,161,0.17216709499049732,"[4.5, 15.5, 26.5, 38.5, 50.0, 76.5]","[15.5, 27.5, 39.5, 51.5, 63.5, 76.0]",5,5,0.5,"[8.0, 20.5, 32.0, 44.5, 55.5]","[8.0, 20.5, 32.5, 44.5, 56.5, 68.0]",0,1,0.3
synthetic_broad_2_6V,H1,2,False,0.0,4985641043E6AE23185C7F40E175472F01B0541E14BA6433147F217A57748A51,6.0,broad,2,0.1590249734528124,0.13168901134029268,0.0699603040188351,2.2730743624269962,161,0.07261009600693005,"[4.5, 15.5, 26.5, 38.5, 50.0, 76.5]","[13.5, 26.0, 39.0, 52.0, 64.5]",2,1,1.25,"[8.0, 20.5, 32.0, 44.5, 55.5]","[17.5, 30.5, 44.0, 56.5, 69.5]",5,5,
synthetic_broad_2_6V,G1,0,False,0.0,36E3706672C37AE47BED2CFFB151F64204618A8FA5585BAEE26387F1F31049B3,6.0,broad,2,0.11964152331970351,0.09884089661393444,0.052634231988768036,2.2730743624269962,161,0.004138195594113526,"[4.5, 15.5, 26.5, 38.5, 50.0, 76.5]","[14.0, 26.0, 39.0, 52.5]",2,0,1.25,"[8.0, 20.5, 32.0, 44.5, 55.5]","[18.5, 31.5, 44.5, 57.0]",1,0,1.0
synthetic_broad_2_6V,G1,1,False,0.0,8EC14CAAECC2959E3CFBFF3C453564DEE517C806CC46FAB6296A06C46C062D4C,6.0,broad,2,0.0847411118576641,0.06830061000399865,0.037280395775167126,2.2730743624269962,161,0.02922839558733629,"[4.5, 15.5, 26.5, 38.5, 50.0, 76.5]","[15.5, 27.5, 39.5, 51.5]",2,0,0.875,"[8.0, 20.5, 32.0, 44.5, 55.5]","[20.5, 32.5, 44.5, 56.0]",1,0,0.25
synthetic_broad_2_6V,G1,2,False,0.0,E6FEDE9293048AC58457A4045AC814822A8F735B63524EA70906CDFEA20F61FC,6.0,broad,2,0.1196395047763109,0.09884003574918127,0.05263334396529376,2.2730743624269962,161,0.004123076369081883,"[4.5, 15.5, 26.5, 38.5, 50.0, 76.5]","[14.0, 26.0, 39.0, 52.5]",2,0,1.25,"[8.0, 20.5, 32.0, 44.5, 55.5]","[18.5, 31.5, 44.5, 57.0]",1,0,1.0
synthetic_broad_2_6V,C,0,True,0.0001,73510926D71C468141E1BA9EDCE6902D0B1F47E66882F8B2236F02B9F758407D,6.0,broad,2,0.07072384839855365,0.05676181887476913,0.0311137416212995,2.2730743624269962,161,0.04432736993802183,"[4.5, 15.5, 26.5, 38.5, 50.0, 76.5]","[15.0, 27.0, 38.5, 51.0]",2,0,0.5,"[8.0, 20.5, 32.0, 44.5, 55.5]","[20.5, 32.0, 44.0, 55.5]",1,0,0.125
synthetic_broad_2_6V,C,1,True,0.0001,8DAB304EB8DA9DBBECF529AF887E82E80DD3B5251F4DBFC76B03E5C27C699B9F,6.0,broad,2,0.1002950356109755,0.08357679284572857,0.044123077215955646,2.2730743624269962,161,0.07020950551481303,"[4.5, 15.5, 26.5, 38.5, 50.0, 76.5]","[15.0, 27.0, 38.5, 51.0]",2,0,0.5,"[8.0, 20.5, 32.0, 44.5, 55.5]","[20.0, 32.0, 44.0, 55.5]",1,0,0.25
synthetic_broad_2_6V,C,2,True,0.0001,FD13502F9C3B9383D405EDFCC6D40DCD3F6ED1D7F4DAD85E47302BF879A7A1A8,6.0,broad,2,0.061045657543666816,0.04750584841880714,0.026855987887033944,2.2730743624269962,161,0.024083700278130234,"[4.5, 15.5, 26.5, 38.5, 50.0, 76.5]","[15.0, 27.0, 38.5, 51.0]",2,0,0.5,"[8.0, 20.5, 32.0, 44.5, 55.5]","[20.5, 32.0, 44.0, 55.5]",1,0,0.125
synthetic_broad_2_8V,H1,0,False,0.0,E249AEDAA29B8665F5F96711176C53D4378C2389ECC8CE5E84E6DD2E2339482F,8.0,broad,2,0.49266221262058607,0.4244795090282115,0.27502641530525007,1.7913268879055977,161,0.40584092104020436,"[16.0, 27.5, 39.5, 51.5, 65.5]","[25.5, 38.0, 50.5, 63.5, 76.0]",5,5,,"[5.0, 21.0, 33.0, 45.0, 56.5, 68.5]","[30.0, 44.0, 56.0, 68.5]",2,0,1.125
synthetic_broad_2_8V,H1,1,False,0.0,794A81329D3866C94B735C1B20D976C0CE5350712EB85C1D8A75384A400F22C0,8.0,broad,2,0.3568058839881188,0.29860275990036383,0.19918524441136082,1.7913268879055977,161,0.27135559969807044,"[16.0, 27.5, 39.5, 51.5, 65.5]","[15.5, 26.5, 38.5, 50.5, 62.5, 75.0]",0,1,1.3,"[5.0, 21.0, 33.0, 45.0, 56.5, 68.5]","[19.0, 31.0, 44.0, 55.5, 67.5]",1,0,1.4
synthetic_broad_2_8V,H1,2,False,0.0,AE6C8ACA26F52DB217D6436FAD26E61DB0851D2981AD2D46BB2D86C9491BB019,8.0,broad,2,0.4940219038722468,0.42524556630907107,0.2757854566956523,1.7913268879055977,161,0.4064895311065611,"[16.0, 27.5, 39.5, 51.5, 65.5]","[25.5, 38.0, 50.5, 63.5, 76.0]",5,5,,"[5.0, 21.0, 33.0, 45.0, 56.5, 68.5]","[30.0, 44.0, 55.5, 68.0]",2,0,1.375
synthetic_broad_2_8V,G1,0,False,0.0,6377499CC4C811420283FC7A1D0A1F8D4F2D43B79852C913C0AB4C0B279D47E1,8.0,broad,2,0.2313390403516572,0.18484715454047634,0.12914395575345636,1.7913268879055977,161,0.1099508068695203,"[16.0, 27.5, 39.5, 51.5, 65.5]","[25.5, 38.0, 51.0, 64.5]",1,0,1.25,"[5.0, 21.0, 33.0, 45.0, 56.5, 68.5]","[31.0, 44.0, 56.0, 68.5]",2,0,0.875
synthetic_broad_2_8V,G1,1,False,0.0,23930B2EF609CCCC0C994E222E83C7D30620E5987BE9999695FB9666D216FA52,8.0,broad,2,0.36393800084922906,0.29798619716231944,0.20316671586096824,1.7913268879055977,161,-0.26639099467332694,"[16.0, 27.5, 39.5, 51.5, 65.5]","[15.5, 26.0, 38.0, 50.0, 63.0]",0,0,1.5,"[5.0, 21.0, 33.0, 45.0, 56.5, 68.5]","[20.0, 31.5, 44.0, 56.0, 67.5]",1,0,1.0
synthetic_broad_2_8V,G1,2,False,0.0,463294ED6D0C5085472128EB07D676243AE6DD21B08E7E20B9D8FF0272651FD4,8.0,broad,2,0.23136684965347484,0.18488087596182676,0.12915948016834983,1.7913268879055977,161,0.10998960775176299,"[16.0, 27.5, 39.5, 51.5, 65.5]","[25.5, 38.0, 51.0, 64.5]",1,0,1.25,"[5.0, 21.0, 33.0, 45.0, 56.5, 68.5]","[31.0, 44.0, 56.0, 68.5]",2,0,0.875
synthetic_broad_2_8V,C,0,True,0.0001,006DE1E234131233EF1BC82C90779F60F658C94F1E7E29002479A53089A4A333,8.0,broad,2,0.09552380659739543,0.07735336533738536,0.05332572588640198,1.7913268879055977,161,0.05345392059720419,"[16.0, 27.5, 39.5, 51.5, 65.5]","[5.0, 16.0, 27.5, 39.5, 51.5, 64.5]",0,1,0.2,"[5.0, 21.0, 33.0, 45.0, 56.5, 68.5]","[10.0, 21.5, 33.0, 45.5, 56.5, 68.5]",1,1,0.2
synthetic_broad_2_8V,C,1,True,0.0001,B3ADF5BBE6172EF9FED372324DBC9AD1559C9051F4FCFDC9421286EF35B01CA0,8.0,broad,2,0.2673340481371784,0.22303531507687055,0.14923800337175916,1.7913268879055977,161,0.21520685926863276,"[16.0, 27.5, 39.5, 51.5, 65.5]","[16.5, 27.5, 39.5, 52.0, 64.5]",0,0,0.4,"[5.0, 21.0, 33.0, 45.0, 56.5, 68.5]","[21.0, 33.0, 45.0, 56.5, 68.5]",1,0,0.0
synthetic_broad_2_8V,C,2,True,0.0001,20BABE15AFA2E6AE062E80BF72D04846DA8E0F435E90FB07915B9166E752CE29,8.0,broad,2,0.12280114682946502,0.0933777490255419,0.06855317567026695,1.7913268879055977,161,-0.031892022654861796,"[16.0, 27.5, 39.5, 51.5, 65.5]","[15.5, 26.5, 39.5, 51.5, 64.0]",0,0,0.6,"[5.0, 21.0, 33.0, 45.0, 56.5, 68.5]","[19.5, 33.0, 45.5, 56.5, 69.0]",1,0,0.5
synthetic_broad_3_0V,H1,0,False,0.0,5830BA49F587A994F64D74B07DE7620F35BBE1416B19BA8992394F359B4FED4D,0.0,broad,3,0.4928674198240873,0.39830841982171133,0.14546371084041368,3.388250010786578,161,-0.3968148672937742,[24.5],"[13.0, 26.0, 39.0]",0,2,1.5,[28.0],"[18.5, 31.5, 43.5]",1,3,
synthetic_broad_3_0V,H1,1,False,0.0,F7AEC47DC0A0DC6B6092919CFF4A48BB12C3FE8C8103F2224E995A240125E89F,0.0,broad,3,0.46284215334006223,0.3782508342902904,0.13660212554167867,3.388250010786578,161,-0.3228580713992768,[24.5],"[15.5, 27.5, 40.0]",0,2,3.0,[28.0],"[20.0, 32.5, 44.0]",1,3,
synthetic_broad_3_0V,H1,2,False,0.0,23AD43525BEC1D872509207958A53840DD6CC0FBD8722D7C78FFB090D1DD26F3,0.0,broad,3,0.4928669623038463,0.3983078132863656,0.1454635758089846,3.388250010786578,161,-0.39681430169493803,[24.5],"[13.0, 26.0, 39.0]",0,2,1.5,[28.0],"[18.5, 31.5, 43.5]",1,3,
synthetic_broad_3_0V,G1,0,False,0.0,2C5F961A1262763F43FABC126DD7957EA3CC939F7B2FF0CB5647B90CF8CA83AE,0.0,broad,3,0.3324601386992158,0.2696742201341726,0.09812148974863741,3.388250010786578,161,-0.2648564447156813,[24.5],"[13.0, 26.0, 39.0]",0,2,1.5,[28.0],"[18.0, 31.5, 43.0]",1,3,
synthetic_broad_3_0V,G1,1,False,0.0,43C71E9B01ED9657AAE4FF16FFEF34708048EB5137C972FB1F386CE5DE866C4B,0.0,broad,3,0.16993607016311202,0.143956692691266,0.05015452508584559,3.388250010786578,161,0.025996933172720338,[24.5],"[16.0, 27.5, 39.5]",0,2,3.0,[28.0],"[20.5, 32.0, 43.5]",1,3,
synthetic_broad_3_0V,G1,2,False,0.0,BF718A53731FDEF47ECDB71E50465DF24F9876EC6EEC89E740265987EAC50B81,0.0,broad,3,0.42103007475114523,0.3469072368904816,0.12426180872449953,3.388250010786578,161,-0.3456088047112536,[24.5],"[13.0, 26.0, 39.0]",0,2,1.5,[28.0],"[18.5, 31.5, 43.5]",1,3,
synthetic_broad_3_0V,C,0,True,0.0001,940DC69EA0F47219090E0F09CB4D90DE36F1154DED0C675E0EDA1973D1DD3F95,0.0,broad,3,0.05634488759720238,0.04725678422584772,0.01662949529043814,3.388250010786578,161,-0.00019529253001808984,[24.5],"[13.0, 24.5, 36.5]",0,2,0.0,[28.0],"[17.5, 29.0, 40.5]",0,2,1.0
synthetic_broad_3_0V,C,1,True,0.0001,43069AFB1B1B5BA679DD70B400E949E4143BDA63DC452EF938DC73845F0FA1EE,0.0,broad,3,0.21421520177054473,0.16107617870979257,0.06322296202717784,3.388250010786578,161,-0.1460590000863328,[24.5],"[13.0, 24.5, 36.5]",0,2,0.0,[28.0],"[17.5, 29.0, 41.0]",0,2,1.0
synthetic_broad_3_0V,C,2,True,0.0001,7B99D3CF20D774F0F640A519302EAB5A35D5AC148715F1EA5207B59AA8D7B58F,0.0,broad,3,0.08605965255624837,0.07152801213975234,0.025399439912130253,3.388250010786578,161,-0.04804749955434641,[24.5],"[10.5, 23.0, 36.0]",0,2,1.5,[28.0],"[15.0, 28.5, 40.0]",0,2,0.5
synthetic_broad_3_4V,H1,0,False,0.0,3AC391374C499D6D4F8331A9D524728E2BE7320B9B724D3AF5BAC8ACF2D1C694,4.0,broad,3,0.12585034759598382,0.10160217044638982,0.048544812193241325,2.5924571938812733,161,-0.06763788777092535,"[14.5, 26.0, 38.0, 51.0]","[13.5, 26.0, 39.0, 52.0, 65.0]",0,1,0.75,"[19.5, 31.0, 43.0, 55.0]","[18.0, 31.0, 43.5, 56.5, 69.5]",0,1,0.875
synthetic_broad_3_4V,H1,1,False,0.0,20EB763FEFFF884DEF5346748D4F0E820021A2D0187C7F332FF554AA64A07136,4.0,broad,3,0.11671726524677697,0.09134101277428408,0.045021867872014815,2.5924571938812733,161,0.007943151984128939,"[14.5, 26.0, 38.0, 51.0]","[15.5, 27.5, 40.0, 52.0, 64.5]",0,1,1.375,"[19.5, 31.0, 43.0, 55.0]","[20.5, 32.5, 44.5, 56.5, 68.0]",0,1,1.375
synthetic_broad_3_4V,H1,2,False,0.0,2332EE6FDC0872A6582430B7AFD5373B6D49824ACEA02ECE2E6134D6EC5F60D3,4.0,broad,3,0.12436491507774146,0.10060161151914918,0.0479718297263569,2.5924571938812733,161,-0.06427480262423631,"[14.5, 26.0, 38.0, 51.0]","[13.5, 26.0, 39.0, 52.0, 65.0]",0,1,0.75,"[19.5, 31.0, 43.0, 55.0]","[18.0, 31.0, 43.5, 56.5, 69.5]",0,1,0.875
synthetic_broad_3_4V,G1,0,False,0.0,852FCDD245D3441D375CEC37AB1017593AD17065BFC9A74C1CC00974E9B0656F,4.0,broad,3,0.106923330717552,0.08831837766714498,0.04124401011130013,2.5924571938812733,161,0.025783726898109243,"[14.5, 26.0, 38.0, 51.0]","[13.5, 26.0, 39.5, 53.0]",0,0,1.125,"[19.5, 31.0, 43.0, 55.0]","[18.0, 31.5, 44.0, 57.0]",0,0,1.25
synthetic_broad_3_4V,G1,1,False,0.0,4EB3EA390E1D07B96E4DE3AEEF24E85029FD10ADBE0024271B519E5B0C095254,4.0,broad,3,0.15771076152701202,0.13414968582881492,0.060834470825301,2.5924571938812733,161,0.07600800769242874,"[14.5, 26.0, 38.0, 51.0]","[16.0, 27.5, 39.5]",1,0,1.5,"[19.5, 31.0, 43.0, 55.0]","[20.5, 32.5, 44.0]",1,0,1.1666666666666667
synthetic_broad_3_4V,G1,2,False,0.0,3D70B8369868F526CEA16DAFC487FA7DBCA0D94FDF2A73DFB2AA68F9B7FAADC7,4.0,broad,3,0.10686617481188845,0.0882734523626747,0.041221963110563364,2.5924571938812733,161,0.02553589352443879,"[14.5, 26.0, 38.0, 51.0]","[13.5, 26.0, 39.5, 53.0]",0,0,1.125,"[19.5, 31.0, 43.0, 55.0]","[18.0, 31.5, 44.0, 57.0]",0,0,1.25
synthetic_broad_3_4V,C,0,True,0.0001,99082BD11CD482E65A06E786E4DCBAB106A10EF9B780FB96BD364F53D0C523AF,4.0,broad,3,0.05358225763513769,0.04337666548431031,0.02066852164872875,2.5924571938812733,161,0.013608601008819736,"[14.5, 26.0, 38.0, 51.0]","[14.5, 26.0, 38.0, 50.5]",0,0,0.125,"[19.5, 31.0, 43.0, 55.0]","[19.0, 31.0, 42.5, 54.0]",0,0,0.5
synthetic_broad_3_4V,C,1,True,0.0001,9147CB5E6DAE1C469BCF84235C8890535F7DACECB3826337D1C6E0291B1ECA3B,4.0,broad,3,0.0672275598207192,0.05489516367595876,0.025931984520087707,2.5924571938812733,161,0.04669981743738469,"[14.5, 26.0, 38.0, 51.0]","[14.0, 26.0, 38.0, 50.0]",0,0,0.375,"[19.5, 31.0, 43.0, 55.0]","[19.0, 31.0, 42.5, 54.0]",0,0,0.5
synthetic_broad_3_4V,C,2,True,0.0001,3E8050EB75BA5D00872444E9BB8F9AF26DD00F16A4B94C623401DD806DBC8879,4.0,broad,3,0.08680535832188421,0.0665558505248682,0.03348381548083514,2.5924571938812733,161,-0.023935207357141195,"[14.5, 26.0, 38.0, 51.0]","[13.0, 25.0, 38.0]",1,0,0.8333333333333334,"[19.5, 31.0, 43.0, 55.0]","[17.5, 30.5, 42.5]",1,0,1.0
synthetic_broad_3_6V,H1,0,False,0.0,685ACC507DC80AE55C8A04A23B375F8C16934229F4A351ACEB81F40E507FDA91,6.0,broad,3,0.15245976148554063,0.12359701549739713,0.06532936218635577,2.333709627389908,161,0.1201229452627415,"[15.0, 26.5, 39.0, 51.0]","[15.5, 27.5, 39.5, 51.5, 64.0, 76.5]",0,2,0.625,"[20.5, 32.0, 43.5, 55.5]","[20.5, 32.5, 44.5, 56.5, 68.5]",0,1,0.625
synthetic_broad_3_6V,H1,1,False,0.0,F3EFFD5DA98A9D75ADC1F029878E88325041F84B2DF48A7E9A6E77CFBCDB5EE5,6.0,broad,3,0.15245962392914383,0.1235980113140184,0.06532930324311999,2.333709627389908,161,0.1201233792643688,"[15.0, 26.5, 39.0, 51.0]","[15.5, 27.5, 39.5, 51.5, 64.0, 76.5]",0,2,0.625,"[20.5, 32.0, 43.5, 55.5]","[20.5, 32.5, 44.5, 56.5, 68.5]",0,1,0.625
synthetic_broad_3_6V,H1,2,False,0.0,6D3745BCA2F943319D5BAE45FF7ADE287173FD4DD8DC5AEFE476159ADF848C21,6.0,broad,3,0.14295393499572628,0.11326719665837463,0.06125609343935832,2.333709627389908,161,0.07989728006078743,"[15.0, 26.5, 39.0, 51.0]","[14.0, 26.0, 39.0, 52.0, 65.0]",0,1,0.625,"[20.5, 32.0, 43.5, 55.5]","[18.0, 31.0, 44.0, 56.5, 69.5]",0,1,1.25
synthetic_broad_3_6V,G1,0,False,0.0,E8BE3BFE42FEE14B808FFAD965F7BD598DFE08B3A5E8D2E155A3A6DFCB4071DA,6.0,broad,3,0.10653080616307205,0.08343776437166815,0.045648698069699165,2.333709627389908,161,0.008059697104538525,"[15.0, 26.5, 39.0, 51.0]","[14.0, 26.0, 39.0, 52.5]",0,0,0.75,"[20.5, 32.0, 43.5, 55.5]","[18.5, 31.5, 44.5, 57.5]",0,0,1.375
synthetic_broad_3_6V,G1,1,False,0.0,FC97D7AEBDD84EE434CEED1F7BF4F051993700EF3E77388BFC5B0643903BA462,6.0,broad,3,0.06641500530854264,0.051171261264803626,0.028458984155120964,2.333709627389908,161,-0.0035407210137450365,"[15.0, 26.5, 39.0, 51.0]","[15.5, 27.5, 39.5, 51.5]",0,0,0.625,"[20.5, 32.0, 43.5, 55.5]","[20.5, 32.5, 44.5, 56.0]",0,0,0.5
synthetic_broad_3_6V,G1,2,False,0.0,EEED2683290C4A3BB6F7D9C59508A3CF513BB62BAF599B1D068236FC27C244AE,6.0,broad,3,0.10771090656706768,0.08431209084460714,0.04615437383593213,2.333709627389908,161,0.013681178683127578,"[15.0, 26.5, 39.0, 51.0]","[14.0, 26.0, 39.0, 52.5]",0,0,0.75,"[20.5, 32.0, 43.5, 55.5]","[18.5, 31.5, 44.5, 57.5]",0,0,1.375
synthetic_broad_3_6V,C,0,True,0.0001,8B46F96AF3F7D019726473BA3C02B06AB33CC3CC2AFE78D36BC5C39108F1C8D4,6.0,broad,3,0.05476676288904972,0.0439221710500971,0.023467685202251377,2.333709627389908,161,0.004325946237302472,"[15.0, 26.5, 39.0, 51.0]","[15.0, 27.0, 39.0, 51.0]",0,0,0.125,"[20.5, 32.0, 43.5, 55.5]","[20.5, 32.0, 44.0, 56.0]",0,0,0.25
synthetic_broad_3_6V,C,1,True,0.0001,8C7233C0093F75430FF3C52C5526A891CC4977EBE2C1C07DFCAB4A31657F1555,6.0,broad,3,0.12527505810324002,0.11505670565459476,0.05368065359671652,2.333709627389908,161,0.11505670565459476,"[15.0, 26.5, 39.0, 51.0]","[4.0, 15.0, 27.0, 39.0, 51.0]",0,1,0.125,"[20.5, 32.0, 43.5, 55.5]","[8.0, 20.0, 32.0, 44.0, 56.0]",0,1,0.375
synthetic_broad_3_6V,C,2,True,0.0001,1C5BD4D0041907535F23065BB713162D85AD74A152C369B33D6CE8F0897764C3,6.0,broad,3,0.05388042249410113,0.04260404542762065,0.0230878862827346,2.333709627389908,161,0.006271867715782027,"[15.0, 26.5, 39.0, 51.0]","[15.0, 27.0, 39.0, 51.0]",0,0,0.125,"[20.5, 32.0, 43.5, 55.5]","[8.5, 20.5, 32.0, 44.0, 56.0]",0,1,0.25
synthetic_broad_3_8V,H1,0,False,0.0,BEB7A95E9C8EC39C2693C72D1CCE7DE0BEB45B6458FC62C9E4CE25630D0544DA,8.0,broad,3,0.5355599472903286,0.4574707204901333,0.28680987795663215,1.8672995194792747,161,0.4424773012142669,"[4.0, 16.5, 27.5, 39.5, 52.0, 64.5]","[15.5, 26.0, 38.5, 51.0, 64.0]",1,0,1.0,"[10.0, 21.5, 33.5, 45.0, 56.5, 69.0]","[5.5, 18.0, 31.0, 43.5, 56.0, 68.5]",2,2,1.25
synthetic_broad_3_8V,H1,1,False,0.0,61B40CA7EFE387076AAA1AB53C556983100358BFBABF25D5FA52F60F593B4F9D,8.0,broad,3,0.4857207773590403,0.408057559256273,0.2601193714731373,1.8672995194792747,161,0.40029069724713895,"[4.0, 16.5, 27.5, 39.5, 52.0, 64.5]","[15.5, 26.5, 38.5, 50.5, 63.0, 75.5]",6,6,,"[10.0, 21.5, 33.5, 45.0, 56.5, 69.0]","[7.5, 19.5, 31.5, 43.5, 55.5, 67.5]",0,0,1.75
synthetic_broad_3_8V,H1,2,False,0.0,2773C8A00E2E21FCACF060EE85B2E26717468123E5E09729F33F23807EFA1A6D,8.0,broad,3,0.46908524608708513,0.3964426358591231,0.25121050007976053,1.8672995194792747,161,0.36884831425963005,"[4.0, 16.5, 27.5, 39.5, 52.0, 64.5]","[15.5, 25.5, 38.5, 51.0, 64.0, 77.0]",6,6,,"[10.0, 21.5, 33.5, 45.0, 56.5, 69.0]","[18.0, 31.0, 43.5, 56.0, 68.5]",2,1,1.25
synthetic_broad_3_8V,G1,0,False,0.0,80B97B32194EB0B8074D3618587616E8962C09DB8FABE2FED57E42CD500E8F1A,8.0,broad,3,0.19837703068355142,0.145390557390413,0.10623739181321694,1.8672995194792747,161,0.0565012623232017,"[4.0, 16.5, 27.5, 39.5, 52.0, 64.5]","[15.0, 25.5, 38.0, 51.0, 64.5]",1,0,1.2,"[10.0, 21.5, 33.5, 45.0, 56.5, 69.0]","[18.0, 31.0, 44.0, 56.5, 68.5]",2,1,1.0
synthetic_broad_3_8V,G1,1,False,0.0,137643FE3BDDDECC5C23DF3962EBECFE3B35643B91B8BB1B52FA28C408FC44B7,8.0,broad,3,0.2108071891359906,0.17596337657064776,0.11289414844104788,1.8672995194792747,161,-0.11755626438961167,"[4.0, 16.5, 27.5, 39.5, 52.0, 64.5]","[15.5, 26.0, 38.0, 50.0, 63.0]",1,0,1.5,"[10.0, 21.5, 33.5, 45.0, 56.5, 69.0]","[19.5, 31.5, 44.0, 55.5, 67.5]",1,0,1.5
synthetic_broad_3_8V,G1,2,False,0.0,50DA9DB5601ACD72C6CBCF4911C695AAB54A67F9D8F6C21DB8E5D89540E7A57C,8.0,broad,3,0.28238197370442136,0.2398590513471821,0.15122478786004717,1.8672995194792747,161,0.174674481998773,"[4.0, 16.5, 27.5, 39.5, 52.0, 64.5]","[25.5, 38.0, 51.0, 64.5]",2,0,1.125,"[10.0, 21.5, 33.5, 45.0, 56.5, 69.0]","[31.0, 43.5, 56.5, 68.5]",2,0,1.125
synthetic_broad_3_8V,C,0,True,0.0001,16CB1D84EB94A1F6000F1CBE1D89185CF369DFC7D75A63CDC77E1076F81321BE,8.0,broad,3,0.13554389819647902,0.11673993949482843,0.0725881931540782,1.8672995194792747,161,0.11673485061019179,"[4.0, 16.5, 27.5, 39.5, 52.0, 64.5]","[5.0, 16.0, 27.5, 39.5, 51.5]",1,0,0.4,"[10.0, 21.5, 33.5, 45.0, 56.5, 69.0]","[9.5, 21.0, 33.0, 45.0, 57.0]",1,0,0.4
synthetic_broad_3_8V,C,1,True,0.0001,704C280208F207EE40B6316F698B4D9E1F5F4D9FA4371D01A541000B65BFED78,8.0,broad,3,0.12930819499264207,0.10937877779372436,0.06924877002522961,1.8672995194792747,161,0.10774946571873825,"[4.0, 16.5, 27.5, 39.5, 52.0, 64.5]","[16.0, 27.5, 39.5, 51.5]",2,0,0.25,"[10.0, 21.5, 33.5, 45.0, 56.5, 69.0]","[21.0, 33.0, 45.0, 57.0]",2,0,0.375
synthetic_broad_3_8V,C,2,True,0.0001,5EC28BC8F76C57E662C11CA36A22261C8DB908574AD344A1372A5A63EBF30FA5,8.0,broad,3,0.1543223650062144,0.12759121429085743,0.08264467665543532,1.8672995194792747,161,0.08902434766702393,"[4.0, 16.5, 27.5, 39.5, 52.0, 64.5]","[15.5, 26.5, 39.5, 51.5, 64.5]",1,0,0.5,"[10.0, 21.5, 33.5, 45.0, 56.5, 69.0]","[19.5, 32.5, 45.0, 56.5, 68.5]",1,0,0.7
synthetic_broad_4_0V,H1,0,False,0.0,1A614B621CDB7D1443B0C6CDAC66C6E6238FC81B69069A77471F63BC181B2E01,0.0,broad,4,0.40365068681751565,0.33451662005577687,0.12398863014500174,3.2555459830909967,161,-0.26893683047460404,"[14.0, 24.5, 37.0]","[15.5, 27.5, 39.5, 52.0]",0,1,2.3333333333333335,"[17.5, 28.5, 40.0]","[20.0, 32.0, 44.5, 56.0]",2,3,2.5
synthetic_broad_4_0V,H1,1,False,0.0,B6359EB3414DBE4B936D891071F0686817A9B170AB83B65A115786795D25A97F,0.0,broad,4,0.4095456272508098,0.3392882341717569,0.12579936802550223,3.2555459830909967,161,-0.2782175777098567,"[14.0, 24.5, 37.0]","[15.5, 27.5, 39.5, 52.0]",0,1,2.3333333333333335,"[17.5, 28.5, 40.0]","[20.0, 32.0, 44.5, 56.0]",2,3,2.5
synthetic_broad_4_0V,H1,2,False,0.0,71376C31645BE41B5CFD36BEF5ED2AAFEA75A6975F57DD6199ECADA60BD3E027,0.0,broad,4,0.5471643623344092,0.4568907047754065,0.168071458728069,3.2555459830909967,161,-0.4567870671000822,"[14.0, 24.5, 37.0]","[13.5, 26.0, 39.0]",0,0,1.3333333333333333,"[17.5, 28.5, 40.0]","[18.5, 31.5, 43.5]",1,1,2.0
synthetic_broad_4_0V,G1,0,False,0.0,C281450D5B0ED77CF5D48B1C2666E75D5171E6E8497CFD4A1FF8C373DD011EAD,0.0,broad,4,0.193278208631523,0.1557141880447659,0.05936890759196524,3.2555459830909967,161,-0.12452651713380965,"[14.0, 24.5, 37.0]","[15.5, 27.5, 39.5]",0,0,2.3333333333333335,"[17.5, 28.5, 40.0]","[20.0, 32.0, 43.5]",2,2,2.5
synthetic_broad_4_0V,G1,1,False,0.0,921234510EBE34C0962905CB689B14FF22C58073C85EC16069A103C8C1C05940,0.0,broad,4,0.19321412191496368,0.15564401987697404,0.059349222194525854,3.2555459830909967,161,-0.1244245990345119,"[14.0, 24.5, 37.0]","[15.5, 27.5, 39.5]",0,0,2.3333333333333335,"[17.5, 28.5, 40.0]","[20.0, 32.0, 43.5]",2,2,2.5
synthetic_broad_4_0V,G1,2,False,0.0,7373521E341D3663EA8B5161039EBA7EAB0CB3F9A68ED30FE390308E06FDFBB2,0.0,broad,4,0.4681196007507225,0.4010545508587366,0.14379142644032436,3.2555459830909967,161,-0.4010545508587366,"[14.0, 24.5, 37.0]","[13.0, 26.0, 39.0]",0,0,1.5,"[17.5, 28.5, 40.0]","[18.5, 31.5, 43.5]",1,1,2.0
synthetic_broad_4_0V,C,0,True,0.0001,6F174D5340F0F8EB0E2BF8CD31E05E830733125930106DFC9FA0150D080B1867,0.0,broad,4,0.15368152969638665,0.13801561379257474,0.04720606942571054,3.2555459830909967,161,-0.13422843857855835,"[14.0, 24.5, 37.0]","[12.5, 24.0, 36.5]",0,0,0.8333333333333334,"[17.5, 28.5, 40.0]","[17.0, 29.0, 40.5]",0,0,0.5
synthetic_broad_4_0V,C,1,True,0.0001,C160FC84D9A52BC878B412C83127077D225EDF0DB6B623429F5108690A479533,0.0,broad,4,0.10104997834615961,0.07550228226652345,0.031039333761834053,3.2555459830909967,161,0.06598177886584183,"[14.0, 24.5, 37.0]","[12.5, 24.0, 36.0]",0,0,1.0,"[17.5, 28.5, 40.0]","[17.0, 29.0, 41.0]",0,0,0.6666666666666666
synthetic_broad_4_0V,C,2,True,0.0001,9182FD97548FA41A204B6764A912A76A1A18D3AEF99844BEC3AE49FD4E9A903A,0.0,broad,4,0.15376873108054837,0.1381008468990955,0.04723285491257346,3.2555459830909967,161,-0.1343233461075378,"[14.0, 24.5, 37.0]","[12.5, 24.0, 36.5]",0,0,0.8333333333333334,"[17.5, 28.5, 40.0]","[17.0, 29.0, 40.5]",0,0,0.5
synthetic_broad_4_4V,H1,0,False,0.0,5FAB2566EEDF61B42991B2EA5C9A2F730E651B7B73F6B22F640887929603D784,4.0,broad,4,0.11672576156172772,0.09681603299463297,0.04505458535392796,2.590763196349144,161,0.014089905720687173,"[14.5, 26.0, 38.5, 50.0]","[15.5, 27.5, 40.0, 52.0, 64.5]",0,1,1.5,"[6.0, 20.0, 31.0, 43.0, 54.5]","[20.5, 32.5, 44.5, 56.5, 68.5]",5,5,
synthetic_broad_4_4V,H1,1,False,0.0,3E55D54243E1762610AAE7861FC833BD7EE8D9AA503D2F1C460B041ED8392BB6,4.0,broad,4,0.11672733661280572,0.09681713245142255,0.04505519330261282,2.590763196349144,161,0.014086337505441141,"[14.5, 26.0, 38.5, 50.0]","[15.5, 27.5, 40.0, 52.0, 64.5]",0,1,1.5,"[6.0, 20.0, 31.0, 43.0, 54.5]","[20.5, 32.5, 44.5, 56.5, 68.5]",5,5,
synthetic_broad_4_4V,H1,2,False,0.0,6B9EC35EC9C03346681162EBE6540741D054876DEE31D8BA72E71A5222B8A927,4.0,broad,4,0.15054420013008468,0.12326274670050995,0.05810805107245186,2.590763196349144,161,-0.08365847300722899,"[14.5, 26.0, 38.5, 50.0]","[26.5, 39.5, 52.5, 65.5]",4,4,,"[6.0, 20.0, 31.0, 43.0, 54.5]","[30.5, 43.5, 57.0, 69.5]",3,2,1.5
synthetic_broad_4_4V,G1,0,False,0.0,7B482AE571C6CA8529F3927B38CCCD02FEA4B867D7611C71CD77109549DC1116,4.0,broad,4,0.13587959565508748,0.11705306411270475,0.05244770955777298,2.590763196349144,161,0.02954178770586444,"[14.5, 26.0, 38.5, 50.0]","[15.5, 27.5, 39.5, 52.0]",0,0,1.375,"[6.0, 20.0, 31.0, 43.0, 54.5]","[20.5, 32.5, 44.5, 56.0]",1,0,1.25
synthetic_broad_4_4V,G1,1,False,0.0,B31EBD369D5D5346CECA8FB3F51105330A8D87BF1A3552E264DE7BC847FA4EED,4.0,broad,4,0.13977527729475303,0.12104893104523942,0.0539513906526547,2.590763196349144,161,0.042345399767266916,"[14.5, 26.0, 38.5, 50.0]","[16.0, 27.5, 39.5, 52.0]",0,0,1.5,"[6.0, 20.0, 31.0, 43.0, 54.5]","[20.5, 32.5, 44.5, 56.0]",1,0,1.25
synthetic_broad_4_4V,G1,2,False,0.0,15F02BD592C91A94CB2F4C248486D56F98F5104D011F82AE59DDF4BF44582124,4.0,broad,4,0.13544932658024186,0.11662356634466446,0.05228163144015423,2.590763196349144,161,0.028158390600402653,"[14.5, 26.0, 38.5, 50.0]","[15.5, 27.5, 39.5, 52.0]",0,0,1.375,"[6.0, 20.0, 31.0, 43.0, 54.5]","[20.5, 32.5, 44.5, 56.0]",1,0,1.25
synthetic_broad_4_4V,C,0,True,0.0001,6C98065E6F2518A262E35D7E8F4A392DCA3314BFB1993F94D34FAB25EB073CD9,4.0,broad,4,0.07256147191761086,0.06014611252276313,0.028007759265633835,2.590763196349144,161,-0.05470456094994602,"[14.5, 26.0, 38.5, 50.0]","[14.5, 26.0, 38.0, 50.5]",0,0,0.25,"[6.0, 20.0, 31.0, 43.0, 54.5]","[19.5, 31.0, 43.0, 55.0]",1,0,0.25
synthetic_broad_4_4V,C,1,True,0.0001,03768DFE0C84E0644C94F2E6050154B1F93D44935E95CE30268016275A714D83,4.0,broad,4,0.06537038823051228,0.05269248212131164,0.02523209698309403,2.590763196349144,161,0.03894966031644084,"[14.5, 26.0, 38.5, 50.0]","[14.5, 26.0, 38.0, 50.5]",0,0,0.25,"[6.0, 20.0, 31.0, 43.0, 54.5]","[19.0, 31.0, 43.0, 55.0]",1,0,0.375
synthetic_broad_4_4V,C,2,True,0.0001,6FB5A6A6D5240CE2C45AF316E0CDE15BD992253C5641895A7C207A4646FFE1C7,4.0,broad,4,0.07196123342380938,0.05951191556516609,0.027776075221855795,2.590763196349144,161,-0.05289529640830186,"[14.5, 26.0, 38.5, 50.0]","[14.5, 26.0, 38.0, 50.5]",0,0,0.25,"[6.0, 20.0, 31.0, 43.0, 54.5]","[19.5, 31.0, 43.0, 55.0]",1,0,0.25
synthetic_broad_4_6V,H1,0,False,0.0,282E45F0C1F56DC89408D82F4E7055741A6FC9FB6A4FB03386EB413E6B082193,6.0,broad,4,0.134448664838511,0.10500873617587378,0.06329645037547886,2.124110657721758,161,0.09130300102886825,"[3.0, 14.5, 27.0, 38.5, 51.0, 64.0]","[15.0, 27.5, 39.5, 51.5, 64.0, 76.5]",6,6,,"[8.0, 20.5, 31.5, 44.5, 56.0, 68.0]","[7.5, 20.0, 32.0, 44.5, 56.5, 68.5]",0,0,0.4166666666666667
synthetic_broad_4_6V,H1,1,False,0.0,6DEA3B1EC04C2D599463BA39F35408ED96C50F0509F06566295D57D7E9D9CBB4,6.0,broad,4,0.1613692272054069,0.13136162722438036,0.07597025447746,2.124110657721758,161,0.12679489884583522,"[3.0, 14.5, 27.0, 38.5, 51.0, 64.0]","[15.5, 27.5, 39.5, 51.5, 64.0, 76.5]",6,6,,"[8.0, 20.5, 31.5, 44.5, 56.0, 68.0]","[8.0, 20.5, 32.5, 44.5, 57.0, 68.5]",0,0,0.4166666666666667
synthetic_broad_4_6V,H1,2,False,0.0,50A684838B9303F1C359A9BFEBFFA0DB26896283BFCC86F411125F164A9F29CD,6.0,broad,4,0.1197515606499527,0.10068879537495638,0.05637727027761998,2.124110657721758,161,0.01205176716543985,"[3.0, 14.5, 27.0, 38.5, 51.0, 64.0]","[13.5, 26.0, 39.0, 52.0, 65.0]",1,0,0.9,"[8.0, 20.5, 31.5, 44.5, 56.0, 68.0]","[17.5, 30.5, 44.0, 57.0, 70.0]",1,0,1.5
synthetic_broad_4_6V,G1,0,False,0.0,CCDCDEF550FD46A36C44832F8890EADF5B08F334235B32215E6CD40F1E145477,6.0,broad,4,0.10816250992545606,0.08945487126954502,0.050921315955105254,2.124110657721758,161,-0.038879833162244935,"[3.0, 14.5, 27.0, 38.5, 51.0, 64.0]","[14.0, 26.0, 39.0, 52.5]",2,0,0.875,"[8.0, 20.5, 31.5, 44.5, 56.0, 68.0]","[18.0, 31.5, 44.5, 57.5]",2,0,1.0
synthetic_broad_4_6V,G1,1,False,0.0,F2E344F77C990ACA8B8BC13B5B1EF231DF8649EA4B90D9C2BF8483F83C9A92D2,6.0,broad,4,0.0835751605970746,0.07200177608051286,0.03934595417298749,2.124110657721758,161,-0.002753415332282257,"[3.0, 14.5, 27.0, 38.5, 51.0, 64.0]","[15.5, 27.5, 39.5, 52.0]",2,0,0.875,"[8.0, 20.5, 31.5, 44.5, 56.0, 68.0]","[20.5, 32.5, 44.5, 56.5]",2,0,0.375
synthetic_broad_4_6V,G1,2,False,0.0,05E8C94B463F9F6A42A4238EE23BB016454BA25D7D4D95FEA6E254E63DB1CDA8,6.0,broad,4,0.10341897445969939,0.08787714077534269,0.04868812935133179,2.124110657721758,161,-0.015783268957731002,"[3.0, 14.5, 27.0, 38.5, 51.0, 64.0]","[14.0, 26.0, 39.0, 52.5]",2,0,0.875,"[8.0, 20.5, 31.5, 44.5, 56.0, 68.0]","[18.5, 31.5, 44.5, 57.5]",2,0,0.875
synthetic_broad_4_6V,C,0,True,0.0001,72CB0891859093C0ED47F85C1423E92DA70BD345A40C99C37F336D46095DE61A,6.0,broad,4,0.05100475703404442,0.0400038446743303,0.024012288083310226,2.124110657721758,161,-0.014047626488627061,"[3.0, 14.5, 27.0, 38.5, 51.0, 64.0]","[5.0, 15.5, 27.0, 39.0, 51.0]",1,0,0.7,"[8.0, 20.5, 31.5, 44.5, 56.0, 68.0]","[8.5, 20.5, 32.0, 44.0, 56.0]",1,0,0.3
synthetic_broad_4_6V,C,1,True,0.0001,78249FC2430FB5B7F2FAEE99CEB6FB014D69E67C642F99076CDD1D982BE194E6,6.0,broad,4,0.07899400780800395,0.06757597941134566,0.03718921494077431,2.124110657721758,161,-0.05278433255116146,"[3.0, 14.5, 27.0, 38.5, 51.0, 64.0]","[15.5, 27.0, 39.0, 51.0]",2,0,0.375,"[8.0, 20.5, 31.5, 44.5, 56.0, 68.0]","[20.5, 32.0, 44.0, 56.0]",2,0,0.25
synthetic_broad_4_6V,C,2,True,0.0001,93106495FB2D9ACEE5EDAA5A96781553F4C449C22C2FD17C9B420E17C5C66C9D,6.0,broad,4,0.05096325726632215,0.0401986621501507,0.023992750604143874,2.124110657721758,161,-0.016160249241877787,"[3.0, 14.5, 27.0, 38.5, 51.0, 64.0]","[4.5, 15.5, 27.0, 39.0, 51.0]",1,0,0.6,"[8.0, 20.5, 31.5, 44.5, 56.0, 68.0]","[8.5, 20.5, 32.0, 44.0, 56.0]",1,0,0.3
synthetic_broad_4_8V,H1,0,False,0.0,1417811E28B5C853D9EABB7A410E5BC7B4E56151F5DA908F25D80BB80216EB75,8.0,broad,4,0.41592330810302536,0.36224347969091675,0.22374759319274168,1.8588951155543327,161,0.33041437346211233,"[6.5, 16.5, 28.0, 39.5, 52.0, 65.5]","[13.0, 25.5, 38.5, 51.0, 63.5, 76.5]",6,6,,"[10.0, 21.5, 33.0, 45.5, 56.5, 69.0]","[18.0, 30.5, 43.5, 56.5, 68.5]",2,1,1.25
synthetic_broad_4_8V,H1,1,False,0.0,E665065A37CA0CCEDD98BD7BEA719D49FE62944A5B2D3E68C0159C8918070EBB,8.0,broad,4,0.4723953885978432,0.4066075478712025,0.2541269728695652,1.8588951155543327,161,0.39830221959194667,"[6.5, 16.5, 28.0, 39.5, 52.0, 65.5]","[14.5, 26.5, 38.5, 51.0, 63.0, 75.5]",6,6,,"[10.0, 21.5, 33.0, 45.5, 56.5, 69.0]","[7.0, 19.5, 31.5, 44.0, 56.0, 68.0]",0,0,1.5833333333333333
synthetic_broad_4_8V,H1,2,False,0.0,953B351F97AA6460E9B80EAC7A7D481062391580078300990C63FECCB8F8D7EA,8.0,broad,4,0.37630326769748207,0.3203254818314286,0.20243383531903378,1.8588951155543327,161,0.27290297650751316,"[6.5, 16.5, 28.0, 39.5, 52.0, 65.5]","[15.0, 25.5, 38.5, 51.0, 64.0, 77.0]",6,6,,"[10.0, 21.5, 33.0, 45.5, 56.5, 69.0]","[18.0, 31.0, 43.5, 56.0, 69.0]",2,1,1.125
synthetic_broad_4_8V,G1,0,False,0.0,A6760BEAC3485884A305C2DA0DA7B076B5173D54FA14560CE758128BD59E7915,8.0,broad,4,0.19984767711500684,0.1628576916422929,0.10750885052243045,1.8588951155543327,161,0.034934188198158286,"[6.5, 16.5, 28.0, 39.5, 52.0, 65.5]","[14.5, 25.5, 38.0, 51.0, 64.5]",1,0,1.6,"[10.0, 21.5, 33.0, 45.5, 56.5, 69.0]","[18.5, 31.0, 44.0, 56.5, 69.0]",1,0,1.3
synthetic_broad_4_8V,G1,1,False,0.0,FD3BA27A1511AFAB9701079ECFB81824ED90AD4E8B9E7EDC9B62BD0D825DBF53,8.0,broad,4,0.2817183519197453,0.23660754609076678,0.15155150474196355,1.8588951155543327,161,-0.19442768235654204,"[6.5, 16.5, 28.0, 39.5, 52.0, 65.5]","[14.5, 26.0, 38.0, 50.5, 63.0]",1,0,1.9,"[10.0, 21.5, 33.0, 45.5, 56.5, 69.0]","[8.0, 19.5, 31.5, 44.0, 56.0, 68.0]",0,0,1.4166666666666667
synthetic_broad_4_8V,G1,2,False,0.0,9C90422E87147E9727EBE5551B8DA58A715A1EC9425107DB92E3EEC96756A48D,8.0,broad,4,0.19718284796817626,0.16134398358539997,0.10607529511388018,1.8588951155543327,161,0.04804371381636275,"[6.5, 16.5, 28.0, 39.5, 52.0, 65.5]","[14.5, 25.5, 38.0, 51.0, 64.5]",1,0,1.6,"[10.0, 21.5, 33.0, 45.5, 56.5, 69.0]","[18.5, 31.0, 44.0, 56.5, 69.0]",1,0,1.3
synthetic_broad_4_8V,C,0,True,0.0001,E3587E604F24C7C9C420EF3EA213D69FCADD53C4E280B3F9C74694CCAE7AA93D,8.0,broad,4,0.07284186679046553,0.06129708637438946,0.03918557113898472,1.8588951155543327,161,0.01658000290526716,"[6.5, 16.5, 28.0, 39.5, 52.0, 65.5]","[4.5, 15.5, 27.5, 39.5, 51.5, 64.0]",0,0,0.9166666666666666,"[10.0, 21.5, 33.0, 45.5, 56.5, 69.0]","[9.0, 21.0, 33.0, 45.0, 57.0, 69.0]",0,0,0.4166666666666667
synthetic_broad_4_8V,C,1,True,0.0001,99713BC6B9E93AB0A0E5DFE1C60CDF129D0FE47FC09AB9FC937EFB57B71B87CC,8.0,broad,4,0.2536561398554716,0.23287342403140895,0.1364553264640915,1.8588951155543327,161,0.2324453130469832,"[6.5, 16.5, 28.0, 39.5, 52.0, 65.5]","[4.5, 15.5, 27.5, 39.5, 51.5, 64.5]",0,0,0.8333333333333334,"[10.0, 21.5, 33.0, 45.5, 56.5, 69.0]","[9.0, 21.0, 33.0, 45.0, 57.0, 69.0]",0,0,0.4166666666666667
synthetic_broad_4_8V,C,2,True,0.0001,8F026411054334E29D2053F040C9BDE679BD82C20C1C1159AA250B2D6B242DCA,8.0,broad,4,0.20403651146649224,0.1771648431049719,0.10976225057520118,1.8588951155543327,161,-0.1522635405182134,"[6.5, 16.5, 28.0, 39.5, 52.0, 65.5]","[15.0, 26.5, 39.5, 51.5, 64.0]",1,0,1.0,"[10.0, 21.5, 33.0, 45.5, 56.5, 69.0]","[19.5, 32.5, 45.0, 57.0, 69.0]",1,0,0.7
synthetic_asymmetric_0_0V,H1,0,False,0.0,8A04C2C3ABF7D6053C2D15A106A17BA075FE06D6F915CAEEECC50773ABA69B38,0.0,asymmetric,0,0.4395192625745302,0.33413689327242213,0.11207590042599297,3.9216215163469315,161,-0.18060385107889532,"[13.0, 24.5, 36.0, 47.0, 58.5, 69.5]","[16.0, 27.5, 38.5, 50.0, 61.5, 73.0]",1,1,2.9,"[18.0, 29.0, 41.0, 52.5, 64.0, 75.0]","[20.5, 32.0, 43.5, 55.0, 66.5]",1,0,2.6
synthetic_asymmetric_0_0V,H1,1,False,0.0,7DD45910AD6308FA4875A4E61ABDEFBBCA5FA45D496DC5C4A94608B5130699B1,0.0,asymmetric,0,0.43816189340995515,0.334087842686733,0.11172977595709228,3.9216215163469315,161,-0.17691614372153644,"[13.0, 24.5, 36.0, 47.0, 58.5, 69.5]","[16.0, 27.5, 38.5, 50.0, 61.5, 73.0]",1,1,2.9,"[18.0, 29.0, 41.0, 52.5, 64.0, 75.0]","[20.5, 32.0, 43.5, 55.0, 66.5]",1,0,2.6
synthetic_asymmetric_0_0V,H1,2,False,0.0,9A40837F45E5DEB48227AE4BBE581FD148001620F5779072EA1844A1CF3AD6A5,0.0,asymmetric,0,0.4381691210180812,0.33393430243910655,0.11173161897230828,3.9216215163469315,161,-0.17730399241496453,"[13.0, 24.5, 36.0, 47.0, 58.5, 69.5]","[16.0, 27.5, 38.5, 50.0, 61.5, 73.0]",1,1,2.9,"[18.0, 29.0, 41.0, 52.5, 64.0, 75.0]","[20.5, 32.0, 43.5, 55.0, 66.5]",1,0,2.6
synthetic_asymmetric_0_0V,G1,0,False,0.0,825F96AC551344A8B10E0CA6F9F37D417709341EF5A74077C855FF92CB55195E,0.0,asymmetric,0,0.396581037406784,0.317524830096494,0.10112680067509604,3.9216215163469315,161,-0.12115078560682081,"[13.0, 24.5, 36.0, 47.0, 58.5, 69.5]","[16.0, 27.5, 38.5, 50.0, 61.5, 73.0]",1,1,2.9,"[18.0, 29.0, 41.0, 52.5, 64.0, 75.0]","[20.5, 32.0, 43.5, 55.0, 66.5]",1,0,2.6
synthetic_asymmetric_0_0V,G1,1,False,0.0,2E2863C3666B3C5181CC0B99D79ECBB4654457FFB4BD715EBDE4A9A408230CAD,0.0,asymmetric,0,0.4007800678014431,0.31875223603446556,0.1021975389850415,3.9216215163469315,161,-0.13242764716063019,"[13.0, 24.5, 36.0, 47.0, 58.5, 69.5]","[16.0, 27.5, 38.5, 50.0, 61.5, 73.0]",1,1,2.9,"[18.0, 29.0, 41.0, 52.5, 64.0, 75.0]","[20.5, 32.0, 43.5, 55.0, 66.5]",1,0,2.6
synthetic_asymmetric_0_0V,G1,2,False,0.0,CD42F744A2FC1261BE97D3D81BE329C914C8B3559C33A1EC6706465837B37F56,0.0,asymmetric,0,0.40013745331919565,0.3187822847814861,0.10203367450205436,3.9216215163469315,161,-0.13043111474118987,"[13.0, 24.5, 36.0, 47.0, 58.5, 69.5]","[16.0, 27.5, 38.5, 50.0, 61.5, 73.0]",1,1,2.9,"[18.0, 29.0, 41.0, 52.5, 64.0, 75.0]","[20.5, 32.0, 43.5, 55.0, 66.5]",1,0,2.6
synthetic_asymmetric_0_0V,C,0,True,0.0001,6DE2B134FDA13CB15581160E50C10996ACDF76E248AD94113B4AAE10313115ED,0.0,asymmetric,0,0.08040848276978645,0.06582933552290973,0.02050388657717498,3.9216215163469315,161,-0.008969159548663277,"[13.0, 24.5, 36.0, 47.0, 58.5, 69.5]","[13.0, 24.5, 36.0, 47.5, 58.5, 70.0]",0,0,0.16666666666666666,"[18.0, 29.0, 41.0, 52.5, 64.0, 75.0]","[17.5, 29.0, 41.0, 52.0, 63.5, 75.0]",0,0,0.25
synthetic_asymmetric_0_0V,C,1,True,0.0001,EAEB571E5843970C0A05CD3375135C45854346B65EDCA518BF2BEC7627474942,0.0,asymmetric,0,0.08743391744015883,0.07142794210621892,0.022295348257270187,3.9216215163469315,161,-0.004554963907818043,"[13.0, 24.5, 36.0, 47.0, 58.5, 69.5]","[13.5, 24.5, 36.0, 47.0, 58.5, 70.0]",0,0,0.16666666666666666,"[18.0, 29.0, 41.0, 52.5, 64.0, 75.0]","[17.5, 29.0, 41.0, 52.0, 63.5, 75.0]",0,0,0.25
synthetic_asymmetric_0_0V,C,2,True,0.0001,037858BD1B1E8B6BFC430C12B0997463D8603D05F43102F3881DE29E92D8AC31,0.0,asymmetric,0,0.07984453701052373,0.0654806649067771,0.02036008234800295,3.9216215163469315,161,-0.008764429794368091,"[13.0, 24.5, 36.0, 47.0, 58.5, 69.5]","[13.0, 24.5, 36.0, 47.5, 58.5, 70.0]",0,0,0.16666666666666666,"[18.0, 29.0, 41.0, 52.5, 64.0, 75.0]","[17.5, 29.0, 41.0, 52.0, 63.5, 75.0]",0,0,0.25
synthetic_asymmetric_0_4V,H1,0,False,0.0,3DC870D3AADF4A63D4C2AB83EAD200EE5C26C4BA2D807E87C6D54FBC07432089,4.0,asymmetric,0,0.26358254486675664,0.22071642274209677,0.08747456197246076,3.0132479537278414,161,0.031599284449805455,"[14.5, 26.0, 37.5, 48.5, 60.5, 71.5]","[16.0, 27.5, 38.5, 50.0, 61.5, 73.0]",0,0,1.3333333333333333,"[20.0, 31.5, 42.5, 54.0, 65.5, 77.0]","[21.0, 32.5, 44.0, 55.5, 66.5]",1,0,1.2
synthetic_asymmetric_0_4V,H1,1,False,0.0,B79263959982DDE91AB0B3EBA938EBE3792328689A6EA1DC7C4B5C309CB5BFE8,4.0,asymmetric,0,0.2636118643493932,0.22073736468528363,0.08748429216495962,3.0132479537278414,161,0.03173389172405219,"[14.5, 26.0, 37.5, 48.5, 60.5, 71.5]","[16.0, 27.5, 38.5, 50.0, 61.5, 73.0]",0,0,1.3333333333333333,"[20.0, 31.5, 42.5, 54.0, 65.5, 77.0]","[21.0, 32.5, 44.0, 55.5, 66.5]",1,0,1.2
synthetic_asymmetric_0_4V,H1,2,False,0.0,3B03F4F6F56BCE5B39328F720AFFDBD69DF53BA9EF0AF053D575B855C464E399,4.0,asymmetric,0,0.2616141002738511,0.21806904946354602,0.0868212985759088,3.0132479537278414,161,0.013603447891845769,"[14.5, 26.0, 37.5, 48.5, 60.5, 71.5]","[16.0, 27.5, 38.5, 50.0, 61.5, 73.0]",0,0,1.3333333333333333,"[20.0, 31.5, 42.5, 54.0, 65.5, 77.0]","[21.0, 32.5, 44.0, 55.5, 66.5]",1,0,1.2
synthetic_asymmetric_0_4V,G1,0,False,0.0,1C39B8B5EA92E0A8F85B08FCDDDE9388DDB599A5B0342977A7DE1E75326E258D,4.0,asymmetric,0,0.2761738032860193,0.2262268509413203,0.09165319533175181,3.0132479537278414,161,0.056229056022774566,"[14.5, 26.0, 37.5, 48.5, 60.5, 71.5]","[16.0, 27.5, 39.0, 50.0, 61.5, 73.0]",0,0,1.4166666666666667,"[20.0, 31.5, 42.5, 54.0, 65.5, 77.0]","[21.0, 32.5, 44.0, 55.5, 66.5]",1,0,1.2
synthetic_asymmetric_0_4V,G1,1,False,0.0,CEBA0DBF82632FE6C115FBEBBB7D0C08EFB850EEB8AA10CC5396DF5EA507CC61,4.0,asymmetric,0,0.28794478682745916,0.2332148696280292,0.09555960586357591,3.0132479537278414,161,0.08978019943824136,"[14.5, 26.0, 37.5, 48.5, 60.5, 71.5]","[16.0, 27.5, 39.0, 50.0, 61.5, 73.0]",0,0,1.4166666666666667,"[20.0, 31.5, 42.5, 54.0, 65.5, 77.0]","[21.0, 32.5, 44.0, 55.5, 66.5]",1,0,1.2
synthetic_asymmetric_0_4V,G1,2,False,0.0,4E4159CDF82B26C48B18D6A5CDC2AE220C261E83E6CFC4B39E8E8CCAE8E949D8,4.0,asymmetric,0,0.31149582365995027,0.24558059068436508,0.10337543688516673,3.0132479537278414,161,0.1336199534482669,"[14.5, 26.0, 37.5, 48.5, 60.5, 71.5]","[16.0, 27.5, 39.0, 50.0, 61.5, 73.0]",0,0,1.4166666666666667,"[20.0, 31.5, 42.5, 54.0, 65.5, 77.0]","[21.0, 32.5, 44.0, 55.5, 66.5]",1,0,1.2
synthetic_asymmetric_0_4V,C,0,True,0.0001,0877314D1039CC5B9F3128FCF3228A65041E7A9F3FD004420D02E54AD5229ABC,4.0,asymmetric,0,0.07159038864900073,0.05918824678322223,0.02375854551247024,3.0132479537278414,161,0.011860587461306811,"[14.5, 26.0, 37.5, 48.5, 60.5, 71.5]","[15.0, 26.0, 37.5, 49.0, 60.0, 71.5]",0,0,0.25,"[20.0, 31.5, 42.5, 54.0, 65.5, 77.0]","[19.5, 31.0, 43.0, 54.0, 65.5, 77.0]",0,0,0.25
synthetic_asymmetric_0_4V,C,1,True,0.0001,F18F7159F4DC23213E5FF0BA12E41C4939CF99E2D7DB992FECB07E21E3F7157D,4.0,asymmetric,0,0.06812455486233643,0.054998549672757184,0.022608346843165063,3.0132479537278414,161,0.020458961292369342,"[14.5, 26.0, 37.5, 48.5, 60.5, 71.5]","[15.0, 26.0, 37.5, 49.0, 60.0, 71.5]",0,0,0.25,"[20.0, 31.5, 42.5, 54.0, 65.5, 77.0]","[19.5, 31.0, 43.0, 54.0, 65.5, 77.0]",0,0,0.25
synthetic_asymmetric_0_4V,C,2,True,0.0001,36456A31FCD45421744C77B753C1AF9C7DB112784427DB2DCD213DF88DF5A1E8,4.0,asymmetric,0,0.07160661556179904,0.05919987514073413,0.023763930702486953,3.0132479537278414,161,0.011809640930737145,"[14.5, 26.0, 37.5, 48.5, 60.5, 71.5]","[15.0, 26.0, 37.5, 49.0, 60.0, 71.5]",0,0,0.25,"[20.0, 31.5, 42.5, 54.0, 65.5, 77.0]","[19.5, 31.0, 43.0, 54.0, 65.5, 77.0]",0,0,0.25
synthetic_asymmetric_0_6V,H1,0,False,0.0,DEF4FF6C1A93A794656D13ED12249C80438B5EFA954A67A196CAD3BD0B3D8155,6.0,asymmetric,0,0.13969824302589282,0.11165883931241441,0.05032119024655382,2.7761315330863,161,0.05450455913882792,"[15.0, 27.0, 38.0, 50.0, 61.0, 72.0]","[16.0, 27.0, 38.5, 50.0, 61.5, 73.0]",0,0,0.5,"[20.5, 32.5, 43.5, 55.0, 66.5, 78.0]","[21.0, 32.5, 44.0, 55.5, 66.5]",1,0,0.3
synthetic_asymmetric_0_6V,H1,1,False,0.0,66C64A0123B900ABA64C7B01756E7C24FBC0658752EB39B8D08AD9ACD5FD9827,6.0,asymmetric,0,0.13917438571750224,0.11121638173369965,0.05013248978256385,2.7761315330863,161,0.05364510524948025,"[15.0, 27.0, 38.0, 50.0, 61.0, 72.0]","[16.0, 27.0, 38.5, 50.0, 61.5, 73.0]",0,0,0.5,"[20.5, 32.5, 43.5, 55.0, 66.5, 78.0]","[21.0, 32.5, 44.0, 55.5, 66.5]",1,0,0.3
synthetic_asymmetric_0_6V,H1,2,False,0.0,F4A626F0DFEB7DEA430217F1AA8942AD5B4BEEC201E65CF5F4E1A47AFFBEE6A5,6.0,asymmetric,0,0.1401232499886028,0.11197089842233846,0.05047428348354374,2.7761315330863,161,0.055417115385802684,"[15.0, 27.0, 38.0, 50.0, 61.0, 72.0]","[16.0, 27.0, 38.5, 50.0, 61.5, 73.0]",0,0,0.5,"[20.5, 32.5, 43.5, 55.0, 66.5, 78.0]","[21.0, 32.5, 44.0, 55.5, 66.5]",1,0,0.3
synthetic_asymmetric_0_6V,G1,0,False,0.0,713A46387E473E7E876922607A88F0E788AE31640AD4A054EDD9F898E2A5D052,6.0,asymmetric,0,0.1742266546033689,0.13544105071932885,0.06275878953389374,2.7761315330863,161,0.08946559593394754,"[15.0, 27.0, 38.0, 50.0, 61.0, 72.0]","[16.0, 27.0, 38.5, 50.0, 61.5, 73.0]",0,0,0.5,"[20.5, 32.5, 43.5, 55.0, 66.5, 78.0]","[21.0, 32.5, 44.0, 55.5, 66.5]",1,0,0.3
synthetic_asymmetric_0_6V,G1,1,False,0.0,53A4AE6C1ABA578679FB9D8AFAA14BB051C3FB3A84B01B41DE0BB611691DDE26,6.0,asymmetric,0,0.16708947619511483,0.13076587754294686,0.06018788166328595,2.7761315330863,161,0.08287629735643785,"[15.0, 27.0, 38.0, 50.0, 61.0, 72.0]","[16.0, 27.0, 38.5, 50.0, 61.5, 73.0]",0,0,0.5,"[20.5, 32.5, 43.5, 55.0, 66.5, 78.0]","[21.0, 32.5, 44.0, 55.5, 66.5]",1,0,0.3
synthetic_asymmetric_0_6V,G1,2,False,0.0,57433F41A08E9215E65F0056B41CB94269013E799D43FCD4C32D7E6C8235D048,6.0,asymmetric,0,0.16804485316692158,0.13143905364765787,0.06053202132685032,2.7761315330863,161,0.08430333389215168,"[15.0, 27.0, 38.0, 50.0, 61.0, 72.0]","[16.0, 27.0, 38.5, 50.0, 61.5, 73.0]",0,0,0.5,"[20.5, 32.5, 43.5, 55.0, 66.5, 78.0]","[21.0, 32.5, 44.0, 55.5, 66.5]",1,0,0.3
synthetic_asymmetric_0_6V,C,0,True,0.0001,C06892707A13E116F659A0690B3BABB815E3828186F42E36298C23A664925A4F,6.0,asymmetric,0,0.08142638896736784,0.06634879850274804,0.029330882919961627,2.7761315330863,161,0.01530148863959598,"[15.0, 27.0, 38.0, 50.0, 61.0, 72.0]","[15.5, 27.0, 38.0, 49.5, 61.0, 72.5]",0,0,0.25,"[20.5, 32.5, 43.5, 55.0, 66.5, 78.0]","[20.5, 32.0, 43.5, 55.0, 66.5, 78.0]",0,0,0.08333333333333333
synthetic_asymmetric_0_6V,C,1,True,0.0001,17C4F9C9E304CB4EEEA5DB3251217C4FBDB8B1F6E788767D2BCAE92308CBC38A,6.0,asymmetric,0,0.07941961324952537,0.06627434549533763,0.028608015255398384,2.7761315330863,161,0.0071850158139001585,"[15.0, 27.0, 38.0, 50.0, 61.0, 72.0]","[5.5, 15.5, 27.0, 38.0, 49.5, 61.0, 72.5]",0,1,0.25,"[20.5, 32.5, 43.5, 55.0, 66.5, 78.0]","[9.5, 20.5, 32.0, 43.5, 55.0, 66.5, 78.0]",0,1,0.08333333333333333
synthetic_asymmetric_0_6V,C,2,True,0.0001,EAECDF3CCF5EFE4432666179D8F95A86BBEA66AD23F8DB86BA9116A1AF4FC0D4,6.0,asymmetric,0,0.08144649977384459,0.06637429804454294,0.029338127103544814,2.7761315330863,161,0.015364671711950304,"[15.0, 27.0, 38.0, 50.0, 61.0, 72.0]","[15.5, 27.0, 38.0, 49.5, 61.0, 72.5]",0,0,0.25,"[20.5, 32.5, 43.5, 55.0, 66.5, 78.0]","[20.5, 32.0, 43.5, 55.0, 66.5, 78.0]",0,0,0.08333333333333333
synthetic_asymmetric_0_8V,H1,0,False,0.0,0C6B877110D846F4DD0DD38B84329E3799119EEF1F2BBD05BFFA003E6474285C,8.0,asymmetric,0,0.4051987303537393,0.32283904533017715,0.1556383408162334,2.603463441133499,161,0.09986238073241703,"[16.0, 27.5, 39.0, 50.5, 62.0, 73.0]","[15.5, 26.5, 37.5, 49.0, 60.5, 72.0]",0,0,1.1666666666666667,"[21.5, 33.0, 45.0, 56.0, 67.0]","[8.5, 20.0, 31.5, 43.0, 54.5, 66.0, 77.5]",0,2,1.5
synthetic_asymmetric_0_8V,H1,1,False,0.0,5B25EF0504022DBD260A7549E15F6EC0FF0CE3456090138AE71117D1071E971D,8.0,asymmetric,0,0.4040093710726675,0.32256080467961595,0.15518150348858725,2.603463441133499,161,0.09955219957257343,"[16.0, 27.5, 39.0, 50.5, 62.0, 73.0]","[4.0, 15.5, 26.5, 37.5, 49.0, 60.5, 72.0]",0,1,1.1666666666666667,"[21.5, 33.0, 45.0, 56.0, 67.0]","[8.5, 20.0, 31.5, 43.0, 54.5, 66.0, 77.5]",0,2,1.5
synthetic_asymmetric_0_8V,H1,2,False,0.0,F3D1B0A1CCD42CB25F4057070F5134971D54B99B200A1090BFCA928855BB543F,8.0,asymmetric,0,0.4048628981456287,0.32289971403807566,0.15550934641485076,2.603463441133499,161,0.10084497645804452,"[16.0, 27.5, 39.0, 50.5, 62.0, 73.0]","[4.0, 15.5, 26.5, 37.5, 49.0, 60.5, 72.0]",0,1,1.1666666666666667,"[21.5, 33.0, 45.0, 56.0, 67.0]","[8.5, 20.0, 31.5, 43.0, 54.5, 66.0, 77.5]",0,2,1.5
synthetic_asymmetric_0_8V,G1,0,False,0.0,2F19188ADB811B3C9BF5A015AA827B8BD5FAD4A1145FE267ACBF60D87F84FDF2,8.0,asymmetric,0,0.4458219195138584,0.3243678833164646,0.17124185900600006,2.603463441133499,161,-0.21613577057607988,"[16.0, 27.5, 39.0, 50.5, 62.0, 73.0]","[15.5, 26.5, 37.5, 49.0, 60.5, 72.0]",0,0,1.1666666666666667,"[21.5, 33.0, 45.0, 56.0, 67.0]","[20.5, 32.0, 43.0, 54.5, 66.0, 77.5]",0,1,1.3
synthetic_asymmetric_0_8V,G1,1,False,0.0,45EF38BA14196911A3B70674F66EF8D50DC255A13349F92EDF89AF3B03CD4E8F,8.0,asymmetric,0,0.4336212276700139,0.32010854556111945,0.16655552784763641,2.603463441133499,161,-0.18993541295865546,"[16.0, 27.5, 39.0, 50.5, 62.0, 73.0]","[15.5, 26.5, 37.5, 49.0, 60.5, 72.0]",0,0,1.1666666666666667,"[21.5, 33.0, 45.0, 56.0, 67.0]","[20.5, 32.0, 43.0, 54.5, 66.0, 77.5]",0,1,1.3
synthetic_asymmetric_0_8V,G1,2,False,0.0,138A78D461504C43333C87D9AC8DDF66BC0DD4A8AEA43BEA99E6BABE3A1844E6,8.0,asymmetric,0,0.47757339153112915,0.3389046826921122,0.1834377176132739,2.603463441133499,161,-0.2663632534242251,"[16.0, 27.5, 39.0, 50.5, 62.0, 73.0]","[15.5, 26.5, 37.5, 49.0, 60.5, 72.0]",0,0,1.1666666666666667,"[21.5, 33.0, 45.0, 56.0, 67.0]","[20.5, 32.0, 43.0, 54.5, 66.0, 77.5]",0,1,1.3
synthetic_asymmetric_0_8V,C,0,True,0.0001,C5BDA9F25624C7EC90CFAFDCDD9311E61FF8DF020C8FBEC45CB3BC226A3195EC,8.0,asymmetric,0,0.12237081971606743,0.0910895943118282,0.04700308741911485,2.603463441133499,161,0.011485834232324185,"[16.0, 27.5, 39.0, 50.5, 62.0, 73.0]","[5.5, 16.5, 27.5, 39.0, 50.5, 62.0, 73.0]",0,1,0.08333333333333333,"[21.5, 33.0, 45.0, 56.0, 67.0]","[10.0, 21.5, 33.0, 44.5, 56.0, 67.5]",0,1,0.2
synthetic_asymmetric_0_8V,C,1,True,0.0001,EDFC87DB6B0AD8F9457549F1064C18BD8E40D37A01FF2BB9680FFB3580120A3E,8.0,asymmetric,0,0.12034671354056213,0.0881265188421143,0.04622562070169321,2.603463441133499,161,0.004983053913085819,"[16.0, 27.5, 39.0, 50.5, 62.0, 73.0]","[16.5, 27.5, 39.0, 50.5, 62.0, 73.0]",0,0,0.08333333333333333,"[21.5, 33.0, 45.0, 56.0, 67.0]","[21.5, 33.0, 44.5, 56.0, 67.5]",0,0,0.2
synthetic_asymmetric_0_8V,C,2,True,0.0001,B1D369FF60CA2E57592921403F41D1D8D1A561BFCFD8ED5D41766176D683701F,8.0,asymmetric,0,0.12045029732593486,0.08967468899211219,0.04626540761928005,2.603463441133499,161,0.011356164653919247,"[16.0, 27.5, 39.0, 50.5, 62.0, 73.0]","[5.5, 16.5, 27.5, 39.0, 50.5, 62.0, 73.0]",0,1,0.08333333333333333,"[21.5, 33.0, 45.0, 56.0, 67.0]","[10.0, 21.5, 33.0, 44.5, 56.0, 67.5]",0,1,0.2
synthetic_asymmetric_1_0V,H1,0,False,0.0,1F0718CE0B5C12C4A73323082D63FF117E52E93662481BF4A615DD83729EEEA2,0.0,asymmetric,1,0.4455452735550748,0.3423070364485576,0.11552795431045866,3.8566014278912917,161,-0.14894791657303474,"[12.5, 25.0, 36.0, 47.0, 58.0, 69.5]","[16.0, 27.5, 39.0, 50.0, 61.5, 73.0]",3,3,2.8333333333333335,"[17.0, 29.5, 41.0, 52.0, 63.5, 75.0]","[20.5, 32.0, 43.5, 55.0, 66.5]",2,1,2.75
synthetic_asymmetric_1_0V,H1,1,False,0.0,9A011BAC13AE751EE71C46B1ABF4815957020B2A5DA27C3227CD203B43D2CFCA,0.0,asymmetric,1,0.44564594318888046,0.3424127676120451,0.11555405750926931,3.8566014278912917,161,-0.14904190823689686,"[12.5, 25.0, 36.0, 47.0, 58.0, 69.5]","[16.0, 27.5, 39.0, 50.0, 61.5, 73.0]",3,3,2.8333333333333335,"[17.0, 29.5, 41.0, 52.0, 63.5, 75.0]","[20.5, 32.0, 43.5, 55.0, 66.5]",2,1,2.75
synthetic_asymmetric_1_0V,H1,2,False,0.0,A77CA5FDE1A044E603D77141712EC00679C70EB728FCAF6347D351094B5C5836,0.0,asymmetric,1,0.44554181275573024,0.3423057899722892,0.1155270569402198,3.8566014278912917,161,-0.14894194410484998,"[12.5, 25.0, 36.0, 47.0, 58.0, 69.5]","[16.0, 27.5, 39.0, 50.0, 61.5, 73.0]",3,3,2.8333333333333335,"[17.0, 29.5, 41.0, 52.0, 63.5, 75.0]","[20.5, 32.0, 43.5, 55.0, 66.5]",2,1,2.75
synthetic_asymmetric_1_0V,G1,0,False,0.0,FD1A7D8D3D837989F7019C33EC1664F34B22CBEE072518D7A38EBE998518F5F7,0.0,asymmetric,1,0.38843592501428703,0.3196626325853209,0.1007197482750183,3.8566014278912917,161,-0.0635490098966186,"[12.5, 25.0, 36.0, 47.0, 58.0, 69.5]","[16.0, 27.5, 38.5, 50.0, 61.5, 73.0]",3,3,2.6666666666666665,"[17.0, 29.5, 41.0, 52.0, 63.5, 75.0]","[20.5, 32.0, 43.5, 55.0, 66.5]",2,1,2.75
synthetic_asymmetric_1_0V,G1,1,False,0.0,3F44EEAA9B06454D3A954ED1C9E9F66E900780D2CF6D59097EBE30948F079593,0.0,asymmetric,1,0.3894026676518187,0.31985283405466114,0.10097042044210823,3.8566014278912917,161,-0.06805749475530042,"[12.5, 25.0, 36.0, 47.0, 58.0, 69.5]","[16.0, 27.5, 38.5, 50.0, 61.5, 73.0]",3,3,2.6666666666666665,"[17.0, 29.5, 41.0, 52.0, 63.5, 75.0]","[20.5, 32.0, 43.5, 55.0, 66.5]",2,1,2.75
synthetic_asymmetric_1_0V,G1,2,False,0.0,88C9A47FB6216A2A77591A907B85DF91D05E600E5EB64644543F6E9DCC121AB6,0.0,asymmetric,1,0.38891235497890997,0.3199584865726206,0.10084328449558218,3.8566014278912917,161,-0.06500020160636297,"[12.5, 25.0, 36.0, 47.0, 58.0, 69.5]","[16.0, 27.5, 38.5, 50.0, 61.5, 73.0]",3,3,2.6666666666666665,"[17.0, 29.5, 41.0, 52.0, 63.5, 75.0]","[20.5, 32.0, 43.5, 55.0, 66.5]",2,1,2.75
synthetic_asymmetric_1_0V,C,0,True,0.0001,FEAA49B2315306B67C876C4DC0DBF44E4A65DB1A176C0A487CFE4208FB7627EE,0.0,asymmetric,1,0.08769087692092056,0.07357233821575389,0.02273786352064597,3.8566014278912917,161,0.06467092639080183,"[12.5, 25.0, 36.0, 47.0, 58.0, 69.5]","[13.0, 24.5, 36.0, 47.5, 58.5, 70.0]",0,0,0.4166666666666667,"[17.0, 29.5, 41.0, 52.0, 63.5, 75.0]","[17.5, 29.0, 40.5, 52.0, 63.5, 75.0]",0,0,0.25
synthetic_asymmetric_1_0V,C,1,True,0.0001,679F531CAB6E5CEB95376D5627159BEDD71958224F010928111A79CEB2630B06,0.0,asymmetric,1,0.07851959317191817,0.0668886466216651,0.020359789477869646,3.8566014278912917,161,0.025655591663680293,"[12.5, 25.0, 36.0, 47.0, 58.0, 69.5]","[13.0, 24.5, 36.0, 47.5, 58.5, 70.0]",0,0,0.4166666666666667,"[17.0, 29.5, 41.0, 52.0, 63.5, 75.0]","[17.5, 29.0, 41.0, 52.0, 63.5, 75.0]",0,0,0.16666666666666666
synthetic_asymmetric_1_0V,C,2,True,0.0001,6A6034D742F83F673D4C8C7F0E9A2D8A3E7F8DBC909BAF8305F75763A83F4675,0.0,asymmetric,1,0.08738360851702451,0.07327291318469942,0.022658190158064643,3.8566014278912917,161,0.06434233887196261,"[12.5, 25.0, 36.0, 47.0, 58.0, 69.5]","[13.0, 24.5, 36.0, 47.5, 58.5, 70.0]",0,0,0.4166666666666667,"[17.0, 29.5, 41.0, 52.0, 63.5, 75.0]","[17.5, 29.0, 40.5, 52.0, 63.5, 75.0]",0,0,0.25
synthetic_asymmetric_1_4V,H1,0,False,0.0,F5BAF494F0355E50AC25357F931079D0E78BAEC5BF14E6D2CC811D87B630CA3A,4.0,asymmetric,1,0.2572784517545539,0.21824406005565578,0.08315687990019455,3.093892556615174,161,0.03086530515930041,"[15.0, 26.0, 37.5, 48.5, 60.0, 71.5]","[16.0, 27.5, 39.0, 50.0, 61.5, 73.0]",0,0,1.4166666666666667,"[20.0, 31.0, 43.0, 54.0, 65.5, 76.5]","[21.0, 32.5, 44.0, 55.5, 66.5]",1,0,1.2
synthetic_asymmetric_1_4V,H1,1,False,0.0,02E9D443A30FC8EBE56E61F245286E3768461D123531BEE0940BBA2506107FAB,4.0,asymmetric,1,0.2573002080560731,0.21825837477633195,0.08316391191605196,3.093892556615174,161,0.03092535630150371,"[15.0, 26.0, 37.5, 48.5, 60.0, 71.5]","[16.0, 27.5, 39.0, 50.0, 61.5, 73.0]",0,0,1.4166666666666667,"[20.0, 31.0, 43.0, 54.0, 65.5, 76.5]","[21.0, 32.5, 44.0, 55.5, 66.5]",1,0,1.2
synthetic_asymmetric_1_4V,H1,2,False,0.0,F87B2837CFAFBB16944BC7EE2F1778903B24FC19FB24AC1637BFF8A196133746,4.0,asymmetric,1,0.3595766812425882,0.27120015698805444,0.1162214507009182,3.093892556615174,161,0.20540400822921132,"[15.0, 26.0, 37.5, 48.5, 60.0, 71.5]","[16.0, 27.5, 39.0, 50.0, 61.5, 73.0]",0,0,1.4166666666666667,"[20.0, 31.0, 43.0, 54.0, 65.5, 76.5]","[21.0, 32.5, 44.0, 55.5, 67.0]",1,0,1.3
synthetic_asymmetric_1_4V,G1,0,False,0.0,9DFED20AB125019A7432868F45F6F9D659004104700FB3958C56F60D680F0A0B,4.0,asymmetric,1,0.3056263188175503,0.2438018465570656,0.09878375322506873,3.093892556615174,161,0.12997909200231234,"[15.0, 26.0, 37.5, 48.5, 60.0, 71.5]","[16.0, 27.5, 39.0, 50.5, 61.5, 73.0]",0,0,1.5,"[20.0, 31.0, 43.0, 54.0, 65.5, 76.5]","[21.0, 32.5, 44.0, 55.5, 67.0]",1,0,1.3
synthetic_asymmetric_1_4V,G1,1,False,0.0,18E87E7410C126E20F4DA6195267653FB8C77A0CB6DD7E77CCFBC7439986D15A,4.0,asymmetric,1,0.308870676760585,0.24627313894139327,0.09983238626053009,3.093892556615174,161,0.13679399263258482,"[15.0, 26.0, 37.5, 48.5, 60.0, 71.5]","[16.0, 27.5, 39.0, 50.5, 61.5, 73.0]",0,0,1.5,"[20.0, 31.0, 43.0, 54.0, 65.5, 76.5]","[21.0, 32.5, 44.0, 55.5, 66.5]",1,0,1.2
synthetic_asymmetric_1_4V,G1,2,False,0.0,7A1EFD7FD055BCEDBF58AB1D3348E6FB5F06CFB0AAEF07036D1C0649CE0569DF,4.0,asymmetric,1,0.30285522565533035,0.24201626344738417,0.09788808761564251,3.093892556615174,161,0.1235123893274504,"[15.0, 26.0, 37.5, 48.5, 60.0, 71.5]","[16.0, 27.5, 39.0, 50.5, 61.5, 73.0]",0,0,1.5,"[20.0, 31.0, 43.0, 54.0, 65.5, 76.5]","[21.0, 32.5, 44.0, 55.5, 66.5]",1,0,1.2
synthetic_asymmetric_1_4V,C,0,True,0.0001,08630F68D924849CA0FBF333759B7D14D5921664AB3E1D100332E28159C8993D,4.0,asymmetric,1,0.07792908143247777,0.06226745356408532,0.02518803740157509,3.093892556615174,161,0.03832796308754456,"[15.0, 26.0, 37.5, 48.5, 60.0, 71.5]","[15.0, 26.0, 37.5, 49.0, 60.0, 71.5]",0,0,0.08333333333333333,"[20.0, 31.0, 43.0, 54.0, 65.5, 76.5]","[19.5, 31.0, 42.5, 54.0, 65.5, 77.0]",0,0,0.25
synthetic_asymmetric_1_4V,C,1,True,0.0001,D3680E8770E3CBF04C16F16F8EF977585B732D26039F2FCCD829EE78A418C90C,4.0,asymmetric,1,0.07096738959910227,0.0570798400060261,0.022937897260641483,3.093892556615174,161,0.005799456217623999,"[15.0, 26.0, 37.5, 48.5, 60.0, 71.5]","[15.0, 26.0, 37.5, 49.0, 60.0, 71.5]",0,0,0.08333333333333333,"[20.0, 31.0, 43.0, 54.0, 65.5, 76.5]","[19.5, 31.0, 42.5, 54.0, 65.5, 77.0]",0,0,0.25
synthetic_asymmetric_1_4V,C,2,True,0.0001,3F385659255B41F39DD1E90DD406B35E68B668980F73AECF7D163F2ECCF261A3,4.0,asymmetric,1,0.10852811719915431,0.09163510573425689,0.03507817909419836,3.093892556615174,161,0.08141132408112242,"[15.0, 26.0, 37.5, 48.5, 60.0, 71.5]","[14.5, 26.0, 37.5, 49.0, 60.0, 71.5]",0,0,0.16666666666666666,"[20.0, 31.0, 43.0, 54.0, 65.5, 76.5]","[19.5, 31.0, 42.5, 54.0, 65.5, 77.0]",0,0,0.25
synthetic_asymmetric_1_6V,H1,0,False,0.0,0E448963BA37717CFE44F612396447D825BC6F780AD646F575266FDDAC78D284,6.0,asymmetric,1,0.15646451483213064,0.1221584648223712,0.05351618120771481,2.923686094582081,161,-0.02848188799002346,"[15.5, 27.0, 38.0, 49.5, 61.0, 72.5]","[16.0, 27.0, 38.5, 50.0, 61.5, 73.0]",0,0,0.4166666666666667,"[8.0, 20.5, 32.0, 43.5, 55.0, 66.5, 78.0]","[21.0, 32.5, 44.0, 55.5, 67.0]",2,0,0.5
synthetic_asymmetric_1_6V,H1,1,False,0.0,47AB844C034D6A4A29C75D3B56E8CB1D427C301C4B58941EBC8AEBF979339784,6.0,asymmetric,1,0.15636860961634194,0.12206183603424949,0.05348337836476719,2.923686094582081,161,-0.029433349107018697,"[15.5, 27.0, 38.0, 49.5, 61.0, 72.5]","[16.0, 27.0, 38.5, 50.0, 61.5, 73.0]",0,0,0.4166666666666667,"[8.0, 20.5, 32.0, 43.5, 55.0, 66.5, 78.0]","[21.0, 32.5, 44.0, 55.5, 67.0]",2,0,0.5
synthetic_asymmetric_1_6V,H1,2,False,0.0,A102966E03391644DA7B8919ED9BB32180F450A4B531C561D29220FB7A8C5D2E,6.0,asymmetric,1,0.15645947746128216,0.12220759553997092,0.0535144582556996,2.923686094582081,161,-0.029190047648457507,"[15.5, 27.0, 38.0, 49.5, 61.0, 72.5]","[16.0, 27.0, 38.5, 50.0, 61.5, 73.0]",0,0,0.4166666666666667,"[8.0, 20.5, 32.0, 43.5, 55.0, 66.5, 78.0]","[21.0, 32.5, 44.0, 55.5, 67.0]",2,0,0.5
synthetic_asymmetric_1_6V,G1,0,False,0.0,CCA877CA1135241D514CCBB9DC2F283CC4117953E5B9C434D5BB9C1D0CBF7DBF,6.0,asymmetric,1,0.16774790739297932,0.129768889910134,0.05737548490716396,2.923686094582081,161,0.04039668553750897,"[15.5, 27.0, 38.0, 49.5, 61.0, 72.5]","[16.0, 27.0, 38.5, 50.0, 61.5, 73.0]",0,0,0.4166666666666667,"[8.0, 20.5, 32.0, 43.5, 55.0, 66.5, 78.0]","[21.0, 32.5, 44.0, 55.5, 67.0]",2,0,0.5
synthetic_asymmetric_1_6V,G1,1,False,0.0,4D785FDCCD40FBF4E1319D66617132BCC2F99F97F27D3803E4CCE44EAC45DB97,6.0,asymmetric,1,0.16721647595449482,0.12944909503118807,0.05719371729556253,2.923686094582081,161,0.04000317151109509,"[15.5, 27.0, 38.0, 49.5, 61.0, 72.5]","[16.0, 27.0, 38.5, 50.0, 61.5, 73.0]",0,0,0.4166666666666667,"[8.0, 20.5, 32.0, 43.5, 55.0, 66.5, 78.0]","[21.0, 32.5, 44.0, 55.5, 67.0]",2,0,0.5
synthetic_asymmetric_1_6V,G1,2,False,0.0,7E865E6DCE5DE1EBBBDC36DE2603BDB32C64A0A6113F3E266121805E39897182,6.0,asymmetric,1,0.16514128229317507,0.1277167856634458,0.05648393054206484,2.923686094582081,161,0.021076305873867093,"[15.5, 27.0, 38.0, 49.5, 61.0, 72.5]","[16.0, 27.0, 38.5, 50.0, 61.5, 73.0]",0,0,0.4166666666666667,"[8.0, 20.5, 32.0, 43.5, 55.0, 66.5, 78.0]","[21.0, 32.5, 44.0, 55.5, 67.0]",2,0,0.5
synthetic_asymmetric_1_6V,C,0,True,0.0001,E564E2F66CA386375A74E23F912260DE7E35EF1B5B8241988D739E4C55582F84,6.0,asymmetric,1,0.0815997051104805,0.06727955073852887,0.027909872151355073,2.923686094582081,161,0.009069919082886778,"[15.5, 27.0, 38.0, 49.5, 61.0, 72.5]","[4.5, 15.5, 26.5, 38.0, 50.0, 61.0, 72.5]",0,1,0.16666666666666666,"[8.0, 20.5, 32.0, 43.5, 55.0, 66.5, 78.0]","[9.0, 20.5, 32.0, 43.5, 55.0, 66.5, 78.0]",0,0,0.14285714285714285
synthetic_asymmetric_1_6V,C,1,True,0.0001,5F0D6CBC0552E5307391DD8E82FD25E798A621654E90360DA2910C329433E4C3,6.0,asymmetric,1,0.08461811089063069,0.06979313498605108,0.028942269502679363,2.923686094582081,161,-0.010019064091857412,"[15.5, 27.0, 38.0, 49.5, 61.0, 72.5]","[4.5, 15.5, 27.0, 38.5, 49.5, 61.0, 72.5]",0,1,0.08333333333333333,"[8.0, 20.5, 32.0, 43.5, 55.0, 66.5, 78.0]","[9.0, 20.5, 32.0, 43.5, 55.0, 66.5, 78.0]",0,0,0.14285714285714285
synthetic_asymmetric_1_6V,C,2,True,0.0001,8D52BCA4229B3CB7460F3656159043362FB5E27B254CCB6434F30349D04F95EA,6.0,asymmetric,1,0.08159889965020656,0.06727874308457019,0.027909596656569422,2.923686094582081,161,0.009044499256545211,"[15.5, 27.0, 38.0, 49.5, 61.0, 72.5]","[4.5, 15.5, 26.5, 38.0, 50.0, 61.0, 72.5]",0,1,0.16666666666666666,"[8.0, 20.5, 32.0, 43.5, 55.0, 66.5, 78.0]","[9.0, 20.5, 32.0, 43.5, 55.0, 66.5, 78.0]",0,0,0.14285714285714285
synthetic_asymmetric_1_8V,H1,0,False,0.0,D2302965681858E5286F59F3A73DC94D06ABE26852D5F2E8B53799AED9C798C6,8.0,asymmetric,1,0.41277831854749514,0.3324285889479905,0.15931939028268705,2.590885628014803,161,0.02826768179060393,"[16.0, 27.5, 39.0, 50.5, 62.0, 73.5]","[15.5, 26.5, 37.5, 49.0, 60.5, 72.0]",0,0,1.25,"[10.5, 21.0, 33.0, 44.5, 56.0, 67.5]","[20.0, 31.5, 43.0, 54.5, 66.0, 77.5]",6,6,
synthetic_asymmetric_1_8V,H1,1,False,0.0,A262D5A003CF6A80D814D7FEF014A69CB54FCD979978F651B7457070C9CF1E32,8.0,asymmetric,1,0.4128817063516574,0.33245197593402864,0.15935929470882007,2.590885628014803,161,0.028732788338986355,"[16.0, 27.5, 39.0, 50.5, 62.0, 73.5]","[15.5, 26.5, 37.5, 49.0, 60.5, 72.0]",0,0,1.25,"[10.5, 21.0, 33.0, 44.5, 56.0, 67.5]","[20.0, 31.5, 43.0, 54.5, 66.0, 77.5]",6,6,
synthetic_asymmetric_1_8V,H1,2,False,0.0,71FB95E9AE5A57739089D2A51BC901FB51B72334867422963865344B04EB58D8,8.0,asymmetric,1,0.4127578900956837,0.33241508182606133,0.15931150554567258,2.590885628014803,161,0.028278391683550588,"[16.0, 27.5, 39.0, 50.5, 62.0, 73.5]","[15.5, 26.5, 37.5, 49.0, 60.5, 72.0]",0,0,1.25,"[10.5, 21.0, 33.0, 44.5, 56.0, 67.5]","[20.0, 31.5, 43.0, 54.5, 66.0, 77.5]",6,6,
synthetic_asymmetric_1_8V,G1,0,False,0.0,F6AF5C37F5A8507DBABA207E7DA4E0BED5AE940CB59899C08E26A42846E6914B,8.0,asymmetric,1,0.4703022601493234,0.3427369392598746,0.1815218144189869,2.590885628014803,161,-0.2101082389638379,"[16.0, 27.5, 39.0, 50.5, 62.0, 73.5]","[15.5, 26.5, 37.5, 49.0, 60.5, 72.0]",0,0,1.25,"[10.5, 21.0, 33.0, 44.5, 56.0, 67.5]","[20.5, 32.0, 43.0, 54.5, 66.0, 77.5]",6,6,
synthetic_asymmetric_1_8V,G1,1,False,0.0,08F7E88A921016F11763EB9D63B201123B8B7C037054C7D8E808269CEF975F28,8.0,asymmetric,1,0.4712829373956347,0.3431153442131831,0.18190032485407034,2.590885628014803,161,-0.2107299139541831,"[16.0, 27.5, 39.0, 50.5, 62.0, 73.5]","[15.5, 26.5, 37.5, 49.0, 60.5, 72.0]",0,0,1.25,"[10.5, 21.0, 33.0, 44.5, 56.0, 67.5]","[20.5, 32.0, 43.0, 54.5, 66.0, 77.5]",6,6,
synthetic_asymmetric_1_8V,G1,2,False,0.0,45F6E326ADB705E82C8658284FAD65610F402F581E77200B74A71F16F926A9FE,8.0,asymmetric,1,0.46742971885844714,0.34142129301188345,0.18041310423131365,2.590885628014803,161,-0.20232803017109555,"[16.0, 27.5, 39.0, 50.5, 62.0, 73.5]","[15.5, 26.5, 37.5, 49.0, 60.5, 72.0]",0,0,1.25,"[10.5, 21.0, 33.0, 44.5, 56.0, 67.5]","[20.5, 32.0, 43.0, 54.5, 66.0, 77.5]",6,6,
synthetic_asymmetric_1_8V,C,0,True,0.0001,D1266E7508E821ADF135ED31BF268EFB6574CD525154A200918B7BADDE67A18D,8.0,asymmetric,1,0.13688977679164793,0.10386570893840644,0.052835129158725576,2.590885628014803,161,0.03997212806197831,"[16.0, 27.5, 39.0, 50.5, 62.0, 73.5]","[5.5, 16.5, 27.5, 39.0, 50.5, 62.0, 73.5]",0,1,0.08333333333333333,"[10.5, 21.0, 33.0, 44.5, 56.0, 67.5]","[10.0, 21.5, 33.0, 44.5, 56.0, 67.5]",0,0,0.16666666666666666
synthetic_asymmetric_1_8V,C,1,True,0.0001,B4D0E22BB69CA28EF0CCFAED5FCB311A16E78E74EA0733BC50DDD3F8746548A3,8.0,asymmetric,1,0.13719131393882714,0.10366932092235015,0.052951512971240774,2.590885628014803,161,0.043756894623614095,"[16.0, 27.5, 39.0, 50.5, 62.0, 73.5]","[5.5, 16.5, 27.5, 39.0, 50.5, 62.0, 73.5]",0,1,0.08333333333333333,"[10.5, 21.0, 33.0, 44.5, 56.0, 67.5]","[10.0, 22.0, 33.0, 44.5, 56.0, 67.5]",0,0,0.25
synthetic_asymmetric_1_8V,C,2,True,0.0001,1DC7AD76B1D35D3760DE020EFE5D9AA1EA2BCB8CF9A2F97916DB2435F727FBB6,8.0,asymmetric,1,0.1374267896855531,0.10222437800145642,0.053042399170222236,2.590885628014803,161,0.03898807417500367,"[16.0, 27.5, 39.0, 50.5, 62.0, 73.5]","[16.5, 27.5, 39.0, 50.5, 62.0, 73.5]",0,0,0.08333333333333333,"[10.5, 21.0, 33.0, 44.5, 56.0, 67.5]","[21.5, 33.0, 44.5, 56.0, 67.5]",1,0,0.1
synthetic_asymmetric_2_0V,H1,0,False,0.0,590EC9196A41D6DA81A4A56949A92860FEF49CBAEBC4C5885CE0E26C9D596E63,0.0,asymmetric,2,0.4572183294875883,0.3526150258480117,0.114660801522758,3.98757311492227,161,-0.16124965861295365,"[13.5, 24.5, 36.0, 46.5, 58.5, 69.5]","[16.0, 27.5, 39.0, 50.0, 61.5, 73.0]",2,2,2.875,"[18.0, 29.0, 41.0, 52.0, 63.0, 75.0]","[20.5, 32.0, 43.5, 55.0, 66.5]",2,1,2.75
synthetic_asymmetric_2_0V,H1,1,False,0.0,4D564691BB0F6B30286BFB0C47092ECC0DC0280066A6CA639DF1FF9B1B9F11D6,0.0,asymmetric,2,0.4562554731288699,0.35233236915501226,0.11441933727095151,3.98757311492227,161,-0.15902387374020233,"[13.5, 24.5, 36.0, 46.5, 58.5, 69.5]","[16.0, 27.5, 39.0, 50.0, 61.5, 73.0]",2,2,2.875,"[18.0, 29.0, 41.0, 52.0, 63.0, 75.0]","[20.5, 32.0, 43.5, 55.0, 66.5]",2,1,2.75
synthetic_asymmetric_2_0V,H1,2,False,0.0,C70FBA4CCA5D95463BA473D217DB40F3A54F25F8AA47DD30502A89D423A0B6D0,0.0,asymmetric,2,0.45633288786751225,0.35235622826899615,0.1144387512694943,3.98757311492227,161,-0.15920268708624952,"[13.5, 24.5, 36.0, 46.5, 58.5, 69.5]","[16.0, 27.5, 39.0, 50.0, 61.5, 73.0]",2,2,2.875,"[18.0, 29.0, 41.0, 52.0, 63.0, 75.0]","[20.5, 32.0, 43.5, 55.0, 66.5]",2,1,2.75
synthetic_asymmetric_2_0V,G1,0,False,0.0,2E7CD856414DFAF655B561B4947338A6F587C120D033883C69BF9ECB60508111,0.0,asymmetric,2,0.4018487423007295,0.33593088961599793,0.10077526623823742,3.98757311492227,161,-0.03157914183356384,"[13.5, 24.5, 36.0, 46.5, 58.5, 69.5]","[16.0, 27.5, 39.0, 50.0, 61.5, 73.0]",2,2,2.875,"[18.0, 29.0, 41.0, 52.0, 63.0, 75.0]","[20.5, 32.0, 43.5, 55.0, 66.5]",2,1,2.75
synthetic_asymmetric_2_0V,G1,1,False,0.0,7C394517E660203278FC13A70AEC5DB59E3EF12DE32A367C6C5BEB5EC5292375,0.0,asymmetric,2,0.40182820385130963,0.33582202860602606,0.10077011562436078,3.98757311492227,161,-0.03180327582004781,"[13.5, 24.5, 36.0, 46.5, 58.5, 69.5]","[16.0, 27.5, 39.0, 50.0, 61.5, 73.0]",2,2,2.875,"[18.0, 29.0, 41.0, 52.0, 63.0, 75.0]","[20.5, 32.0, 43.5, 55.0, 66.5]",2,1,2.75
synthetic_asymmetric_2_0V,G1,2,False,0.0,C666DA5FA2BCABF83C669938983286421C91C610EF0D9EAA4D274BA035679BAF,0.0,asymmetric,2,0.4014466202107604,0.3358302316143364,0.10067442242211672,3.98757311492227,161,-0.026997890928678825,"[13.5, 24.5, 36.0, 46.5, 58.5, 69.5]","[16.0, 27.5, 39.0, 50.0, 61.5, 73.0]",2,2,2.875,"[18.0, 29.0, 41.0, 52.0, 63.0, 75.0]","[20.5, 32.0, 43.5, 55.0, 66.5]",2,1,2.75
synthetic_asymmetric_2_0V,C,0,True,0.0001,EB0782FBE39F3C9705A899631CC7BA56CCBAEFC99FF2F9FB97C602F14755D0F6,0.0,asymmetric,2,0.07647753652856706,0.06507213666216187,0.01917896783945436,3.98757311492227,161,-0.008065361311862487,"[13.5, 24.5, 36.0, 46.5, 58.5, 69.5]","[13.0, 24.5, 36.0, 47.5, 58.5, 70.0]",0,0,0.3333333333333333,"[18.0, 29.0, 41.0, 52.0, 63.0, 75.0]","[17.5, 29.0, 41.0, 52.0, 63.5, 75.0]",0,0,0.16666666666666666
synthetic_asymmetric_2_0V,C,1,True,0.0001,627D0C055DF60CEFED4BD6998A2516A566642999270F37D2E7BA6599E3B65031,0.0,asymmetric,2,0.0770045858886137,0.06370091602843525,0.019311140804026298,3.98757311492227,161,0.021168359547737155,"[13.5, 24.5, 36.0, 46.5, 58.5, 69.5]","[13.0, 24.5, 36.0, 47.5, 58.5, 70.0]",0,0,0.3333333333333333,"[18.0, 29.0, 41.0, 52.0, 63.0, 75.0]","[17.5, 29.0, 41.0, 52.0, 63.5, 75.0]",0,0,0.16666666666666666
synthetic_asymmetric_2_0V,C,2,True,0.0001,99F68DACB0C5694B624B1333596A52C3B6EC79AD1206BC292DA4BAB0731FB0AE,0.0,asymmetric,2,0.07702941541571949,0.06549692000679476,0.019317367530506342,3.98757311492227,161,0.0039290804595173935,"[13.5, 24.5, 36.0, 46.5, 58.5, 69.5]","[13.0, 24.5, 36.0, 47.5, 58.5, 70.0]",0,0,0.3333333333333333,"[18.0, 29.0, 41.0, 52.0, 63.0, 75.0]","[17.5, 29.0, 41.0, 52.0, 63.5, 75.0]",0,0,0.16666666666666666
synthetic_asymmetric_2_4V,H1,0,False,0.0,BFB4CFB1A96C2803B35560A14F0FE8319E54DDB21639C35E4C382F0F5B95B9DF,4.0,asymmetric,2,0.2729968347128085,0.22631055415304044,0.08986889472844264,3.0377232916653156,161,0.035770155871768544,"[15.0, 26.0, 37.5, 48.5, 60.5, 71.5]","[16.0, 27.5, 39.0, 50.0, 61.5, 73.0]",0,0,1.3333333333333333,"[19.5, 31.5, 43.0, 54.0, 65.5, 76.5]","[21.0, 32.5, 44.0, 55.5, 67.0]",1,0,1.3
synthetic_asymmetric_2_4V,H1,1,False,0.0,DE81FD2F6859C3998CC93EBB90FF352CEA622E3ADEDB0471AD6BC5B033D584F3,4.0,asymmetric,2,0.27275977861128375,0.22612187713320014,0.0897908573041074,3.0377232916653156,161,0.03451021218370408,"[15.0, 26.0, 37.5, 48.5, 60.5, 71.5]","[16.0, 27.5, 39.0, 50.0, 61.5, 73.0]",0,0,1.3333333333333333,"[19.5, 31.5, 43.0, 54.0, 65.5, 76.5]","[21.0, 32.5, 44.0, 55.5, 67.0]",1,0,1.3
synthetic_asymmetric_2_4V,H1,2,False,0.0,27AAFD4E7DBAE53F5FF8DB2FFA7BE1AE9C8295D4A74F03737640FBDACB8DCBAE,4.0,asymmetric,2,0.27297944230193355,0.22629555645821053,0.08986316925274751,3.0377232916653156,161,0.035570861831972986,"[15.0, 26.0, 37.5, 48.5, 60.5, 71.5]","[16.0, 27.5, 39.0, 50.0, 61.5, 73.0]",0,0,1.3333333333333333,"[19.5, 31.5, 43.0, 54.0, 65.5, 76.5]","[21.0, 32.5, 44.0, 55.5, 67.0]",1,0,1.3
synthetic_asymmetric_2_4V,G1,0,False,0.0,577A20EB5C94433DF5E74A9C21D37C291FE37AF0AA51C1343CBB65E09782AAF8,4.0,asymmetric,2,0.3147616918389979,0.2451476156432869,0.10361763123804532,3.0377232916653156,161,0.11754560049492842,"[15.0, 26.0, 37.5, 48.5, 60.5, 71.5]","[16.0, 27.5, 39.0, 50.5, 62.0, 73.0]",0,0,1.5,"[19.5, 31.5, 43.0, 54.0, 65.5, 76.5]","[21.0, 32.5, 44.0, 55.5, 67.0]",1,0,1.3
synthetic_asymmetric_2_4V,G1,1,False,0.0,7E2FEB883BD19A142C4FC4CFB35EEEA8A3DF0B67F5B1A671C71AA695C5444CA0,4.0,asymmetric,2,0.3150426991035751,0.24540434717455406,0.10371013711748082,3.0377232916653156,161,0.11859631849184128,"[15.0, 26.0, 37.5, 48.5, 60.5, 71.5]","[16.0, 27.5, 39.0, 50.5, 62.0, 73.0]",0,0,1.5,"[19.5, 31.5, 43.0, 54.0, 65.5, 76.5]","[21.0, 32.5, 44.0, 55.5, 67.0]",1,0,1.3
synthetic_asymmetric_2_4V,G1,2,False,0.0,ED77C9B2713839FFBDD0665CF5F225F4498AC3B7EC54E44A369049E356F60646,4.0,asymmetric,2,0.3150265463441008,0.24536284260055916,0.10370481972747411,3.0377232916653156,161,0.11861881410677759,"[15.0, 26.0, 37.5, 48.5, 60.5, 71.5]","[16.0, 27.5, 39.0, 50.5, 62.0, 73.0]",0,0,1.5,"[19.5, 31.5, 43.0, 54.0, 65.5, 76.5]","[21.0, 32.5, 44.0, 55.5, 67.0]",1,0,1.3
synthetic_asymmetric_2_4V,C,0,True,0.0001,D5F1CF78A8BEBA4693A34FD37DBE8272DA61D113034934A565E244E294426164,4.0,asymmetric,2,0.08187544320889975,0.06795191713107622,0.02695289707049475,3.0377232916653156,161,0.012665504584564651,"[15.0, 26.0, 37.5, 48.5, 60.5, 71.5]","[14.5, 26.0, 37.5, 49.0, 60.0, 71.5]",0,0,0.25,"[19.5, 31.5, 43.0, 54.0, 65.5, 76.5]","[19.5, 31.0, 43.0, 54.0, 65.5, 77.0]",0,0,0.16666666666666666
synthetic_asymmetric_2_4V,C,1,True,0.0001,0D4356FFA929A26D04267A78BE391E93D0B7049E271FBFC46F13D3666935A13F,4.0,asymmetric,2,0.08520298970879123,0.07066183981909156,0.028048305104867517,3.0377232916653156,161,-0.006406376858037832,"[15.0, 26.0, 37.5, 48.5, 60.5, 71.5]","[14.5, 26.0, 37.5, 49.0, 60.0, 71.5]",0,0,0.25,"[19.5, 31.5, 43.0, 54.0, 65.5, 76.5]","[19.5, 31.0, 42.5, 54.0, 65.5, 77.0]",0,0,0.25
synthetic_asymmetric_2_4V,C,2,True,0.0001,59B7FFA69D02D1FAD263B891F3894867E9041C3825D99801B27152AE6F632683,4.0,asymmetric,2,0.08218513186212757,0.06819989661578141,0.02705484468832996,3.0377232916653156,161,0.013380915074598673,"[15.0, 26.0, 37.5, 48.5, 60.5, 71.5]","[14.5, 26.0, 37.5, 49.0, 60.0, 71.5]",0,0,0.25,"[19.5, 31.5, 43.0, 54.0, 65.5, 76.5]","[19.5, 31.0, 43.0, 54.0, 65.5, 77.0]",0,0,0.16666666666666666
synthetic_asymmetric_2_6V,H1,0,False,0.0,D4CD865C2C359F3AB40A492C6E5C149F77F882C8C18EA0EEC8B2C9DE73A24A3B,6.0,asymmetric,2,0.14863170578446483,0.12082789088877037,0.05074559796694174,2.9289576187729836,161,0.00361219803053131,"[4.0, 15.5, 26.5, 38.0, 50.0, 61.0, 72.5]","[16.0, 27.0, 38.5, 50.0, 61.5, 73.0]",1,0,0.4166666666666667,"[8.5, 20.5, 32.0, 43.5, 55.0, 66.5, 78.0]","[21.0, 32.5, 44.0, 55.5, 67.0]",2,0,0.5
synthetic_asymmetric_2_6V,H1,1,False,0.0,48312F58766EA0ABA7F45B75CA5A74CBA2F3DD661CE3C41000A6660FEB722F3B,6.0,asymmetric,2,0.14857695190630155,0.12089605324977742,0.05072690398591165,2.9289576187729836,161,0.0045861003943321495,"[4.0, 15.5, 26.5, 38.0, 50.0, 61.0, 72.5]","[16.0, 27.0, 38.5, 50.0, 61.5, 73.0]",1,0,0.4166666666666667,"[8.5, 20.5, 32.0, 43.5, 55.0, 66.5, 78.0]","[21.0, 32.5, 44.0, 55.5, 67.0]",2,0,0.5
synthetic_asymmetric_2_6V,H1,2,False,0.0,347C8F82C58361CECC814ED287F5DF86EDE1BB8BE0EAE80A019C80557877A334,6.0,asymmetric,2,0.14857941923146922,0.12103631762497316,0.05072774637610257,2.9289576187729836,161,0.005545051899891358,"[4.0, 15.5, 26.5, 38.0, 50.0, 61.0, 72.5]","[16.0, 27.0, 38.5, 50.0, 61.5, 73.0]",1,0,0.4166666666666667,"[8.5, 20.5, 32.0, 43.5, 55.0, 66.5, 78.0]","[21.0, 32.5, 44.0, 55.5, 67.0]",2,0,0.5
synthetic_asymmetric_2_6V,G1,0,False,0.0,1211C6391F136F4232194FC0E2C03390DA93372FB1CF2E81EFB034FB008B70AC,6.0,asymmetric,2,0.1623416598179651,0.1355650303066979,0.05542642842540489,2.9289576187729836,161,0.07398351493693027,"[4.0, 15.5, 26.5, 38.0, 50.0, 61.0, 72.5]","[16.0, 27.5, 38.5, 50.0, 61.5, 73.0]",1,0,0.5,"[8.5, 20.5, 32.0, 43.5, 55.0, 66.5, 78.0]","[21.0, 32.5, 44.0, 55.5, 67.0]",2,0,0.5
synthetic_asymmetric_2_6V,G1,1,False,0.0,579A07841C7FC1A804AD3918231FFC538A5532CB072735D5CF4F29FB4ADF2E8C,6.0,asymmetric,2,0.16694047260614864,0.1388496099273309,0.05699654769196843,2.9289576187729836,161,0.08085058375790906,"[4.0, 15.5, 26.5, 38.0, 50.0, 61.0, 72.5]","[16.0, 27.5, 38.5, 50.0, 61.5, 73.0]",1,0,0.5,"[8.5, 20.5, 32.0, 43.5, 55.0, 66.5, 78.0]","[21.0, 32.5, 44.0, 55.5, 67.0]",2,0,0.5
synthetic_asymmetric_2_6V,G1,2,False,0.0,C9B327F3DB2B330A73303EDE4BCF8723ACA74F73E51E56CEDFAEB96C06D571BD,6.0,asymmetric,2,0.1620025349836192,0.13517367613586823,0.055310644969825906,2.9289576187729836,161,0.07313275226317376,"[4.0, 15.5, 26.5, 38.0, 50.0, 61.0, 72.5]","[16.0, 27.5, 38.5, 50.0, 61.5, 73.0]",1,0,0.5,"[8.5, 20.5, 32.0, 43.5, 55.0, 66.5, 78.0]","[21.0, 32.5, 44.0, 55.5, 67.0]",2,0,0.5
synthetic_asymmetric_2_6V,C,0,True,0.0001,2BDA00D558BCD3C399A999734869C9EC23771FAF9EF9D9DBD6212BAA1B534983,6.0,asymmetric,2,0.09533970120264833,0.07683022162044419,0.032550727464123776,2.9289576187729836,161,-0.00047289717543384454,"[4.0, 15.5, 26.5, 38.0, 50.0, 61.0, 72.5]","[15.5, 27.0, 38.0, 49.5, 61.0, 72.5]",1,0,0.16666666666666666,"[8.5, 20.5, 32.0, 43.5, 55.0, 66.5, 78.0]","[20.5, 32.0, 44.0, 55.0, 66.5, 78.0]",1,0,0.08333333333333333
synthetic_asymmetric_2_6V,C,1,True,0.0001,2643ED6A55AE7ED035FB02756BAB61655FA02F516B7448226BD66E32BCC2FF31,6.0,asymmetric,2,0.09883952848992063,0.08072378518517064,0.03374563286829909,2.9289576187729836,161,-0.004088608570005365,"[4.0, 15.5, 26.5, 38.0, 50.0, 61.0, 72.5]","[15.5, 27.0, 38.0, 49.5, 61.0, 72.5]",1,0,0.16666666666666666,"[8.5, 20.5, 32.0, 43.5, 55.0, 66.5, 78.0]","[20.5, 32.0, 43.5, 55.0, 66.5, 77.5]",1,0,0.08333333333333333
synthetic_asymmetric_2_6V,C,2,True,0.0001,A4CF8C632EB013E7440BC0048E722F3BEE04BA2F0AA7BE2F5D2BF72307B1F0BB,6.0,asymmetric,2,0.09533990713589863,0.07683022957105992,0.03255079777352292,2.9289576187729836,161,-0.00047359495031407817,"[4.0, 15.5, 26.5, 38.0, 50.0, 61.0, 72.5]","[15.5, 27.0, 38.0, 49.5, 61.0, 72.5]",1,0,0.16666666666666666,"[8.5, 20.5, 32.0, 43.5, 55.0, 66.5, 78.0]","[20.5, 32.0, 44.0, 55.0, 66.5, 78.0]",1,0,0.08333333333333333
synthetic_asymmetric_2_8V,H1,0,False,0.0,F9372D8E5508DF7E1A0868A2979E8D733BD2DEAE17CDA987F333F2EB05381508,8.0,asymmetric,2,0.43045039660428847,0.3336153333726365,0.1727220719268939,2.492156282067299,161,0.09815465521059394,"[16.0, 27.5, 39.0, 50.5, 62.0, 73.0]","[15.5, 26.0, 37.5, 49.0, 60.5, 72.0]",0,0,1.25,"[9.0, 21.5, 33.5, 45.0, 56.0, 67.5]","[20.0, 31.5, 43.0, 54.5, 66.0, 77.5]",6,6,
synthetic_asymmetric_2_8V,H1,1,False,0.0,88E1B0822073BE186F0CA3C6B4635D6F3C9F4332755F5C4D2B06ED9FB572018D,8.0,asymmetric,2,0.42838083529314336,0.3324012272639923,0.1718916419390007,2.492156282067299,161,0.09359824496576571,"[16.0, 27.5, 39.0, 50.5, 62.0, 73.0]","[15.5, 26.0, 37.5, 49.0, 60.5, 72.0]",0,0,1.25,"[9.0, 21.5, 33.5, 45.0, 56.0, 67.5]","[20.0, 31.5, 43.0, 54.5, 66.0, 77.5]",6,6,
synthetic_asymmetric_2_8V,H1,2,False,0.0,65C7C622B9491364AE357E8957E7E1A14384F2215DD6E0EDF362B16E77D074CB,8.0,asymmetric,2,0.4303430298245256,0.3335982541228394,0.17267899004614048,2.492156282067299,161,0.09794117525576046,"[16.0, 27.5, 39.0, 50.5, 62.0, 73.0]","[15.5, 26.0, 37.5, 49.0, 60.5, 72.0]",0,0,1.25,"[9.0, 21.5, 33.5, 45.0, 56.0, 67.5]","[20.0, 31.5, 43.0, 54.5, 66.0, 77.5]",6,6,
synthetic_asymmetric_2_8V,G1,0,False,0.0,1EEA0A466D7C13D8546CD1E95C0646EC8A4EE84C89BE62EF7E9D92389A8329C3,8.0,asymmetric,2,0.40633365040408415,0.31263501759657997,0.1630450117947745,2.492156282067299,161,-0.10818912563526856,"[16.0, 27.5, 39.0, 50.5, 62.0, 73.0]","[15.5, 26.0, 37.5, 49.0, 60.5, 72.0]",0,0,1.25,"[9.0, 21.5, 33.5, 45.0, 56.0, 67.5]","[20.5, 31.5, 43.0, 54.5, 66.0, 77.5]",6,6,
synthetic_asymmetric_2_8V,G1,1,False,0.0,6898DBBEA71ECC17911F6A96433EEC852438817A2E0630781EDFDE913EE50AFB,8.0,asymmetric,2,0.4067339675670743,0.31259631227206114,0.1632056426371782,2.492156282067299,161,-0.1100112344980129,"[16.0, 27.5, 39.0, 50.5, 62.0, 73.0]","[15.5, 26.0, 37.5, 49.0, 60.5, 72.0]",0,0,1.25,"[9.0, 21.5, 33.5, 45.0, 56.0, 67.5]","[20.5, 31.5, 43.0, 54.5, 66.0, 77.5]",6,6,
synthetic_asymmetric_2_8V,G1,2,False,0.0,F426F064F2ECEAA0310E96B19A92F878C794468DC4C4C84A327BCB4DD1A46B73,8.0,asymmetric,2,0.4053041499070108,0.3122923679270414,0.16263191551165565,2.492156282067299,161,-0.10560818469902931,"[16.0, 27.5, 39.0, 50.5, 62.0, 73.0]","[15.5, 26.0, 37.5, 49.0, 60.5, 72.0]",0,0,1.25,"[9.0, 21.5, 33.5, 45.0, 56.0, 67.5]","[20.5, 31.5, 43.0, 54.5, 66.0, 77.5]",6,6,
synthetic_asymmetric_2_8V,C,0,True,0.0001,06AE0D78B247BF139C64CA062298566492C098D5F8EC6BD02783323B37D832CF,8.0,asymmetric,2,0.13519847031135113,0.1058008421580697,0.054249595534675295,2.492156282067299,161,0.0683878327147338,"[16.0, 27.5, 39.0, 50.5, 62.0, 73.0]","[16.5, 27.5, 39.0, 50.5, 62.0, 73.0]",0,0,0.08333333333333333,"[9.0, 21.5, 33.5, 45.0, 56.0, 67.5]","[21.5, 33.0, 44.5, 56.0, 67.5]",1,0,0.2
synthetic_asymmetric_2_8V,C,1,True,0.0001,A726D7A6822247CDAB6AA79F32BD6AE4FC1D8A711DE53E4F75545813C606EE91,8.0,asymmetric,2,0.13358560297048352,0.10712311588992172,0.053602418087388685,2.492156282067299,161,0.05133290093397972,"[16.0, 27.5, 39.0, 50.5, 62.0, 73.0]","[5.5, 16.5, 27.5, 39.0, 50.5, 62.0, 73.0]",0,1,0.08333333333333333,"[9.0, 21.5, 33.5, 45.0, 56.0, 67.5]","[10.0, 21.5, 33.0, 44.5, 56.0, 67.5]",0,0,0.3333333333333333
synthetic_asymmetric_2_8V,C,2,True,0.0001,9678427D7330BC25FD9FE06D71C90CAEAA76EA4E3D30DA56A6131D9CEFE43095,8.0,asymmetric,2,0.12870961221652596,0.10329662246295851,0.051645883182638325,2.492156282067299,161,0.04654100096327869,"[16.0, 27.5, 39.0, 50.5, 62.0, 73.0]","[16.5, 27.5, 39.0, 50.5, 62.0, 73.0]",0,0,0.08333333333333333,"[9.0, 21.5, 33.5, 45.0, 56.0, 67.5]","[21.5, 33.0, 44.5, 56.0, 67.5]",1,0,0.2
synthetic_asymmetric_3_0V,H1,0,False,0.0,FA9A31230EC079F6B702CA68ACC36BC1B4BB660FCD6DE2135B322EC90BCA4F25,0.0,asymmetric,3,0.4542758487714043,0.3542353161401024,0.11656746423391061,3.897106724907644,161,-0.16386712779887913,"[13.0, 24.5, 35.5, 47.5, 58.5, 70.0]","[16.0, 27.5, 38.5, 50.0, 61.5, 73.0]",0,0,2.9166666666666665,"[17.5, 28.5, 41.0, 52.0, 63.5, 74.5]","[20.5, 32.5, 43.5, 55.0, 66.5]",2,1,2.875
synthetic_asymmetric_3_0V,H1,1,False,0.0,1DA0C96800DA2762D4CEF91552847562261303C04D9EE5EEFD0CD5487259D741,0.0,asymmetric,3,0.4542818151222249,0.35423680781828143,0.11656899520322753,3.897106724907644,161,-0.16388068644358333,"[13.0, 24.5, 35.5, 47.5, 58.5, 70.0]","[16.0, 27.5, 38.5, 50.0, 61.5, 73.0]",0,0,2.9166666666666665,"[17.5, 28.5, 41.0, 52.0, 63.5, 74.5]","[20.5, 32.5, 43.5, 55.0, 66.5]",2,1,2.875
synthetic_asymmetric_3_0V,H1,2,False,0.0,959F466043A30F9F27EF5DEEA6FD52E43D4F34DF15C236BB635D3BA2AB0D4B54,0.0,asymmetric,3,0.4542788112235337,0.3542365716355413,0.11656822440096234,3.897106724907644,161,-0.16387140368423275,"[13.0, 24.5, 35.5, 47.5, 58.5, 70.0]","[16.0, 27.5, 38.5, 50.0, 61.5, 73.0]",0,0,2.9166666666666665,"[17.5, 28.5, 41.0, 52.0, 63.5, 74.5]","[20.5, 32.5, 43.5, 55.0, 66.5]",2,1,2.875
synthetic_asymmetric_3_0V,G1,0,False,0.0,BB05EF429D098D405EFC01386300865941039828FA17F8BD9D3BFDF685BD4267,0.0,asymmetric,3,0.39548147834401987,0.3306320666936549,0.10148079235715368,3.897106724907644,161,-0.01281499776935661,"[13.0, 24.5, 35.5, 47.5, 58.5, 70.0]","[16.0, 27.5, 38.5, 50.0, 61.5, 73.0]",0,0,2.9166666666666665,"[17.5, 28.5, 41.0, 52.0, 63.5, 74.5]","[20.5, 32.0, 43.5, 55.0, 66.5]",2,1,2.875
synthetic_asymmetric_3_0V,G1,1,False,0.0,54ACBD9CF7B588C4366C32C3246D8F3CC0B53B6B2F71981311958AD9AA935082,0.0,asymmetric,3,0.3954818720106085,0.33063029061371263,0.10148089337224422,3.897106724907644,161,-0.012898999772647713,"[13.0, 24.5, 35.5, 47.5, 58.5, 70.0]","[16.0, 27.5, 38.5, 50.0, 61.5, 73.0]",0,0,2.9166666666666665,"[17.5, 28.5, 41.0, 52.0, 63.5, 74.5]","[20.5, 32.0, 43.5, 55.0, 66.5]",2,1,2.875
synthetic_asymmetric_3_0V,G1,2,False,0.0,6F828A353D310B0AAD5B5ED38438527F264777E73D7BBCC56123440DDAA2AD30,0.0,asymmetric,3,0.3949856739227604,0.3287586434912141,0.10135356863549098,3.897106724907644,161,-0.0021336398641191427,"[13.0, 24.5, 35.5, 47.5, 58.5, 70.0]","[16.0, 27.5, 39.0, 50.0, 61.5, 73.0]",1,1,2.9,"[17.5, 28.5, 41.0, 52.0, 63.5, 74.5]","[20.5, 32.0, 43.5, 55.0, 66.5]",2,1,2.875
synthetic_asymmetric_3_0V,C,0,True,0.0001,25442592153CE1E284F9402E17B2DC9896F699B460078980F3A5DEC9F138B2C7,0.0,asymmetric,3,0.10339179727030177,0.08334413800166633,0.026530399234255514,3.897106724907644,161,0.07766661846339788,"[13.0, 24.5, 35.5, 47.5, 58.5, 70.0]","[13.0, 24.0, 35.5, 47.0, 58.5, 70.0]",0,0,0.16666666666666666,"[17.5, 28.5, 41.0, 52.0, 63.5, 74.5]","[17.5, 29.0, 40.5, 52.0, 63.0, 74.5]",0,0,0.25
synthetic_asymmetric_3_0V,C,1,True,0.0001,615697DFB91A38AD1915EB8A80BE9348B98A0920F57F25A1F70CEFFF4A2B54C4,0.0,asymmetric,3,0.12412224119238922,0.10160221734571055,0.03184984398787045,3.897106724907644,161,0.09558874609948453,"[13.0, 24.5, 35.5, 47.5, 58.5, 70.0]","[13.0, 24.5, 35.5, 47.0, 58.5, 69.5]",0,0,0.16666666666666666,"[17.5, 28.5, 41.0, 52.0, 63.5, 74.5]","[17.0, 29.0, 40.5, 52.0, 63.5, 74.5]",0,0,0.25
synthetic_asymmetric_3_0V,C,2,True,0.0001,1C8FEB46F609296F2A3DBF93F84FA4C7F2F36611D0CD96FCDAD5E0849E591B67,0.0,asymmetric,3,0.10339169304822438,0.08334414285553228,0.026530372490805885,3.897106724907644,161,0.07766704787052636,"[13.0, 24.5, 35.5, 47.5, 58.5, 70.0]","[13.0, 24.0, 35.5, 47.0, 58.5, 70.0]",0,0,0.16666666666666666,"[17.5, 28.5, 41.0, 52.0, 63.5, 74.5]","[17.5, 29.0, 40.5, 52.0, 63.0, 74.5]",0,0,0.25
synthetic_asymmetric_3_4V,H1,0,False,0.0,C8C0AD022031E5E4D887110E163B1D8D1B94C077DB29B65429881EB593DDC42E,4.0,asymmetric,3,0.2708522351578095,0.22834000229355053,0.08839053652610386,3.064267350360751,161,-0.005976239943349477,"[14.5, 26.0, 37.5, 48.5, 60.0, 71.5]","[16.0, 27.5, 39.0, 50.0, 61.5, 73.0]",0,0,1.5,"[19.5, 31.0, 42.5, 54.5, 65.5, 77.0]","[21.0, 32.5, 44.0, 55.5, 66.5]",1,0,1.3
synthetic_asymmetric_3_4V,H1,1,False,0.0,BE2556709BD4B0BE8145F124DAFC1C479CF8377185C8C361BD1EB77447033932,4.0,asymmetric,3,0.28112655836984846,0.23843332821101923,0.09174348260988124,3.064267350360751,161,0.05297312501266005,"[14.5, 26.0, 37.5, 48.5, 60.0, 71.5]","[16.0, 27.5, 39.0, 50.0, 61.5, 73.0]",0,0,1.5,"[19.5, 31.0, 42.5, 54.5, 65.5, 77.0]","[21.0, 32.5, 44.0, 55.5, 66.5]",1,0,1.3
synthetic_asymmetric_3_4V,H1,2,False,0.0,167002D666AB9E3157B61A4FABE4AAC2A7D79082F878CA547CEA1151134421FE,4.0,asymmetric,3,0.2708138337364893,0.2281449485109958,0.08837800451863538,3.064267350360751,161,-0.006972835719923157,"[14.5, 26.0, 37.5, 48.5, 60.0, 71.5]","[16.0, 27.5, 39.0, 50.0, 61.5, 73.0]",0,0,1.5,"[19.5, 31.0, 42.5, 54.5, 65.5, 77.0]","[21.0, 32.5, 44.0, 55.5, 66.5]",1,0,1.3
synthetic_asymmetric_3_4V,G1,0,False,0.0,F752079AA7ACE66DADC97EE639CF43950801F39BE8C8EA4B647166D35BF6F604,4.0,asymmetric,3,0.31324629298035755,0.2516427187445598,0.1022255101022695,3.064267350360751,161,0.11416542700316401,"[14.5, 26.0, 37.5, 48.5, 60.0, 71.5]","[16.0, 27.5, 39.0, 50.5, 62.0, 73.0]",0,0,1.6666666666666667,"[19.5, 31.0, 42.5, 54.5, 65.5, 77.0]","[21.0, 32.5, 44.0, 55.5, 67.0]",1,0,1.4
synthetic_asymmetric_3_4V,G1,1,False,0.0,06BC10DCD1D3C2E8DB6E11D6A10A3F0CC83C363281F04D098B5DA1FF78CCD181,4.0,asymmetric,3,0.3125967166268893,0.25127167172751563,0.1020135258726977,3.064267350360751,161,0.11239976921984762,"[14.5, 26.0, 37.5, 48.5, 60.0, 71.5]","[16.0, 27.5, 39.0, 50.5, 62.0, 73.0]",0,0,1.6666666666666667,"[19.5, 31.0, 42.5, 54.5, 65.5, 77.0]","[21.0, 32.5, 44.0, 55.5, 67.0]",1,0,1.4
synthetic_asymmetric_3_4V,G1,2,False,0.0,C66D74DD409284ECF491313B600AB1888AD98384DF5F1FBC9931130137DA1DA6,4.0,asymmetric,3,0.3108983615187973,0.24999745278970015,0.10145928079095179,3.064267350360751,161,0.10732617229434607,"[14.5, 26.0, 37.5, 48.5, 60.0, 71.5]","[16.0, 27.5, 39.0, 50.5, 62.0, 73.0]",0,0,1.6666666666666667,"[19.5, 31.0, 42.5, 54.5, 65.5, 77.0]","[21.0, 32.5, 44.0, 55.5, 67.0]",1,0,1.4
synthetic_asymmetric_3_4V,C,0,True,0.0001,E14C892D3B1DC3579CB7D5A32BB80DAAD38A3657D1E6B4CA6A5F5C93A8999CCB,4.0,asymmetric,3,0.07087789227792068,0.05511729561340284,0.023130453114535307,3.064267350360751,161,0.03456158091216459,"[14.5, 26.0, 37.5, 48.5, 60.0, 71.5]","[14.5, 26.0, 37.5, 49.0, 60.0, 71.5]",0,0,0.08333333333333333,"[19.5, 31.0, 42.5, 54.5, 65.5, 77.0]","[19.5, 31.0, 42.5, 54.0, 65.5, 77.0]",0,0,0.08333333333333333
synthetic_asymmetric_3_4V,C,1,True,0.0001,94141E7D817FC00EA3E7EC6D239AD3C879FFB53CF79D1725F845DC481B499348,4.0,asymmetric,3,0.0698676878168045,0.05704362301843733,0.022800780685333834,3.064267350360751,161,-0.025551297264540616,"[14.5, 26.0, 37.5, 48.5, 60.0, 71.5]","[15.0, 26.0, 37.5, 49.0, 60.0, 71.5]",0,0,0.16666666666666666,"[19.5, 31.0, 42.5, 54.5, 65.5, 77.0]","[19.5, 31.0, 42.5, 54.0, 65.5, 77.0]",0,0,0.08333333333333333
synthetic_asymmetric_3_4V,C,2,True,0.0001,CC3D365DA58DC2D97DE3E65C7658539C659497F0D96C003236E76E7094346AD6,4.0,asymmetric,3,0.07087803648446543,0.05511746230002359,0.02313050017522821,3.064267350360751,161,0.034561932291500244,"[14.5, 26.0, 37.5, 48.5, 60.0, 71.5]","[14.5, 26.0, 37.5, 49.0, 60.0, 71.5]",0,0,0.08333333333333333,"[19.5, 31.0, 42.5, 54.5, 65.5, 77.0]","[19.5, 31.0, 42.5, 54.0, 65.5, 77.0]",0,0,0.08333333333333333
synthetic_asymmetric_3_6V,H1,0,False,0.0,2380D43FB7600F9D5FA8E0A2CEF57D98381FE273E9AE22C43D12B846E230C78D,6.0,asymmetric,3,0.17149838072352133,0.1363130908388366,0.05866158298320018,2.923521187156439,161,0.04510679908106745,"[4.0, 15.5, 26.5, 38.0, 49.5, 61.0, 72.5]","[16.0, 27.0, 38.5, 50.0, 61.5, 73.0]",1,0,0.5,"[9.0, 20.5, 32.5, 43.5, 55.0, 66.5, 77.5]","[21.0, 32.5, 44.0, 55.5, 67.0]",2,0,0.4
synthetic_asymmetric_3_6V,H1,1,False,0.0,35DFD085FD716236F0D6BBF3D34C1E5FE444891F4A24DC98400F78792242780E,6.0,asymmetric,3,0.17310940779923104,0.13767455944468457,0.05921264007243464,2.923521187156439,161,0.04845728183817908,"[4.0, 15.5, 26.5, 38.0, 49.5, 61.0, 72.5]","[16.0, 27.0, 38.5, 50.0, 61.5, 73.0]",1,0,0.5,"[9.0, 20.5, 32.5, 43.5, 55.0, 66.5, 77.5]","[21.0, 32.5, 44.0, 55.5, 67.0]",2,0,0.4
synthetic_asymmetric_3_6V,H1,2,False,0.0,0E085D349E7976A3DAF6BBE0D05E9A17A1C404AE914A98B8A2CCEAC7813DD987,6.0,asymmetric,3,0.1730886240782245,0.13767201767605117,0.05920553093257349,2.923521187156439,161,0.0482600819158337,"[4.0, 15.5, 26.5, 38.0, 49.5, 61.0, 72.5]","[16.0, 27.0, 38.5, 50.0, 61.5, 73.0]",1,0,0.5,"[9.0, 20.5, 32.5, 43.5, 55.0, 66.5, 77.5]","[21.0, 32.5, 44.0, 55.5, 67.0]",2,0,0.4
synthetic_asymmetric_3_6V,G1,0,False,0.0,196B8FC486EA89130D12228577873E790A6B1ED0F2E25F30068C4DF9772F4D78,6.0,asymmetric,3,0.1636163481359897,0.12610149159227674,0.05596550791380822,2.923521187156439,161,0.03460243905824366,"[4.0, 15.5, 26.5, 38.0, 49.5, 61.0, 72.5]","[16.0, 27.0, 38.5, 50.0, 61.5, 73.0]",1,0,0.5,"[9.0, 20.5, 32.5, 43.5, 55.0, 66.5, 77.5]","[21.0, 32.5, 44.0, 55.5, 67.0]",2,0,0.4
synthetic_asymmetric_3_6V,G1,1,False,0.0,3F3288C051E6EE48D29684B2F28A212D6BC21DC73FEAD7891AD9E7369D481B27,6.0,asymmetric,3,0.16624205052205196,0.13023135263518504,0.0568636380171909,2.923521187156439,161,0.04639023692866526,"[4.0, 15.5, 26.5, 38.0, 49.5, 61.0, 72.5]","[16.0, 27.5, 38.5, 50.0, 61.5, 73.0]",1,0,0.5833333333333334,"[9.0, 20.5, 32.5, 43.5, 55.0, 66.5, 77.5]","[21.0, 32.5, 44.0, 55.5, 67.0]",2,0,0.4
synthetic_asymmetric_3_6V,G1,2,False,0.0,DEC354EAC42CA83318C51D61021FA052756DFE00C76431329AE212F628355A00,6.0,asymmetric,3,0.16365981068249952,0.1261420606679824,0.055980374420232314,2.923521187156439,161,0.03470537841110667,"[4.0, 15.5, 26.5, 38.0, 49.5, 61.0, 72.5]","[16.0, 27.0, 38.5, 50.0, 61.5, 73.0]",1,0,0.5,"[9.0, 20.5, 32.5, 43.5, 55.0, 66.5, 77.5]","[21.0, 32.5, 44.0, 55.5, 67.0]",2,0,0.4
synthetic_asymmetric_3_6V,C,0,True,0.0001,329C651BE2A1977E21CEC3EFEC6AAC2897F677720B31732DBD9644AFF642538D,6.0,asymmetric,3,0.08517140267223142,0.06692730033311567,0.02913315731946972,2.923521187156439,161,0.003898237389476381,"[4.0, 15.5, 26.5, 38.0, 49.5, 61.0, 72.5]","[15.5, 26.5, 38.0, 50.0, 61.0, 72.5]",1,0,0.08333333333333333,"[9.0, 20.5, 32.5, 43.5, 55.0, 66.5, 77.5]","[20.5, 32.0, 43.5, 55.0, 66.5, 78.0]",1,0,0.16666666666666666
synthetic_asymmetric_3_6V,C,1,True,0.0001,BCA6F6B1A3DBC9293C62525A39D9216AD01C822A79F085443E15396F17510BD5,6.0,asymmetric,3,0.09211376023201628,0.06996672649455149,0.03150781346709195,2.923521187156439,161,-0.03355577016932434,"[4.0, 15.5, 26.5, 38.0, 49.5, 61.0, 72.5]","[5.0, 15.5, 27.0, 38.0, 49.5, 61.0, 72.5]",0,0,0.21428571428571427,"[9.0, 20.5, 32.5, 43.5, 55.0, 66.5, 77.5]","[9.5, 20.5, 32.0, 43.5, 55.0, 66.5, 78.0]",0,0,0.21428571428571427
synthetic_asymmetric_3_6V,C,2,True,0.0001,5B2503ECDCCC373C1939F6793581960E9078F366CBBA21E3428C5B8D83E9328F,6.0,asymmetric,3,0.08517132255592542,0.06692724880029638,0.029133129915424782,2.923521187156439,161,0.003898283432996089,"[4.0, 15.5, 26.5, 38.0, 49.5, 61.0, 72.5]","[15.5, 26.5, 38.0, 50.0, 61.0, 72.5]",1,0,0.08333333333333333,"[9.0, 20.5, 32.5, 43.5, 55.0, 66.5, 77.5]","[20.5, 32.0, 43.5, 55.0, 66.5, 78.0]",1,0,0.16666666666666666
synthetic_asymmetric_3_8V,H1,0,False,0.0,FE451C16B5DCB81C69D1CC95C47E0072DD1364A67A56D985B07B9B0864A55E9E,8.0,asymmetric,3,0.4326656389454439,0.3473126280554479,0.16755105847023422,2.582291290163994,161,0.01363685170896782,"[16.5, 27.5, 39.0, 50.5, 62.0, 73.5]","[15.5, 26.0, 37.5, 49.0, 60.5, 72.0]",0,0,1.4166666666666667,"[21.5, 33.0, 45.0, 56.0, 67.5]","[20.0, 31.5, 43.0, 54.5, 66.0, 77.5]",0,1,1.6
synthetic_asymmetric_3_8V,H1,1,False,0.0,A1E08C8065C0993859A5CAD1D82D02AA9FD8F567DEA248397EE64EF7365E92A8,8.0,asymmetric,3,0.4348308643069313,0.3484010639952007,0.1683895484460688,2.582291290163994,161,0.018758509919695094,"[16.5, 27.5, 39.0, 50.5, 62.0, 73.5]","[15.5, 26.0, 37.5, 49.0, 60.5, 72.0]",0,0,1.4166666666666667,"[21.5, 33.0, 45.0, 56.0, 67.5]","[20.0, 31.5, 43.0, 54.5, 66.0, 77.5]",0,1,1.6
synthetic_asymmetric_3_8V,H1,2,False,0.0,A5888E48FD7E33D4D43854AFE23808A31DD7D3B5D593CB01181D504BB83B9886,8.0,asymmetric,3,0.43650620719803196,0.3492437063395085,0.16903832997489246,2.582291290163994,161,0.02249985796114305,"[16.5, 27.5, 39.0, 50.5, 62.0, 73.5]","[15.5, 26.0, 37.5, 49.0, 60.5, 72.0]",0,0,1.4166666666666667,"[21.5, 33.0, 45.0, 56.0, 67.5]","[20.0, 31.5, 43.0, 54.5, 66.0, 77.5]",0,1,1.6
synthetic_asymmetric_3_8V,G1,0,False,0.0,3BAAC7EDF8DE5BCE9B1B84294C10FC726F8D8684C697EF8D03476456A5399CCA,8.0,asymmetric,3,0.46983148028414456,0.34904167207575276,0.1819436413210792,2.582291290163994,161,-0.20695087054418712,"[16.5, 27.5, 39.0, 50.5, 62.0, 73.5]","[15.5, 26.0, 37.5, 49.0, 60.5, 72.0]",0,0,1.4166666666666667,"[21.5, 33.0, 45.0, 56.0, 67.5]","[20.5, 31.5, 43.0, 54.5, 66.0, 77.5]",0,1,1.5
synthetic_asymmetric_3_8V,G1,1,False,0.0,4239822F7F6C70394608980B7A670A98A934814C4EE50F61B926A6EC2438D57C,8.0,asymmetric,3,0.46982163164906987,0.3491780585082433,0.18193982740778747,2.582291290163994,161,-0.20703269749933603,"[16.5, 27.5, 39.0, 50.5, 62.0, 73.5]","[15.5, 26.0, 37.5, 49.0, 60.5, 72.0]",0,0,1.4166666666666667,"[21.5, 33.0, 45.0, 56.0, 67.5]","[20.5, 31.5, 43.0, 54.5, 66.0, 77.5]",0,1,1.5
synthetic_asymmetric_3_8V,G1,2,False,0.0,C4F2DD6BDCAF7A039B0884D8EB7C1102F97E22F7F2DB8A7FD906F3E7E181B752,8.0,asymmetric,3,0.47474932599784136,0.35201672260477246,0.18384809173394664,2.582291290163994,161,-0.21822125069893092,"[16.5, 27.5, 39.0, 50.5, 62.0, 73.5]","[15.5, 26.0, 37.5, 49.0, 60.5, 72.0]",0,0,1.4166666666666667,"[21.5, 33.0, 45.0, 56.0, 67.5]","[20.5, 31.5, 43.0, 54.5, 66.0, 77.5]",0,1,1.5
synthetic_asymmetric_3_8V,C,0,True,0.0001,42D9E206D384F867797E082EA12570124BFD32100BF868CA11D3AC8FD33AA129,8.0,asymmetric,3,0.13676946456628952,0.1110858052573468,0.05296438286697071,2.582291290163994,161,0.045621326626151114,"[16.5, 27.5, 39.0, 50.5, 62.0, 73.5]","[16.5, 27.5, 39.0, 50.5, 62.0, 73.0]",0,0,0.08333333333333333,"[21.5, 33.0, 45.0, 56.0, 67.5]","[21.5, 33.0, 44.5, 56.0, 67.5]",0,0,0.1
synthetic_asymmetric_3_8V,C,1,True,0.0001,AB8B250510010D1BC114D6CC8E6AF7124347F97AB22E6C00F5DC9D723A421240,8.0,asymmetric,3,0.14367322181475228,0.11854726070865933,0.055637883441735196,2.582291290163994,161,0.053382564104340516,"[16.5, 27.5, 39.0, 50.5, 62.0, 73.5]","[6.0, 16.5, 27.5, 39.0, 50.5, 62.0, 73.0]",0,1,0.08333333333333333,"[21.5, 33.0, 45.0, 56.0, 67.5]","[10.5, 21.5, 33.0, 44.5, 56.0, 67.5]",0,1,0.1
synthetic_asymmetric_3_8V,C,2,True,0.0001,A26A38A2699023C457C62D62F4AE8643530871C79F1FE9CD4AFD2008E3369664,8.0,asymmetric,3,0.13531827641670205,0.10912280156341987,0.05240240593000969,2.582291290163994,161,0.04943906047924734,"[16.5, 27.5, 39.0, 50.5, 62.0, 73.5]","[5.5, 16.5, 27.5, 39.0, 50.5, 62.0, 73.0]",0,1,0.08333333333333333,"[21.5, 33.0, 45.0, 56.0, 67.5]","[10.0, 21.5, 33.0, 44.5, 56.0, 67.5]",0,1,0.1
synthetic_asymmetric_4_0V,H1,0,False,0.0,58EB982F77C4882073E4657AA3965A15945C5F011F57A6FBB31E707B35D50AE9,0.0,asymmetric,4,0.4392670246545668,0.3437758317372584,0.1109738300082986,3.9582938123494387,161,-0.1571990637216772,"[13.5, 24.5, 35.5, 47.5, 58.5, 70.0]","[16.0, 27.5, 39.0, 50.0, 61.5, 73.0]",1,1,2.8,"[17.5, 28.5, 40.0, 52.0, 63.5, 75.0]","[20.5, 32.0, 43.5, 55.0, 66.5]",3,2,3.0
synthetic_asymmetric_4_0V,H1,1,False,0.0,42D83826F7356218869346313D2F4FB30779937A86E48B973DD60AD1B0D660BB,0.0,asymmetric,4,0.43933657387166997,0.34380763226683025,0.1109914005122582,3.9582938123494387,161,-0.1573404815942382,"[13.5, 24.5, 35.5, 47.5, 58.5, 70.0]","[16.0, 27.5, 39.0, 50.0, 61.5, 73.0]",1,1,2.8,"[17.5, 28.5, 40.0, 52.0, 63.5, 75.0]","[20.5, 32.0, 43.5, 55.0, 66.5]",3,2,3.0
synthetic_asymmetric_4_0V,H1,2,False,0.0,2D5EDA515D503134620FB26AC6D1B1486DF07122163CCF4F9DAD29FB3D6FF44C,0.0,asymmetric,4,0.4392838249388832,0.3437291275516223,0.1109780743330286,3.9582938123494387,161,-0.1573760364248156,"[13.5, 24.5, 35.5, 47.5, 58.5, 70.0]","[16.0, 27.5, 39.0, 50.0, 61.5, 73.0]",1,1,2.8,"[17.5, 28.5, 40.0, 52.0, 63.5, 75.0]","[20.5, 32.0, 43.5, 55.0, 66.5]",3,2,3.0
synthetic_asymmetric_4_0V,G1,0,False,0.0,0A8185876D0AFEBE77062EBC016BB16A904109EF3CE6BDB13546BA4A70CD9F71,0.0,asymmetric,4,0.3843093060217905,0.3207892556251052,0.09708963615151255,3.9582938123494387,161,-0.04215305004226612,"[13.5, 24.5, 35.5, 47.5, 58.5, 70.0]","[16.5, 27.5, 39.0, 50.0, 61.5, 73.0]",1,1,2.9,"[17.5, 28.5, 40.0, 52.0, 63.5, 75.0]","[20.5, 32.0, 43.5, 55.0, 66.5]",3,2,3.0
synthetic_asymmetric_4_0V,G1,1,False,0.0,9577443333AF65CB4E0A5DA2096F0011957010570BEDA694FDA276B1FCA20427,0.0,asymmetric,4,0.384276447126383,0.32077591940311695,0.09708133487400127,3.9582938123494387,161,-0.041819545319225424,"[13.5, 24.5, 35.5, 47.5, 58.5, 70.0]","[16.5, 27.5, 39.0, 50.0, 61.5, 73.0]",1,1,2.9,"[17.5, 28.5, 40.0, 52.0, 63.5, 75.0]","[20.5, 32.0, 43.5, 55.0, 66.5]",3,2,3.0
synthetic_asymmetric_4_0V,G1,2,False,0.0,BA4412BFF2FF83712FD073B92B409E2D2605A69424ADF2BF82D72D66E7173059,0.0,asymmetric,4,0.3843693971010458,0.32080439201471034,0.0971048172073169,3.9582938123494387,161,-0.042654255103029844,"[13.5, 24.5, 35.5, 47.5, 58.5, 70.0]","[16.5, 27.5, 39.0, 50.0, 61.5, 73.0]",1,1,2.9,"[17.5, 28.5, 40.0, 52.0, 63.5, 75.0]","[20.5, 32.0, 43.5, 55.0, 66.5]",3,2,3.0
synthetic_asymmetric_4_0V,C,0,True,0.0001,7F35FC735BA8F33CC4D2D85EE74C57224F7D7B37A4C861ABD0504B85290F50CF,0.0,asymmetric,4,0.08785191659313846,0.06909567397335377,0.022194389996783512,3.9582938123494387,161,0.024823925001305844,"[13.5, 24.5, 35.5, 47.5, 58.5, 70.0]","[13.0, 24.5, 36.0, 47.0, 58.5, 70.0]",0,0,0.25,"[17.5, 28.5, 40.0, 52.0, 63.5, 75.0]","[17.5, 29.0, 41.0, 52.0, 63.5, 75.0]",0,0,0.25
synthetic_asymmetric_4_0V,C,1,True,0.0001,664565082C7C5607872DF025BFE8C514E1944F32ADA9C236EBAF0FB53F0F5A4F,0.0,asymmetric,4,0.11582135522498692,0.09419398149363893,0.02926042398965865,3.9582938123494387,161,-0.0644079104369817,"[13.5, 24.5, 35.5, 47.5, 58.5, 70.0]","[13.0, 24.5, 36.0, 47.0, 58.5, 70.0]",0,0,0.25,"[17.5, 28.5, 40.0, 52.0, 63.5, 75.0]","[17.5, 29.0, 41.0, 52.0, 63.5, 75.0]",0,0,0.25
synthetic_asymmetric_4_0V,C,2,True,0.0001,D4F5C98683B58D21EDD9FFC63490CF7071320BAD36D1740331B6524F18CFDF97,0.0,asymmetric,4,0.08600122154107885,0.06753081704152826,0.021726841315509362,3.9582938123494387,161,0.019925351232398705,"[13.5, 24.5, 35.5, 47.5, 58.5, 70.0]","[13.0, 24.5, 36.0, 47.0, 58.5, 70.0]",0,0,0.25,"[17.5, 28.5, 40.0, 52.0, 63.5, 75.0]","[17.5, 29.0, 41.0, 52.0, 63.5, 75.0]",0,0,0.25
synthetic_asymmetric_4_4V,H1,0,False,0.0,6DA4B18E8072B490AFE2CE31A2F8935DD09F4BB1B60FF4CA8809D1BAA6D9948E,4.0,asymmetric,4,0.26590150929080997,0.22338096079825012,0.08769168951145298,3.032231569173746,161,0.047861144110390906,"[14.5, 26.0, 37.5, 49.0, 60.0, 71.5]","[16.0, 27.5, 39.0, 50.0, 61.5, 73.0]",0,0,1.4166666666666667,"[19.5, 31.5, 43.0, 54.0, 65.5, 77.0]","[21.0, 32.5, 44.0, 55.5, 67.0]",1,0,1.3
synthetic_asymmetric_4_4V,H1,1,False,0.0,0A2F18576B2265B42C61D6D19E2C2EAD7C52EC1A27DBB57A80B443E6A6E243FF,4.0,asymmetric,4,0.2657715013624169,0.22330748895180433,0.08764881418170746,3.032231569173746,161,0.0473816856503223,"[14.5, 26.0, 37.5, 49.0, 60.0, 71.5]","[16.0, 27.5, 39.0, 50.0, 61.5, 73.0]",0,0,1.4166666666666667,"[19.5, 31.5, 43.0, 54.0, 65.5, 77.0]","[21.0, 32.5, 44.0, 55.5, 67.0]",1,0,1.3
synthetic_asymmetric_4_4V,H1,2,False,0.0,3093B14D05B2B2C394BE3BB7E39DD22E0F3BA31D479A25E6883D636744E2B6B6,4.0,asymmetric,4,0.26590465816658726,0.22338320917533272,0.08769272797955986,3.032231569173746,161,0.04787462149558155,"[14.5, 26.0, 37.5, 49.0, 60.0, 71.5]","[16.0, 27.5, 39.0, 50.0, 61.5, 73.0]",0,0,1.4166666666666667,"[19.5, 31.5, 43.0, 54.0, 65.5, 77.0]","[21.0, 32.5, 44.0, 55.5, 67.0]",1,0,1.3
synthetic_asymmetric_4_4V,G1,0,False,0.0,D2BA4CA82E1957427D5FE7DEE33E73EB3ED29CE19DFA0847834A7260AEF43475,4.0,asymmetric,4,0.306200925533608,0.24366511101572486,0.10098203865644893,3.032231569173746,161,0.12734147012422448,"[14.5, 26.0, 37.5, 49.0, 60.0, 71.5]","[16.5, 27.5, 39.0, 50.5, 61.5, 73.0]",0,0,1.5833333333333333,"[19.5, 31.5, 43.0, 54.0, 65.5, 77.0]","[21.0, 32.5, 44.0, 55.5, 67.0]",1,0,1.3
synthetic_asymmetric_4_4V,G1,1,False,0.0,0FFE5A743BCFEF7FA4205F09A953B2D8DE7312930977780C33E32EAD64907FEC,4.0,asymmetric,4,0.3067522853919963,0.2439218923177198,0.10116387168793423,3.032231569173746,161,0.1287540600824011,"[14.5, 26.0, 37.5, 49.0, 60.0, 71.5]","[16.0, 27.5, 39.0, 50.5, 61.5, 73.0]",0,0,1.5,"[19.5, 31.5, 43.0, 54.0, 65.5, 77.0]","[21.0, 32.5, 44.0, 55.5, 67.0]",1,0,1.3
synthetic_asymmetric_4_4V,G1,2,False,0.0,99ACC73F57AFF503AA145FBC6DE16FA485C5689A1991C29A8AE005054CA194E1,4.0,asymmetric,4,0.3067822706837159,0.24394054618396793,0.10117376054075947,3.032231569173746,161,0.1288325350473221,"[14.5, 26.0, 37.5, 49.0, 60.0, 71.5]","[16.0, 27.5, 39.0, 50.5, 61.5, 73.0]",0,0,1.5,"[19.5, 31.5, 43.0, 54.0, 65.5, 77.0]","[21.0, 32.5, 44.0, 55.5, 67.0]",1,0,1.3
synthetic_asymmetric_4_4V,C,0,True,0.0001,7D58B9703466D110FE609C013EE7500ECB5666D9BAC17D5E671DADE768E1A1B1,4.0,asymmetric,4,0.07064662042869078,0.05703607596053105,0.023298557124362806,3.032231569173746,161,0.033184723218107295,"[14.5, 26.0, 37.5, 49.0, 60.0, 71.5]","[14.5, 26.0, 37.5, 49.0, 60.0, 71.5]",0,0,0.0,"[19.5, 31.5, 43.0, 54.0, 65.5, 77.0]","[19.5, 31.0, 42.5, 54.0, 65.5, 77.0]",0,0,0.16666666666666666
synthetic_asymmetric_4_4V,C,1,True,0.0001,5E2374CBA503AE061D3788BE764128AA0CA9E21C8090E9531452E2DA8D6465BF,4.0,asymmetric,4,0.07073773750942455,0.05468700646913457,0.02332860663695943,3.032231569173746,161,0.003972862001908297,"[14.5, 26.0, 37.5, 49.0, 60.0, 71.5]","[14.5, 26.0, 37.5, 49.0, 60.0, 71.5]",0,0,0.0,"[19.5, 31.5, 43.0, 54.0, 65.5, 77.0]","[19.5, 31.0, 42.5, 54.0, 65.5, 77.0]",0,0,0.16666666666666666
synthetic_asymmetric_4_4V,C,2,True,0.0001,38031DF160BF2FFAC6EB5EBD1A860A928592617DDCC87C6E44A7E7EA7DE1F966,4.0,asymmetric,4,0.07106252529262563,0.05703594521198525,0.023435718437556367,3.032231569173746,161,0.03113853668417299,"[14.5, 26.0, 37.5, 49.0, 60.0, 71.5]","[14.5, 26.0, 37.5, 49.0, 60.0, 71.5]",0,0,0.0,"[19.5, 31.5, 43.0, 54.0, 65.5, 77.0]","[19.5, 31.0, 42.5, 54.0, 65.5, 77.0]",0,0,0.16666666666666666
synthetic_asymmetric_4_6V,H1,0,False,0.0,E4465915EAFF410165BEFD93572F4DBD3AF70A90AE338BCF64C579B4AB30FBD8,6.0,asymmetric,4,0.15142650105008937,0.1200872312127543,0.053223542378329734,2.8451037695631385,161,0.002315437128715725,"[15.0, 27.0, 38.5, 49.5, 61.0, 72.5]","[16.0, 27.0, 38.5, 50.0, 61.5, 73.0]",0,0,0.4166666666666667,"[21.0, 32.5, 44.0, 55.0, 66.5, 78.0]","[21.0, 32.5, 44.0, 55.5, 67.0]",1,0,0.2
synthetic_asymmetric_4_6V,H1,1,False,0.0,050814CA9CD0C8FFE8BC0FAD03D54A5F8881D57937EB8F46D2FF6C5BB24C8333,6.0,asymmetric,4,0.1538366885362072,0.1214498968146476,0.054070677555577734,2.8451037695631385,161,0.01703024705521245,"[15.0, 27.0, 38.5, 49.5, 61.0, 72.5]","[16.0, 27.0, 38.5, 50.0, 61.5, 73.0]",0,0,0.4166666666666667,"[21.0, 32.5, 44.0, 55.0, 66.5, 78.0]","[21.0, 32.5, 44.0, 55.5, 67.0]",1,0,0.2
synthetic_asymmetric_4_6V,H1,2,False,0.0,A063A942DBED7B4B14696F7F3C78064D5416ED6388A519462D3A9A73E30D1A16,6.0,asymmetric,4,0.15373248073948576,0.12140415522747758,0.05403405049197596,2.8451037695631385,161,0.01627802162989892,"[15.0, 27.0, 38.5, 49.5, 61.0, 72.5]","[16.0, 27.0, 38.5, 50.0, 61.5, 73.0]",0,0,0.4166666666666667,"[21.0, 32.5, 44.0, 55.0, 66.5, 78.0]","[21.0, 32.5, 44.0, 55.5, 67.0]",1,0,0.2
synthetic_asymmetric_4_6V,G1,0,False,0.0,917038656C2BEC92CF976E5FD7C367B70A8CFF286EAB7405D469A4F4C788B8CB,6.0,asymmetric,4,0.1717666485737096,0.13096533031155927,0.060372718356098524,2.8451037695631385,161,0.07755634420803939,"[15.0, 27.0, 38.5, 49.5, 61.0, 72.5]","[16.0, 27.5, 38.5, 50.0, 61.5, 73.0]",0,0,0.5,"[21.0, 32.5, 44.0, 55.0, 66.5, 78.0]","[21.0, 32.5, 44.0, 55.5, 67.0]",1,0,0.2
synthetic_asymmetric_4_6V,G1,1,False,0.0,81488C6FE86724DBE4F0BAADCCD2030370A42FCAFF6BC8673A3B8100D0C7B484,6.0,asymmetric,4,0.1660751540440268,0.12778663846919383,0.05837226600333365,2.8451037695631385,161,0.06778829009050494,"[15.0, 27.0, 38.5, 49.5, 61.0, 72.5]","[16.0, 27.5, 38.5, 50.0, 61.5, 73.0]",0,0,0.5,"[21.0, 32.5, 44.0, 55.0, 66.5, 78.0]","[21.0, 32.5, 44.0, 55.5, 67.0]",1,0,0.2
synthetic_asymmetric_4_6V,G1,2,False,0.0,D3781210D50C2FCC0B8BB98D5A16690F48C868A1ED0F34CC507CBE1F6FA2CAB6,6.0,asymmetric,4,0.17088801270150447,0.13047574190240516,0.06006389451578565,2.8451037695631385,161,0.0753770867621543,"[15.0, 27.0, 38.5, 49.5, 61.0, 72.5]","[16.0, 27.5, 38.5, 50.0, 61.5, 73.0]",0,0,0.5,"[21.0, 32.5, 44.0, 55.0, 66.5, 78.0]","[21.0, 32.5, 44.0, 55.5, 67.0]",1,0,0.2
synthetic_asymmetric_4_6V,C,0,True,0.0001,8C8B6B54E0A77350107DEE6FD0D1670A2B0BCA91086B051382566F76C3996B0F,6.0,asymmetric,4,0.09964617469008819,0.08017482760221535,0.035023739997149105,2.8451037695631385,161,0.02920907892905902,"[15.0, 27.0, 38.5, 49.5, 61.0, 72.5]","[4.5, 15.5, 26.5, 38.0, 49.5, 61.0, 72.5]",0,1,0.25,"[21.0, 32.5, 44.0, 55.0, 66.5, 78.0]","[9.0, 20.5, 32.0, 43.5, 55.0, 66.5]",1,1,0.3
synthetic_asymmetric_4_6V,C,1,True,0.0001,31AEB52138566CAB13DA1F6A84EF8C7E3039888C562E830F9C8AA839C24D1215,6.0,asymmetric,4,0.10008591044269424,0.07727714053331038,0.03517829877188004,2.8451037695631385,161,0.03642607291634557,"[15.0, 27.0, 38.5, 49.5, 61.0, 72.5]","[4.5, 15.5, 26.5, 38.0, 49.5, 61.0, 72.5]",0,1,0.25,"[21.0, 32.5, 44.0, 55.0, 66.5, 78.0]","[9.0, 20.5, 32.0, 43.5, 55.0, 66.5]",1,1,0.3
synthetic_asymmetric_4_6V,C,2,True,0.0001,9540526A9C0ABE9E5FC907503DA2BC0C989D4A4632EEE0C39379A2C489EBB43F,6.0,asymmetric,4,0.09975147407500276,0.08025640395492302,0.03506075073329204,2.8451037695631385,161,0.02972429406532598,"[15.0, 27.0, 38.5, 49.5, 61.0, 72.5]","[4.5, 15.5, 26.5, 38.0, 49.5, 61.0, 72.5]",0,1,0.25,"[21.0, 32.5, 44.0, 55.0, 66.5, 78.0]","[9.0, 20.5, 32.0, 43.5, 55.0, 66.5]",1,1,0.3
synthetic_asymmetric_4_8V,H1,0,False,0.0,1ADD9A3A7659E6B6E84BB5619798F2BDD5F870F9336A076FF04150EC622C6AF6,8.0,asymmetric,4,0.39477627959151596,0.3169313588820852,0.15724776560503484,2.5105366557836533,161,0.026148368040280333,"[5.0, 16.0, 27.5, 39.0, 50.5, 62.0, 73.0]","[15.5, 26.5, 37.5, 49.0, 60.5, 72.0]",1,0,1.1666666666666667,"[10.0, 21.5, 33.0, 44.5, 56.0, 67.5]","[20.0, 31.5, 43.0, 54.5, 66.0, 77.5]",6,6,
synthetic_asymmetric_4_8V,H1,1,False,0.0,8EED597001660F4C77432DE68CD2FE5087219FC260634774EC45C6A3B8DBB950,8.0,asymmetric,4,0.3952239798753935,0.3171707062776763,0.15742609412409714,2.5105366557836533,161,0.027169591707434937,"[5.0, 16.0, 27.5, 39.0, 50.5, 62.0, 73.0]","[15.5, 26.5, 37.5, 49.0, 60.5, 72.0]",1,0,1.1666666666666667,"[10.0, 21.5, 33.0, 44.5, 56.0, 67.5]","[20.0, 31.5, 43.0, 54.5, 66.0, 77.5]",6,6,
synthetic_asymmetric_4_8V,H1,2,False,0.0,F2FDEFF53E6BD368B2A70A598873489C644E3EB967BCFCC9FEF6AB56999E76A9,8.0,asymmetric,4,0.3950274022235432,0.3170789743462976,0.15734779307583427,2.5105366557836533,161,0.02629778489421584,"[5.0, 16.0, 27.5, 39.0, 50.5, 62.0, 73.0]","[15.5, 26.5, 37.5, 49.0, 60.5, 72.0]",1,0,1.1666666666666667,"[10.0, 21.5, 33.0, 44.5, 56.0, 67.5]","[20.0, 31.5, 43.0, 54.5, 66.0, 77.5]",6,6,
synthetic_asymmetric_4_8V,G1,0,False,0.0,765A4E95FD03E37F87A8EEF0E6E9F41E42DD8335C03D20FCA48CB32A8F49BD0C,8.0,asymmetric,4,0.5267519413863795,0.3674863590923395,0.20981647098156236,2.5105366557836533,161,-0.3321092033731528,"[5.0, 16.0, 27.5, 39.0, 50.5, 62.0, 73.0]","[15.5, 26.5, 37.5, 49.0, 60.5, 72.0]",1,0,1.1666666666666667,"[10.0, 21.5, 33.0, 44.5, 56.0, 67.5]","[20.0, 31.5, 43.0, 54.5, 66.0, 77.5]",6,6,
synthetic_asymmetric_4_8V,G1,1,False,0.0,E6A631D03EF26F3873732C9D3662413E7505416AA19EE868E768986654C32796,8.0,asymmetric,4,0.4705946409224003,0.33540942183891814,0.18744782707644084,2.5105366557836533,161,-0.2509925860604286,"[5.0, 16.0, 27.5, 39.0, 50.5, 62.0, 73.0]","[15.5, 26.5, 37.5, 49.0, 60.5, 72.0]",1,0,1.1666666666666667,"[10.0, 21.5, 33.0, 44.5, 56.0, 67.5]","[20.5, 32.0, 43.0, 54.5, 66.0, 77.5]",6,6,
synthetic_asymmetric_4_8V,G1,2,False,0.0,E182E784DD3A68AEE8A52C6A107DDD83817B7FCBEB0A9AE160502E8A116B6846,8.0,asymmetric,4,0.5267473720923579,0.36748337146594434,0.20981465093483606,2.5105366557836533,161,-0.33210464239391313,"[5.0, 16.0, 27.5, 39.0, 50.5, 62.0, 73.0]","[15.5, 26.5, 37.5, 49.0, 60.5, 72.0]",1,0,1.1666666666666667,"[10.0, 21.5, 33.0, 44.5, 56.0, 67.5]","[20.0, 31.5, 43.0, 54.5, 66.0, 77.5]",6,6,
synthetic_asymmetric_4_8V,C,0,True,0.0001,AB6C56FC644C75D262533BDAC6B3AA5DAC7AC1D2E2EC668A50C873217A33D00D,8.0,asymmetric,4,0.11449132641124558,0.09188832017874414,0.04560432373990078,2.5105366557836533,161,0.01721552252381558,"[5.0, 16.0, 27.5, 39.0, 50.5, 62.0, 73.0]","[16.5, 27.5, 39.0, 50.5, 62.0, 73.5]",1,0,0.16666666666666666,"[10.0, 21.5, 33.0, 44.5, 56.0, 67.5]","[22.0, 33.0, 45.0, 56.0, 67.5]",1,0,0.2
synthetic_asymmetric_4_8V,C,1,True,0.0001,7920DE429B0E825DC476A3BC481709C2C3716B924329A7F4F92613F345019A0D,8.0,asymmetric,4,0.12258592712559971,0.09904545144412698,0.048828574895806505,2.5105366557836533,161,0.027017488254484856,"[5.0, 16.0, 27.5, 39.0, 50.5, 62.0, 73.0]","[5.5, 16.5, 28.0, 39.0, 50.5, 62.0, 73.5]",0,0,0.2857142857142857,"[10.0, 21.5, 33.0, 44.5, 56.0, 67.5]","[10.0, 21.5, 33.0, 45.0, 56.0, 67.5]",0,0,0.08333333333333333
synthetic_asymmetric_4_8V,C,2,True,0.0001,91ECA062E8CD7B6850DA1783CFF355DD8666697D61941E92125EF22B97A4AC61,8.0,asymmetric,4,0.1147494554418038,0.09205698293097203,0.04570714200784503,2.5105366557836533,161,0.01588715860604528,"[5.0, 16.0, 27.5, 39.0, 50.5, 62.0, 73.0]","[16.5, 27.5, 39.0, 50.5, 62.0, 73.5]",1,0,0.16666666666666666,"[10.0, 21.5, 33.0, 44.5, 56.0, 67.5]","[22.0, 33.0, 45.0, 56.0, 67.5]",1,0,0.2
