phase,unit,family,seed,lambda,training_vr,status,epochs,best_epoch,objective,reason,seconds,mode_eV,mean_eV,median_eV,sd_eV,q05_eV,q95_eV,kernel_width_V
outer_0V/inner_C,9F2D15109E91C48412087BBA83865984CCF0FA3B2873CE214B92A90CFA085A2C,C,0,1e-06,"[6.0, 8.0]",epoch_limit,3500.0,3500.0,0.0022644249256700277,,18.01680850000048,12.170000076293945,11.964739108063059,12.120826165749982,1.2772841066013212,9.963035259140996,14.42170432234984,2.352135181427002
outer_0V/inner_C,EF7B67D79E5B30D1D562CE16CB9DAD95C0C3FC0D90FA7D5DB8236D3CC1CB4697,C,0,0.0001,"[6.0, 8.0]",epoch_limit,3500.0,3500.0,0.0036718794144690037,,18.096849100000327,12.180000305175781,11.97671230251329,12.077586789857769,1.3846797971379567,9.810097950760259,14.567486265540351,2.4221856594085693
outer_0V/inner_C,CD41277B3AAA67D04D29A8E6A038D76432414B5FC0158B42EAAFD16B8A166174,C,0,0.01,"[6.0, 8.0]",epoch_limit,3500.0,3500.0,0.010013885796070099,,18.442367800000284,16.0,12.67211171707941,12.721828154950755,1.9819391661683123,9.423879107836585,15.676179128468176,2.4890551567077637
outer_0V/inner_C,B440AA7E4F85DF0AAF9E2C6FA2A4C9EFBFABF31EE40DC50DE4F3DF424BEE1886,C,0,1e-06,"[4.0, 8.0]",epoch_limit,3500.0,3500.0,0.003371516475453973,,19.38363120000031,12.199999809265137,11.976068663249533,12.138413275648208,1.300023072067078,9.978215537275764,14.458789005105606,2.4380064010620117
outer_0V/inner_C,2E640833E123D9526D9A360A77D6498805E017DB39DDE61BDCE5BCFC7ECA914C,C,0,0.0001,"[4.0, 8.0]",epoch_limit,3500.0,3500.0,0.0045341975055634975,,15.615558999999848,12.039999961853027,11.966588348229742,11.990129317003275,1.412611915415844,9.669004496771748,14.554339485928686,2.3922696113586426
outer_0V/inner_C,C8BEDA1002B86EFB4059E05B853B964F57DE9A75339C66B2A1DECDC09A16E2F8,C,0,0.01,"[4.0, 8.0]",epoch_limit,3500.0,3500.0,0.008388821966946125,,15.719732300000032,12.130000114440918,12.430961698445728,12.379199727779564,1.9800992278414258,9.354134996017013,15.605196349254141,2.462355136871338
outer_0V/inner_C,497EFCE17C15C24C2662B278A45AB8DBFD0B23430D8E7CBEEE837457EE9CCFB9,C,0,1e-06,"[4.0, 6.0]",epoch_limit,3500.0,3500.0,0.002261212095618248,,15.777898899999855,12.020000457763672,11.826596494279167,11.954965130554315,1.23209764982053,9.916773733286787,14.344852592207081,2.2255373001098633
outer_0V/inner_C,F3889DCC07644EE6F3464101A6A5AB2BAB6BEDEF68D69B6EF5B68ED3EB4E6B8E,C,0,0.0001,"[4.0, 6.0]",epoch_limit,3500.0,3500.0,0.003439016407355666,,15.586720900000728,11.989999771118164,11.852488826797007,11.912644668062761,1.429991775759485,9.589298631852124,14.491548384928404,2.247295379638672
outer_0V/inner_C,5EB3B345A7C9B6CCB95B3546750361CE3D5970CF670F93C364CE0C27D006DF36,C,0,0.01,"[4.0, 6.0]",epoch_limit,3500.0,3500.0,0.006179023068398237,,12.975771100000202,11.920000076293945,12.343923045720485,12.260776512401138,1.9584197618699728,9.342569371923204,15.55736015709212,2.4078736305236816
outer_0V/inner_local,AC3A102B794DED3541D036450BA38F2E382FFBC6D3F4C45FD799962566C0DE07,d1,0,0.0,"[6.0, 8.0]",plateau,895.0,895.0,0.002371006179600954,,4.8330053000008775,12.083532333374023,11.931654048659107,11.834588362179854,1.3669258633982968,9.810097897673653,14.567486404420261,2.4221856594085693
outer_0V/inner_local,8CDB4010B21591C12A6DD3199F1F767963F39213EE0F36CB330239E123F1A441,g1,0,0.0,"[6.0, 8.0]",plateau,2161.0,2161.0,0.002389773726463318,,10.257779300000038,12.09000015258789,11.932563738182932,12.062207989684165,1.367663598080887,9.810097895172344,14.567486408008165,2.4221856594085693
outer_0V/inner_local,60D9199BEAF67D16657716B7F8BAEEFFFF76321E2EA5DF5565766DB024CCEE84,d2,0,0.0,"[6.0, 8.0]",plateau,2322.0,2322.0,0.0023751985281705856,,11.105311299999812,12.075472831726074,11.933057605450081,11.851555171567789,1.3672396080337241,9.81009789276063,14.567486411467556,2.4221856594085693
outer_0V/inner_local,D006E31E029825E50CADC4462BC62A8ACF9FC91D576D2626575FAEEC90962425,d3,0,0.0,"[6.0, 8.0]",plateau,2949.0,2949.0,0.0023758122697472572,,13.898969699999725,12.070720672607422,11.93274800668343,11.866098842691201,1.3672319529271897,9.810097891778026,14.567486412877024,2.4221856594085693
outer_0V/inner_local,F1B7F653D2B823FF19BBEC3CC416E7FCF36B4ED4144DA55ECE2B086B5BCC8152,d4,0,0.0,"[6.0, 8.0]",plateau,2767.0,2767.0,0.0023756264708936214,,12.125811400001112,12.079950332641602,11.933255584207238,11.842295275932964,1.367289955008761,9.810097911061643,14.567486385216368,2.4221856594085693
outer_0V/inner_local,A071C6BB1E75AA75D9B521E124ACABA3497DCD4EEC3BFA8E22FEC51A3CF85862,h4s,0,0.0,"[6.0, 8.0]",plateau,3417.0,3417.0,0.0024131073150783777,,14.925412599999618,11.973159790039062,11.881330673978573,11.91170326836527,1.362616207056043,9.810097908482305,14.567486388916205,2.4221856594085693
outer_0V/inner_local,99D8DF9D603BFF47B76F009A7EFF298191F7D2C85F8FDA4B4C3BB17F4F71B2ED,equal4,0,0.0,"[6.0, 8.0]",plateau,3493.0,3493.0,0.0024058371782302856,,15.311217800001032,11.984830856323242,11.886532493486358,11.927397857483477,1.3629675753651855,9.810097892883457,14.56748641129138,2.4221856594085693
outer_0V/inner_local,C8990AEACE16C8556FF1819F03D761BAF150B8CBA5D69BF03AA49C40B84CCC14,d1,0,0.0,"[4.0, 8.0]",plateau,786.0,786.0,0.0034308857284486294,,3.4696137999999337,11.94068717956543,11.920064581648191,11.718537281445734,1.3992045650595732,9.669004349872958,14.554339277233051,2.3922696113586426
outer_0V/inner_local,E8F332F0C8C1D30F3A0A87D7DDEEC4DFB587E275C4063C48FEB999D698109793,g1,0,0.0,"[4.0, 8.0]",plateau,1713.0,1713.0,0.0034492723643779755,,7.51544339999964,11.9399995803833,11.920283034809001,11.92711927472469,1.3999267711161543,9.669004353658504,14.554339272782142,2.3922696113586426
outer_0V/inner_local,580A8C52EE55D15E106B39CB644F14D6B52C9CEC7B3629C8E1A0E249BF694A09,d2,0,0.0,"[4.0, 8.0]",plateau,1876.0,1876.0,0.003436247818171978,,8.359524999999849,11.93013858795166,11.921658262915209,11.73829337341859,1.3994592140645123,9.669004352213038,14.554339274481666,2.3922696113586426
outer_0V/inner_local,DCDF42ECFA74B635289A8FB6569925D973AA1B579D4E316D96D3F79233454A82,d3,0,0.0,"[4.0, 8.0]",plateau,2306.0,2306.0,0.003436269471421838,,10.122959199999968,11.934125900268555,11.922190891649509,11.733431334982562,1.3994714739531777,9.66900434460778,14.55433928342366,2.3922696113586426
outer_0V/inner_local,530A7CCB21697CA427E4504B72D56E1A33976F6974433824FA9CFF7C7E88EB7E,d4,0,0.0,"[4.0, 8.0]",plateau,2309.0,2309.0,0.0034365872852504253,,10.072032300000501,11.960124015808105,11.922093038209862,11.909328096838866,1.3994778990343424,9.669004341975192,14.554339286518964,2.3922696113586426
outer_0V/inner_local,8A2472EA8B14C1A486BF0CDD51A5EBBAB5ABE0C99E4A64853B0962875DCD2ECB,h4s,0,0.0,"[4.0, 8.0]",plateau,2327.0,2327.0,0.0034385330509394407,,10.06309070000134,11.973159790039062,11.933838438911046,11.91640820310436,1.3997178939533717,9.669004342852721,14.554339285487194,2.3922696113586426
outer_0V/inner_local,DF75CC5EE7D93637786B5E66FAEED5BD6C3CA7F4F4CCAFA3A08C090321805D86,equal4,0,0.0,"[4.0, 8.0]",plateau,2420.0,2420.0,0.0034406601916998625,,10.45318970000153,11.984830856323242,11.936480213626576,11.92782293897332,1.3998446292229054,9.669004349141684,14.554339278092856,2.3922696113586426
outer_0V/inner_local,20779AA3BA61C127978BB9FE4C7AC8CF07F1E055FB030E4D20DC7B46F96BD1F4,d1,0,0.0,"[4.0, 6.0]",plateau,751.0,751.0,0.002324454952031374,,3.2436990000005608,11.879430770874023,11.80137756109577,11.650127189752164,1.414665423767337,9.589298392736639,14.49154847093015,2.247295379638672
outer_0V/inner_local,F4BB6E90C8ACA687C4533DC4B07D0609780373700AFD8AB2073E7786AA7FD130,g1,0,0.0,"[4.0, 6.0]",plateau,2211.0,2211.0,0.0023426495026797056,,9.455441899999641,11.880000114440918,11.802556885152194,11.862986922255528,1.4153545585306384,9.58929839596964,14.491548466733017,2.247295379638672
outer_0V/inner_local,0B8FC619673B7FC41AC4FDD0F081B4B9D77AE3B5122C69690AB416660357C3DD,d2,0,0.0,"[4.0, 6.0]",plateau,2314.0,2314.0,0.0023283998016268015,,9.984388199998648,11.874066352844238,11.8036369174934,11.665670147465448,1.4149448858019171,9.589298394907953,14.491548468111315,2.247295379638672
outer_0V/inner_local,40819B911FB14A8E4CAAD5D2B601AA0E8820571196DD9DB46CF8584A5AF6DAAA,d3,0,0.0,"[4.0, 6.0]",plateau,2629.0,2629.0,0.0023285499773919582,,11.28976909999983,11.875417709350586,11.803516452433236,11.661876932374055,1.41495072462741,9.589298392736639,14.49154847093015,2.247295379638672
outer_0V/inner_local,9E2051061243507AF2E7FD9AA50E4277A18C885BE78B3A22D834F0B609258153,d4,0,0.0,"[4.0, 6.0]",plateau,2612.0,2612.0,0.002328271744772792,,11.211775199999465,11.889248847961426,11.802416087474207,11.844013494873549,1.4148559184319167,9.589298393177687,14.491548470357571,2.247295379638672
outer_0V/inner_local,F2E6E31350B1D01CD692B9A664FC935220555B41FE54F01E1FD87CCC2F862487,h4s,0,0.0,"[4.0, 6.0]",plateau,2301.0,2301.0,0.0023288419470191,,9.252622800000609,11.873591423034668,11.80124053207666,11.830110355281775,1.4148386623645262,9.58929839504366,14.491548467935138,2.247295379638672
outer_0V/inner_local,51797528A077DF333D3F4DEB3D62530C436D6F2871BA8D6FB27FB6EF568BF08A,equal4,0,0.0,"[4.0, 6.0]",plateau,2289.0,2289.0,0.0023290151730179787,,8.997145000001183,11.891592025756836,11.809077138359779,11.837675699053516,1.4152758485008912,9.589298416960359,14.491548439482552,2.247295379638672
outer_0V/coarse,9DB579D9B0BFEE221F702411E3C155047A820738D6195FBB425A7504A8F53072,H1,0,0.0,"[4.0, 6.0, 8.0]",epoch_limit,3500.0,3500.0,0.0027650988195091486,,14.04740529999981,11.726755142211914,11.726755142211914,11.726755142211914,0.0,11.726755142211914,11.726755142211914,2.3148550987243652
outer_0V/coarse,8974C4268269D61E17FCE1D381F1D694A40025F8893989DA21B4E98E7630E315,H1,1,0.0,"[4.0, 6.0, 8.0]",epoch_limit,3500.0,3500.0,0.0027650995180010796,,14.07121189999998,11.726755142211914,11.726755142211914,11.726755142211914,0.0,11.726755142211914,11.726755142211914,2.314845085144043
outer_0V/coarse,8B6B062C529891D18B85084EFE3FD567F8E67FB690FAE2555B81BB7503E8ADBB,H1,2,0.0,"[4.0, 6.0, 8.0]",epoch_limit,3500.0,3500.0,0.0027650988195091486,,14.145196999999825,11.726753234863281,11.726753234863281,11.726753234863281,0.0,11.726753234863281,11.726753234863281,2.3148627281188965
outer_0V/coarse,F4220C6F219D1363D42A10B3CDCCF9729660005A14354C029A8618677ADD88B1,G1,0,0.0,"[4.0, 6.0, 8.0]",epoch_limit,3500.0,3500.0,0.002798711182549596,,17.399780399999145,11.729999542236328,11.728999118469744,11.724000221561797,0.08442819524319554,11.584964817684728,11.862990467559236,2.305419921875
outer_0V/coarse,2E7032BC26A4DC9B9CF66E1086B32B4859C9CD29BF35240EBA64CC1A99AC2321,G1,1,0.0,"[4.0, 6.0, 8.0]",epoch_limit,3500.0,3500.0,0.002798744011670351,,16.706434799998533,11.729999542236328,11.729001979234734,11.724003077092524,0.08446849015608576,11.584901431096236,11.863062393980607,2.3053970336914062
outer_0V/coarse,F9AD7D504D3C5693A40581341B0B1A6AB575776FE0E1FEF2C66B85CEAB2B2BE5,G1,2,0.0,"[4.0, 6.0, 8.0]",epoch_limit,3500.0,3500.0,0.0027986655477434397,,16.655651000000944,11.729999542236328,11.728995304107979,11.723996413387598,0.08437397096049903,11.585050273814348,11.862893555091317,2.305443525314331
outer_0V/coarse,B4D4AB1B7A3B7E93CBA1F65CF6033B932ADBB610E82BA636D0BFFD7897C7848D,C,0,0.0001,"[4.0, 6.0, 8.0]",epoch_limit,3500.0,3500.0,0.004162556491792202,,15.847971200000757,12.029999732971191,11.95788764637343,11.982457400293063,1.3956689313784079,9.685476363942106,14.53016294237313,2.355652332305908
outer_0V/coarse,D1FE2352536E2C55A3EABBC0B04203F59927C1F83A6420D9541CD258277B7B9C,C,1,0.0001,"[4.0, 6.0, 8.0]",epoch_limit,3500.0,3500.0,0.00416360842064023,,15.517712799999572,11.989999771118164,11.891174276978953,11.927223665835141,1.4138161839494838,9.619412661053154,14.502424900561058,2.353342294692993
outer_0V/coarse,D564E1CFCF7B9BDC41F032DA57989171E44E5CF07DA2ECD4FA010A61481B05A8,C,2,0.0001,"[4.0, 6.0, 8.0]",epoch_limit,3500.0,3500.0,0.004161311779171228,,13.658099700000093,12.010000228881836,11.921007970476431,11.954442071535137,1.4074042216445224,9.642203841901424,14.517244789829098,2.355618953704834
outer_0V/local,1C789BC00F82FF1224B2908F578BC8CE37C0F1AB4E83AF6947FA63DDE4AA0F60,d1,0,0.0,"[4.0, 6.0, 8.0]",plateau,751.0,751.0,0.0029999208636581898,,4.25103659999877,11.940020561218262,11.92121156446432,11.708078437713402,1.3825497613416349,9.685476563638414,14.530163103917033,2.355652332305908
outer_0V/local,EDD555489C597250D248A3FBEE15714FAF6B41E44C5A00C4C4942AB4B4105853,g1,0,0.0,"[4.0, 6.0, 8.0]",plateau,1895.0,1895.0,0.0030194588471204042,,9.70149390000006,11.9399995803833,11.922542848591098,11.931509063612253,1.3832681901507287,9.685476544458856,14.530163127433823,2.355652332305908
outer_0V/local,4E1EB33394F18ACDC45922E377E65144D590C31FD5180017AD981AC015C7A7A9,d2,0,0.0,"[4.0, 6.0, 8.0]",plateau,1923.0,1923.0,0.0030050291679799557,,10.130665700000463,11.931480407714844,11.923072982161683,11.729260825874546,1.382781461934538,9.685476561378566,14.530163106687914,2.355652332305908
outer_0V/local,8619D6B67FEE9F45C5D7F7A772A9CBD08AC389247279EEB54DE3EC479F428C14,d3,0,0.0,"[4.0, 6.0, 8.0]",plateau,2354.0,2354.0,0.0030046654865145683,,11.634249499998987,11.93583869934082,11.92309442652149,11.719267462413043,1.3827754594847486,9.685476557706316,14.530163111190602,2.355652332305908
outer_0V/local,C4A65783BEA233ED1DB381EAE2B4D0AE6AF9D4A65226EA892A208226BEC7AFEB,d4,0,0.0,"[4.0, 6.0, 8.0]",plateau,2699.0,2699.0,0.0030055742245167494,,11.90516369999932,11.962220191955566,11.923717421034274,11.915897505993565,1.3827987879413703,9.685476560531125,14.530163107726995,2.355652332305908
outer_0V/local,5C0A09A9DBE46289A100BB32C475221AAF3291E9CFB2AADEF3892657F274C491,h4s,0,0.0,"[4.0, 6.0, 8.0]",plateau,2256.0,2256.0,0.003007367718964815,,9.627310900001248,11.973159790039062,11.935893014978852,11.91853892511556,1.383035467783461,9.685476543864759,14.530163128162268,2.355652332305908
outer_0V/local,9EF162B507BAE9305183518F969C944D306D986EF806B36B85571DF572E2ED65,equal4,0,0.0,"[4.0, 6.0, 8.0]",plateau,2510.0,2510.0,0.0030090156942605972,,10.80164379999951,11.984830856323242,11.939178594420799,11.930878275290203,1.3831395181684396,9.68547656971175,14.530163096470282,2.355652332305908
outer_0V/local,BC2B13DB4D9FD98B67D3B673F9FF98B5454F334F17B97E204DF4DE025F5D14EB,d1,1,0.0,"[4.0, 6.0, 8.0]",plateau,786.0,786.0,0.0029832045547664165,,3.447780700000294,11.90280532836914,11.843279505120629,11.673229927192514,1.3989726020478725,9.619412688936517,14.502424734280918,2.353342294692993
outer_0V/local,781A40324176A1E3FF5D5F9C7C9FB47F61FA59D54A594F41F5CA0E41BD1AFCB5,g1,1,0.0,"[4.0, 6.0, 8.0]",plateau,1924.0,1924.0,0.0030023236759006977,,8.18668979999893,11.899999618530273,11.843301783239998,11.884176182748313,1.3996573298530952,9.619412700657993,14.502424719635576,2.353342294692993
outer_0V/local,9CDF80E36FC8DC839279E360AF403BB311EE4ECCC1AD321A51596B357F3F6794,d2,1,0.0,"[4.0, 6.0, 8.0]",plateau,2089.0,2089.0,0.0029883491806685925,,9.054219999999987,11.89116382598877,11.843933335005142,11.69034365144738,1.3992054621149574,9.619412691206662,14.5024247314445,2.353342294692993
outer_0V/local,33C34995CB9DEFC0749D446DB9D7B97096105D4707FC9DF09437F39F145E4723,d3,1,0.0,"[4.0, 6.0, 8.0]",plateau,2559.0,2559.0,0.0029880101792514324,,11.24713840000004,11.893341064453125,11.843801803606476,11.686862804815215,1.3991905740532617,9.619412696030723,14.502424725417102,2.353342294692993
outer_0V/local,D72748038E8FBEDE98E13DCEF6E77D77AEF448D5DC64104BB644EC46E40F1BA9,d4,1,0.0,"[4.0, 6.0, 8.0]",plateau,2471.0,2471.0,0.002987876068800688,,10.875703199999407,11.913643836975098,11.844085280402057,11.865857395940866,1.3991760440121892,9.619412679962347,14.502424745493665,2.353342294692993
outer_0V/local,C1B52FE1A8DA78B9DC7393B2A33AC31AB0CF2DA996B85AA96A77DFBE65F2066C,h4s,1,0.0,"[4.0, 6.0, 8.0]",plateau,2705.0,2705.0,0.002988937310874462,,11.862436600000365,11.873591423034668,11.833221643821966,11.831414708985527,1.3987846687213552,9.619412688439922,14.502424734901389,2.353342294692993
outer_0V/local,0F4DEFC5E14F16EC4D5DCF0F236B7BC1E844E527ACA3F590445ED6EE6248513A,equal4,1,0.0,"[4.0, 6.0, 8.0]",plateau,2316.0,2316.0,0.002987912390381098,,10.15979150000021,11.891592025756836,11.840966756990184,11.838674133647467,1.3990691569052047,9.619412704969422,14.502424714248678,2.353342294692993
outer_0V/local,68A5140E628C32FBECF423B6D10C0703F7172E4C3B1038727E07E4BF5B8BA40F,d1,2,0.0,"[4.0, 6.0, 8.0]",plateau,803.0,803.0,0.0029925783164799213,,3.5048670999985916,11.918618202209473,11.8773592536751,11.688742075837038,1.3933859443133894,9.642203926214828,14.517244635240267,2.355618953704834
outer_0V/local,1F19BFC807A36FF1FC3EDCE738C7F65F483B60BBA598FD08CAA7F815556FA588,g1,2,0.0,"[4.0, 6.0, 8.0]",plateau,1956.0,1956.0,0.003011836437508464,,8.484363700001268,11.920000076293945,11.878232470589925,11.905432190517297,1.3940924054060087,9.642203920989429,14.51724464159633,2.355618953704834
outer_0V/local,7D255161DD9B48084DC76F034522F0AA50C07485E95B18BD915B46F7257A6DC8,d2,2,0.0,"[4.0, 6.0, 8.0]",plateau,2047.0,2047.0,0.002997574396431446,,8.995805599999585,11.909444808959961,11.87876420265172,11.706980008203729,1.3936236425154804,9.642203929653995,14.51724463105695,2.355618953704834
outer_0V/local,8E24A013A3A12A6659BFC9AB3CBE95693FED8D0EBE18CF66B70A13842424FC45,d3,2,0.0,"[4.0, 6.0, 8.0]",plateau,2404.0,2404.0,0.002997784875333309,,10.615429000001313,11.91251277923584,11.878928931961463,11.700661282280159,1.393642121413396,9.642203935672539,14.517244623736136,2.355618953704834
outer_0V/local,0E5A82ECE988310B47C0B1DF5DEA5DCA7790263FEB52349061F1B3DFAA654F74,d4,2,0.0,"[4.0, 6.0, 8.0]",plateau,2628.0,2628.0,0.0029972647316753864,,11.508900200000426,11.932271003723145,11.878939390186309,11.888583801052887,1.39360297388468,9.642203932878214,14.517244627135083,2.355618953704834
outer_0V/local,82CC84B2EDD157E3143F66E0F1783A34D0542EC4C0FBA12924BC239DCE99351F,h4s,2,0.0,"[4.0, 6.0, 8.0]",plateau,2404.0,2404.0,0.003004413563758135,,10.057495299999573,11.973159790039062,11.900244131754755,11.913625550144964,1.3944962918387176,9.64220392707462,14.517244634194439,2.355618953704834
outer_0V/local,BDE19A8E5BF91EF67AD6FAB364078DE34D35B9243D9DC3050027DF96568FF3E9,equal4,2,0.0,"[4.0, 6.0, 8.0]",plateau,2461.0,2461.0,0.0029988442547619343,,9.711019000000306,11.891592025756836,11.868731929790217,11.842077757712095,1.3933764116641567,9.642203918333403,14.517244644827048,2.355618953704834
outer_0V/kernel_profile,EEF24CFDB851EDD12E0B49629FC7ECDD8E0AF15A46D3B4BED98D00B0A425CF67,C,0,0.0001,"[4.0, 6.0, 8.0]",epoch_limit,3500.0,3500.0,0.005406105425208807,,16.733667000000423,11.949999809265137,12.135456473071475,11.994945442847559,1.266285744821195,9.915682719754077,14.593063772294583,1.0
outer_0V/kernel_profile,1C10AC48933BB32D0633B49EE5FE5D2600E5965B877AF503D95A2554EC1A6BC0,C,1,0.0001,"[4.0, 6.0, 8.0]",epoch_limit,3500.0,3500.0,0.005412317346781492,,15.973716099999365,11.9399995803833,12.140922350912476,11.987739549887307,1.274939342348624,9.909197748272158,14.599806141809864,1.0
outer_0V/kernel_profile,BD17EFF8DBFEFA6677C1AB7C2349A251F49BD56D5AA7EB1819F6E70833692D31,C,2,0.0001,"[4.0, 6.0, 8.0]",epoch_limit,3500.0,3500.0,0.0054094307124614716,,15.914734699999826,11.949999809265137,12.125820881830368,11.991328604023396,1.278457493315199,9.886827325823957,14.597306320836998,1.0
outer_0V/kernel_profile,8EB88211D75D308226BD77D782D3DDA68D3723997DEAEE8E9267BC60C6FAC2FD,C,0,0.0001,"[4.0, 6.0, 8.0]",epoch_limit,3500.0,3500.0,0.0042446088045835495,,16.69598699999915,12.029999732971191,12.037598112703243,12.015435004393321,1.3716437186175725,9.771191488441659,14.570575120418702,2.0
outer_0V/kernel_profile,E2DE7EC9DFA27D28203A13BD781C7E197D3EA7748349C7EBB983A0F8959944B0,C,1,0.0001,"[4.0, 6.0, 8.0]",epoch_limit,3500.0,3500.0,0.004238379653543234,,14.80183180000131,12.010000228881836,11.993422697823354,11.979118255960554,1.3890682142238349,9.714668111857632,14.553513095736882,2.0
outer_0V/kernel_profile,1B5D041631A179CE44972623A108C29863FDB74A65EA47FC8353B0EE6672F675,C,2,0.0001,"[4.0, 6.0, 8.0]",epoch_limit,3500.0,3500.0,0.004232517443597317,,14.804003600000215,12.010000228881836,11.96153654987482,11.968118722235422,1.3993229838522523,9.675815775405425,14.545499351142517,2.0
outer_0V/kernel_profile,609DDFCB4EE7276F2FC6DD39DAC99BC40F22725A3B20DB9EBE98DC8FB23AF753,C,0,0.0001,"[4.0, 6.0, 8.0]",epoch_limit,3500.0,3500.0,0.004317557904869318,,14.776472499999727,12.100000381469727,12.142589860276178,12.09827998697196,1.3277368560537133,9.893327683025833,14.626314537391197,3.0
outer_0V/kernel_profile,C77B4AFF1CDD851F1DEECEB48A684C5E18CB797A062010EF6C8F425D2AE2F335,C,1,0.0001,"[4.0, 6.0, 8.0]",epoch_limit,3500.0,3500.0,0.0043272296898067,,14.780380799998966,12.079999923706055,12.196712882454179,12.10865307076635,1.3025893529915231,9.951940729311614,14.621549808760532,3.0
outer_0V/kernel_profile,ACFDD5241ED63BD8D064B3A89A7ABCFCCC03A66C50151046B4FB5B79E53487CA,C,2,0.0001,"[4.0, 6.0, 8.0]",epoch_limit,3500.0,3500.0,0.00430283322930336,,12.463955999999598,12.039999961853027,12.08547826448248,12.036838720374522,1.3372319046861922,9.818397356596142,14.572703778068588,3.0
outer_4V/inner_C,9F2D15109E91C48412087BBA83865984CCF0FA3B2873CE214B92A90CFA085A2C,C,0,1e-06,"[6.0, 8.0]",epoch_limit,3500.0,3500.0,0.0022644249256700277,,18.01680850000048,12.170000076293945,11.964739108063059,12.120826165749982,1.2772841066013212,9.963035259140996,14.42170432234984,2.352135181427002
outer_4V/inner_C,EF7B67D79E5B30D1D562CE16CB9DAD95C0C3FC0D90FA7D5DB8236D3CC1CB4697,C,0,0.0001,"[6.0, 8.0]",epoch_limit,3500.0,3500.0,0.0036718794144690037,,18.096849100000327,12.180000305175781,11.97671230251329,12.077586789857769,1.3846797971379567,9.810097950760259,14.567486265540351,2.4221856594085693
outer_4V/inner_C,CD41277B3AAA67D04D29A8E6A038D76432414B5FC0158B42EAAFD16B8A166174,C,0,0.01,"[6.0, 8.0]",epoch_limit,3500.0,3500.0,0.010013885796070099,,18.442367800000284,16.0,12.67211171707941,12.721828154950755,1.9819391661683123,9.423879107836585,15.676179128468176,2.4890551567077637
outer_4V/inner_C,A8FCA783D8EE5ECE29B0E9F4305D35F3C3272FB0B75BA73C0AD803CBE4605E36,C,0,1e-06,"[0.0, 8.0]",epoch_limit,3500.0,3500.0,0.0038313758559525013,,17.250310899999022,12.229999542236328,12.011017295987893,12.15824931119306,1.326002799657981,10.028330557789621,14.56072363979941,2.4471466541290283
outer_4V/inner_C,025837924314C64B7A229BA54D0425285207872953C410132DB0D60FC787E3A5,C,0,0.0001,"[0.0, 8.0]",epoch_limit,3500.0,3500.0,0.0049138907343149185,,17.038558600001124,12.130000114440918,12.104017019881361,12.094751448836828,1.4667874003943286,9.729122805794066,14.721393835471348,2.273667812347412
outer_4V/inner_C,85FBE2E98A796C26B7D00E4E6F09FF9EC9F5F2910579B5E86DA5435C8EDBF721,C,0,0.01,"[0.0, 8.0]",epoch_limit,3500.0,3500.0,0.007373023312538862,,17.408713500000886,9.0,12.239759183801645,12.087242439257174,2.0314508666693616,9.274446797847194,15.613405802217537,2.9254579544067383
outer_4V/inner_C,30416BDED783E1EB39E3AF3E77C5D48B2CAC41966022943851DEFC169E889FAF,C,0,1e-06,"[0.0, 6.0]",epoch_limit,3500.0,3500.0,0.00310260197147727,,17.508336700000655,12.0600004196167,11.937550128229054,12.015472422814206,1.277201105569935,9.940960634725279,14.431863051385605,2.2703449726104736
outer_4V/inner_C,98E38605A1617F4BD18B6C9251BD3643B0AA251A011DC0121984F03153D5CDD3,C,0,0.0001,"[0.0, 6.0]",epoch_limit,3500.0,3500.0,0.00398486340418458,,13.880713000000469,12.0600004196167,12.053701141486128,12.03725943068661,1.5009773330914264,9.58820141175643,14.721602496592903,2.158452033996582
outer_4V/inner_C,80669D35AD59F777C24C0CF9ED93C58AB327C7F75F9D81708235BD2498D9D8F4,C,0,0.01,"[0.0, 6.0]",epoch_limit,3500.0,3500.0,0.004797201603651047,,13.931843500000468,11.3100004196167,12.276369202803027,12.156743438634123,1.9746947474267278,9.314391934745355,15.553462012186063,2.4015820026397705
outer_4V/inner_local,AC3A102B794DED3541D036450BA38F2E382FFBC6D3F4C45FD799962566C0DE07,d1,0,0.0,"[6.0, 8.0]",plateau,895.0,895.0,0.002371006179600954,,4.8330053000008775,12.083532333374023,11.931654048659107,11.834588362179854,1.3669258633982968,9.810097897673653,14.567486404420261,2.4221856594085693
outer_4V/inner_local,8CDB4010B21591C12A6DD3199F1F767963F39213EE0F36CB330239E123F1A441,g1,0,0.0,"[6.0, 8.0]",plateau,2161.0,2161.0,0.002389773726463318,,10.257779300000038,12.09000015258789,11.932563738182932,12.062207989684165,1.367663598080887,9.810097895172344,14.567486408008165,2.4221856594085693
outer_4V/inner_local,60D9199BEAF67D16657716B7F8BAEEFFFF76321E2EA5DF5565766DB024CCEE84,d2,0,0.0,"[6.0, 8.0]",plateau,2322.0,2322.0,0.0023751985281705856,,11.105311299999812,12.075472831726074,11.933057605450081,11.851555171567789,1.3672396080337241,9.81009789276063,14.567486411467556,2.4221856594085693
outer_4V/inner_local,D006E31E029825E50CADC4462BC62A8ACF9FC91D576D2626575FAEEC90962425,d3,0,0.0,"[6.0, 8.0]",plateau,2949.0,2949.0,0.0023758122697472572,,13.898969699999725,12.070720672607422,11.93274800668343,11.866098842691201,1.3672319529271897,9.810097891778026,14.567486412877024,2.4221856594085693
outer_4V/inner_local,F1B7F653D2B823FF19BBEC3CC416E7FCF36B4ED4144DA55ECE2B086B5BCC8152,d4,0,0.0,"[6.0, 8.0]",plateau,2767.0,2767.0,0.0023756264708936214,,12.125811400001112,12.079950332641602,11.933255584207238,11.842295275932964,1.367289955008761,9.810097911061643,14.567486385216368,2.4221856594085693
outer_4V/inner_local,A071C6BB1E75AA75D9B521E124ACABA3497DCD4EEC3BFA8E22FEC51A3CF85862,h4s,0,0.0,"[6.0, 8.0]",plateau,3417.0,3417.0,0.0024131073150783777,,14.925412599999618,11.973159790039062,11.881330673978573,11.91170326836527,1.362616207056043,9.810097908482305,14.567486388916205,2.4221856594085693
outer_4V/inner_local,99D8DF9D603BFF47B76F009A7EFF298191F7D2C85F8FDA4B4C3BB17F4F71B2ED,equal4,0,0.0,"[6.0, 8.0]",plateau,3493.0,3493.0,0.0024058371782302856,,15.311217800001032,11.984830856323242,11.886532493486358,11.927397857483477,1.3629675753651855,9.810097892883457,14.56748641129138,2.4221856594085693
outer_4V/inner_local,43475621D118C7D78D47CE9A614AE0B2E9DFE82A6AAC12BB7963B2EACCD23D51,d1,0,0.0,"[0.0, 8.0]",plateau,563.0,563.0,0.0039021940901875496,,3.463957500000106,12.006382942199707,12.049154593650254,11.804721368660168,1.456167743171667,9.729123131359193,14.721393972847986,2.273667812347412
outer_4V/inner_local,6D1DB1AA4F8DC43BF993A6460B8073B800E64FB4C04AFDF91DFB2BAF2B683FE1,g1,0,0.0,"[0.0, 8.0]",plateau,1562.0,1562.0,0.003918798640370369,,7.777263199999652,12.0,12.045716611029038,11.987302943946785,1.457020298190542,9.729123122615796,14.721393982117636,2.273667812347412
outer_4V/inner_local,E482635CEDBEC0EE42E5FB7079C4B06B67428292A6A1983B24CFB1442908127F,d2,0,0.0,"[0.0, 8.0]",plateau,1727.0,1727.0,0.003908105660229921,,8.566609599998628,11.988235473632812,12.048635779166533,11.821526995501653,1.456471569306075,9.729123126308648,14.721393978202524,2.273667812347412
outer_4V/inner_local,EDB15909FB08997AE8F998F8BD78933FEDCA115F82AB46BA213F2332A4395F33,d3,0,0.0,"[0.0, 8.0]",plateau,2060.0,2060.0,0.003908435348421335,,10.01816829999916,11.991990089416504,12.048904091204339,11.81632104405364,1.4564849374272708,9.729123133253147,14.721393970840044,2.273667812347412
outer_4V/inner_local,8EF5F64CB77253BA7BA8FF946DD6301C7548AC40246C870F3E150B7098549E45,d4,0,0.0,"[0.0, 8.0]",plateau,2241.0,2241.0,0.003908468876034021,,9.824624900000344,12.027616500854492,12.04934939687996,11.97064855595632,1.4564549719410218,9.729123137514545,14.72139396632216,2.273667812347412
outer_4V/inner_local,7836DC9FD3CA0FC8E6AD1736BB5F4D2F48E6BA8A792020C1F170C530CDE0D86E,h4s,0,0.0,"[0.0, 8.0]",plateau,2255.0,2255.0,0.003909931983798742,,9.817130700001144,11.973159790039062,12.033768303977503,11.919343660772565,1.4570405699751834,9.72912313262183,14.72139397150936,2.273667812347412
outer_4V/inner_local,8D3BB25E9492A5A4BD9818AF43652EA213D9E5A2C6747250F2D7314465446141,equal4,0,0.0,"[0.0, 8.0]",plateau,2374.0,2374.0,0.003908705897629261,,10.290341199999602,11.984830856323242,12.038556903639961,11.934325639468474,1.456817070161402,9.72912312883392,14.721393975525249,2.273667812347412
outer_4V/inner_local,C44C61F4745E861E53A0E78896A83F5DE202A5ADF44702832C41D38A9A877009,d1,0,0.0,"[0.0, 6.0]",plateau,665.0,665.0,0.0031974930316209793,,2.931120999999621,11.897562026977539,11.983534447580956,11.721449339818975,1.492263828814943,9.58820119230845,14.721602639803134,2.158452033996582
outer_4V/inner_local,80155D2EF9460C6665E05924446AA63D40361E1CF633B035B93EA5B9F058CC91,g1,0,0.0,"[0.0, 6.0]",plateau,1532.0,1532.0,0.0032119189854711294,,6.660544500000469,11.890000343322754,11.979394264256825,11.87910603925859,1.4932118751752088,9.588201189752679,14.721602642715366,2.158452033996582
outer_4V/inner_local,38B113761BC884D322891D9F5C45DE79DBF77CE697A4A2ED95DEB2E911587706,d2,0,0.0,"[0.0, 6.0]",plateau,1783.0,1783.0,0.0032023368403315544,,7.862430900000618,11.874739646911621,11.98073020881659,11.732801990842733,1.4926867081525914,9.588201204844214,14.721602625519008,2.158452033996582
outer_4V/inner_local,F81D033960652B30CE3A49C1D1AC946E8BE436F39951AEDA41178B58E106F102,d3,0,0.0,"[0.0, 6.0]",plateau,2208.0,2208.0,0.003202183870598674,,9.79710089999935,11.875262260437012,11.980534292298032,11.734007977191354,1.492693738766251,9.588201187294144,14.721602645516786,2.158452033996582
outer_4V/inner_local,3BEE26B802B465B76E185C21440FC809BE3AD359DF32D638854205DA294B1075,d4,0,0.0,"[0.0, 6.0]",plateau,2081.0,2081.0,0.003202092368155718,,9.140096999999514,11.906798362731934,11.981140791386569,11.856356109729067,1.492629637265599,9.58820119074148,14.721602641588653,2.158452033996582
outer_4V/inner_local,6B7DCCF0129BB1BE61B80F6B549EC680A4FD70705A64C6E03495340CB2C7C072,h4s,0,0.0,"[0.0, 6.0]",plateau,2197.0,2197.0,0.0032019736245274544,,9.366974000000482,11.873591423034668,11.977598927799264,11.837043562370468,1.4928652536748306,9.588201193718723,14.721602638196172,2.158452033996582
outer_4V/inner_local,B0D8B775459D342FA1ABFD738F10FCDC3A3C6FBC7B2885630267349A44A2AE6E,equal4,0,0.0,"[0.0, 6.0]",plateau,1950.0,1950.0,0.003201910527423024,,8.220575800000006,11.891592025756836,11.984517338189233,11.84560835849736,1.4924343987315,9.588201200456696,14.721602630518447,2.158452033996582
outer_4V/coarse,FB9BBE3A1EE301E411C28B7F43C4185336FAB0EE7EB220E41ECC695B4D1C5B0E,H1,0,0.0,"[0.0, 6.0, 8.0]",epoch_limit,3500.0,3500.0,0.003422217443585396,,14.519802400000117,11.77958869934082,11.77958869934082,11.77958869934082,0.0,11.77958869934082,11.77958869934082,2.498922109603882
outer_4V/coarse,8EF230E742E60F8E8BBE2FE6B396BA58FE15B3A11E1148646EC88DB78898B3CB,H1,1,0.0,"[0.0, 6.0, 8.0]",epoch_limit,3500.0,3500.0,0.003422216745093465,,14.15154799999982,11.779590606689453,11.779590606689453,11.779590606689453,0.0,11.779590606689453,11.779590606689453,2.4989066123962402
outer_4V/coarse,168F7BAC3F8449C65132235069B4EA8267ED7F6D7A772C632EBBE71DC68F59CC,H1,2,0.0,"[0.0, 6.0, 8.0]",epoch_limit,3500.0,3500.0,0.0034222181420773268,,14.52207719999933,11.779586791992188,11.779586791992188,11.779586791992188,0.0,11.779586791992188,11.779586791992188,2.498957872390747
outer_4V/coarse,9911A0AC2C63D638CDBD411925E199E5507C3CD34309858F500E619F190753BB,G1,0,0.0,"[0.0, 6.0, 8.0]",epoch_limit,3500.0,3500.0,0.003451214637607336,,17.700875300000916,11.779999732971191,11.784900692158319,11.77990021411904,0.087597580149229,11.635664621388884,11.924133885961355,2.5087172985076904
outer_4V/coarse,6F30F9AF6351012648C0CC0CA9C0C1C0CCF29809724C6070CF041640127ED34E,G1,1,0.0,"[0.0, 6.0, 8.0]",epoch_limit,3500.0,3500.0,0.0034512486308813095,,16.45410289999927,11.779999732971191,11.784904506455117,11.779904036815235,0.08764612050905958,11.635587637080851,11.92421892482328,2.5086965560913086
outer_4V/coarse,2EC5B2BB9492A3C590193BC657EED75C3DAFCDCA4299CB2FDAF1B060853A9029,G1,2,0.0,"[0.0, 6.0, 8.0]",epoch_limit,3500.0,3500.0,0.0034511638805270195,,16.460333299999547,11.779999732971191,11.784897830621883,11.779897347447092,0.08752263497551571,11.635786786467918,11.924005413563176,2.5087485313415527
outer_4V/coarse,F15B82130B6DF40F5A63DD3A6354AA4E3B30532AB81C0B96C1600E02127BAE17,C,0,0.0001,"[0.0, 6.0, 8.0]",epoch_limit,3500.0,3500.0,0.0045669227838516235,,15.597398399999292,12.0600004196167,12.004063438113407,12.015331683683192,1.4384696665472567,9.668481178107388,14.606632711623522,2.3146419525146484
outer_4V/coarse,A7C9F6EB15B12E8CE9D1FF47976FB125739D3D7249976EAB85AE0DEDA05D5E53,C,1,0.0001,"[0.0, 6.0, 8.0]",epoch_limit,3500.0,3500.0,0.004575339145958424,,15.415600700000141,12.039999961853027,12.00315790483285,12.001453371415352,1.4437428419485132,9.656564462310758,14.605724145902752,2.3054497241973877
outer_4V/coarse,CAE396E5F5C0ECFE7A1F8467348AE0EE7F2A54A0A62517DD2BD9E5A50A1C22D5,C,2,0.0001,"[0.0, 6.0, 8.0]",epoch_limit,3500.0,3500.0,0.00457281619310379,,13.249338000001444,12.039999961853027,12.006481826052077,12.00872583921103,1.443846644603993,9.654898228247253,14.611133776242909,2.3073923587799072
outer_4V/local,0DC336815793CF7B33A796EEC526C23C00116F02FC9C04A2746CB5649D6DF60C,d1,0,0.0,"[0.0, 6.0, 8.0]",plateau,583.0,583.0,0.003520228900015354,,3.7365062999997463,11.963850975036621,11.966505090919359,11.737754988395409,1.4265657469125832,9.668481025395973,14.606632862003002,2.3146419525146484
outer_4V/local,0E80A4B36FEA74E8833555CCE839F5ECBF8E1224E547497D2FD87A12CC562A2A,g1,0,0.0,"[0.0, 6.0, 8.0]",plateau,1715.0,1715.0,0.003538448829203844,,8.979886700000861,11.960000038146973,11.966607819615449,11.953431964535698,1.4272820686428906,9.66848103647396,14.606632849525639,2.3146419525146484
outer_4V/local,1AE1C757DDBD60487911B7FF0CF1C9C67204D1A4BC65AAC3650345EE3EB8768D,d2,0,0.0,"[0.0, 6.0, 8.0]",plateau,1836.0,1836.0,0.0035255104303359985,,10.313595699999496,11.954644203186035,11.968327824791547,11.75787162096333,1.426783933897541,9.668481018256303,14.606632870044553,2.3146419525146484
outer_4V/local,0A25629CA6AAAA795C32901A2A3E5C12DF82EB8E03B8398E59D2971DD9C555A4,d3,0,0.0,"[0.0, 6.0, 8.0]",plateau,1790.0,1790.0,0.003525933949276805,,9.866311300000234,11.955889701843262,11.968496576320321,11.883433917021987,1.4267962157332899,9.66848103045324,14.606632856306897,2.3146419525146484
outer_4V/local,558E6546AAF78970DD757661A28A49F584A746E82EDA8BE3DD77CDCB9EB8360A,d4,0,0.0,"[0.0, 6.0, 8.0]",plateau,2519.0,2519.0,0.003526166547089815,,11.123749399999724,11.985053062438965,11.967620710529376,11.934704531775814,1.4268089928887355,9.668481022718597,14.606632865018586,2.3146419525146484
outer_4V/local,87C7533A1A0F6FA4B986DCFEBD3987F6C36E5DE35B161428155C784F1F549A1D,h4s,0,0.0,"[0.0, 6.0, 8.0]",plateau,2171.0,2171.0,0.0035260850563645363,,9.403929000000062,11.973159790039062,11.970147013837408,11.919565436004051,1.426796349693172,9.66848102896581,14.60663285798222,2.3146419525146484
outer_4V/local,49E54B34946F2E0230974BF3B6E20485D2361948094FB42AAE03ED6619371DB7,equal4,0,0.0,"[0.0, 6.0, 8.0]",plateau,2205.0,2205.0,0.0035267197526991367,,9.608944699999483,11.984830856323242,11.974352021068336,11.933470986413454,1.4268156957502243,9.668481039972802,14.606632845584818,2.3146419525146484
outer_4V/local,18D06AC0BBEFD9CDCBA1E5E4B881C770C8C35C67AAEB40F947710D238DC69743,d1,1,0.0,"[0.0, 6.0, 8.0]",plateau,601.0,601.0,0.0035185948945581913,,2.656010500000775,11.942073822021484,11.958516118363523,11.7251524842511,1.4320272909339344,9.656564584169008,14.605724272731534,2.3054497241973877
outer_4V/local,D4E2BB6F4C024BFA93FB24618E0A8AB1021B077EEC34E520A130B1AD45D81A1C,g1,1,0.0,"[0.0, 6.0, 8.0]",plateau,1691.0,1691.0,0.003536848584190011,,7.295670299999983,11.9399995803833,11.957448342789503,11.92801905469466,1.4327639041149163,9.65656458377848,14.605724273176342,2.3054497241973877
outer_4V/local,4E1E59335324592FB4B2D79DDEA6F32BC1AAD2A241A9697A3B50CAAD7AFB9D5E,d2,1,0.0,"[0.0, 6.0, 8.0]",plateau,1853.0,1853.0,0.00352438073605299,,8.030840299999909,11.930416107177734,11.959759737795055,11.744549510416828,1.432252387848427,9.656564594930746,14.605724260474078,2.3054497241973877
outer_4V/local,4DA8889A5056E5D5AA58A3B8D874F85F569F55C9F47A02F5460A17767101820A,d3,1,0.0,"[0.0, 6.0, 8.0]",plateau,2172.0,2172.0,0.0035247562918812037,,9.539806699998735,11.934194564819336,11.96019780753102,11.73864065108996,1.4322705571264756,9.656564573407268,14.605724284988991,2.3054497241973877
outer_4V/local,2297C099DDBCE719332674CD7EC36A42347E34B1FF96F3037A9BA9EB033D2F9B,d4,1,0.0,"[0.0, 6.0, 8.0]",plateau,2473.0,2473.0,0.0035233614034950733,,10.957524800000101,11.953767776489258,11.958202691534597,11.908007805294343,1.4322363151615372,9.65656458857833,14.605724267709384,2.3054497241973877
outer_4V/local,C8D7B1095EA15824C4028967781064E7761340229114960EE1BABBF5CADEB23E,h4s,1,0.0,"[0.0, 6.0, 8.0]",plateau,2211.0,2211.0,0.003525839652866125,,9.613266800000929,11.973159790039062,11.97141156083945,11.918009735811163,1.4321784141486538,9.656564589998283,14.60572426609208,2.3054497241973877
outer_4V/local,172E42729E394FEA848A3639B82AF8531DB59D355A03AF2E332B1C0A78439BA7,equal4,1,0.0,"[0.0, 6.0, 8.0]",plateau,2582.0,2582.0,0.003527549561113119,,11.250423699999374,11.984830856323242,11.97303653828685,11.927833096961532,1.4322219558017404,9.656564586261569,14.605724270348142,2.3054497241973877
outer_4V/local,DA359CC770BD343ACB7CD559FB1B14D99A5857042137E15AFDB7244287C55494,d1,2,0.0,"[0.0, 6.0, 8.0]",plateau,545.0,545.0,0.0035208186600357294,,2.371209999999337,11.947359085083008,11.96311893038786,11.729453842835435,1.4321498807956516,9.654898379109891,14.611133995291631,2.3073923587799072
outer_4V/local,DE670C88CD4C1BB5CB52932BF150ECF3EB06C58D99FC25568198B43341E88A85,g1,2,0.0,"[0.0, 6.0, 8.0]",plateau,1664.0,1664.0,0.003539125435054302,,7.291866700001265,11.949999809265137,11.962643610759129,11.935359525174356,1.4328840487251457,9.654898390464714,14.611133982599078,2.3073923587799072
outer_4V/local,ABB731D5A8979AFBF6C06BD54EA1DDD112B098C7552C4241E81360F093DAC8CB,d2,2,0.0,"[0.0, 6.0, 8.0]",plateau,1791.0,1791.0,0.00352661800570786,,7.93894039999941,11.936368942260742,11.964783776166641,11.749868172350618,1.4323786891167238,9.654898390064098,14.61113398304689,2.3073923587799072
outer_4V/local,EE6DB79303B62D06B9EE9730856E3E0FC28B49D03B052E3AC35AE66FD9A279FE,d3,2,0.0,"[0.0, 6.0, 8.0]",plateau,2155.0,2155.0,0.0035267174243927,,9.614683100000548,11.94091796875,11.965179100291806,11.74245201116459,1.4323874471319487,9.654898377892756,14.611133996652162,2.3073923587799072
outer_4V/local,81CC5882817FA8B8E9BB50B320A3759684387D2980405DCFAB9E2FE0F5DCEE7A,d4,2,0.0,"[0.0, 6.0, 8.0]",plateau,2456.0,2456.0,0.003526069689542055,,10.847246499999528,11.962773323059082,11.963383779321672,11.91550927805695,1.4323751986439959,9.654898370361739,14.611134005070419,2.3073923587799072
outer_4V/local,C46DA01AEC30CE489BD334CD8798A9B690C4FCCBDA6E8168B855623A48DE9BBB,h4s,2,0.0,"[0.0, 6.0, 8.0]",plateau,2131.0,2131.0,0.0035279402509331703,,9.054035799999838,11.973159790039062,11.973613220307016,11.91856901633821,1.4323309962387607,9.654898379718457,14.61113399461137,2.3073923587799072
outer_4V/local,32CB701D5E1364B8B96407B22DEEBD866AC8D55CB886AEBA0DB6730DA225106F,equal4,2,0.0,"[0.0, 6.0, 8.0]",plateau,2494.0,2494.0,0.0035280208103358746,,10.289008200001263,11.984830856323242,11.977540686742028,11.931869432791135,1.4322962701965742,9.654898372567795,14.611134002604468,2.3073923587799072
outer_4V/kernel_profile,45A19AC237DD6CD7879C26E35A7697DD2FC6092E0470ED79DE1192525F70BAD0,C,0,0.0001,"[0.0, 6.0, 8.0]",epoch_limit,3500.0,3500.0,0.005619796458631754,,17.160969300000943,11.989999771118164,12.16875425202106,12.034832564543487,1.3405097428262398,9.867359223557134,14.680829201902744,1.0
outer_4V/kernel_profile,0E181AA04A9FCB5E51208B80E61240EEAC83C981841AF3EAFFCD5D268A494463,C,1,0.0001,"[0.0, 6.0, 8.0]",epoch_limit,3500.0,3500.0,0.0056259362027049065,,17.240923499999553,11.970000267028809,12.136175934291401,12.005285898467772,1.3648176943615749,9.812345673425389,14.670622353304468,1.0
outer_4V/kernel_profile,D890BFA0C3F1BB45A216C0BA6E8B33FE102BD381A8F1E03F915F00A40C385B4A,C,2,0.0001,"[0.0, 6.0, 8.0]",epoch_limit,3500.0,3500.0,0.005622491240501404,,16.545559400001366,11.989999771118164,12.142798532344992,12.020134444672037,1.3553431278352837,9.82253787369585,14.672709819289915,1.0
outer_4V/kernel_profile,89BD77DC027B38F30F668E8339E56B28EEF6E79D3A324F9B9AFC55F781C18491,C,0,0.0001,"[0.0, 6.0, 8.0]",epoch_limit,3500.0,3500.0,0.004641845356673002,,16.579167400001097,12.050000190734863,12.05914901167763,12.035451041275197,1.4311345818972128,9.714464295877066,14.643203343455081,2.0
outer_4V/kernel_profile,0E6EA8D67F3A2300A2AE693DB93752725F992C72D0810D0594180392EC11B0B7,C,1,0.0001,"[0.0, 6.0, 8.0]",epoch_limit,3500.0,3500.0,0.004644930362701416,,15.397039899999072,12.029999732971191,12.045191776793494,12.016989847102176,1.4377514449022701,9.692338678512945,14.636044520907495,2.0
outer_4V/kernel_profile,F742D337986915AFDDFDF28C0A7075E89BC7D8E2CC71BCE51CCA73F2660EE9F6,C,2,0.0001,"[0.0, 6.0, 8.0]",epoch_limit,3500.0,3500.0,0.0046416944824159145,,15.356282199998532,12.039999961853027,12.03445954124696,12.015310288803631,1.4409114316046079,9.675038463715026,14.634281580021653,2.0
outer_4V/kernel_profile,1FD9D074921298010C74A352F897056AC2C1B579A23CE7E6787E2A20DB04655A,C,0,0.0001,"[0.0, 6.0, 8.0]",epoch_limit,3500.0,3500.0,0.004752571694552898,,15.333094300000084,12.119999885559082,12.232485337182402,12.141357793611522,1.3548170916622804,9.91130286088152,14.726346673751303,3.0
outer_4V/kernel_profile,7F956B3AA48A317DBBEC5084AD68BAD5A15B4D5922CFE3A840AB1C143A24E0BC,C,1,0.0001,"[0.0, 6.0, 8.0]",epoch_limit,3500.0,3500.0,0.004775431472808123,,15.23674419999952,12.119999885559082,12.24463264545861,12.145057197765956,1.3606571964823433,9.913801596296052,14.74010402979296,3.0
outer_4V/kernel_profile,564ECDBD12897D913378428B122E0217B19F6997D88C378CE04625E2A303EA14,C,2,0.0001,"[0.0, 6.0, 8.0]",epoch_limit,3500.0,3500.0,0.004751533269882202,,13.346269899999243,12.09000015258789,12.194967869426426,12.112155268996341,1.3689794614880155,9.85125216242882,14.699449019153764,3.0
outer_6V/inner_C,B440AA7E4F85DF0AAF9E2C6FA2A4C9EFBFABF31EE40DC50DE4F3DF424BEE1886,C,0,1e-06,"[4.0, 8.0]",epoch_limit,3500.0,3500.0,0.003371516475453973,,19.38363120000031,12.199999809265137,11.976068663249533,12.138413275648208,1.300023072067078,9.978215537275764,14.458789005105606,2.4380064010620117
outer_6V/inner_C,2E640833E123D9526D9A360A77D6498805E017DB39DDE61BDCE5BCFC7ECA914C,C,0,0.0001,"[4.0, 8.0]",epoch_limit,3500.0,3500.0,0.0045341975055634975,,15.615558999999848,12.039999961853027,11.966588348229742,11.990129317003275,1.412611915415844,9.669004496771748,14.554339485928686,2.3922696113586426
outer_6V/inner_C,C8BEDA1002B86EFB4059E05B853B964F57DE9A75339C66B2A1DECDC09A16E2F8,C,0,0.01,"[4.0, 8.0]",epoch_limit,3500.0,3500.0,0.008388821966946125,,15.719732300000032,12.130000114440918,12.430961698445728,12.379199727779564,1.9800992278414258,9.354134996017013,15.605196349254141,2.462355136871338
outer_6V/inner_C,A8FCA783D8EE5ECE29B0E9F4305D35F3C3272FB0B75BA73C0AD803CBE4605E36,C,0,1e-06,"[0.0, 8.0]",epoch_limit,3500.0,3500.0,0.0038313758559525013,,17.250310899999022,12.229999542236328,12.011017295987893,12.15824931119306,1.326002799657981,10.028330557789621,14.56072363979941,2.4471466541290283
outer_6V/inner_C,025837924314C64B7A229BA54D0425285207872953C410132DB0D60FC787E3A5,C,0,0.0001,"[0.0, 8.0]",epoch_limit,3500.0,3500.0,0.0049138907343149185,,17.038558600001124,12.130000114440918,12.104017019881361,12.094751448836828,1.4667874003943286,9.729122805794066,14.721393835471348,2.273667812347412
outer_6V/inner_C,85FBE2E98A796C26B7D00E4E6F09FF9EC9F5F2910579B5E86DA5435C8EDBF721,C,0,0.01,"[0.0, 8.0]",epoch_limit,3500.0,3500.0,0.007373023312538862,,17.408713500000886,9.0,12.239759183801645,12.087242439257174,2.0314508666693616,9.274446797847194,15.613405802217537,2.9254579544067383
outer_6V/inner_C,EDB7050633B7C45561A9D6A8646117C77DCD68AB36848725DEDDA2BE6CCC86F6,C,0,1e-06,"[0.0, 4.0]",epoch_limit,3500.0,3500.0,0.002072349190711975,,16.54315250000036,11.710000038146973,11.72210084841898,11.684753372330121,1.2285604984460214,9.702633311566002,14.155264043201194,2.1462020874023438
outer_6V/inner_C,4CA13D28C513E94588A3E8BFE183DFD9FAD0D592EC433CCF3166988C43DB1044,C,0,0.0001,"[0.0, 4.0]",epoch_limit,3500.0,3500.0,0.0027396006044000387,,16.565834600000017,11.84000015258789,11.541158264975596,11.634878332865636,1.521809533884597,9.204095782936967,14.531325593185427,2.1493825912475586
outer_6V/inner_C,BD4C169811FE518403D773CD40B21DEB3D411126C36261A1FBE8BC665240EBBF,C,0,0.01,"[0.0, 4.0]",epoch_limit,3500.0,3500.0,0.0029461937956511974,,16.491283100000146,9.0,12.25215199229841,12.108878002371775,1.9933526515660935,9.299074695671687,15.565625138081678,2.3320250511169434
outer_6V/inner_local,7D5D84C282DD93F85DF779A44D33A6B1C4B1329A30B1C82A68481E482EA25862,d1,0,0.0,"[4.0, 8.0]",epoch_limit,3500.0,3500.0,0.006189074367284775,,17.01015170000028,12.619474411010742,12.507197855396551,12.377568348213384,1.9731904765258519,9.354135078392778,15.605196463909499,2.462355136871338
outer_6V/inner_local,390420A06C25811E9EE29255AF63CFB7B3FB4680EA313CFCEDC7E39B366A207C,g1,0,0.0,"[4.0, 8.0]",plateau,3414.0,3414.0,0.00628636684268713,,16.994565400000283,12.609999656677246,12.501492864462604,12.605222354321803,1.9729563491593747,9.35413507697829,15.605196465444171,2.462355136871338
outer_6V/inner_local,A3FCC3EC7BA6F5AF66FB9D5CA0A9C3CFC559DB38146803BD7D29FE013DEE5F36,d2,0,0.0,"[4.0, 8.0]",epoch_limit,3500.0,3500.0,0.006191324442625046,,17.373938499998985,12.619365692138672,12.507048078775131,12.613745150363384,1.9731827126487107,9.354135073911795,15.60519646877123,2.462355136871338
outer_6V/inner_local,68735D07635C1CF46C664F302E4F81F35D03FEFE08D22A0779DBBE363339D9E2,d3,0,0.0,"[4.0, 8.0]",plateau,3226.0,3226.0,0.006224732846021652,,15.960343799999464,12.604701042175293,12.504870326891945,12.402788269964354,1.973084832633017,9.354135078773972,15.605196463495911,2.462355136871338
outer_6V/inner_local,A5D8B4E0EFA06F2B714EAC7CE9F25052D96AE02FE533EE09250C206A01C53E47,d4,0,0.0,"[4.0, 8.0]",plateau,3262.0,3262.0,0.006225591525435448,,13.771560099999988,12.604729652404785,12.504853134131052,12.599716546626507,1.9730922105355744,9.354135077459238,15.60519646492236,2.462355136871338
outer_6V/inner_local,B81DC3B6AD46C50B837B34B9FA3BB30D39FF035348D4FC108CB8D253B35FE4B6,h4s,0,0.0,"[4.0, 8.0]",plateau,2883.0,2883.0,0.007898880168795586,,11.837595899998632,11.798349380493164,12.37982601037354,11.760041323445943,1.988202060305405,9.354135073133847,15.605196469615274,2.462355136871338
outer_6V/inner_local,FCE08DA5D3CA7FD2244ED75942329F357886087D2071E1F4FE022B86231D860B,equal4,0,0.0,"[4.0, 8.0]",plateau,3020.0,3020.0,0.007898427546024323,,12.441383200000928,11.798349380493164,12.37980953461911,11.759707107582114,1.988205902847878,9.354135076536073,15.605196465923958,2.462355136871338
outer_6V/inner_local,0816647308E3B0936BAF407C6727329D353929F87139E818F94C1518378073B3,d1,0,0.0,"[0.0, 8.0]",ineligible,,,,no_interior_main_peak,,,,,,,,
outer_6V/inner_local,748FFEE4DF7AB30F76A61249EC1F521EA92ECD2F9883D694A02E9F1B4F295A9C,g1,0,0.0,"[0.0, 8.0]",ineligible,,,,no_interior_main_peak,,,,,,,,
outer_6V/inner_local,A190CFC6C5D90CEF8BE11BDED47E2B88C78F7E6ECE5504CBC9CE76471CBF2971,d2,0,0.0,"[0.0, 8.0]",ineligible,,,,no_interior_main_peak,,,,,,,,
outer_6V/inner_local,07462667A541DEE29CD2BC085F8D62778E70A392E216532B66C0E93DE53F82C0,d3,0,0.0,"[0.0, 8.0]",ineligible,,,,no_interior_main_peak,,,,,,,,
outer_6V/inner_local,A9DC595CE9C20FB113CEB755B233B03D67EF91904B19DE7DBCEBAABA9751D159,d4,0,0.0,"[0.0, 8.0]",ineligible,,,,no_interior_main_peak,,,,,,,,
outer_6V/inner_local,3480F82EF88C6DC7CAC59B5FB00F2C0A1BD3784392771C6DD904DFB280F04F1F,h4s,0,0.0,"[0.0, 8.0]",ineligible,,,,no_interior_main_peak,,,,,,,,
outer_6V/inner_local,9F814A8634A75F75F1520A8CE60A30635A1507F5CD234DA77D291C7FC4C78113,equal4,0,0.0,"[0.0, 8.0]",ineligible,,,,no_interior_main_peak,,,,,,,,
outer_6V/inner_local,2786A2B01BAF02A838E41AD60A2FAECF2EE79A3D49F90931DE47FC7C440303C9,d1,0,0.0,"[0.0, 4.0]",ineligible,,,,no_interior_main_peak,,,,,,,,
outer_6V/inner_local,D66736521BA8782A8E3D69D1DF0FA3374E6074914307B80CC0D35AEEAC1BE274,g1,0,0.0,"[0.0, 4.0]",ineligible,,,,no_interior_main_peak,,,,,,,,
outer_6V/inner_local,D49ACC4F848BD0FF28925FF1A775B7872DE88C9BACB9A7144B56D3519CC06DB8,d2,0,0.0,"[0.0, 4.0]",ineligible,,,,no_interior_main_peak,,,,,,,,
outer_6V/inner_local,A4A7CDDE4AF30367A30C93BF40DAE48255634DF919AC99E76873608ABCB412AD,d3,0,0.0,"[0.0, 4.0]",ineligible,,,,no_interior_main_peak,,,,,,,,
outer_6V/inner_local,129A891A84E1C893AFBEA9A4C8FE996114C68C87792584B1D8DC501B349F5425,d4,0,0.0,"[0.0, 4.0]",ineligible,,,,no_interior_main_peak,,,,,,,,
outer_6V/inner_local,20F225240C57EC4DC368F1C35D1CED419E0701809F82FB2D71B8FD7BE3A58EEF,h4s,0,0.0,"[0.0, 4.0]",ineligible,,,,no_interior_main_peak,,,,,,,,
outer_6V/inner_local,EE68FB788C3FAA2853BF24B620342B01BCE318E73BAD10A518557864485C5D3C,equal4,0,0.0,"[0.0, 4.0]",ineligible,,,,no_interior_main_peak,,,,,,,,
outer_6V/coarse,89EBC9E648E4C21E35CFE49708ECD71611AC45F456154A9AD8AECA87E74ADB39,H1,0,0.0,"[0.0, 4.0, 8.0]",epoch_limit,3500.0,3500.0,0.0037612877786159515,,15.01817579999988,11.803276062011719,11.803276062011719,11.803276062011719,0.0,11.803276062011719,11.803276062011719,2.679469347000122
outer_6V/coarse,837AABA4DC8356C0A4157A9A935767CDCB9D4B5D322628216C21400ADE963645,H1,1,0.0,"[0.0, 4.0, 8.0]",epoch_limit,3500.0,3500.0,0.0037612863816320896,,14.976134900000034,11.803277969360352,11.803277969360352,11.803277969360352,0.0,11.803277969360352,11.803277969360352,2.679401159286499
outer_6V/coarse,9D20841ED0F81E3DAF7C4B1B6A05195E286E71C8C71F45C3303A0036937FBBE8,H1,2,0.0,"[0.0, 4.0, 8.0]",epoch_limit,3500.0,3500.0,0.0037612910382449627,,14.837338999999702,11.80327320098877,11.80327320098877,11.80327320098877,0.0,11.80327320098877,11.80327320098877,2.679572582244873
outer_6V/coarse,B8E0F23A5A3E86B4C0B2D564AD48FEE537020EE6994CAE2AC654B1EE432F753E,G1,0,0.0,"[0.0, 4.0, 8.0]",epoch_limit,3500.0,3500.0,0.003781012026593089,,18.180629799999224,11.8100004196167,11.805386578660137,11.800387535647918,0.08626851340363852,11.658445061795137,11.942374813212554,2.6855416297912598
outer_6V/coarse,EEAB129A781CC97FE09A984666961C7E9E1EF007EA35D673484347A4570C220D,G1,1,0.0,"[0.0, 4.0, 8.0]",epoch_limit,3500.0,3500.0,0.0037810339126735926,,16.794551100001627,11.8100004196167,11.805389438930478,11.800390399921326,0.08631608521004436,11.658364531779112,11.942460105782594,2.685455560684204
outer_6V/coarse,FD04A5463C1DFE3E32204303ADEB4BCF69B37CCA58EDF7AD003D7BD174FFABBA,G1,2,0.0,"[0.0, 4.0, 8.0]",epoch_limit,3500.0,3500.0,0.003780981060117483,,16.880128499999046,11.8100004196167,11.805523906220728,11.800525096015797,0.08619997554579843,11.658713132012856,11.942400775987197,2.6856558322906494
outer_6V/coarse,830847752160C90A4224AFA06846104DC3E377F212F946917C48F56173F30D94,C,0,0.01,"[0.0, 4.0, 8.0]",epoch_limit,3500.0,3500.0,0.0064887902699410915,,15.987238300000172,9.0,12.223364163628943,12.077911597793928,1.9813712068804545,9.295635682787125,15.552082306761248,2.7461917400360107
outer_6V/coarse,0DAB827A636D9B2438477E9C332085A4F9CA97D3ABBCA882A98F8AF1CC8AE3F6,C,1,0.01,"[0.0, 4.0, 8.0]",epoch_limit,3500.0,3500.0,0.0064988345839083195,,15.804600600000413,12.34000015258789,12.535617841639725,12.529321812674366,1.9790783717628548,9.386546885612084,15.63316348819361,2.750392436981201
outer_6V/coarse,065CFE0C54C7B5255621689194F69465183848B4CDDE9B074915F0EE70C8C3A2,C,2,0.01,"[0.0, 4.0, 8.0]",epoch_limit,3500.0,3500.0,0.006496977061033249,,13.258049500000197,12.15999984741211,12.46204172729982,12.411865448562748,2.0030251908640544,9.350520703780639,15.63869821923605,2.7485170364379883
outer_6V/local,9606F3A2C47B39508307FEFE9661C57B38BE2239C6076C79FFD07B1F084D7671,d1,0,0.0,"[0.0, 4.0, 8.0]",plateau,2896.0,2896.0,0.005561943165957928,,14.075637699999788,12.636054992675781,12.298789317969488,12.080260614605328,1.9832027289629115,9.295635475061504,15.552082056672768,2.7461917400360107
outer_6V/local,84873C25410FD5B985C778742EEE426175253E988F74A731E6033D5B1FD05FB3,g1,0,0.0,"[0.0, 4.0, 8.0]",plateau,2846.0,2846.0,0.005594871938228607,,13.740721000000121,12.630000114440918,12.293838123617148,12.597956612306358,1.9824512879772302,9.295635476562754,15.552082054481136,2.7461917400360107
outer_6V/local,5581899841942884755A5C9A5624F7E2A3CE6BBE06E9C55CC788135D9613301F,d2,0,0.0,"[0.0, 4.0, 8.0]",plateau,2980.0,2980.0,0.005562464706599712,,14.427634199999375,12.637460708618164,12.298715562304215,12.62163975396998,1.9831919685739983,9.295635473378146,15.552082059130246,2.7461917400360107
outer_6V/local,B6ACC59316AC74C0C8A99BBE3CC73B684A0B362AF8D952FC65E28B2682242A70,d3,0,0.0,"[0.0, 4.0, 8.0]",plateau,2908.0,2908.0,0.005568075459450483,,13.970296899999084,12.630790710449219,12.297901552344893,12.171614886803678,1.9830815383762022,9.29563547766545,15.552082052871352,2.7461917400360107
outer_6V/local,59B8F08A05A2456C03C3F7DE34153F1DEC1F57D8D0E0B73176D108A3071FA830,d4,0,0.0,"[0.0, 4.0, 8.0]",plateau,2732.0,2732.0,0.005571261513978243,,12.082443000001149,12.628697395324707,12.297494514000427,12.615369087653413,1.9830338841536812,9.29563547727968,15.552082053434523,2.7461917400360107
outer_6V/local,B3FC743C09C278C88A85316105EB86C7BDDD159C3EAD2B10D9F1437547EB3B59,h4s,0,0.0,"[0.0, 4.0, 8.0]",plateau,3022.0,3022.0,0.006105862557888031,,13.155106299998806,11.798352241516113,12.168362710281889,11.721933525024038,1.9841555159859645,9.295635475526181,15.552082055994395,2.7461917400360107
outer_6V/local,ED86C46637FA86F7A0E3C72290BB7D6B5467B6088B6C2DB74EC381E1292F448A,equal4,0,0.0,"[0.0, 4.0, 8.0]",plateau,3163.0,3163.0,0.006105785723775625,,13.874756300001536,11.798352241516113,12.16834997629656,11.721597092591853,1.9841581576095135,9.295635474627513,15.552082057306333,2.7461917400360107
outer_6V/local,010BAAB45133A1D9633EEDD5D48684413A449EFDFCC265F9CC948183F19F862A,d1,1,0.0,"[0.0, 4.0, 8.0]",plateau,2898.0,2898.0,0.005628565326333046,,12.823172600001271,12.636127471923828,12.608870685039145,12.512964734799114,1.969413822467045,9.386546818910636,15.633163339109428,2.750392436981201
outer_6V/local,96DFB4AECC4187639F05F377884B55869407C9914A0D5FCD6912F83038C48288,g1,1,0.0,"[0.0, 4.0, 8.0]",plateau,2857.0,2857.0,0.00566104706376791,,12.501978000000236,12.630000114440918,12.603982804589146,12.641761312044457,1.9694362907410097,9.38654681771344,15.633163340222806,2.750392436981201
outer_6V/local,409933B06F350EB4F5E342097D9407D6EFF4B7A8A90DC0B29BB3BB91DA6BAC97,d2,1,0.0,"[0.0, 4.0, 8.0]",plateau,2952.0,2952.0,0.005629280582070351,,13.008924799998567,12.63729190826416,12.608755901759105,12.633783193878566,1.969414039729228,9.386546817831075,15.633163340113414,2.750392436981201
outer_6V/local,48FDFB5DF0816A6941C72819EF43957889D65539232A8C1F16F83F550F419293,d3,1,0.0,"[0.0, 4.0, 8.0]",plateau,2774.0,2774.0,0.0056356023997068405,,12.312089099999866,12.629985809326172,12.607844893424629,12.54342292995941,1.9694336284492582,9.386546825635396,15.633163332855442,2.750392436981201
outer_6V/local,13B8AE27130139B57B541B79002340023910C3F07EEE808EFD7B698F3F0AB28A,d4,1,0.0,"[0.0, 4.0, 8.0]",plateau,2685.0,2685.0,0.005638442933559418,,11.846907900000588,12.628199577331543,12.607486368128134,12.625936072728418,1.9694488062729771,9.386546824533346,15.633163333880347,2.750392436981201
outer_6V/local,F73B69A78F49E745DF337EC3A2373317B7BA8C361223915A07932021703C34DF,h4s,1,0.0,"[0.0, 4.0, 8.0]",epoch_limit,3500.0,3500.0,0.006178456824272871,,15.388731499999267,11.798352241516113,12.480208003812983,11.787946274613875,1.9905273260706788,9.386546818460818,15.63316333952775,2.750392436981201
outer_6V/local,E1BBE67B36CEE024E4975EC721451DC37291B8DAD8BF38976AB0690E4ED7129C,equal4,1,0.0,"[0.0, 4.0, 8.0]",plateau,1887.0,1887.0,0.006267164833843708,,8.269507900000463,11.891592025756836,12.494251182467803,11.883874026515176,1.9860565207385559,9.386546821339646,15.633163336850467,2.750392436981201
outer_6V/local,7984DB750B2AB5FCF86FB542DD70D35C5DF03AF36469D51098903520EA311B2D,d1,2,0.0,"[0.0, 4.0, 8.0]",plateau,2875.0,2875.0,0.005624540615826845,,12.815918300000703,12.635519027709961,12.534782688237001,12.399908573822632,1.996189481664774,9.35052069761093,15.638698202113991,2.7485170364379883
outer_6V/local,8E529064B4A0AE538C879528EDCFA11504F28D7EEAF935569DA40F37D8BE20F7,g1,2,0.0,"[0.0, 4.0, 8.0]",plateau,2852.0,2852.0,0.005656342022120953,,12.664239599998837,12.630000114440918,12.530006872189565,12.63035303813924,1.9960359784677804,9.350520697876451,15.638698201845155,2.7485170364379883
outer_6V/local,AA685BF970D33AAE28E0D4209A9B2556C3535D51ACBB7AB22810ED8D7D224D29,d2,2,0.0,"[0.0, 4.0, 8.0]",plateau,2936.0,2936.0,0.005625169724225998,,13.120782600000894,12.63684368133545,12.534686634690738,12.63009321132672,1.9961864286887059,9.350520699259008,15.638698200445345,2.7485170364379883
outer_6V/local,64DA15E9393AF47F5241286BAA4C652D9210B26682C8BC7E8328EEDA10A2DC4C,d3,2,0.0,"[0.0, 4.0, 8.0]",plateau,2737.0,2737.0,0.005631400737911463,,12.02870299999995,12.629678726196289,12.533808876173863,12.44478825179511,1.9961751237246974,9.350520701355155,15.638698198323048,2.7485170364379883
outer_6V/local,5D0EA77E127CB0279856529912839E9344E2C8F7FAC57269CCD0C73BC2FA6CFE,d4,2,0.0,"[0.0, 4.0, 8.0]",plateau,2764.0,2764.0,0.005633276887238026,,12.197188000000097,12.628700256347656,12.53359053328804,12.623648475957047,1.9961794593374222,9.350520698424669,15.638698201290094,2.7485170364379883
outer_6V/local,466A505448A84E0B46C5AA11DE9B9BFDC6AE22E4EFCF11B6252E4DA06D5631E3,h4s,2,0.0,"[0.0, 4.0, 8.0]",plateau,2112.0,2112.0,0.006257479079067707,,9.314749600000141,11.873591423034668,12.418672265971352,11.856891416923004,2.0090609567941073,9.350520701154295,15.638698198526418,2.7485170364379883
outer_6V/local,9F5240E75365E7675AED47371B38CFD9DF8D5E7750EB455999F637771BE61B39,equal4,2,0.0,"[0.0, 4.0, 8.0]",plateau,1902.0,1902.0,0.006272702477872372,,7.6139502999994875,11.891592025756836,12.421700663342977,11.872159529398678,2.0082539505010994,9.350520695056414,15.638698204700376,2.7485170364379883
outer_6V/kernel_profile,8AEEF28AA2A1A1C09885865EFDBE51F1A4C4C1B81EA87575AD17EFB34DC3A756,C,0,0.01,"[0.0, 4.0, 8.0]",epoch_limit,3500.0,3500.0,0.006512886844575405,,16.05505489999996,9.0,12.304180657968995,12.19200926920926,1.996104419564612,9.308430632433494,15.578951000596419,1.0
outer_6V/kernel_profile,EEA7920779A4ABEBCD2D02BF873043AB24B8E8F45E31D7D5664FC68AE31BC19F,C,1,0.01,"[0.0, 4.0, 8.0]",epoch_limit,3500.0,3500.0,0.006517396308481693,,16.15100859999984,12.319999694824219,12.548702630598427,12.555562803006069,1.9817180234014058,9.388541988457428,15.634304413020494,1.0
outer_6V/kernel_profile,4A08FF792A9F0AD55FA87C2020ED4F203463C5DC15908AA61D189BF09C2D11BC,C,2,0.01,"[0.0, 4.0, 8.0]",epoch_limit,3500.0,3500.0,0.006516394205391407,,16.21123169999919,11.979999542236328,12.482468651211702,12.45102329723619,2.0069036792112325,9.352028672460934,15.638962456001037,1.0
outer_6V/kernel_profile,379E6CCA0EB6E4C1037E6F17B834A680680B13322B7B1743BE1E6162A96F519D,C,0,0.01,"[0.0, 4.0, 8.0]",epoch_limit,3500.0,3500.0,0.0065139057114720345,,16.174269499999355,11.779999732971191,12.297913705039534,12.18195599769892,1.9867198835519464,9.313350633682212,15.576491973657154,2.0
outer_6V/kernel_profile,91E8C09E0D93A42674440814FB1846F09D62838642315844A005BE151BC20900,C,1,0.01,"[0.0, 4.0, 8.0]",epoch_limit,3500.0,3500.0,0.0065210615284740925,,15.27767700000004,12.319999694824219,12.539997566959427,12.537675544142028,1.9797179045464552,9.386954388170837,15.633469308366188,2.0
outer_6V/kernel_profile,A5ABBDCDEDC464B59C74384783D424C2E8FCB51571BD30B46E126EABB12FF553,C,2,0.01,"[0.0, 4.0, 8.0]",epoch_limit,3500.0,3500.0,0.006519678980112076,,15.31193069999972,12.109999656677246,12.468835272662334,12.424283437746176,2.0038465583680525,9.351070673111312,15.63860098827675,2.0
outer_6V/kernel_profile,AF1F1A1C861927ECD83CEEDCBC5B391C69AE7B5BDFBCA7DFC4F3A5EFF0027FB4,C,0,0.01,"[0.0, 4.0, 8.0]",epoch_limit,3500.0,3500.0,0.006495773326605558,,15.308841299998676,11.859999656677246,12.335804250405792,12.231706401334543,1.9927469473054125,9.321891845312319,15.593596009391934,3.0
outer_6V/kernel_profile,6193B9ABB07B29D3BC095C2DFF8F8C0B7265EDA29F8B7B6A017BF1AD02A169B4,C,1,0.01,"[0.0, 4.0, 8.0]",epoch_limit,3500.0,3500.0,0.006501972209662199,,15.334981699999844,12.329999923706055,12.54143236778451,12.53877188448898,1.9808242715990014,9.387375868863332,15.634222266653671,3.0
outer_6V/kernel_profile,FB3309DEDFC0A16291097A5D8ACA11902B9FB406CFFBFA20278E7EE0281163BF,C,2,0.01,"[0.0, 4.0, 8.0]",epoch_limit,3500.0,3500.0,0.006500387564301491,,12.483745599998656,12.119999885559082,12.468675901950258,12.42294397432926,2.0051192879494373,9.350866336351833,15.639210145278781,3.0
outer_8V/inner_C,497EFCE17C15C24C2662B278A45AB8DBFD0B23430D8E7CBEEE837457EE9CCFB9,C,0,1e-06,"[4.0, 6.0]",epoch_limit,3500.0,3500.0,0.002261212095618248,,15.777898899999855,12.020000457763672,11.826596494279167,11.954965130554315,1.23209764982053,9.916773733286787,14.344852592207081,2.2255373001098633
outer_8V/inner_C,F3889DCC07644EE6F3464101A6A5AB2BAB6BEDEF68D69B6EF5B68ED3EB4E6B8E,C,0,0.0001,"[4.0, 6.0]",epoch_limit,3500.0,3500.0,0.003439016407355666,,15.586720900000728,11.989999771118164,11.852488826797007,11.912644668062761,1.429991775759485,9.589298631852124,14.491548384928404,2.247295379638672
outer_8V/inner_C,5EB3B345A7C9B6CCB95B3546750361CE3D5970CF670F93C364CE0C27D006DF36,C,0,0.01,"[4.0, 6.0]",epoch_limit,3500.0,3500.0,0.006179023068398237,,12.975771100000202,11.920000076293945,12.343923045720485,12.260776512401138,1.9584197618699728,9.342569371923204,15.55736015709212,2.4078736305236816
outer_8V/inner_C,30416BDED783E1EB39E3AF3E77C5D48B2CAC41966022943851DEFC169E889FAF,C,0,1e-06,"[0.0, 6.0]",epoch_limit,3500.0,3500.0,0.00310260197147727,,17.508336700000655,12.0600004196167,11.937550128229054,12.015472422814206,1.277201105569935,9.940960634725279,14.431863051385605,2.2703449726104736
outer_8V/inner_C,98E38605A1617F4BD18B6C9251BD3643B0AA251A011DC0121984F03153D5CDD3,C,0,0.0001,"[0.0, 6.0]",epoch_limit,3500.0,3500.0,0.00398486340418458,,13.880713000000469,12.0600004196167,12.053701141486128,12.03725943068661,1.5009773330914264,9.58820141175643,14.721602496592903,2.158452033996582
outer_8V/inner_C,80669D35AD59F777C24C0CF9ED93C58AB327C7F75F9D81708235BD2498D9D8F4,C,0,0.01,"[0.0, 6.0]",epoch_limit,3500.0,3500.0,0.004797201603651047,,13.931843500000468,11.3100004196167,12.276369202803027,12.156743438634123,1.9746947474267278,9.314391934745355,15.553462012186063,2.4015820026397705
outer_8V/inner_C,EDB7050633B7C45561A9D6A8646117C77DCD68AB36848725DEDDA2BE6CCC86F6,C,0,1e-06,"[0.0, 4.0]",epoch_limit,3500.0,3500.0,0.002072349190711975,,16.54315250000036,11.710000038146973,11.72210084841898,11.684753372330121,1.2285604984460214,9.702633311566002,14.155264043201194,2.1462020874023438
outer_8V/inner_C,4CA13D28C513E94588A3E8BFE183DFD9FAD0D592EC433CCF3166988C43DB1044,C,0,0.0001,"[0.0, 4.0]",epoch_limit,3500.0,3500.0,0.0027396006044000387,,16.565834600000017,11.84000015258789,11.541158264975596,11.634878332865636,1.521809533884597,9.204095782936967,14.531325593185427,2.1493825912475586
outer_8V/inner_C,BD4C169811FE518403D773CD40B21DEB3D411126C36261A1FBE8BC665240EBBF,C,0,0.01,"[0.0, 4.0]",epoch_limit,3500.0,3500.0,0.0029461937956511974,,16.491283100000146,9.0,12.25215199229841,12.108878002371775,1.9933526515660935,9.299074695671687,15.565625138081678,2.3320250511169434
outer_8V/inner_local,9C4C106BEE87240DC7844612776AB5A213AEBBFF3F59B8608BF912AFCC88D2FC,d1,0,0.0,"[4.0, 6.0]",epoch_limit,3500.0,3500.0,0.004477083217352629,,17.99428960000114,12.40803337097168,12.421912944213995,12.256720517500309,1.946276297957471,9.342569168372682,15.557360035122839,2.4078736305236816
outer_8V/inner_local,7E45EF35031AEBA8AD829EBD28EAAC7F2B0E8DC37F5402D5500520F0D049464E,g1,0,0.0,"[4.0, 6.0]",epoch_limit,3500.0,3500.0,0.004557918757200241,,18.214742099999057,12.399999618530273,12.416214144839998,12.402307686791776,1.9464089137749125,9.342569167285548,15.557360036476652,2.4078736305236816
outer_8V/inner_local,062F72154DC7AA13285872A507023747A9458989C5ABC7F48F67DBCBD6FB8BB6,d2,0,0.0,"[4.0, 6.0]",epoch_limit,3500.0,3500.0,0.00447851000353694,,17.86306809999951,12.408340454101562,12.42180362572913,12.404807262911026,1.9462779425549825,9.342569170937978,15.55736003192827,2.4078736305236816
outer_8V/inner_local,0CC0EB3EE50E722D7509DBCB686309355902949DC3408F025EE8B4251085E1E3,d3,0,0.0,"[4.0, 6.0]",epoch_limit,3500.0,3500.0,0.004504120908677578,,18.82149930000014,12.395068168640137,12.419798211623423,12.271205023777636,1.9463230569332093,9.342569166769373,15.557360037119432,2.4078736305236816
outer_8V/inner_local,55783005D4C04AD909639DD0E8853A8B1A9CDA12CFF0DA83B8D14B0621FF164B,d4,0,0.0,"[4.0, 6.0]",epoch_limit,3500.0,3500.0,0.0045044925063848495,,15.71218730000146,12.395129203796387,12.419793898310617,12.392021119752915,1.9463284751793635,9.342569169444896,15.557360033787614,2.4078736305236816
outer_8V/inner_local,90E043BC5864A57825B4F08295A2E6123F5B469A9B3AD30833174617F5CB36AB,h4s,0,0.0,"[4.0, 6.0]",epoch_limit,3500.0,3500.0,0.0055822692811489105,,15.421189500000764,12.07795524597168,12.36871475356658,12.061556835919395,1.9504956197755665,9.34256917009624,15.557360032976487,2.4078736305236816
outer_8V/inner_local,AA5E087305E7CF58B05CF38DA9CD1D21BFA872B40C28C8D365B83AB4A2C64CAA,equal4,0,0.0,"[4.0, 6.0]",epoch_limit,3500.0,3500.0,0.005582342855632305,,15.465861300001052,12.077871322631836,12.368705598831761,12.063267128056367,1.9504956985977646,9.342569172060294,15.55736003053066,2.4078736305236816
outer_8V/inner_local,CA2FEABE33F8E077160E35EC8E6E6D6B7251EBA74C0A39ACBBA517C594AF0386,d1,0,0.0,"[0.0, 6.0]",epoch_limit,3500.0,3500.0,0.004218848422169685,,15.598185500000909,11.800389289855957,12.354326893691203,12.156743580694787,1.9410437172766737,9.314391982152436,15.553461788392216,2.4015820026397705
outer_8V/inner_local,474AD7458B5F7A61E946EFF3D625C0D4B3B48CDB6A9353470CB0AF2E9DEF5F99,g1,0,0.0,"[0.0, 6.0]",plateau,3314.0,3314.0,0.004288146272301674,,14.543727000000217,11.789999961853027,12.348426067105644,12.1567435363272,1.942820921778213,9.31439198654879,15.553461782375004,2.4015820026397705
outer_8V/inner_local,B82E8DD4D681B8406CA213D04CB91906BCDEC0397A7740903EA86A3EF7751B43,d2,0,0.0,"[0.0, 6.0]",epoch_limit,3500.0,3500.0,0.004217830020934343,,15.361529400001018,11.801989555358887,12.354425980582342,12.156743579197979,1.9410162477356083,9.314391982300753,15.55346178818921,2.4015820026397705
outer_8V/inner_local,7E2396E69D1B5B294AC9D575618C33D394D30985F44ACBC6544BF40895A573C5,d3,0,0.0,"[0.0, 6.0]",plateau,3310.0,3310.0,0.004246815107762814,,14.58515989999978,11.784855842590332,12.351789093140159,12.156743640192891,1.9418074352640196,9.31439197625681,15.553461796461432,2.4015820026397705
outer_8V/inner_local,C2792401A5231F4CC13F73D2F16B80C1FA3D53130DAF4697F9A757B32E299541,d4,0,0.0,"[0.0, 6.0]",plateau,2869.0,2869.0,0.004245786927640438,,12.664840199999162,11.786283493041992,12.351826309689047,12.156743548326318,1.9418469430167677,9.314391985359805,15.553461784002348,2.4015820026397705
outer_8V/inner_local,97A03CE3A92D3C5C155DD65E064D1E7A379684F8B6F83BE0AA9221CDC7867C1E,h4s,0,0.0,"[0.0, 6.0]",plateau,2905.0,2905.0,0.0046160658821463585,,11.832245900000999,11.578073501586914,12.317987265151983,12.15674354065518,1.9532267765218347,9.314391986119933,15.553461782961982,2.4015820026397705
outer_8V/inner_local,CFE30FA70201AB70E004FB3DAE02ED002FEA4FA170297F8F8DD79248201C580F,equal4,0,0.0,"[0.0, 6.0]",plateau,2965.0,2965.0,0.004615961108356714,,11.911871899998005,11.578073501586914,12.317994304528268,12.156743606888922,1.9532208272654066,9.314391979556877,15.553461791944697,2.4015820026397705
outer_8V/inner_local,2786A2B01BAF02A838E41AD60A2FAECF2EE79A3D49F90931DE47FC7C440303C9,d1,0,0.0,"[0.0, 4.0]",ineligible,,,,no_interior_main_peak,,,,,,,,
outer_8V/inner_local,D66736521BA8782A8E3D69D1DF0FA3374E6074914307B80CC0D35AEEAC1BE274,g1,0,0.0,"[0.0, 4.0]",ineligible,,,,no_interior_main_peak,,,,,,,,
outer_8V/inner_local,D49ACC4F848BD0FF28925FF1A775B7872DE88C9BACB9A7144B56D3519CC06DB8,d2,0,0.0,"[0.0, 4.0]",ineligible,,,,no_interior_main_peak,,,,,,,,
outer_8V/inner_local,A4A7CDDE4AF30367A30C93BF40DAE48255634DF919AC99E76873608ABCB412AD,d3,0,0.0,"[0.0, 4.0]",ineligible,,,,no_interior_main_peak,,,,,,,,
outer_8V/inner_local,129A891A84E1C893AFBEA9A4C8FE996114C68C87792584B1D8DC501B349F5425,d4,0,0.0,"[0.0, 4.0]",ineligible,,,,no_interior_main_peak,,,,,,,,
outer_8V/inner_local,20F225240C57EC4DC368F1C35D1CED419E0701809F82FB2D71B8FD7BE3A58EEF,h4s,0,0.0,"[0.0, 4.0]",ineligible,,,,no_interior_main_peak,,,,,,,,
outer_8V/inner_local,EE68FB788C3FAA2853BF24B620342B01BCE318E73BAD10A518557864485C5D3C,equal4,0,0.0,"[0.0, 4.0]",ineligible,,,,no_interior_main_peak,,,,,,,,
outer_8V/coarse,8C953972D15BD7444D108E363CF8C017CF2274578AF3E120B3387BE25D601DCD,H1,0,0.0,"[0.0, 4.0, 6.0]",epoch_limit,3500.0,3500.0,0.0026785971131175756,,15.997066899999481,11.694681167602539,11.694681167602539,11.694681167602539,0.0,11.694681167602539,11.694681167602539,2.3055970668792725
outer_8V/coarse,0279533447D3BC00903D7FE23C5AAE4D8C059E070117CB7D4C93FE1DFAEEF361,H1,1,0.0,"[0.0, 4.0, 6.0]",epoch_limit,3500.0,3500.0,0.0026785980444401503,,16.472012999998697,11.694681167602539,11.694681167602539,11.694681167602539,0.0,11.694681167602539,11.694681167602539,2.305563449859619
outer_8V/coarse,30C1CB6B30DF923310FAD9C9BB02C5D2FC61636D716F4E1D01661C091756A713,H1,2,0.0,"[0.0, 4.0, 6.0]",epoch_limit,3500.0,3500.0,0.0026785971131175756,,16.226187599997502,11.694679260253906,11.694679260253906,11.694679260253906,0.0,11.694679260253906,11.694679260253906,2.305631637573242
outer_8V/coarse,6834659E054BF375C2401C091894535DF5527437E702F675585BADCCEB951434,G1,0,0.0,"[0.0, 4.0, 6.0]",epoch_limit,3500.0,3500.0,0.002697661053389311,,19.319985899997846,11.699999809265137,11.69696040916904,11.691962442814244,0.0817258162805474,11.557429370073445,11.826534198763321,2.2996408939361572
outer_8V/coarse,4432F12BF5E582A146DC50434FD42C9CEB64BA1C19EBF03B70B1D760B6771018,G1,1,0.0,"[0.0, 4.0, 6.0]",epoch_limit,3500.0,3500.0,0.002697682473808527,,16.878798800000368,11.699999809265137,11.696968040034706,11.691970072638291,0.08176762850180909,11.557365138909658,11.82660829905793,2.299583673477173
outer_8V/coarse,54C17458B3BD71811BD92548B8C5478331D34C886C8A63F944F8E1763A27C3BA,G1,2,0.0,"[0.0, 4.0, 6.0]",epoch_limit,3500.0,3500.0,0.0026976384688168764,,16.91200630000094,11.699999809265137,11.696968037706707,11.691970074884802,0.08168087379102068,11.557515187916328,11.826469829262859,2.299696922302246
outer_8V/coarse,F895C98D27FE475DA33369E40BAE7EC0EB7339525E3C3E33EB88116A2E6CED10,C,0,0.01,"[0.0, 4.0, 6.0]",epoch_limit,3500.0,3500.0,0.0046755545772612095,,15.95598550000068,11.34000015258789,12.273587966281427,12.152150909572713,1.9744515947546974,9.313743932396852,15.552579226226653,2.388453960418701
outer_8V/coarse,E7AC08441C8D74FF53863DBD2D5AF6F4F238CA1C7873B75CDFAC453BB44F80CD,C,1,0.01,"[0.0, 4.0, 6.0]",epoch_limit,3500.0,3500.0,0.004683525767177343,,15.836771599999338,12.279999732971191,12.541436217605881,12.542153617922683,1.9785523948281951,9.390650985754418,15.631996447857928,2.3893043994903564
outer_8V/coarse,47015D3B151DB86CEDD63DB9BCF2490AC56DA73DCF0450ADF281A2BE17A3C82B,C,2,0.01,"[0.0, 4.0, 6.0]",epoch_limit,3500.0,3500.0,0.004682498052716255,,13.296262199997727,11.960000038146973,12.47425370813971,12.435946656937547,2.0035813575509835,9.353433493400336,15.636906685909933,2.387765884399414
outer_8V/local,F84B526BD514A898EFCD7BB586A0AD444184F72E901B2C5737DC3F211A130107,d1,0,0.0,"[0.0, 4.0, 6.0]",plateau,2555.0,2555.0,0.004156716633588076,,12.64773310000237,12.437849998474121,12.349141365362097,12.147147199719841,1.966760574920193,9.313743967955077,15.552578985741953,2.388453960418701
outer_8V/local,F1F72450E2151F1612FF79FFB324D897C1BA8ED61760A40525FB10FC718DF4A7,g1,0,0.0,"[0.0, 4.0, 6.0]",plateau,2547.0,2547.0,0.004181652329862118,,12.314866900000197,12.430000305175781,12.344166767667954,12.426355496752931,1.9666256752129334,9.313743964264638,15.552578990812961,2.388453960418701
outer_8V/local,BD9A3A9AD5B982A1A2B0BEAFB46F2FD609FB5328D107AC9D02214F031FBB0DF7,d2,0,0.0,"[0.0, 4.0, 6.0]",plateau,2722.0,2722.0,0.0041566104628145695,,13.232029499999044,12.439702987670898,12.349196904353745,12.431834725592003,1.9667644847054022,9.313743966770833,15.552578987369223,2.388453960418701
outer_8V/local,02CD83B267C67A3F94F8659F91AEAF32C7CCE713FEE60D25DED78DE01B64C1EA,d3,0,0.0,"[0.0, 4.0, 6.0]",plateau,2789.0,2789.0,0.004162087105214596,,13.581206699996983,12.43066692352295,12.347985183540496,12.228443115556262,1.966730176564613,9.313743967770037,15.552578985996213,2.388453960418701
outer_8V/local,A4767D868CE2E4309551DDA4A426BC3177E9189D79BE9EC7FC8A74ACABCD90D1,d4,0,0.0,"[0.0, 4.0, 6.0]",plateau,2531.0,2531.0,0.004163889214396477,,11.234991000001173,12.429251670837402,12.34769474084941,12.42273792163043,1.9667358219638256,9.313743971156235,15.552578981343272,2.388453960418701
outer_8V/local,65770C5C0DB0F89156610B9A9AFAD1C3B34245E7720FA5DF4765F28C4444880E,h4s,0,0.0,"[0.0, 4.0, 6.0]",plateau,706.0,706.0,0.004577518906444311,,3.1293031999994128,11.973159790039062,12.277401542038957,11.958100451189013,1.970709191526647,9.313743968103106,15.552578985538549,2.388453960418701
outer_8V/local,CAE2428F0E05DC0F144091E9A128FD52CB50A32288B943A1B3576EAF994BE66F,equal4,0,0.0,"[0.0, 4.0, 6.0]",plateau,801.0,801.0,0.004575264174491167,,3.4721327999977802,11.984830856323242,12.278842301459974,11.968632965492139,1.9704624167891749,9.313743965142498,15.552578989606703,2.388453960418701
outer_8V/local,B665402B9E0FCA40551701624FE45785ADA52534AA40511B38C5CAA330D56106,d1,1,0.0,"[0.0, 4.0, 6.0]",plateau,2631.0,2631.0,0.004214169457554817,,11.602934899998218,12.439247131347656,12.61365633686725,12.542153516537311,1.9615476387023476,9.390651019237888,15.63199627386551,2.3893043994903564
outer_8V/local,0EAF8A305054BAF984ADB2D9270EFAAF1A33D78AFAF0F5E3D5B30BB8C820BFE4,g1,1,0.0,"[0.0, 4.0, 6.0]",plateau,2460.0,2460.0,0.004240339621901512,,10.786274199999752,12.430000305175781,12.608545026896111,12.542153540845655,1.962094051826414,9.39065101635511,15.631996276534997,2.3893043994903564
outer_8V/local,B9B74E1B8F1ACE34445F6BC32A1030B2AF3B5D72E63C06302DC2C5528C5B09BB,d2,1,0.0,"[0.0, 4.0, 6.0]",plateau,2695.0,2695.0,0.004214749205857515,,11.81480499999816,12.439902305603027,12.613528823061941,12.542153510422523,1.9615603426265649,9.390651019963054,15.631996273194009,2.3893043994903564
outer_8V/local,4D80E89A0DFFF05FE08065D67BB82E95C731A74573A29D9BB78C673DE96E4B4F,d3,1,0.0,"[0.0, 4.0, 6.0]",plateau,2774.0,2774.0,0.004219892900437117,,12.294741000001522,12.43142032623291,12.612438866080783,12.542153549882022,1.9616781042080678,9.390651015283467,15.63199627752735,2.3893043994903564
outer_8V/local,E082AA499015B781843BCBD1C8458CBF24BC1A0F4B656F5B6EA21E9C351F17DD,d4,1,0.0,"[0.0, 4.0, 6.0]",plateau,2513.0,2513.0,0.004222022369503975,,11.128290399999969,12.429530143737793,12.612084010562672,12.542153514721985,1.9617293966325473,9.390651019453172,15.631996273666163,2.3893043994903564
outer_8V/local,52269F47F7C40EE752E254986FC15A7A580481CF136863CAA47FE06DCB55B4E5,h4s,1,0.0,"[0.0, 4.0, 6.0]",plateau,690.0,690.0,0.004591742996126413,,3.0218492000021797,11.973159790039062,12.544185214933917,12.542153513479917,1.974733534160683,9.39065101960047,15.631996273529754,2.3893043994903564
outer_8V/local,A0B48B505D23CA46B4E4960FC7D9839C285ED7C41A3761B71FCBC127CC93B93E,equal4,1,0.0,"[0.0, 4.0, 6.0]",plateau,751.0,751.0,0.004589855205267668,,3.302182899999025,11.984830856323242,12.545490703741711,12.542153507365127,1.9743354706338803,9.390651020325636,15.631996272858245,2.3893043994903564
outer_8V/local,56CC57C6A2E227903BEC3277156D1B045FD9128E9686915AC11DA6E115D06896,d1,2,0.0,"[0.0, 4.0, 6.0]",plateau,2579.0,2579.0,0.004217570647597313,,11.454148699998768,12.43861198425293,12.546006667894282,12.420099134123639,1.9892884852642838,9.353433554313412,15.636906635062134,2.387765884399414
outer_8V/local,69132B8BB1740930EC8CF6948B1CF5B866EFF018F82EFEF98EA21A01EF3BA8BC,g1,2,0.0,"[0.0, 4.0, 6.0]",plateau,2495.0,2495.0,0.0042427051812410355,,11.036831800000073,12.430000305175781,12.54109283977602,12.455994196954537,1.9896411054644314,9.35343355549954,15.636906633866918,2.387765884399414
outer_8V/local,956F34C6FFD0A4A1AB0174E6DA484AD6794A30AF8A6402A6751FEE0212F765B2,d2,2,0.0,"[0.0, 4.0, 6.0]",plateau,2607.0,2607.0,0.004218455869704485,,11.638434100001177,12.438806533813477,12.545801042371277,12.438300501570701,1.9893010312420687,9.353433555309843,15.63690663405807,2.387765884399414
outer_8V/local,2D7756B6C652C5D6F0772CBC9D8847BC875D05525F80FA92034ECAC0478466E7,d3,2,0.0,"[0.0, 4.0, 6.0]",plateau,2714.0,2714.0,0.00422334112226963,,12.064277900000889,12.430716514587402,12.544790147044603,12.434845512957178,1.9893764392292286,9.353433554894663,15.63690663447643,2.387765884399414
outer_8V/local,EA60B0822BC4815907A7D060DE34749A6083A0730030BD62914E4B345452153C,d4,2,0.0,"[0.0, 4.0, 6.0]",plateau,2425.0,2425.0,0.004225574433803558,,10.237454199999775,12.428756713867188,12.544420943252355,12.4381473616304,1.9894171075097897,9.35343355147462,15.636906637922694,2.387765884399414
outer_8V/local,836F9410871398D79C765762EDFD7AF7451100C06C1CB4DB418DCE519984E98F,h4s,2,0.0,"[0.0, 4.0, 6.0]",plateau,699.0,699.0,0.00459018861874938,,3.0835243000001356,11.973159790039062,12.477376190916178,12.067965576985461,1.999833853539086,9.353433555475915,15.636906633890723,2.387765884399414
outer_8V/local,9BEA2CDDC3A7C00E930E74CA7FE82E4983E3DC03FF6C8795A14F27CA69184F24,equal4,2,0.0,"[0.0, 4.0, 6.0]",plateau,754.0,754.0,0.004588391166180372,,3.163073699997767,11.984830856323242,12.478631653373078,12.068045464627781,1.9994984407449428,9.353433552818764,15.636906636568238,2.387765884399414
outer_8V/kernel_profile,8788F259B6508556781654F5FE511EBE46F817D842F411C24EE34436B1CAF0D9,C,0,0.01,"[0.0, 4.0, 6.0]",epoch_limit,3500.0,3500.0,0.0046272180043160915,,17.306585300000734,9.0,12.316024219940656,12.209155460739076,1.9944127745538973,9.313327902890624,15.580580847950271,1.0
outer_8V/kernel_profile,67CF2D7D3A0FD837085BD79A22822FB457A7CEB5904ADACBDF800024EFC80B60,C,1,0.01,"[0.0, 4.0, 6.0]",epoch_limit,3500.0,3500.0,0.00463211489841342,,17.2713021999989,12.3100004196167,12.548644006443672,12.556319730630415,1.9814325592940323,9.3896302434543,15.633777536234144,1.0
outer_8V/kernel_profile,73242DD9602EAD59BCAEDC4A8FD87E04D7E23B8C3B4ECFB93AFAC2069A0AA7AE,C,2,0.01,"[0.0, 4.0, 6.0]",epoch_limit,3500.0,3500.0,0.00463101314380765,,17.16920459999892,11.899999618530273,12.482706022889282,12.45230287862629,2.0067421665849463,9.352684392017121,15.638386516197544,1.0
outer_8V/kernel_profile,7A4E5A7B719F6BFA49CDFFB25BD29CE302CCEA665893086D8AE8A7B73487E27B,C,0,0.01,"[0.0, 4.0, 6.0]",epoch_limit,3500.0,3500.0,0.0046683140099048615,,17.079784499997913,11.710000038146973,12.355895901315895,12.26777434872303,1.9772469840817053,9.336989522196742,15.580925363227614,2.0
outer_8V/kernel_profile,F37BA4A2DC275CC5DEFEF4F5B84D522A9A0A350C7C14ADA3EB820591BA733219,C,1,0.01,"[0.0, 4.0, 6.0]",epoch_limit,3500.0,3500.0,0.004673993214964867,,15.072201599999971,12.289999961853027,12.54573387454468,12.548791334246129,1.978553403047955,9.39154351926825,15.632598533456271,2.0
outer_8V/kernel_profile,C9A48151285B5B04BDEB55825336FEB6FC0B8F422A9E7533C9447321E06D2DC2,C,2,0.01,"[0.0, 4.0, 6.0]",epoch_limit,3500.0,3500.0,0.004672882612794638,,15.067251300002681,11.970000267028809,12.477580094050978,12.441644985908027,2.0036690270787143,9.353779286474508,15.637029461329272,2.0
outer_8V/kernel_profile,AD6A4DAD15C99CE4038FDB019CF1DD7B6BB53D033F4FC34FC217E4C41642A4BC,C,0,0.01,"[0.0, 4.0, 6.0]",epoch_limit,3500.0,3500.0,0.004700286779552698,,15.003288500000053,11.800000190734863,12.40414904345498,12.33679611415236,1.9768418015408946,9.35285730337348,15.594167375535818,3.0
outer_8V/kernel_profile,7AA70C121614089CF585E9E0FF5F247951962EB2EEAD685F5A6E4402BAF50DCA,C,1,0.01,"[0.0, 4.0, 6.0]",epoch_limit,3500.0,3500.0,0.00470453267917037,,14.963754799999151,12.3100004196167,12.549273543673714,12.5550675314454,1.9791474945157626,9.392677646466712,15.633045607582556,3.0
outer_8V/kernel_profile,70938B0F9D426D893F14F174373884BB33E61C761A6C07DBF139120F312B5F02,C,2,0.01,"[0.0, 4.0, 6.0]",epoch_limit,3500.0,3500.0,0.004703566897660494,,12.52795409999817,11.960000038146973,12.481685782949924,12.44954184927186,2.004611527737152,9.35428366971806,15.63715924713302,3.0
final/inner_C,3E238191551F9F410F8014FDB70D71630502FF8E0CAE3CB3DC5A07AB339110C9,C,0,1e-06,"[4.0, 6.0, 8.0]",epoch_limit,3500.0,3500.0,0.0029276064597070217,,18.151127900000574,12.180000305175781,11.971102671105763,12.128209371453881,1.3016603786385235,9.964222308317698,14.44421052967793,2.3662540912628174
final/inner_C,B4D4AB1B7A3B7E93CBA1F65CF6033B932ADBB610E82BA636D0BFFD7897C7848D,C,0,0.0001,"[4.0, 6.0, 8.0]",epoch_limit,3500.0,3500.0,0.004162556491792202,,15.847971200000757,12.029999732971191,11.95788764637343,11.982457400293063,1.3956689313784079,9.685476363942106,14.53016294237313,2.355652332305908
final/inner_C,16C3D450C84ED2BC0ADA62E05EDD31F4463FFD094C1A128492758809716FC715,C,0,0.01,"[4.0, 6.0, 8.0]",epoch_limit,3500.0,3500.0,0.008212924934923649,,18.242199200001778,12.180000305175781,12.443262569363185,12.39910032574692,1.9692166942921938,9.365194722020233,15.599402487596993,2.4561707973480225
final/inner_C,B4175D5B5369ECFF22B63AA4B966FF53A1284BC299887823D239B4976FC0A0F3,C,0,1e-06,"[0.0, 6.0, 8.0]",epoch_limit,3500.0,3500.0,0.0034393472597002983,,17.534996300000785,12.229999542236328,11.969346026700137,12.14695194630606,1.3183423409218218,9.995935094068722,14.494083657099418,2.4230475425720215
final/inner_C,F15B82130B6DF40F5A63DD3A6354AA4E3B30532AB81C0B96C1600E02127BAE17,C,0,0.0001,"[0.0, 6.0, 8.0]",epoch_limit,3500.0,3500.0,0.0045669227838516235,,15.597398399999292,12.0600004196167,12.004063438113407,12.015331683683192,1.4384696665472567,9.668481178107388,14.606632711623522,2.3146419525146484
final/inner_C,38D5CA6F7E3F5806940FD65BDE7A6E322E36B142E4754C4C1BA457C04F70BEA4,C,0,0.01,"[0.0, 6.0, 8.0]",epoch_limit,3500.0,3500.0,0.0076043978333473206,,17.980611499999213,12.199999809265137,12.342380051970464,12.251699185926226,1.9961451326019273,9.317164165646991,15.600905680239311,2.7864115238189697
final/inner_C,AED31185FEF5ED8B9704CF7F63598F7AEB9C8B2BE04CB55839D178289E7869D8,C,0,1e-06,"[0.0, 4.0, 8.0]",epoch_limit,3500.0,3500.0,0.0038110630121082067,,16.078360800001974,12.069999694824219,11.999476789575867,12.0394015846434,1.2728075494859359,9.96340162253169,14.465578833015941,2.447044610977173
final/inner_C,E16044234B29E1CC0BDD1A347FA5122CB1572CAB27924A91CF9A833E3A942016,C,0,0.0001,"[0.0, 4.0, 8.0]",epoch_limit,3500.0,3500.0,0.004762993194162846,,16.101569200000085,12.069999694824219,12.075991484743147,12.053926879982582,1.47769071776845,9.635257668600424,14.701798990570994,2.2835679054260254
final/inner_C,830847752160C90A4224AFA06846104DC3E377F212F946917C48F56173F30D94,C,0,0.01,"[0.0, 4.0, 8.0]",epoch_limit,3500.0,3500.0,0.0064887902699410915,,15.987238300000172,9.0,12.223364163628943,12.077911597793928,1.9813712068804545,9.295635682787125,15.552082306761248,2.7461917400360107
final/inner_C,D44272202D92E23A42CF3019308E5EE6956B16FE2CF74B75B913CB91B9F78ED2,C,0,1e-06,"[0.0, 4.0, 6.0]",epoch_limit,3500.0,3500.0,0.00280279153957963,,16.010542299998633,11.859999656677246,11.8485639428487,11.843256854544608,1.2327780496557579,9.771624552445166,14.245328042588525,2.231198787689209
final/inner_C,FA3E732B02638D1EAD0F3F86CEB5FBC2E28A07EC378088DF9AA0ABD1BDB69CB3,C,0,0.0001,"[0.0, 4.0, 6.0]",epoch_limit,3500.0,3500.0,0.0036875074729323387,,15.95026449999932,12.029999732971191,11.980066166777576,11.989855293245606,1.489197702620072,9.572429031043704,14.64778714796481,2.1654272079467773
final/inner_C,F895C98D27FE475DA33369E40BAE7EC0EB7339525E3C3E33EB88116A2E6CED10,C,0,0.01,"[0.0, 4.0, 6.0]",epoch_limit,3500.0,3500.0,0.0046755545772612095,,15.95598550000068,11.34000015258789,12.273587966281427,12.152150909572713,1.9744515947546974,9.313743932396852,15.552579226226653,2.388453960418701
final/inner_local,E772D23D3C1639445418880CFB7832CD96D26974A5099B2F02C14ABC38B12E7D,d1,0,0.0,"[4.0, 6.0, 8.0]",plateau,769.0,769.0,0.0029967394657433033,,4.5319625000011,11.930459976196289,11.910353058671188,11.709066816828157,1.3819529910912867,9.685476560142714,14.530163108203245,2.355652332305908
final/inner_local,C2B293A5F02CB4267016FB04C8E6B39900B70A057EA15BEA756F65F48E771E18,g1,0,0.0,"[4.0, 6.0, 8.0]",plateau,1929.0,1929.0,0.0030158557929098606,,10.452439100001357,11.930000305175781,11.911445267252008,11.919296923670862,1.382661956026177,9.685476563771333,14.530163103754047,2.355652332305908
final/inner_local,DA6E4DF508A548594D0DB664BBED79B653BC505F7E7370C695A4E31958C3D67F,d2,0,0.0,"[4.0, 6.0, 8.0]",plateau,2047.0,2047.0,0.003001789329573512,,10.596157299998595,11.921768188476562,11.9121439827282,11.728081745829547,1.382183382195527,9.68547656579233,14.530163101276036,2.355652332305908
final/inner_local,0B32DC6D3CDE8F7172D31650D79F0AEAB5A3D39A89D17D459CE209A5DFC5155D,d3,0,0.0,"[4.0, 6.0, 8.0]",plateau,2495.0,2495.0,0.0030015758238732815,,12.990602199999557,11.92475700378418,11.912117847862108,11.721942832863851,1.3821796053471922,9.685476575679157,14.53016308915341,2.355652332305908
final/inner_local,93E96C2442CEC3C1E21AA5D167F11E897FDEBF990DD3DA5D3FA026A69046A8FF,d4,0,0.0,"[4.0, 6.0, 8.0]",plateau,2602.0,2602.0,0.003001072909682989,,11.528956499998458,11.943538665771484,11.912051639118758,11.900490031049614,1.38214271641024,9.685476559154031,14.530163109415506,2.355652332305908
final/inner_local,5B9A94618F5250280A341B3202B48C6E14FA9FCF1DA229621A75B969FA1952D2,h4s,0,0.0,"[4.0, 6.0, 8.0]",plateau,2432.0,2432.0,0.0030057383701205254,,10.432058200000029,11.973159790039062,11.929091968701886,11.91654936936884,1.382570372577402,9.685476569323338,14.53016309694653,2.355652332305908
final/inner_local,77AB8DCD69416A265FCDE4DD208CAF3C16E002683FDBBB4DF3446C9A40891CCB,equal4,0,0.0,"[4.0, 6.0, 8.0]",plateau,2054.0,2054.0,0.003013093024492264,,8.873277300001064,11.984830856323242,11.91690470009095,11.887727411160279,1.3826538862469353,9.68547655873031,14.530163109935042,2.355652332305908
final/inner_local,6D8B892B0747CA014BE19E0D0CC02F9DB2CBE26D7D5B680D0B92BABB811A9E8D,d1,0,0.0,"[0.0, 6.0, 8.0]",plateau,553.0,553.0,0.0035168430767953396,,2.3914425000002666,11.956323623657227,11.95685863323394,11.739500210460406,1.42614656732961,9.668481032163786,14.606632854380276,2.3146419525146484
final/inner_local,468C1FBC08DA46A6C3A09B899FDDF8319B72F42E3AAC93625BBBE87D4815F8E9,g1,0,0.0,"[0.0, 6.0, 8.0]",plateau,1693.0,1693.0,0.003534802235662937,,7.302988499999628,11.949999809265137,11.954886777528262,11.938987335917345,1.4268714867732484,9.668481032907748,14.606632853542331,2.3146419525146484
final/inner_local,300BBD29F1D075200AB4FA443F8AFEEEC5706C967F2E88BF91FB08328E6E87F6,d2,0,0.0,"[0.0, 6.0, 8.0]",plateau,1835.0,1835.0,0.00352266663685441,,7.944516100000328,11.942168235778809,11.9571980817635,11.757727365523746,1.4263943529472611,9.668481028593952,14.606632858401051,2.3146419525146484
final/inner_local,D02480057C866AC7124A911245CCFAFB3E60D1BC85FFDC68220A55722692E7B0,d3,0,0.0,"[0.0, 6.0, 8.0]",plateau,2247.0,2247.0,0.003522509476169944,,9.760340900000301,11.945915222167969,11.957385421242728,11.75205772283522,1.4263949214081664,9.668481034543676,14.606632851699752,2.3146419525146484
final/inner_local,E8CD80AB5F3158C17C97733466DCC48C3F806EED302EB97E961EE644CBC5D4C6,d4,0,0.0,"[0.0, 6.0, 8.0]",plateau,2419.0,2419.0,0.0035215055104345083,,10.449021299999004,11.96545696258545,11.955557763287358,11.918489081371279,1.426352452374406,9.668481041608976,14.606632843741966,2.3146419525146484
final/inner_local,C014457ABEF4B9085FDC62C4217FCC2D1775C8E70A4617A41B514EC9AE7D561A,h4s,0,0.0,"[0.0, 6.0, 8.0]",plateau,2210.0,2210.0,0.0035235201939940453,,9.51132890000008,11.973159790039062,11.963441173589782,11.917474909940653,1.426416912901421,9.66848103513865,14.606632851029628,2.3146419525146484
final/inner_local,5B4BF2B0AFF7F9B07E4CC83DAA99CAAFC2DF9253AB0BB2621F3F2EDCAA026FC0,equal4,0,0.0,"[0.0, 6.0, 8.0]",plateau,2441.0,2441.0,0.0035236990079283714,,10.470151699999406,11.984830856323242,11.967790629539186,11.931535635942828,1.4264204192352898,9.668481040642146,14.606632844830926,2.3146419525146484
final/inner_local,46FA6E6B6A3616519C59C6AD5E2C337225A760CC82C8FE235B345C8C991C314E,d1,0,0.0,"[0.0, 4.0, 8.0]",plateau,585.0,585.0,0.00389071274548769,,2.5645750999974553,11.940009117126465,12.018205558814469,11.749723459722881,1.4683979232179951,9.635257574502512,14.701799047417943,2.2835679054260254
final/inner_local,4B8B93994D043EEFFE8574E1AFDF8382769E7D6C1237A797F50F61C4B23917BA,g1,0,0.0,"[0.0, 4.0, 8.0]",plateau,1509.0,1509.0,0.003906443249434233,,6.46271550000165,11.9399995803833,12.016142728202139,11.927799782668782,1.4692556977078188,9.635257575888636,14.701799045912423,2.2835679054260254
final/inner_local,82A356EB79A7276C46661DFC65D247CF55BB091398B9F3F015A4B6CC5D8F83A6,d2,0,0.0,"[0.0, 4.0, 8.0]",plateau,1690.0,1690.0,0.00389638589695096,,7.474321799996687,11.922361373901367,12.017946332545407,11.767268626688384,1.4686979302735936,9.63525757575931,14.701799046052896,2.2835679054260254
final/inner_local,133F382D8AFF8D23EA7EFBB94E6959F76BD89D147A969A83172BDE1661351B60,d3,0,0.0,"[0.0, 4.0, 8.0]",plateau,2009.0,2009.0,0.003896709531545639,,8.761127400000987,11.925606727600098,12.018215153404324,11.763189799920486,1.4687035432007662,9.635257565076536,14.70179905765583,2.2835679054260254
final/inner_local,DE7944FBFB6ED78E18B4E9BC0AC80389BB1B7E563F9906E2980A5EBC96E7D6EA,d4,0,0.0,"[0.0, 4.0, 8.0]",plateau,2156.0,2156.0,0.003896690672263503,,9.471506699999736,11.96208667755127,12.018975593869381,11.908158247394109,1.4686433808771118,9.6352575792155,14.701799042299001,2.2835679054260254
final/inner_local,6B9CC950090D602330DD966A267EB3AFD843972C5CA0D229A73725786B0BD683,h4s,0,0.0,"[0.0, 4.0, 8.0]",plateau,1974.0,1974.0,0.00389891117811203,,8.616755200000625,11.973159790039062,12.03075861257924,11.91988733927057,1.4681165570033379,9.635257569161126,14.701799053219409,2.2835679054260254
final/inner_local,BACE1840B2635EBD37EE81750AB41C4BBCBA5FC9C1DA9CE151C8E8C7F0079478,equal4,0,0.0,"[0.0, 4.0, 8.0]",plateau,1593.0,1593.0,0.0039046669844537973,,6.995973500001128,11.984830856323242,12.023593412905043,11.907721477100628,1.468771141324126,9.63525756759013,14.701799054925734,2.2835679054260254
final/inner_local,2E245F12591D0247F385FE903C20011FE0244D845EF4D42D17ACB6847E26CF6C,d1,0,0.0,"[0.0, 4.0, 6.0]",plateau,664.0,664.0,0.0028731669299304485,,2.946967700001551,11.872902870178223,11.911800078932497,11.686549657454417,1.478293207280725,9.57242918104494,14.647787357195723,2.1654272079467773
final/inner_local,FBF35C7F0B55239CD59340F7BF191108C6567896497D01E41315FC1223D3125D,g1,0,0.0,"[0.0, 4.0, 6.0]",plateau,1650.0,1650.0,0.002887541661038995,,7.233365899999626,11.859999656677246,11.907388885035937,11.850166640220468,1.4790944546111109,9.572429190757882,14.64778734534005,2.1654272079467773
final/inner_local,7CEDFDB77A66CE9DF618D708DF6B2E2BDDE995F592B4D84D888D33CAAF9715D6,d2,0,0.0,"[0.0, 4.0, 6.0]",plateau,1867.0,1867.0,0.0028779725544154644,,8.355778900000587,11.849699974060059,11.90857393486448,11.697580365877332,1.4786234230684776,9.572429178711412,14.647787360044042,2.1654272079467773
final/inner_local,3DB0AF70ABD4002E4218302D17A5773B3E506F9F54F079CD0199D05CB2A8ACFD,d3,0,0.0,"[0.0, 4.0, 6.0]",plateau,2367.0,2367.0,0.00287774414755404,,10.375538700001925,11.849472045898438,11.908332257099731,11.700728394099349,1.4786205759009097,9.572429190962438,14.64778734509036,2.1654272079467773
final/inner_local,5C795150108CD5ECD134E6DA0B3906AF42B23F7E309E04E3E857AC612C986F64,d4,0,0.0,"[0.0, 4.0, 6.0]",plateau,2351.0,2351.0,0.002877534832805395,,10.329712099999597,11.85537338256836,11.90855930360552,11.690745021055593,1.4786151591125927,9.57242918629538,14.647787350786997,2.1654272079467773
final/inner_local,E2A640B0B8D67AC24013B3C929AB6CE18C6F2D37061CEFB46C9D2DB86DC9F5CA,h4s,0,0.0,"[0.0, 4.0, 6.0]",plateau,2018.0,2018.0,0.002877895487472415,,8.400323800000479,11.873591423034668,11.915112727344894,11.833877309586805,1.4784329554136129,9.5724291889206,14.64778734758264,2.1654272079467773
final/inner_local,147F4F29071884BFE8DFD9BF723ADA021ECD6B387B9FA7828955301BF83BEBA9,equal4,0,0.0,"[0.0, 4.0, 6.0]",plateau,1933.0,1933.0,0.0028789141215384007,,7.930339900001854,11.891592025756836,11.922435029935684,11.842293986222852,1.47827105399053,9.572429165877004,14.64778737570979,2.1654272079467773
final/coarse,9FED0AAE11CF6DCE9D70B97A15E4977E77AFDA18F7F1ED448E9252461352C99C,H1,0,0.0,"[0.0, 4.0, 6.0, 8.0]",epoch_limit,3500.0,3500.0,0.003386161057278514,,15.176915200001531,11.763620376586914,11.763620376586914,11.763620376586914,0.0,11.763620376586914,11.763620376586914,2.510425090789795
final/coarse,0245A977F336D9AA5F6E31CDE16BC0F26DB661E393CF26E986BA0AFF8FB5FB2D,H1,1,0.0,"[0.0, 4.0, 6.0, 8.0]",epoch_limit,3500.0,3500.0,0.0033861608244478703,,15.22354219999761,11.76362133026123,11.76362133026123,11.76362133026123,0.0,11.76362133026123,11.76362133026123,2.5104074478149414
final/coarse,2897095DE627F4F5A483E1C4BBA54086FBC75E44E23252321B1E6ED1EDEF1A1A,H1,2,0.0,"[0.0, 4.0, 6.0, 8.0]",epoch_limit,3500.0,3500.0,0.003386162221431732,,14.874446900001203,11.763617515563965,11.763617515563965,11.763617515563965,0.0,11.763617515563965,11.763617515563965,2.5104568004608154
final/coarse,613658C0AD80ED158D13ECC99AD24CD19C1E676653D175C414A5328255DEA2AF,G1,0,0.0,"[0.0, 4.0, 6.0, 8.0]",epoch_limit,3500.0,3500.0,0.003410699777305126,,18.499592100000882,11.770000457763672,11.766594901515635,11.761597270984815,0.0850680684665934,11.621616309232987,11.901562371471478,2.516134023666382
final/coarse,30C5F95177D31C08CBDE5C5BD4700A43D4776F1659D0C1454D4A55A592423AB4,G1,1,0.0,"[0.0, 4.0, 6.0, 8.0]",epoch_limit,3500.0,3500.0,0.00341072678565979,,16.89100359999793,11.770000457763672,11.766597763638154,11.761600133556398,0.08511363593410931,11.62154876023509,11.901645558668882,2.516108274459839
final/coarse,190A42F4BBE1B61EB83518B641622AB258C604D132E724B71AA07A09555301C5,G1,2,0.0,"[0.0, 4.0, 6.0, 8.0]",epoch_limit,3500.0,3500.0,0.0034106625244021416,,16.828835500000423,11.770000457763672,11.766590133319298,11.761592505220856,0.08500290508437257,11.62171241497611,11.901442441128681,2.5161685943603516
final/coarse,9A90737C46C1658B4DE89CF6AC8053DF08FFD656D6A5EF772F3F0800C35833E6,C,0,0.0001,"[0.0, 4.0, 6.0, 8.0]",epoch_limit,3500.0,3500.0,0.004502803552895784,,15.965768099998968,12.050000190734863,11.998931195713869,12.009948131368768,1.450468091741138,9.637745875409626,14.614810760129673,2.2895164489746094
final/coarse,2891885ED8B922315612144F41DB4329BE5B49B7B686BF9534C2B7338B946ADC,C,1,0.0001,"[0.0, 4.0, 6.0, 8.0]",epoch_limit,3500.0,3500.0,0.004511244595050812,,15.726005800002895,12.039999961853027,12.000082678419638,12.00135366467881,1.4584370189064149,9.629194521329516,14.61945869301435,2.2799901962280273
final/coarse,CFE71E0EF39159559D9706F448C5866FA0DDD853E1B8CE05E478ACFD572BD85F,C,2,0.0001,"[0.0, 4.0, 6.0, 8.0]",epoch_limit,3500.0,3500.0,0.004508365876972675,,13.287700599998061,12.039999961853027,11.997359778964292,12.004581681279095,1.4600068613319415,9.620533274356008,14.622534976628115,2.2815141677856445
final/local,D577F1454A2D83AE72FE75BCE244D277D059895990A6085CF8516CC646AE194D,d1,0,0.0,"[0.0, 4.0, 6.0, 8.0]",plateau,498.0,498.0,0.003532394766807556,,3.413326500001858,11.936888694763184,11.950837333397729,11.724251884677521,1.4387241278601348,9.637745843057166,14.614810892500548,2.2895164489746094
final/local,66714F141749CBC3A530559A067E786878088C7D951B57C3CEB5A30EB162F526,g1,0,0.0,"[0.0, 4.0, 6.0, 8.0]",plateau,1632.0,1632.0,0.0035497909411787987,,9.317042899998341,11.9399995803833,11.950801066662905,11.925651525570803,1.4394529825516518,9.637745839993928,14.614810896009967,2.2895164489746094
final/local,3ADB707920336D33E913B0187A8DB238D86E8F51148628391F652E57774977C3,d2,0,0.0,"[0.0, 4.0, 6.0, 8.0]",plateau,1722.0,1722.0,0.0035381463821977377,,9.393360900001426,11.924020767211914,11.952190289770831,11.744594949539303,1.4389777915225817,9.637745843057166,14.614810892500548,2.2895164489746094
final/local,81069797F1ADDD2CC1AC118FC714573CE595AC3959B41D3AA1677C7A42009530,d3,0,0.0,"[0.0, 4.0, 6.0, 8.0]",plateau,2172.0,2172.0,0.003537750570103526,,11.265976700000465,11.928489685058594,11.952142426236383,11.73670863989073,1.43896664824468,9.637745829752705,14.614810907742887,2.2895164489746094
final/local,0E0995E4F9428AC60A91E95C6F8D521D0B9ED098B16448FB052F13BA97CD70E6,d4,0,0.0,"[0.0, 4.0, 6.0, 8.0]",plateau,2387.0,2387.0,0.00353794707916677,,10.800407100003213,11.956001281738281,11.952132325079031,11.906915329489019,1.4389460166598982,9.637745846678936,14.614810888351242,2.2895164489746094
final/local,62043013CB1247C4BBE8A3CAE75B563ADB2700C9C2AF1400CCF532FFB469A2B1,h4s,0,0.0,"[0.0, 4.0, 6.0, 8.0]",plateau,2106.0,2106.0,0.003540443256497383,,9.195001899999625,11.973159790039062,11.965454439758934,11.917906801005817,1.438930933427786,9.637745840396274,14.614810895549025,2.2895164489746094
final/local,FFB0B1E60AE61460FBD9D6793658A998956F92B22ADF587636484FD771A8EF67,equal4,0,0.0,"[0.0, 4.0, 6.0, 8.0]",plateau,1744.0,1744.0,0.003546781837940216,,7.600674699999217,11.891592025756836,11.952935517046983,11.883972499458567,1.4393112348569266,9.637745838918,14.61481089724261,2.2895164489746094
final/local,726A5DD3F7C7ABFA16117E8DCB372FE1F0FB1DB97B76154F52A125C4E03BB31E,d1,1,0.0,"[0.0, 4.0, 6.0, 8.0]",plateau,604.0,604.0,0.0035329358652234077,,2.6958964000004926,11.923079490661621,11.94751919231906,11.716314135971425,1.4469847955401909,9.629194320558357,14.619458703731922,2.2799901962280273
final/local,7711672F8C828F9EA6DCF9F9A0E3E61871F6DE76543B8EF406A87EAFC44675CA,g1,1,0.0,"[0.0, 4.0, 6.0, 8.0]",plateau,1604.0,1604.0,0.0035506892018020153,,6.968729500000336,11.920000076293945,11.946855541813267,11.909729576921888,1.447729597455065,9.629194318013155,14.619458706659486,2.2799901962280273
final/local,14A7577CC6E93600E3748C746B436E5123E76C3D1332012323EF111DFB63A7A8,d2,1,0.0,"[0.0, 4.0, 6.0, 8.0]",plateau,1805.0,1805.0,0.003538628574460745,,7.869652000001224,11.908538818359375,11.947968035891398,11.734351537759583,1.4472336782063324,9.629194322953877,14.61945870097653,2.2799901962280273
final/local,AE17D035DABFF0A9B9B9A16283827090FCB56DF8B7F1289958376ACA57B642A1,d3,1,0.0,"[0.0, 4.0, 6.0, 8.0]",plateau,2167.0,2167.0,0.0035387305542826653,,9.516155599998456,11.911437034606934,11.948042440313626,11.729876941590748,1.4472424940276973,9.629194307981873,14.619458718197738,2.2799901962280273
final/local,15B9CFF7261A2C4991DAC9854FBDC4ED78647548129B9DBFC3511809D3ED4ABC,d4,1,0.0,"[0.0, 4.0, 6.0, 8.0]",plateau,2287.0,2287.0,0.0035385373048484325,,10.047590299996955,11.939053535461426,11.948353604889832,11.88972604290072,1.447198773424429,9.629194321980696,14.619458702095908,2.2799901962280273
final/local,3913BAF25EC18C20E6D8AF7954C2F9E65AAF53DBC0EC1B36248271F01CC122AC,h4s,1,0.0,"[0.0, 4.0, 6.0, 8.0]",plateau,2234.0,2234.0,0.0035431054420769215,,9.728372699999454,11.973159790039062,11.96694128984873,11.915445279314701,1.4470888769680428,9.629194317264515,14.619458707520591,2.2799901962280273
final/local,F0256374BF930CC0687A1EC41F6CAEE65FCFADB10663548386FFF0FEC4205EE8,equal4,1,0.0,"[0.0, 4.0, 6.0, 8.0]",plateau,2218.0,2218.0,0.003539350349456072,,9.584728399997402,11.891592025756836,11.938813290296254,11.845948252463517,1.447437394815753,9.62919430304111,14.619458723880726,2.2799901962280273
final/local,3A47B0135487E8B7835BED32CB683C7DEC425103AC905C1516D803A157F98407,d1,2,0.0,"[0.0, 4.0, 6.0, 8.0]",plateau,522.0,522.0,0.003534201066941023,,2.2827064000011887,11.92763614654541,11.946118181808563,11.71882982626331,1.4484015460045578,9.620533265965436,14.62253492812131,2.2815141677856445
final/local,C07F27BC598C0B0A353C7BF94A3EBF2EBECD105CDB24A73518AAEF2CD0218B67,g1,2,0.0,"[0.0, 4.0, 6.0, 8.0]",plateau,1633.0,1633.0,0.0035516449715942144,,7.41308090000166,11.930000305175781,11.945123934570788,11.91375818050167,1.4491381982604337,9.620533267467012,14.622534926406804,2.2815141677856445
final/local,788EF55112A70183814BF7F5716C9CA76351842B1850D04BB435A959BD49257D,d2,2,0.0,"[0.0, 4.0, 6.0, 8.0]",plateau,1767.0,1767.0,0.0035398644395172596,,8.052909200003342,11.911687850952148,11.946011112794608,11.73655526233196,1.4486633564862703,9.620533264759953,14.62253492949776,2.2815141677856445
final/local,97C5977858B0A73A7CAD242F57F0A55A396B2BC4000DB1814CE3B5C2A3B3441E,d3,2,0.0,"[0.0, 4.0, 6.0, 8.0]",plateau,2202.0,2202.0,0.0035395449958741665,,10.047705199998745,11.915515899658203,11.945962522181913,11.7302760978823,1.448655595103947,9.620533262951724,14.622534931562425,2.2815141677856445
final/local,C6978264F70FC6EC91DFE943E241354E76E346D4ED8B4EBE6A4AA5912C20ED47,d4,2,0.0,"[0.0, 4.0, 6.0, 8.0]",plateau,2375.0,2375.0,0.003539436496794224,,10.658770799997,11.942280769348145,11.94630781935601,11.8942902828878,1.4486166820137236,9.62053326604078,14.62253492803529,2.2815141677856445
final/local,12E49BABE1621C6E6D0DA199DA93BC1AF50510E3206D78A86AC34DCD89EE883F,h4s,2,0.0,"[0.0, 4.0, 6.0, 8.0]",plateau,2230.0,2230.0,0.003543481230735779,,9.388650900000357,11.973159790039062,11.964172447037457,11.91658383916333,1.4485622400964153,9.620533266718866,14.622534927261045,2.2815141677856445
final/local,12B36BEC3908E250543F3AAF67E4531D74564B6A1E89B0153D7C8F3D51F68C87,equal4,2,0.0,"[0.0, 4.0, 6.0, 8.0]",plateau,2376.0,2376.0,0.0035401901695877314,,9.831536500001675,11.891592025756836,11.935097654364228,11.845885361465816,1.4488438884939356,9.620533267773665,14.622534926056652,2.2815141677856445
final/kernel_profile,167BFAFF2EF8DBE51B154F073E3F48333BC73803FB67F8CC0FECD0D7E9A29E56,C,0,0.0001,"[0.0, 4.0, 6.0, 8.0]",epoch_limit,3500.0,3500.0,0.005354191176593304,,16.75465389999954,12.0,12.141435095714694,12.031796424824723,1.3722701755474918,9.789907573472066,14.690493400231814,1.0
final/kernel_profile,5D5B268287DC58A4DF3FD05D083069438B156EA3AD8D677AE015873DEEAEBE8D,C,1,0.0001,"[0.0, 4.0, 6.0, 8.0]",epoch_limit,3500.0,3500.0,0.005363635718822479,,16.707694799999445,11.960000038146973,12.117184298157074,11.991654922710849,1.388524762272939,9.753455171426019,14.677942808911112,1.0
final/kernel_profile,E50C46079E42092CA2278E5A9634E0F871D312E14DB814B07D79DA9ABE4D9AF2,C,2,0.0001,"[0.0, 4.0, 6.0, 8.0]",epoch_limit,3500.0,3500.0,0.0053581795655190945,,16.662655000000086,11.989999771118164,12.124297647100004,12.01785569004089,1.3858389692916224,9.755089215650253,14.686430770827096,1.0
final/kernel_profile,D63045EC28552C1F2B1F1F912F04743E835DDA18E9EA900F38A1D1221E5F9AB3,C,0,0.0001,"[0.0, 4.0, 6.0, 8.0]",epoch_limit,3500.0,3500.0,0.004549373406916857,,16.427115800001047,12.039999961853027,12.031623780518082,12.018177717651765,1.4493155569531624,9.660268541902703,14.641576302085067,2.0
final/kernel_profile,78DC4B232ECF60A94A8F701F452924C1151478C28B47A68CD908E648125D9E17,C,1,0.0001,"[0.0, 4.0, 6.0, 8.0]",epoch_limit,3500.0,3500.0,0.004554467275738716,,15.206562800001848,12.029999732971191,12.028438154273386,12.007420922298909,1.455043219616643,9.651008443462588,14.642005555972105,2.0
final/kernel_profile,6317310348C193E2682B41204ED0F8C17432C2CA6955E328A34B906A0C5BCAED,C,2,0.0001,"[0.0, 4.0, 6.0, 8.0]",epoch_limit,3500.0,3500.0,0.004551509395241737,,15.14468879999913,12.029999732971191,12.018321936080788,12.006571687438809,1.458138949605782,9.63392243796745,14.641159091674906,2.0
final/kernel_profile,11A35C50538AEAD3BB581396DD2D2210990159B058E8332737F37710744897E6,C,0,0.0001,"[0.0, 4.0, 6.0, 8.0]",epoch_limit,3500.0,3500.0,0.0047122216783463955,,15.217688700002327,12.079999923706055,12.243280487111438,12.127398188801678,1.3580924582052605,9.887612884004858,14.727079814496234,3.0
final/kernel_profile,8974481FE2E3DD70C6E8205A005530BA2184F405787F0F8E19987A1A5F4E72EC,C,1,0.0001,"[0.0, 4.0, 6.0, 8.0]",epoch_limit,3500.0,3500.0,0.004728013649582863,,15.065484300001117,12.069999694824219,12.253299336031876,12.121762625231385,1.3572368094717122,9.892855720759568,14.72451703158092,3.0
final/kernel_profile,1A9EF7617471B39ACC6CDC59BDA15AB1A7ECA252C199F35AD0CD4928ED86434C,C,2,0.0001,"[0.0, 4.0, 6.0, 8.0]",epoch_limit,3500.0,3500.0,0.00471698772162199,,12.799840100000438,12.069999694824219,12.191821865295557,12.09888132458125,1.38395191468006,9.798000834093596,14.70989477478952,3.0
bootstrap_00/coarse,0148FAD1D1C5A35D2A4F73B26A35F7D58C21968A4B24ACFDAF4F4662DBD28B64,C,0,0.0001,"[0.0, 4.0, 6.0, 8.0]",epoch_limit,3500.0,3500.0,0.0035892059095203876,,14.014048900000489,12.09000015258789,12.197000573705793,12.11796953560938,1.3544165158982884,9.764783097219055,14.727921824857965,2.333371877670288
bootstrap_00/local,F18778547E6009E5099F94AFBC0E601F8C95267115C7C255A379A3AB7B47FD6F,d1,0,0.0,"[0.0, 4.0, 6.0, 8.0]",plateau,394.0,394.0,0.002860540058463812,,2.8027396999968914,12.038171768188477,12.171307365988158,11.830198473589208,1.3434061253222775,9.764782863669883,14.72792213782073,2.333371877670288
bootstrap_00/local,749FBFD3DDEF523D17C73037DFAFAF86C0127917A99CCE58CCCB4EDB79CF0056,g1,0,0.0,"[0.0, 4.0, 6.0, 8.0]",plateau,1386.0,1386.0,0.0028715329244732857,,7.199368199999299,12.039999961853027,12.171468001039335,12.039947963987487,1.344310114269811,9.764782851647533,14.727922149583762,2.333371877670288
bootstrap_00/local,9833002046133E68838F2C8AB5133B837B5638F3C14E3FD29580E626FE17730D,d2,0,0.0,"[0.0, 4.0, 6.0, 8.0]",plateau,1510.0,1510.0,0.002864497248083353,,8.273853000002418,12.024568557739258,12.173177943577652,11.8600587062311,1.3435667624637952,9.764782839820564,14.727922161155634,2.333371877670288
bootstrap_00/local,42B185099CD5F9A521A935A8EA973A11EE5B4AF21C8A2D85B0D5118F60189C89,d3,0,0.0,"[0.0, 4.0, 6.0, 8.0]",plateau,1869.0,1869.0,0.0028643545228987932,,9.834258200000477,12.029468536376953,12.173350571488237,11.850991740027904,1.3435349729555652,9.764782883792744,14.727922118131909,2.333371877670288
bootstrap_00/local,840BDD09F02FFEB8FFE31990B6A5D7198E769B273B102D4C5B648530FAFF0959,d4,0,0.0,"[0.0, 4.0, 6.0, 8.0]",plateau,2119.0,2119.0,0.0028654886409640312,,9.184511899999052,12.070945739746094,12.172877763378375,12.010096508493312,1.3436886746250518,9.764782873358667,14.72792212834092,2.333371877670288
bootstrap_00/local,079947DE15B93ADBAAF16BEA59F21A87D87B3D4D356117F37977DA71AE40C9F0,h4s,0,0.0,"[0.0, 4.0, 6.0, 8.0]",plateau,2020.0,2020.0,0.0028730216436088085,,8.247009399998205,11.973159790039062,12.14028292695945,11.929128022074298,1.3472506950705665,9.764782857334907,14.727922144019063,2.333371877670288
bootstrap_00/local,888928D835F276DEA893D88306072BB50D0960920636E2E25099D3CB6D787141,equal4,0,0.0,"[0.0, 4.0, 6.0, 8.0]",plateau,2011.0,2011.0,0.0028704390861094,,8.062891100002162,11.984830856323242,12.145426169684931,11.94369891990373,1.3466123183991936,9.764782875221895,14.72792212651788,2.333371877670288
bootstrap_01/coarse,F588E8EDD355C1E541798AC146093320ED6CE82C5E022F601B4AB5BB44D6F18B,C,0,0.0001,"[0.0, 4.0, 6.0, 8.0]",epoch_limit,3500.0,3500.0,0.0036335247568786144,,14.086763600000268,12.109999656677246,12.157283742994348,12.116923096145486,1.3251030214985255,9.756095554425164,14.65945976342148,2.332998514175415
bootstrap_01/local,6A4600A453221FC1FAC96E4110BF495A07BBF27D30DBCC55C2025E1A6133103B,d1,0,0.0,"[0.0, 4.0, 6.0, 8.0]",plateau,406.0,406.0,0.0029640444554388523,,2.7279310999983863,12.02199649810791,12.11465980967909,11.821262056497456,1.3137557278987444,9.756095310965476,14.659459812454287,2.332998514175415
bootstrap_01/local,27E1B89CE689225FBF850658B9CC8D8BAB6FAFF2FD64F997ABE663C8DF681F6A,g1,0,0.0,"[0.0, 4.0, 6.0, 8.0]",plateau,1416.0,1416.0,0.0029757965821772814,,7.309957599998597,12.020000457763672,12.113754542397285,12.017405299620469,1.314756288760847,9.756095313103138,14.659459810236934,2.332998514175415
bootstrap_01/local,9864B77034A0D4E26031849FDCB57F5825F1CF68C19678D15C9660586F3A7F3E,d2,0,0.0,"[0.0, 4.0, 6.0, 8.0]",plateau,1517.0,1517.0,0.002968750661239028,,8.124249899999995,12.002301216125488,12.115255362754487,11.84970515220412,1.314132409314476,9.756095307975793,14.659459815555412,2.332998514175415
bootstrap_01/local,EBC95AC79F1B2DAE6C6AD190F10A0A8E06AAA53E2BCF2CEAA2313F172F1E266C,d3,0,0.0,"[0.0, 4.0, 6.0, 8.0]",plateau,1979.0,1979.0,0.002968552289530635,,10.446405400001822,12.004728317260742,12.115034150431697,11.847119904349082,1.3141338150333504,9.756095304986111,14.659459818656542,2.332998514175415
bootstrap_01/local,736F5034D3DC25D6C8EADA202049D2FF58B8676DD910FC729848E6B40F340710,d4,0,0.0,"[0.0, 4.0, 6.0, 8.0]",plateau,1951.0,1951.0,0.002968303859233856,,9.054815699997562,12.037979125976562,12.114874179656885,11.98960817691152,1.3140723276858723,9.756095301903,14.659459821854586,2.332998514175415
bootstrap_01/local,826E39306F9040CBB8FB317F670EE362F10C4F5155F5192C4E2B155B7014BCE0,h4s,0,0.0,"[0.0, 4.0, 6.0, 8.0]",plateau,1922.0,1922.0,0.0029720813035964966,,8.407563200002187,11.973159790039062,12.091457954432716,11.92614104369614,1.3159917265059453,9.756095310218056,14.659459813229565,2.332998514175415
bootstrap_01/local,EF79C6843A0BB1FE79A10D186EAA759B862FEF56B08E6B4D7D118990573AF0E9,equal4,0,0.0,"[0.0, 4.0, 6.0, 8.0]",plateau,2019.0,2019.0,0.002970127621665597,,8.455312699999922,11.984830856323242,12.096705480113288,11.940800305936904,1.315486386282293,9.756095305733531,14.659459817881265,2.332998514175415
bootstrap_02/coarse,CABAD64C2AA707C2309956CB37FCC7530C5FC875C06FE32415A6C894C50DA5B2,C,0,0.0001,"[0.0, 4.0, 6.0, 8.0]",epoch_limit,3500.0,3500.0,0.0036035431548953056,,13.83498630000031,11.970000267028809,12.227298379141315,12.05849376942265,1.3768775562903943,9.728088055004186,14.746701546468598,2.3135201930999756
bootstrap_02/local,2451C070E6139CCE4CFF4C4CFB273576D2A3B3F57EE5669FEEF94D30B51492A3,d1,0,0.0,"[0.0, 4.0, 6.0, 8.0]",plateau,445.0,445.0,0.0030537850689142942,,2.9549881999992067,11.92314624786377,12.205184865763636,11.743477707820634,1.3685282044091573,9.728088370382967,14.746701515555532,2.3135201930999756
bootstrap_02/local,3659123858E8F3C9DCD12F76DB3647F55A8A95C9B8DA147ED55342A031BFF35B,g1,0,0.0,"[0.0, 4.0, 6.0, 8.0]",plateau,1079.0,1079.0,0.0030621809419244528,,5.735885399997642,11.920000076293945,12.205131030293947,11.938332276652341,1.369549760151644,9.728088383958907,14.746701504009367,2.3135201930999756
bootstrap_02/local,0E62EE8A9D139C678C05951B76067A278E80F4A20597A9480C5610BBEA425E39,d2,0,0.0,"[0.0, 4.0, 6.0, 8.0]",plateau,1257.0,1257.0,0.0030577145516872406,,6.72962859999825,11.90447998046875,12.207161738595197,11.78410389409065,1.3685718865766954,9.728088373575165,14.746701512840598,2.3135201930999756
bootstrap_02/local,6CA44A3DD7C8257EE3FCFD9C63B587717F96BD1497DFF67334E806616B723235,d3,0,0.0,"[0.0, 4.0, 6.0, 8.0]",plateau,1724.0,1724.0,0.0030576689168810844,,8.830945099998644,11.904131889343262,12.207148848253045,11.795934655449367,1.368572447951174,9.728088375969316,14.746701510804405,2.3135201930999756
bootstrap_02/local,3743570DD08F55D62F8510DE9ADF39BB23FB13FE2DA1F3B32E15F5DAB8A07448,d4,0,0.0,"[0.0, 4.0, 6.0, 8.0]",plateau,1667.0,1667.0,0.0030578342266380787,,7.33025009999983,11.946210861206055,12.206108822047515,11.901675507146127,1.3688367328145612,9.728088368786866,14.746701516912992,2.3135201930999756
bootstrap_02/local,D721A1261F41745A14A6D1B60BB347D99F92BBDFEDD13BF959164A9C65E3FCCD,h4s,0,0.0,"[0.0, 4.0, 6.0, 8.0]",plateau,924.0,924.0,0.0030613099224865437,,4.0407724999968195,11.973159790039062,12.209659575663828,11.90420960000522,1.3684773929410792,9.728088371979066,14.746701514198056,2.3135201930999756
bootstrap_02/local,B67D7D05880A33676CCD2E0C2DE887CB59121746E51FDF030F17BA55E6349AF9,equal4,0,0.0,"[0.0, 4.0, 6.0, 8.0]",plateau,1029.0,1029.0,0.0030600163154304028,,4.297590400001354,11.891592025756836,12.20816125822247,11.885786370937453,1.3686342070679325,9.728088376767365,14.746701510125682,2.3135201930999756
bootstrap_03/coarse,36CAE56E7FF145F383E1A22734BCB9218A175C24631B2580A6CF2A6275B753E1,C,0,0.0001,"[0.0, 4.0, 6.0, 8.0]",epoch_limit,3500.0,3500.0,0.004538208711892366,,14.006804299999203,12.079999923706055,11.91320230372571,11.992445032222838,1.5168806806748676,9.507929202419946,14.589772830242277,2.5139591693878174
bootstrap_03/local,6950EC1E52DFBD28A49C6BC79528173E7BB86EFA329934FC7C2AFD51CF8B025D,d1,0,0.0,"[0.0, 4.0, 6.0, 8.0]",plateau,509.0,509.0,0.0038302415050566196,,3.21374730000025,12.055161476135254,11.90257767659878,11.771821818186675,1.5057009017371596,9.507928905661387,14.589772576656907,2.5139591693878174
bootstrap_03/local,85728E980A9A1F7B1FFA26C7359AA039D518F349D67ED78A83604A0AF9B3CD57,g1,0,0.0,"[0.0, 4.0, 6.0, 8.0]",plateau,969.0,969.0,0.0038399994373321533,,5.428832400000829,12.0600004196167,11.903058906462674,12.032102220936919,1.5066056213242178,9.507928904894577,14.589772577648564,2.5139591693878174
bootstrap_03/local,062EEFB1D8A869823F6833ADCD07DE03692FB74F984E455300713CF68654D62A,d2,0,0.0,"[0.0, 4.0, 6.0, 8.0]",plateau,1209.0,1209.0,0.003834308125078678,,6.507831599999918,12.034459114074707,11.904025501305137,11.801534684746917,1.5062373551675285,9.507928907698382,14.589772574022637,2.5139591693878174
bootstrap_03/local,D492AEE147DB9ADF0C614F9BB70717E69CC63CF3D3BC7DE4398C20EAB7527C44,d3,0,0.0,"[0.0, 4.0, 6.0, 8.0]",plateau,1577.0,1577.0,0.003834543516859412,,8.268207100001746,12.036630630493164,11.904126233289077,11.800938312749139,1.5062698177025602,9.50792890464289,14.589772577974049,2.5139591693878174
bootstrap_03/local,4CF604DB53CE03E89043491B7FA6EB149A3E0E9D5692DDD7AE9792AA30CF5075,d4,0,0.0,"[0.0, 4.0, 6.0, 8.0]",plateau,1697.0,1697.0,0.0038360152393579483,,7.311106799999834,12.006019592285156,11.904229619596821,11.990140025032101,1.506401449252866,9.50792889980503,14.589772584230435,2.5139591693878174
bootstrap_03/local,EE789792ADDA1385889CCC889E37B3392F16E9E046DDF6369207E949C2BF2EC0,h4s,0,0.0,"[0.0, 4.0, 6.0, 8.0]",plateau,1677.0,1677.0,0.0038529341109097004,,6.9139109999996435,11.973159790039062,11.869579830908917,11.914286185837168,1.5032891358302345,9.50792890464289,14.589772577974049,2.5139591693878174
bootstrap_03/local,22EE23BA8930FBCABB5F85F0377F20D8762BF776117288FC0B7C56C45E999F12,equal4,0,0.0,"[0.0, 4.0, 6.0, 8.0]",plateau,1694.0,1694.0,0.0038482272066175938,,6.781270399998903,11.984830856323242,11.873817771558414,11.929825267112536,1.5035579878298713,9.507928907189132,14.589772574681207,2.5139591693878174
bootstrap_04/coarse,206134A98018C592131C2FE95A9155F4E610D6BDDF265E2F7B728867A38DBE47,C,0,0.0001,"[0.0, 4.0, 6.0, 8.0]",epoch_limit,3500.0,3500.0,0.0036760992370545864,,13.645822900001804,12.010000228881836,12.366512647632089,12.130456653774486,1.3851172292208294,9.853385213696303,14.886939671888122,2.5990540981292725
bootstrap_04/local,93CAD144272A747DA5200CA2D65F6F2FE7F46095086FA2CE8A3991BF373FFDCC,d1,0,0.0,"[0.0, 4.0, 6.0, 8.0]",plateau,440.0,440.0,0.0031030031386762857,,3.106467600002361,11.96526050567627,12.34509459795686,11.801273713117727,1.3780746014474807,9.85338527578639,14.886939626868026,2.5990540981292725
bootstrap_04/local,7CA137676F521B3E63C781AA3D553477D9EAB9BB886E924F0C1F509AD40327B2,g1,0,0.0,"[0.0, 4.0, 6.0, 8.0]",plateau,1115.0,1115.0,0.003113156883046031,,6.166753999998036,11.970000267028809,12.345696947952291,11.988723367684642,1.3788923623453615,9.853385292599066,14.88693961581881,2.5990540981292725
bootstrap_04/local,C821A36941C9447D8DF5E5EE0AC29F2FDD508C747EAC8BCC6AAC73C400E8AC6A,d2,0,0.0,"[0.0, 4.0, 6.0, 8.0]",plateau,1360.0,1360.0,0.003106893738731742,,7.324121599998762,11.948728561401367,12.346890078141685,11.841992771581614,1.377967710478304,9.853385271650374,14.886939629586207,2.5990540981292725
bootstrap_04/local,91D2BC83EFFC369B07722B65CEB3B2573880CF51FF1D6E43C82E1021273B2881,d3,0,0.0,"[0.0, 4.0, 6.0, 8.0]",plateau,1753.0,1753.0,0.0031069822143763304,,9.040074399999867,11.951858520507812,12.347033023221156,11.836595565432573,1.377940914334585,9.853385269582368,14.886939630945296,2.5990540981292725
bootstrap_04/local,CE657FAFD5DF3A7A4FD0A941647C62E2C84C5E9BB9DD4BD8EA9E7F6E85C8DD53,d4,0,0.0,"[0.0, 4.0, 6.0, 8.0]",plateau,1879.0,1879.0,0.003107550088316202,,8.198872600001778,11.992110252380371,12.346726845191874,11.953131732624378,1.3780665862663626,9.853385274235384,14.886939627887346,2.5990540981292725
bootstrap_04/local,F630507CD05905F1A08E13980D1CAB8F0C31F0CB3D7F5DD34982B5D0217388AB,h4s,0,0.0,"[0.0, 4.0, 6.0, 8.0]",plateau,1446.0,1446.0,0.003107435768470168,,6.050698799997917,11.973159790039062,12.347743843830838,11.940178445085234,1.377782208604515,9.853385283541419,14.886939621771461,2.5990540981292725
bootstrap_04/local,8E20716ECD3637B9A07E0B7FAB39F49C6F6FFDCB83FC7E6BBFFA3294A4AD877B,equal4,0,0.0,"[0.0, 4.0, 6.0, 8.0]",plateau,1452.0,1452.0,0.0031078867614269257,,5.914460100000724,11.984830856323242,12.351019833206932,11.952264897660706,1.376907872055231,9.853385288194437,14.886939618713507,2.5990540981292725
bootstrap_05/coarse,401AC1965E2C41F76AD7B7E60BFD3EE99BC9A0CF7C5302578985689E09ECC702,C,0,0.0001,"[0.0, 4.0, 6.0, 8.0]",epoch_limit,3500.0,3500.0,0.0036999103613197803,,13.857715199999802,11.979999542236328,12.55193466439265,12.200553145325854,1.2473767244843221,11.080993546173262,14.890058033666934,2.5257139205932617
bootstrap_05/local,7288FD91D8BD32591986C1917D886628EDD41F6A8524C2F1B54A9CF5E96868D3,d1,0,0.0,"[0.0, 4.0, 6.0, 8.0]",plateau,404.0,404.0,0.003229215508326888,,2.8214751000014076,11.891281127929688,12.510106874267349,11.786383050811072,1.2530313321173656,11.080993495175473,14.890058046413287,2.5257139205932617
bootstrap_05/local,B3819CDB15B30A92CB8855A9FE84390FBDBF1618BD90338C2DBDF1C1B0AD698F,g1,0,0.0,"[0.0, 4.0, 6.0, 8.0]",plateau,1052.0,1052.0,0.0032376337330788374,,6.017497299999377,11.890000343322754,12.508164938402425,11.933092267652805,1.25510724578413,11.080993484757958,14.89005805832368,2.5257139205932617
bootstrap_05/local,6238DC3A044EC54C97ADBDF3E83F0A18F1E2EBFB979F2FF7863808B918C4E6AD,d2,0,0.0,"[0.0, 4.0, 6.0, 8.0]",plateau,1213.0,1213.0,0.0032337484881281853,,6.549409600000217,11.861083030700684,12.510287689221201,11.839813981528554,1.2535960703411544,11.080993507662498,14.890058032136817,2.5257139205932617
bootstrap_05/local,789D71388386E8F965A8A4ADA63A1A844BD14848F8F84A40E4C54EF1C5B1DB8B,d3,0,0.0,"[0.0, 4.0, 6.0, 8.0]",plateau,1706.0,1706.0,0.003233888652175665,,8.884418200002983,11.912773132324219,12.509923429068818,11.88802707579822,1.253771531430507,11.080993493926771,14.890058047840938,2.5257139205932617
bootstrap_05/local,E8E49F3D7BFA0BED7D953A13C3592313F396332C3559F86CFF1304908FE2BF1A,d4,0,0.0,"[0.0, 4.0, 6.0, 8.0]",plateau,2087.0,2087.0,0.0032336520962417126,,8.93627099999867,11.873677253723145,12.5108541316011,11.824909650203839,1.253447357464361,11.0809934833128,14.890058059975942,2.5257139205932617
bootstrap_05/local,1F453295779218572887F58146EAA45CF565D6DD8D80C53C3F3745970E8F83A0,h4s,0,0.0,"[0.0, 4.0, 6.0, 8.0]",plateau,1394.0,1394.0,0.003233229974284768,,5.7543989999976475,11.873591423034668,12.508106110653666,11.860614354535548,1.2546134151159365,11.080993485185854,14.890058057834475,2.5257139205932617
bootstrap_05/local,4E57C688EC0CC2C9DF29621378C652812B7D6512B967AB802D4E6F0BA4E8C143,equal4,0,0.0,"[0.0, 4.0, 6.0, 8.0]",plateau,1380.0,1380.0,0.003233132418245077,,5.62391320000097,11.891592025756836,12.513805055233117,11.872738464326453,1.2517377641762413,11.080993489556313,14.890058052837698,2.5257139205932617
bootstrap_06/coarse,9C09EAD291DFC723C6D773EF8BD7CB56DBC0EF7A6643E43247986C4132E83785,C,0,0.0001,"[0.0, 4.0, 6.0, 8.0]",epoch_limit,3500.0,3500.0,0.003922778181731701,,13.760736299998825,11.970000267028809,12.447602666224382,12.159910066186441,1.2019159154802666,10.974199816313009,14.636561131558558,2.1800177097320557
bootstrap_06/local,7EAEACEA6CCE35C27F52381D1D97045EB382442F6EB159DCB3ED0F98C29F7467,d1,0,0.0,"[0.0, 4.0, 6.0, 8.0]",plateau,413.0,413.0,0.0033489628694951534,,2.769527399999788,11.903935432434082,12.41557060590451,11.780359827117687,1.2000232407660303,10.974199989590518,14.636561071856594,2.1800177097320557
bootstrap_06/local,0B2B5EE36C97D9FA3DFC951D51DA0F2F5719172B8E1C480A56828B1746794FF4,g1,0,0.0,"[0.0, 4.0, 6.0, 8.0]",plateau,853.0,853.0,0.0033572004176676273,,4.610607499998878,11.90999984741211,12.416329035397695,11.947022347620493,1.2010406123261153,10.974199971594198,14.636561081604107,2.1800177097320557
bootstrap_06/local,8D2085D0CFB6DE64D51AE0825ECE65B53ECB8CBB1CCAC602FB451F8430B719CA,d2,0,0.0,"[0.0, 4.0, 6.0, 8.0]",plateau,1148.0,1148.0,0.0033534420654177666,,6.045795299996826,11.872756004333496,12.417563020647929,11.852029744964263,1.1999431980182678,10.974199989590518,14.636561071856594,2.1800177097320557
bootstrap_06/local,285BB85A3F274976974E7EA71452AB23C9A42FFD5EB265AC20C2F99572714426,d3,0,0.0,"[0.0, 4.0, 6.0, 8.0]",plateau,1463.0,1463.0,0.003355019725859165,,7.432835499999783,11.93986988067627,12.41780861155169,11.902234365894843,1.2001073340263646,10.974199978011272,14.63656107812837,2.1800177097320557
bootstrap_06/local,8635F239F33764571DCD310270354B888577982027BFC74D19D4D27CD5ED474E,d4,0,0.0,"[0.0, 4.0, 6.0, 8.0]",plateau,1685.0,1685.0,0.003353289794176817,,7.177457499998127,11.884184837341309,12.417701826416677,11.825399168804868,1.1998921194105863,10.974199972800614,14.636561080950674,2.1800177097320557
bootstrap_06/local,5BC125C447BB911D632911FD384A359DACBD351C5ADD5A5B2DE336C03D135D9A,h4s,0,0.0,"[0.0, 4.0, 6.0, 8.0]",plateau,1043.0,1043.0,0.0033547626808285713,,4.423968699997204,11.873591423034668,12.417033592738123,11.879529483534396,1.2003812789516173,10.974199998853914,14.636561066839173,2.1800177097320557
bootstrap_06/local,DAA44A9853D3026E5AFC289959A7D7DFC8E766A70DD08E1FC3F07C97578F9490,equal4,0,0.0,"[0.0, 4.0, 6.0, 8.0]",plateau,1203.0,1203.0,0.0033526155166327953,,4.823869100000593,11.891592025756836,12.415466957056061,11.872006352426736,1.2007194718392107,10.974199954852784,14.636561090671929,2.1800177097320557
bootstrap_07/coarse,8B5EB2C1EE973B04636B8244B897E45278FE491DAC99AB94565CE336145C6C32,C,0,0.0001,"[0.0, 4.0, 6.0, 8.0]",epoch_limit,3500.0,3500.0,0.0036062884610146284,,13.927166400000715,12.140000343322754,12.400088538621539,12.23542852654129,1.3426504622756397,9.924459007097283,14.844533643326356,2.290557622909546
bootstrap_07/local,9536FC68ADF3F80FB78AD9DB92A0C6F30A0F8DEC067D6E3BD1AFEECA69450B56,d1,0,0.0,"[0.0, 4.0, 6.0, 8.0]",plateau,425.0,425.0,0.0030342398677021265,,2.977969999999914,12.051655769348145,12.358254435888002,11.891721641044683,1.3383526278625582,9.924458928815124,14.844533492312307,2.290557622909546
bootstrap_07/local,AB26BC5DCD812DBEAAD0060C68048EC0B6BF937FF6E5C0760F1F4C0C3E29C277,g1,0,0.0,"[0.0, 4.0, 6.0, 8.0]",plateau,1218.0,1218.0,0.003044645767658949,,6.650399300000572,12.050000190734863,12.357643211261063,12.066496082697377,1.3394657924336284,9.924458929865828,14.844533491576538,2.290557622909546
bootstrap_07/local,7E7B5C89F407EAA9B7CC16C19F24A8B969C8D0B2D89E237C56FDEC700DB04118,d2,0,0.0,"[0.0, 4.0, 6.0, 8.0]",plateau,1491.0,1491.0,0.0030384173151105642,,7.937032100002398,12.034008026123047,12.359575317739285,11.926033970555796,1.3384424109860666,9.924458940202134,14.84453348433846,2.290557622909546
bootstrap_07/local,9BB5522DDFCF7A7ED81EEACA640CD0EB584F0E1889D9691663AE0BFA4D49B46A,d3,0,0.0,"[0.0, 4.0, 6.0, 8.0]",plateau,1954.0,1954.0,0.0030383500270545483,,9.96044719999918,12.034525871276855,12.359448834420986,11.930571243664902,1.3384683801467436,9.924458925968372,14.844533494305765,2.290557622909546
bootstrap_07/local,BD9BA7E9CCABAA4706F7B56A159369B053863A70FB90D50FE694AC5822971874,d4,0,0.0,"[0.0, 4.0, 6.0, 8.0]",plateau,1859.0,1859.0,0.003037791233509779,,8.320256300001347,12.068623542785645,12.358608434086976,12.030515055874075,1.3386166001994184,9.924458918139804,14.844533499787785,2.290557622909546
bootstrap_07/local,F2993A9094EC513A1B3331AE6E1DCC07E2A2003DBC1393510ED36CFDF8E3B629,h4s,0,0.0,"[0.0, 4.0, 6.0, 8.0]",plateau,1902.0,1902.0,0.0030464795418083668,,7.8811359999999695,11.973159790039062,12.32180766966051,11.938230603741191,1.3476530992696272,9.9244589383043,14.844533485667437,2.290557622909546
bootstrap_07/local,206A8ED6DDE0D92A3D34A74967005E6574BF6015607477D6F0192A8FCB16F2E9,equal4,0,0.0,"[0.0, 4.0, 6.0, 8.0]",plateau,1889.0,1889.0,0.003044413635507226,,7.604898699999467,11.984830856323242,12.32671714126006,11.95231419404669,1.346386069716534,9.924458910785692,14.844533504937562,2.290557622909546
bootstrap_08/coarse,80EE3B72258F3B196E4924D924DE91FDF4723C7722264DB03682C16D7769C9D7,C,0,0.0001,"[0.0, 4.0, 6.0, 8.0]",epoch_limit,3500.0,3500.0,0.003480195766314864,,13.721126100001129,12.140000343322754,12.936119436320642,12.501470228773801,1.4290502278662893,11.07846425844279,15.210784982879188,2.292630672454834
bootstrap_08/local,E977B69A2856E905C0C0CC8CF868D050B14402A2B62CEDDF08D7B2899AB85625,d1,0,0.0,"[0.0, 4.0, 6.0, 8.0]",plateau,502.0,502.0,0.0029323899652808905,,3.375037200003135,12.0811185836792,12.911642597029983,12.031298996907767,1.4323084887385669,11.078464239293131,15.21078485778287,2.292630672454834
bootstrap_08/local,69E811DE0081FB559D0C4B871A82B1B127A7EE50A818522E22A07086A1FCD78B,g1,0,0.0,"[0.0, 4.0, 6.0, 8.0]",plateau,1279.0,1279.0,0.0029435628093779087,,6.795176499999798,12.079999923706055,12.911913336029102,12.165887266311607,1.4329188465060794,11.078464242559505,15.210784856872921,2.292630672454834
bootstrap_08/local,E878C02DD269541669DBC16B82B8ACFBE9D2FCAC45E336353480A14B6812C3EE,d2,0,0.0,"[0.0, 4.0, 6.0, 8.0]",plateau,1491.0,1491.0,0.0029363955836743116,,7.831410800001322,12.067296028137207,12.9133942742294,12.093952584116414,1.4315739672797119,11.078464229948704,15.210784860386063,2.292630672454834
bootstrap_08/local,9CFD09AC900B7793B5D016E80AE9BF7D77E7A3825BB3E093F55DE30F73CC3D96,d3,0,0.0,"[0.0, 4.0, 6.0, 8.0]",plateau,1774.0,1774.0,0.002936694771051407,,9.3725443000003,12.06993293762207,12.913591785439003,12.080454515356834,1.4314874902904664,11.078464234620917,15.21078485908447,2.292630672454834
bootstrap_08/local,EC07424B82175F4807A5065ED527159B85A8B0F6326BA05E9AA2C48D2A1307BA,d4,0,0.0,"[0.0, 4.0, 6.0, 8.0]",plateau,1920.0,1920.0,0.0029364286456257105,,8.720379300000786,12.101631164550781,12.913004924351489,12.09715068021175,1.431796692510116,11.078464255645876,15.210784853227283,2.292630672454834
bootstrap_08/local,877957BD0E5CB9E3420D817064DE1B44E9346F54FAA7697B82E02CA96CC3E72B,h4s,0,0.0,"[0.0, 4.0, 6.0, 8.0]",plateau,1690.0,1690.0,0.0029556546360254288,,7.368922899997415,11.973159790039062,12.868933047922086,11.972768181107543,1.458114026349955,11.078464184394628,15.210784873076644,2.292630672454834
bootstrap_08/local,451DFB36FA31E332921A51BAE5E91FFADC4819B3A588954CBE544EA249E6576E,equal4,0,0.0,"[0.0, 4.0, 6.0, 8.0]",plateau,1777.0,1777.0,0.002951411996036768,,7.387071900000592,11.984830856323242,12.873301747191022,11.983966141756197,1.4553995256432954,11.07846422878065,15.210784860711467,2.292630672454834
bootstrap_09/coarse,BBAFF09FF40D40163977D4425D36ACD763C8F1F35A6DB265DF185D95982C14A9,C,0,0.0001,"[0.0, 4.0, 6.0, 8.0]",epoch_limit,3500.0,3500.0,0.0035150230396538973,,13.551622199996928,11.960000038146973,12.384908976618105,12.106275059014823,1.3399996294243408,10.028879422005458,14.814622479418782,2.4875192642211914
bootstrap_09/local,404A4F23B34B96DA2A907EADEA4E4B39DED615C554934B0021818D9AA473D5B4,d1,0,0.0,"[0.0, 4.0, 6.0, 8.0]",plateau,464.0,464.0,0.0028289537876844406,,3.2350685999990674,11.86992359161377,12.341825398384922,11.734415619986098,1.3411749013653433,10.02887955442052,14.81462253660274,2.4875192642211914
bootstrap_09/local,35A50EE95E043762EB1F3B81360EC902E3C88EF3A5686B4A7D764058CBD1F322,g1,0,0.0,"[0.0, 4.0, 6.0, 8.0]",plateau,1475.0,1475.0,0.0028412879910320044,,7.660959200002253,11.869999885559082,12.342497820822606,11.89692186174963,1.341799669608829,10.028879562450966,14.814622531935237,2.4875192642211914
bootstrap_09/local,1A433E922A2DFA180A05DDC6C74C4DBF1D827118CF6B71F5F31D5DADCADB3B8E,d2,0,0.0,"[0.0, 4.0, 6.0, 8.0]",plateau,1743.0,1743.0,0.002833137521520257,,8.65052029999788,11.855796813964844,12.342831825620596,11.767407777698969,1.3411132620173392,10.02887955442052,14.81462253660274,2.4875192642211914
bootstrap_09/local,A167B86F45D72BFA0E22B6828AB358513C1A40F357E9F8E0EA74CD4AE315CFFA,d3,0,0.0,"[0.0, 4.0, 6.0, 8.0]",plateau,2216.0,2216.0,0.0028332602232694626,,10.763631600002554,11.85525131225586,12.342915966403929,11.775809571465345,1.3410981847972743,10.028879560940048,14.814622532813424,2.4875192642211914
bootstrap_09/local,1E3C82F6A8453B10256865D602CA1028336C2E2C22C4F52A066E699AADE50943,d4,0,0.0,"[0.0, 4.0, 6.0, 8.0]",plateau,2064.0,2064.0,0.0028326513711363077,,8.875757199999498,11.884881973266602,12.342868043987215,11.857170327682956,1.3410693707545314,10.028879543011346,14.814622543234053,2.4875192642211914
bootstrap_09/local,0FE215788AEECF29647DF860E0F88FD204D711EF09EB4B908A1EB85F42FEDE57,h4s,0,0.0,"[0.0, 4.0, 6.0, 8.0]",plateau,1818.0,1818.0,0.0028333363588899374,,7.430327599999146,11.873591423034668,12.345224542749676,11.84958648730111,1.3403088668766225,10.028879543826287,14.81462254276039,2.4875192642211914
bootstrap_09/local,8C6F0BD4D875E37AE0B27BFFE94B5BB76753E4C273267DBE0A983D3F26925F9E,equal4,0,0.0,"[0.0, 4.0, 6.0, 8.0]",plateau,1863.0,1863.0,0.0028341528959572315,,7.549701399999321,11.891592025756836,12.352848683342549,11.861537572019387,1.337648608206024,10.02887955211152,14.814622537944794,2.4875192642211914
bootstrap_10/coarse,F669FC16B9CBBD1824A083C64B2D97D70E4EEE9B64DC414C227F2560D393E452,C,0,0.0001,"[0.0, 4.0, 6.0, 8.0]",epoch_limit,3500.0,3500.0,0.003391766455024481,,13.821387300002243,11.979999542236328,12.68700016332642,12.262271419872835,1.3073966062203632,11.128629513824983,14.928571529426303,2.4435043334960938
bootstrap_10/local,E9E48E6C0F39F013C32BAADC778237A6573C807578F2348701BF33566626230C,d1,0,0.0,"[0.0, 4.0, 6.0, 8.0]",plateau,470.0,470.0,0.002799642737954855,,3.0175917000015033,11.915376663208008,12.657578228677504,11.833165514123236,1.3107150059853447,11.128629308533409,14.928571562727933,2.4435043334960938
bootstrap_10/local,2B844BB11A71F3ABF438F2701534D8C2EF99DEAEBD60496C6EEDC6502C4AFBF4,g1,0,0.0,"[0.0, 4.0, 6.0, 8.0]",plateau,1314.0,1314.0,0.002810010453686118,,6.819455099997867,11.90999984741211,12.65725318369951,11.973850290242416,1.3118101802324762,11.128629301161622,14.92857156912834,2.4435043334960938
bootstrap_10/local,E05581EB1CE070779BABEAA2FDE6D9983263610E3B539CA1BCAF307B4DB5E1A0,d2,0,0.0,"[0.0, 4.0, 6.0, 8.0]",plateau,1453.0,1453.0,0.002803672570735216,,7.457152700000734,11.899932861328125,12.659182248056544,11.879237160848506,1.3101696762952968,11.128629305825177,14.928571565079302,2.4435043334960938
bootstrap_10/local,2BFF91AAB7AADEF60EADD5DD36764EE6869404748C9B79E86A5C2E216F40D918,d3,0,0.0,"[0.0, 4.0, 6.0, 8.0]",plateau,1874.0,1874.0,0.0028034034185111523,,9.323157599999831,11.903576850891113,12.65913862719425,11.87143146103651,1.3101717552462628,11.128629322074573,14.928571550971089,2.4435043334960938
bootstrap_10/local,8185B7D4987E3DC5CBEBD9C307F8B7E4BE28CFC90F0C717DB1C5F82394FE6EEE,d4,0,0.0,"[0.0, 4.0, 6.0, 8.0]",plateau,1900.0,1900.0,0.0028034893330186605,,8.256074599998101,11.934370994567871,12.658627350256952,11.920956143097131,1.3104734328112606,11.128629318435385,14.92857155413074,2.4435043334960938
bootstrap_10/local,193A1C7C9F80FC35ACDB33DE5031FBB5FB707948358A47E64E309B1CB55A42E9,h4s,0,0.0,"[0.0, 4.0, 6.0, 8.0]",plateau,1233.0,1233.0,0.0028080742340534925,,5.199405900002603,11.873591423034668,12.659599593400621,11.938388424845789,1.3103139280255618,11.128629297700478,14.92857157213341,2.4435043334960938
bootstrap_10/local,3CE2C762928B76084293F7B717785E99C2E689299EDAE26CBC88B5D96368E104,equal4,0,0.0,"[0.0, 4.0, 6.0, 8.0]",plateau,1570.0,1570.0,0.00280430493876338,,6.2888364999998885,11.891592025756836,12.654728952452428,11.887675490121856,1.3127439732764035,11.128629315303991,14.92857155684952,2.4435043334960938
bootstrap_11/coarse,0CF8EBFEF645170E43E74E056D230FAC41CB29A3F5907E25E1191C0538797625,C,0,0.0001,"[0.0, 4.0, 6.0, 8.0]",epoch_limit,3500.0,3500.0,0.00393288629129529,,13.919024699996953,12.140000343322754,12.123155852768091,12.11281372008675,1.4309659841800606,9.693011876494381,14.839588686073771,2.2616868019104004
bootstrap_11/local,B4C08C71CE49C6895A2640DD5038727FCD9F1BA4271407F8B748C694DCB0C0BD,d1,0,0.0,"[0.0, 4.0, 6.0, 8.0]",plateau,448.0,448.0,0.0032794694416224957,,3.0151573000002827,12.094328880310059,12.101558143271857,11.855062033198626,1.4188179977609512,9.693012122340672,14.83958842568925,2.2616868019104004
bootstrap_11/local,0F4F0D8C52440A1141BFBCE61839A40D11E0F6BEFCD64E1CFE705335D124CD31,g1,0,0.0,"[0.0, 4.0, 6.0, 8.0]",plateau,843.0,843.0,0.0032870182767510414,,4.688134100000752,12.09000015258789,12.100742884157906,12.082048998093407,1.4199350069333838,9.693012112015673,14.839588438490631,2.2616868019104004
bootstrap_11/local,BF50EE9046AA4273A0D2825A111011F4605313BFD18AD7FD1DF331F943EE5870,d2,0,0.0,"[0.0, 4.0, 6.0, 8.0]",plateau,1150.0,1150.0,0.003283147234469652,,6.096214000001055,12.069032669067383,12.102913483520643,11.89223120047413,1.4193489590947321,9.693012112462206,14.839588437937007,2.2616868019104004
bootstrap_11/local,A133F212328DA912555C626CCBC9C938263A7AAB7FBEE76DC213FE29F6013202,d3,0,0.0,"[0.0, 4.0, 6.0, 8.0]",plateau,1490.0,1490.0,0.00328439730219543,,7.685946999998123,12.057902336120605,12.103236233956467,11.927131202711605,1.4195173474900442,9.693012126045096,14.839588421096357,2.2616868019104004
bootstrap_11/local,AD60E00A9B662E02F164D786155508AEEA3A0BD752C6B1C4D109900A709484E6,d4,0,0.0,"[0.0, 4.0, 6.0, 8.0]",plateau,1571.0,1571.0,0.0032835532911121845,,6.629261300000508,12.128090858459473,12.102781802919873,12.047992740287864,1.4194861038917161,9.693012124964639,14.839588422435948,2.2616868019104004
bootstrap_11/local,455FEA671D6F68880A46B31B1B9A885D9392511912A48FC08457D9AA75BCB2F2,h4s,0,0.0,"[0.0, 4.0, 6.0, 8.0]",plateau,1802.0,1802.0,0.0033124752808362246,,7.219554299997981,11.973159790039062,12.04674668271522,11.923742004186506,1.4209562569936331,9.69301212048846,14.83958842798571,2.2616868019104004
bootstrap_11/local,9AFF469E01AFCF51C29A5487CF43D16491330042E0354943A54113FBD658DED3,equal4,0,0.0,"[0.0, 4.0, 6.0, 8.0]",plateau,1828.0,1828.0,0.003307480365037918,,7.161478099998931,11.984830856323242,12.051286465506001,11.93860876684599,1.4206801445722579,9.6930121266625,14.839588420330875,2.2616868019104004
bootstrap_12/coarse,B741665239E249E57F5DDCCF13BA05D3D157BC7B1612F3397536B239BAB33C89,C,0,0.0001,"[0.0, 4.0, 6.0, 8.0]",epoch_limit,3500.0,3500.0,0.003118965309113264,,14.264692099997774,11.949999809265137,12.20629027569988,12.039127011577303,1.441766854793658,9.667352515624717,14.77750181908168,2.526947021484375
bootstrap_12/local,FE88535E072E9159AA15798A4D10751909A5A6A3B95449823C644BC79589BF16,d1,0,0.0,"[0.0, 4.0, 6.0, 8.0]",plateau,547.0,546.0,0.0025470613036304712,,3.379990400000679,11.83414077758789,12.154079299095752,11.681793293719988,1.4406163977458817,9.667352381913798,14.777501925043715,2.526947021484375
bootstrap_12/local,C12371D0F016B2BC8D0B7D011451E3D2A7D683FF7384CC06E66DBC718D5E3217,g1,0,0.0,"[0.0, 4.0, 6.0, 8.0]",plateau,1363.0,1363.0,0.0025568739511072636,,6.799704399996699,11.829999923706055,12.15336221689451,11.846354076903646,1.4415680041358174,9.667352379613526,14.777501927257749,2.526947021484375
bootstrap_12/local,D3952119DFC116B7C2E8669CA798B5BE7039619C9F2F6507B0D0077893AF9E1A,d2,0,0.0,"[0.0, 4.0, 6.0, 8.0]",plateau,1602.0,1602.0,0.0025508468970656395,,7.890916599997581,11.81657886505127,12.154990674720452,11.712101822793082,1.4407348990678102,9.66735237038027,14.77750193614487,2.526947021484375
bootstrap_12/local,CC86599218345056E1D2EAD1E59A8F5AC77427A60C465129B3BBB7877D1B2B55,d3,0,0.0,"[0.0, 4.0, 6.0, 8.0]",plateau,2131.0,2131.0,0.0025508678518235683,,10.318519399999786,11.813238143920898,12.154805638646401,11.731405449859919,1.4407757676779522,9.667352396330706,14.77750191116727,2.526947021484375
bootstrap_12/local,1B490400D633331879290B0220583DB797CAEB18F94A02305F24B1EF2C39E48B,d4,0,0.0,"[0.0, 4.0, 6.0, 8.0]",plateau,2117.0,2117.0,0.0025507425889372826,,8.969698099997913,11.823716163635254,12.155177495759256,11.698439835007605,1.4407126010807338,9.667352385698235,14.777501921401143,2.526947021484375
bootstrap_12/local,BC306DD0A275FA20DFF769CFA21CC0323884BA6CFD34BFFB31C3708E852FFF9A,h4s,0,0.0,"[0.0, 4.0, 6.0, 8.0]",plateau,1595.0,1595.0,0.0025537721812725067,,6.5497218999989855,11.79835319519043,12.156679433079404,11.806014970890365,1.4406284170024697,9.667352382274219,14.7775019246968,2.526947021484375
bootstrap_12/local,3F0E00209DE434B7717F09E9562828AA86669FB93D4F051D8A39256E30D95522,equal4,0,0.0,"[0.0, 4.0, 6.0, 8.0]",plateau,2032.0,2032.0,0.00255248649045825,,7.917098400001123,11.79835319519043,12.148956012610821,11.71480260425449,1.4422359669299398,9.667352373759233,14.77750193289258,2.526947021484375
bootstrap_13/coarse,73CCF844E7DA4EE34EA4D2BAEA00251A99182C89C4C5D16FD4532CCF63995D0E,C,0,0.0001,"[0.0, 4.0, 6.0, 8.0]",epoch_limit,3500.0,3500.0,0.0031704213470220566,,13.629496599998674,12.010000228881836,12.703784205393605,12.260107889460713,1.3252808043091135,11.170425773604546,15.085887775159597,2.314568042755127
bootstrap_13/local,3EE66C33A1DE7C5101AD5792910E9A38FE941A63AC4EAAE239E2409C1AE2D9F5,d1,0,0.0,"[0.0, 4.0, 6.0, 8.0]",plateau,389.0,389.0,0.002631719456985593,,2.643034099997749,11.980209350585938,12.690310191088013,11.876400645246584,1.3191940713688697,11.170425595773565,15.085887609535494,2.314568042755127
bootstrap_13/local,85605210DC1E1C8F78F2EAF7CB894283CBC4BA8A74486491F749756A4235A02E,g1,0,0.0,"[0.0, 4.0, 6.0, 8.0]",plateau,1260.0,1260.0,0.002641504630446434,,6.390503599999647,11.979999542236328,12.69070384950898,12.032421215589377,1.3199264007430633,11.17042559396221,15.085887611808827,2.314568042755127
bootstrap_13/local,A149AAEA044215CA8EDA4ADB409CA7D327480726C6074822B750C42B56E3C2E8,d2,0,0.0,"[0.0, 4.0, 6.0, 8.0]",plateau,1428.0,1428.0,0.002635073382407427,,7.223212100001547,11.966374397277832,12.692005059831846,11.922254987708577,1.3186211365435812,11.17042560693204,15.085887595531165,2.314568042755127
bootstrap_13/local,C78FE462C3E57FF8C7C544C802A7F96D4B506990E0B90B919F73E51E4CB25584,d3,0,0.0,"[0.0, 4.0, 6.0, 8.0]",plateau,1608.0,1608.0,0.0026348568499088287,,7.983565100003034,11.971150398254395,12.691809178410171,11.960109672321177,1.318704711789104,11.170425600236955,15.085887603933767,2.314568042755127
bootstrap_13/local,6ECC9382A29A7BF1D43C65AAD8EFC0F820C14657BE0AFDDC98E2FC430FE6FB51,d4,0,0.0,"[0.0, 4.0, 6.0, 8.0]",plateau,1912.0,1912.0,0.002636532299220562,,8.239755599999626,11.943593978881836,12.692242982415399,11.993064870541623,1.3186344850724,11.170425604142423,15.085887599032244,2.314568042755127
bootstrap_13/local,60C4FAD6590E967B972FEF6E87CF0DE95B489D8E9C96EDF38FDC4FA338079D81,h4s,0,0.0,"[0.0, 4.0, 6.0, 8.0]",plateau,1515.0,1515.0,0.0026353721041232347,,6.151446399999259,11.973159790039062,12.687516624095654,11.957282454632955,1.321058613938624,11.170425614742975,15.085887585728136,2.314568042755127
bootstrap_13/local,615FEB760F32D43A9F2495212637CBF29AB761B46531530926BACE5697D9F81A,equal4,0,0.0,"[0.0, 4.0, 6.0, 8.0]",plateau,1509.0,1509.0,0.0026351532433182,,6.0246747999990475,11.984830856323242,12.69205025495986,11.969675555433122,1.3186011935000301,11.170425596889412,15.08588760813507,2.314568042755127
bootstrap_14/coarse,4173CD0A0710BAE88822BE03767A2586A4D8A71BADC8D14D4EC92CDDAFF61936,C,0,0.0001,"[0.0, 4.0, 6.0, 8.0]",epoch_limit,3500.0,3500.0,0.00401373440399766,,13.807876799997757,12.15999984741211,12.058545714264579,12.103410539845605,1.3759229085783375,9.777561671188908,14.702814196534595,2.1385045051574707
bootstrap_14/local,505B0CEE458BF948735B8D7930D2DC65D303C39D65ED13D55F89474ACEEF2597,d1,0,0.0,"[0.0, 4.0, 6.0, 8.0]",plateau,416.0,416.0,0.003288879292085767,,2.707857100002002,12.070883750915527,12.016826877697364,11.839745303328357,1.3611800231513318,9.777561766396294,14.7028142199798,2.1385045051574707
bootstrap_14/local,9F364C3EE6CA326CCC46B8D6FFC6618195A84E8492C99CDFA6CB0C095F0CAD5B,g1,0,0.0,"[0.0, 4.0, 6.0, 8.0]",plateau,1122.0,1122.0,0.00329834152944386,,5.68748030000279,12.0600004196167,12.013889799181438,12.047361539441633,1.362042546525923,9.777561768014621,14.702814217731314,2.1385045051574707
bootstrap_14/local,FE32AD92B949A51E60EEBD4C10A78EFC15C418CA8538C9EBE4ED59E5DE72E754,d2,0,0.0,"[0.0, 4.0, 6.0, 8.0]",plateau,1407.0,1407.0,0.0032938532531261444,,7.109286499999143,12.042155265808105,12.017159679394561,11.874231149760304,1.361707521574429,9.777561766396294,14.7028142199798,2.1385045051574707
bootstrap_14/local,32F0AA1EFB5EAEA97E6A824063597905A3D0C37D2D0C45745DDFE6F599651176,d3,0,0.0,"[0.0, 4.0, 6.0, 8.0]",plateau,1843.0,1843.0,0.003293420420959592,,8.844263399998454,12.077924728393555,12.016995435235081,12.013131154256158,1.361655850784996,9.777561775587285,14.702814207209904,2.1385045051574707
bootstrap_14/local,384A406042550F1DFDCCD41827BC7D820E54FD54824FD4095E6610064BF36BDB,d4,0,0.0,"[0.0, 4.0, 6.0, 8.0]",plateau,2477.0,2477.0,0.0032934369519352913,,10.397064500000852,12.038850784301758,12.016857483700061,11.906940537179361,1.3616646010858713,9.777561764960202,14.702814221975101,2.1385045051574707
bootstrap_14/local,2CEA9FCEC45A4644A14A81AED02B9A426776BCE1BE4C16EA6D7A7E4A07FB8C9C,h4s,0,0.0,"[0.0, 4.0, 6.0, 8.0]",plateau,1855.0,1855.0,0.0033135293051600456,,7.6350017999975535,11.973159790039062,11.973455734976362,11.918387755265362,1.3608169793132627,9.777561775012849,14.702814208008022,2.1385045051574707
bootstrap_14/local,5A4D9C27588B5F70B08EC3730780CC049823033F47915AA5502B1CA5D1C63E7C,equal4,0,0.0,"[0.0, 4.0, 6.0, 8.0]",plateau,1916.0,1916.0,0.0033087297342717648,,7.6304352000006475,11.984830856323242,11.978138079653089,11.933691238797687,1.360778713674858,9.777561768119606,14.702814217585448,2.1385045051574707
bootstrap_15/coarse,9A6413A6900473D13DE1F1B451CD8520A3483BD03D2FC870FA8D2C6BE6CE6869,C,0,0.0001,"[0.0, 4.0, 6.0, 8.0]",epoch_limit,3500.0,3500.0,0.0038971921894699335,,14.026361899999756,12.010000228881836,12.755409410274815,12.291638893664263,1.4088667902385534,11.119072514135052,15.125420158019066,2.4344186782836914
bootstrap_15/local,08F1CB11505BD2A04B5C3B716518869B03AA8FA4C7630DE1ED0E138322FD8385,d1,0,0.0,"[0.0, 4.0, 6.0, 8.0]",plateau,385.0,385.0,0.003215521341189742,,2.724530399998912,11.95571231842041,12.730233243231536,11.872286444265207,1.4104975592768694,11.119072552156497,15.125420022539078,2.4344186782836914
bootstrap_15/local,A0C041625377658A709158525787C36D49B7C096D9CEC7C37983B2DD033BF09F,g1,0,0.0,"[0.0, 4.0, 6.0, 8.0]",plateau,1428.0,1428.0,0.0032290155068039894,,7.731900700000551,11.949999809265137,12.728795003639295,12.010546016950341,1.4120984863281696,11.119072558827504,15.125420017869644,2.4344186782836914
bootstrap_15/local,A9BD95CC5F7212714D1BB6DF00CB81937EA4CFFCB4B1C80AFEF5E3646B928EB3,d2,0,0.0,"[0.0, 4.0, 6.0, 8.0]",plateau,1583.0,1583.0,0.0032200878486037254,,8.705324999998993,11.944282531738281,12.732136144547102,11.914633617908848,1.409722670199912,11.119072546290948,15.125420026644706,2.4344186782836914
bootstrap_15/local,F65E9F8D65C556CDD2588F768B669ED5563A71FC25CED74DBA6D58753FCFCFC1,d3,0,0.0,"[0.0, 4.0, 6.0, 8.0]",plateau,1831.0,1831.0,0.0032196245156228542,,9.437190799999371,11.949019432067871,12.732099693304713,11.900585281051432,1.4097121509655581,11.11907255655566,15.125420019459847,2.4344186782836914
bootstrap_15/local,708ABE815FFC235286ABD1E7A03C267F525DCB2C706D2AC68A4489D7B98137EA,d4,0,0.0,"[0.0, 4.0, 6.0, 8.0]",plateau,2143.0,2143.0,0.0032210254576057196,,9.276393000000098,11.981158256530762,12.731516625577362,11.96691873174718,1.4101316202099936,11.119072551423304,15.12542002305228,2.4344186782836914
bootstrap_15/local,213B1E341AED78182958650144972A9305CE4528EAEE8E738125112979FFC5DE,h4s,0,0.0,"[0.0, 4.0, 6.0, 8.0]",plateau,1745.0,1745.0,0.003220472950488329,,7.1084112000025925,11.973159790039062,12.737420763306705,11.958735505473062,1.4068458732806348,11.119072566331576,15.125420012617107,2.4344186782836914
bootstrap_15/local,547A295C2DF0703740D64ACAAA88DC2E98305EEF91BEB0AECB97BAACE01701CC,equal4,0,0.0,"[0.0, 4.0, 6.0, 8.0]",plateau,1836.0,1836.0,0.0032214552629739046,,7.260990799997671,11.984830856323242,12.739858902819106,11.969808879851037,1.405553569028101,11.119072534559848,15.125420034855992,2.4344186782836914
bootstrap_16/coarse,FDE2E3BCDFB2C8E14D60018403F54FC32A8AFE72C57204FC5B9487CD3CBC0FAE,C,0,0.0001,"[0.0, 4.0, 6.0, 8.0]",epoch_limit,3500.0,3500.0,0.0036066342145204544,,13.841379500001494,12.039999961853027,12.053094100102077,12.028505749333672,1.5341400547182114,9.551615569521784,14.752270254797747,2.2144217491149902
bootstrap_16/local,49568E76B23E7C678AF9B5ED51DC7CAF9DA68240996F24B78E9BE45949172C82,d1,0,0.0,"[0.0, 4.0, 6.0, 8.0]",plateau,442.0,442.0,0.002898871898651123,,2.9419624999973166,11.949746131896973,12.014410291009765,11.741033027378958,1.5249531240908338,9.551615319216847,14.752270094307278,2.2144217491149902
bootstrap_16/local,0552CB7D92242387AFC376C432735BECE1E47678CD19F94EB032BE1CF2A5072A,g1,0,0.0,"[0.0, 4.0, 6.0, 8.0]",plateau,1326.0,1326.0,0.0029097660444676876,,6.922600900001271,11.949999809265137,12.01424787601399,11.942651050641828,1.5256927316612612,9.551615322754515,14.752270089919216,2.2144217491149902
bootstrap_16/local,0BD3D2E61E7372E8F8D32C8BE3FE9A22CE961D53566F65C38B29D5672BEBE403,d2,0,0.0,"[0.0, 4.0, 6.0, 8.0]",plateau,1584.0,1584.0,0.002903412561863661,,8.152365199999622,11.92900562286377,12.015040525327564,11.7714707316814,1.5252477062291392,9.551615312581948,14.752270102537086,2.2144217491149902
bootstrap_16/local,B9B6417932373FBF9506233B81B89EE0CF4A12640DC03CE3CB04D37831DE941E,d3,0,0.0,"[0.0, 4.0, 6.0, 8.0]",plateau,2171.0,2171.0,0.0029034530743956566,,10.693861900002958,11.963827133178711,12.015047789589907,11.911215464129482,1.5252372804778576,9.55161532474593,14.752270087449112,2.2144217491149902
bootstrap_16/local,23A5D5E56FE1F9BBDF65F29F7F6A23323AE9FBB788F5942C7DA5BA6A7043E9CF,d4,0,0.0,"[0.0, 4.0, 6.0, 8.0]",plateau,2156.0,2156.0,0.0029030884616076946,,9.234698899999785,11.934671401977539,12.015051028430669,11.764724789728579,1.525238135042781,9.551615326957563,14.752270084705843,2.2144217491149902
bootstrap_16/local,B122EA24416D912213AF7C28689D6232037859D426A53218D815784F6E0437E0,h4s,0,0.0,"[0.0, 4.0, 6.0, 8.0]",plateau,1738.0,1738.0,0.0029045348055660725,,7.120572700001503,11.973159790039062,12.021435304364308,11.919103450606729,1.5250055967579148,9.551615314517127,14.752270100136727,2.2144217491149902
bootstrap_16/local,7C1F256C425BFC08F6DC2D11CE2E1FA1F2A615EBED984D8EAEB32AD1981EF9BA,equal4,0,0.0,"[0.0, 4.0, 6.0, 8.0]",plateau,1353.0,1353.0,0.002907941583544016,,5.539515099997516,11.891592025756836,12.012162249450485,11.893877023743524,1.5256597611546971,9.551615310370314,14.752270105280353,2.2144217491149902
bootstrap_17/coarse,65992782F9CE345AACA97D870BC603374FD954A9EC8AE6F0CDA44EB21FE98A7A,C,0,0.0001,"[0.0, 4.0, 6.0, 8.0]",epoch_limit,3500.0,3500.0,0.0039328113198280334,,13.869851199997356,11.779999732971191,12.195908512001447,11.900912025574044,1.259021550569195,10.719561213162187,14.797627992477294,2.391887664794922
bootstrap_17/local,D680D35A916A21FD2173B501A424310C689D2CA980C7E518ED6931FBF108AEBD,d1,0,0.0,"[0.0, 4.0, 6.0, 8.0]",plateau,547.0,547.0,0.003246776759624481,,3.502393700000539,11.690671920776367,12.148529860226741,11.542443085776627,1.259911641633043,10.71956134322278,14.797627721229578,2.391887664794922
bootstrap_17/local,CBFE3D1F67F617EC5FF7BC592CB48585DB2B9F3F159DECEC493B53A9262E08FA,g1,0,0.0,"[0.0, 4.0, 6.0, 8.0]",plateau,1225.0,1225.0,0.003257913049310446,,6.316799100000935,11.6899995803833,12.149311312130537,11.713744989815707,1.260777313976662,10.719561349144826,14.797627717654699,2.391887664794922
bootstrap_17/local,7A0610DF8290DC5D16F73F664B29CC74FBA267D9DF0A5AD45667E5C76161E33C,d2,0,0.0,"[0.0, 4.0, 6.0, 8.0]",plateau,1478.0,1478.0,0.0032515316270291805,,7.468459800002165,11.6716947555542,12.1500855593897,11.580618677539443,1.25984363679082,10.719561368007433,14.797627706268191,2.391887664794922
bootstrap_17/local,1B03D0421AE895F08A91E9F17579A8B09924AB19032FA21E3DABFC0922BD970D,d3,0,0.0,"[0.0, 4.0, 6.0, 8.0]",plateau,2048.0,2048.0,0.003252193331718445,,10.076538600002095,11.666272163391113,12.15162851099645,11.634288015145993,1.2593183469288776,10.719561327732373,14.79762773058043,2.391887664794922
bootstrap_17/local,19911CDEEE42CB45FBBF1A9289BECA6B972F68B226A50AB928B1BCB15A277BCC,d4,0,0.0,"[0.0, 4.0, 6.0, 8.0]",plateau,2184.0,2184.0,0.0032515921629965305,,9.285248399999546,11.680267333984375,12.151354663699898,11.663174423671853,1.2593556354726474,10.719561329281413,14.797627729645333,2.391887664794922
bootstrap_17/local,E844148DCED3B7995292CD5D59167C149DE681C1E7D90F1814B9914114BABA8D,h4s,0,0.0,"[0.0, 4.0, 6.0, 8.0]",plateau,1494.0,1494.0,0.003249820088967681,,6.209991299998364,11.699968338012695,12.14923716058311,11.66227722223651,1.2600029061994342,10.7195613060458,14.797627743671608,2.391887664794922
bootstrap_17/local,1DDB39E68E6EE08498318197FA2CAC84EB7367D419DAC7155AF421281CDFC02E,equal4,0,0.0,"[0.0, 4.0, 6.0, 8.0]",plateau,1595.0,1595.0,0.003249690867960453,,6.4379575999992085,11.702415466308594,12.149424768565055,11.665973535205126,1.2599205500487167,10.719561364909351,14.797627708138362,2.391887664794922
bootstrap_18/coarse,B4B6503A0BBB42E38D17125D88D05E3763C06D1F4E92A621304F9198FC65AD90,C,0,0.0001,"[0.0, 4.0, 6.0, 8.0]",epoch_limit,3500.0,3500.0,0.0035317065194249153,,13.673028600001999,11.970000267028809,12.584930857667922,12.203798009214003,1.3886835707745544,10.864870469912319,14.939075375443968,2.4366092681884766
bootstrap_18/local,A0A72A4B172AAD7A0A231DC02E0F0378E22BC0C5EDB71767035FF494DE511FC7,d1,0,0.0,"[0.0, 4.0, 6.0, 8.0]",plateau,413.0,413.0,0.0030149356462061405,,2.8631242999981623,11.942087173461914,12.572946933589867,11.83027691463904,1.3819289639026904,10.864870645175845,14.939075651238799,2.4366092681884766
bootstrap_18/local,41D2CAA655A13C3A0F512EC68A1D510EBB515478FD28FBCF13AD3BD44B80DA1B,g1,0,0.0,"[0.0, 4.0, 6.0, 8.0]",plateau,947.0,947.0,0.0030228556133806705,,5.211985900001309,11.9399995803833,12.573380884754952,11.995405596262641,1.38276620976181,10.864870689819787,14.939075639058046,2.4366092681884766
bootstrap_18/local,0FAF0DE450AB7956F9E03DA99F187EB337C5EAB034849D76E06F93A78A58C7BC,d2,0,0.0,"[0.0, 4.0, 6.0, 8.0]",plateau,1166.0,1166.0,0.003018511924892664,,6.2092826000007335,11.918310165405273,12.574091901988915,11.890339986204504,1.3818984682618074,10.864870628094115,14.939075655899414,2.4366092681884766
bootstrap_18/local,D604020FACD95410F0C7E64E6FF6F9BBF1FD811ED0B94654DDA00DAC491B604F,d3,0,0.0,"[0.0, 4.0, 6.0, 8.0]",plateau,1483.0,1483.0,0.0030189191456884146,,7.52385680000225,11.920872688293457,12.574456113749623,11.887825206120121,1.3817892659798754,10.864870679339301,14.939075641917563,2.4366092681884766
bootstrap_18/local,746173B65F7B22F1CD65B3F74CDE308308B2A36394B5D0304853A09F4715641E,d4,0,0.0,"[0.0, 4.0, 6.0, 8.0]",plateau,1701.0,1701.0,0.003018901916220784,,7.149883300000511,11.97623062133789,12.574353112226111,11.950176225759671,1.3818481540188134,10.864870650513884,14.939075649782346,2.4366092681884766
bootstrap_18/local,179F34914B2DCE703027FE523216E59684E1F667303F44F9B4160FF75265E6F6,h4s,0,0.0,"[0.0, 4.0, 6.0, 8.0]",plateau,839.0,839.0,0.0030208237003535032,,3.465439299998252,11.973159790039062,12.575588259635825,11.950999259703556,1.381531546870876,10.864870632364548,14.939075654734257,2.4366092681884766
bootstrap_18/local,825556B6FF92836657724E9DBC04E8301080CC62437DC7662CF6C5CC33295665,equal4,0,0.0,"[0.0, 4.0, 6.0, 8.0]",plateau,798.0,798.0,0.0030205710791051388,,3.3203767000013613,11.984830856323242,12.575490258517194,11.95685319936547,1.3815325850665459,10.864870677204085,14.939075642500145,2.4366092681884766
bootstrap_19/coarse,4AC18683B1F5D9470B72DD0A04F3ED69E230EB8686381D0D7076B33457652C51,C,0,0.0001,"[0.0, 4.0, 6.0, 8.0]",epoch_limit,3500.0,3500.0,0.003451497061178088,,13.82164879999982,11.729999542236328,12.432067790396044,11.974291681500272,1.478327782909573,10.33343224875573,15.123948373988416,2.456084728240967
bootstrap_19/local,03ADACE7C11AEECBA0AB88998D0BF09627C484BC7C4AC328A2F29A9270D1DE85,d1,0,0.0,"[0.0, 4.0, 6.0, 8.0]",plateau,401.0,401.0,0.002863294677808881,,2.793089599999803,11.640951156616211,12.392309078618638,11.548388331439398,1.4865668621278034,10.33343220574449,15.123948276914232,2.456084728240967
bootstrap_19/local,ED3E4AF385F800B0587589E0C2907157D1AA378458EABEB2BCE3DDDEF9C43F0A,g1,0,0.0,"[0.0, 4.0, 6.0, 8.0]",plateau,1393.0,1393.0,0.0028737871907651424,,7.317262700002175,11.640000343322754,12.391213194982363,11.68786429741557,1.4879010724530515,10.333432169254545,15.123948282405111,2.456084728240967
bootstrap_19/local,CD71A353FAB75188A1F77926A18E43B942234CF835C61FAD9DBAFF5AFF9F1594,d2,0,0.0,"[0.0, 4.0, 6.0, 8.0]",plateau,1570.0,1570.0,0.0028675750363618135,,7.860435300000972,11.621611595153809,12.39242747034095,11.588802790671117,1.486824051647283,10.333432172815,15.123948281869346,2.456084728240967
bootstrap_19/local,D218BDEF771BB7E07A082ED7F61AE0F68C6467496E4CC86F45279FD8A919DA0C,d3,0,0.0,"[0.0, 4.0, 6.0, 8.0]",plateau,2095.0,2095.0,0.0028686942532658577,,10.363330199998018,11.667906761169434,12.392659538036726,11.645631934586502,1.486794210987571,10.333432106956016,15.12394829177959,2.456084728240967
bootstrap_19/local,2F566D7F19B72C700AFBFF6AC76FE1A98B5B61B2DC79930D9A4749EC48C10697,d4,0,0.0,"[0.0, 4.0, 6.0, 8.0]",plateau,2036.0,2036.0,0.002867325907573104,,8.73932010000135,11.627408027648926,12.39238693035793,11.575878101502424,1.4868300344384542,10.333432253080636,15.123948269791235,2.456084728240967
bootstrap_19/local,D05E668822B16BC6E243DFB19840364E8E290F2FF96AB2B0167B561B2EC0049D,h4s,0,0.0,"[0.0, 4.0, 6.0, 8.0]",plateau,1449.0,1449.0,0.002866150112822652,,5.873647100001108,11.6461763381958,12.391826873736214,11.624422551232277,1.487035855227909,10.333432098723641,15.12394829301836,2.456084728240967
bootstrap_19/local,285D7B3E6144FA540FC5396DF4C7EA13926F395F30A606A14583524C35804412,equal4,0,0.0,"[0.0, 4.0, 6.0, 8.0]",plateau,1501.0,1501.0,0.0028658797964453697,,6.00290060000043,11.646872520446777,12.39185059797264,11.626204254646822,1.4870027675775068,10.33343230041678,15.12394826266826,2.456084728240967
bootstrap_20/coarse,36EB9F2B2BAFBF91511AECD56603E37E9418BF6F8B2F3EBCE7EB3FFBD1972D89,C,0,0.0001,"[0.0, 4.0, 6.0, 8.0]",epoch_limit,3500.0,3500.0,0.004241707734763622,,13.84836770000038,11.949999809265137,12.622073965911971,12.200201555144416,1.491815993542226,10.061677937724692,15.139544410009428,2.2633771896362305
bootstrap_20/local,F8FE78BE5C4BEEACC9020CA6FA0A7BB29C654B544FCC0F62AC7DF4E7A0B79B3A,d1,0,0.0,"[0.0, 4.0, 6.0, 8.0]",plateau,418.0,418.0,0.0036705858074128628,,3.0813311000019894,11.875268936157227,12.589303856730888,11.781679154220793,1.4961809744956271,10.061677903504606,15.139544421741283,2.2633771896362305
bootstrap_20/local,A0C4DEFB4CAA34D093AD28164E0103E525534A8EC6440E8D51176E4806C19964,g1,0,0.0,"[0.0, 4.0, 6.0, 8.0]",plateau,1103.0,1103.0,0.0036807400174438953,,6.282894500000111,11.880000114440918,12.59008258278789,11.931535967941798,1.4966708595565301,10.061677882706466,15.139544431697031,2.2633771896362305
bootstrap_20/local,006C6E3C2035A8F26D7B662D9F01131D33BE1FCDC63A7F6C1F1674F54AC146AD,d2,0,0.0,"[0.0, 4.0, 6.0, 8.0]",plateau,1264.0,1264.0,0.00367559096775949,,7.042221699997754,11.853483200073242,12.591381470770505,11.837201671304635,1.4956360637628523,10.061677879128613,15.139544433409688,2.2633771896362305
bootstrap_20/local,E3045C0B4A4471CBAB7F9C56048CE58A651672569015571CFB481D68452512E0,d3,0,0.0,"[0.0, 4.0, 6.0, 8.0]",plateau,1671.0,1671.0,0.003676242660731077,,8.688693399999465,11.84695816040039,12.591444657021889,11.872552450673048,1.4956685934392464,10.061677921786602,15.139544412989988,2.2633771896362305
bootstrap_20/local,87F166E820C54107D0F7A80BD3FF83C18BE4D3C79AD6B64185DE9335658F7565,d4,0,0.0,"[0.0, 4.0, 6.0, 8.0]",plateau,1779.0,1779.0,0.003674458945170045,,7.829993999999715,11.862386703491211,12.590826072254227,11.81816399832616,1.495817509493609,10.061677879128613,15.139544433409686,2.2633771896362305
bootstrap_20/local,8B800DD19CB2F60683588E73200695C5438CF6D972FC713A2B342B43C2D21FDB,h4s,0,0.0,"[0.0, 4.0, 6.0, 8.0]",plateau,1475.0,1475.0,0.0036751683801412582,,6.1111305999984324,11.873591423034668,12.59067314653562,11.860087405032466,1.4959449866328338,10.0616779294041,15.139544409343607,2.2633771896362305
bootstrap_20/local,9E1ED73F50A8B20E5519E973842A1A892EE2742826CD5F645EF0B1318A876567,equal4,0,0.0,"[0.0, 4.0, 6.0, 8.0]",plateau,1474.0,1474.0,0.0036759073846042156,,5.9736505999972,11.891592025756836,12.595884276031583,11.87337407905421,1.4934977040362525,10.061677885032175,15.139544430583758,2.2633771896362305
bootstrap_21/coarse,9B3A3374DD9098510FE10A457A487BB8DA0505F73F93BB4BABBC0EAD256B7438,C,0,0.0001,"[0.0, 4.0, 6.0, 8.0]",epoch_limit,3500.0,3500.0,0.003647127654403448,,13.734366399999999,12.010000228881836,12.487038751412317,12.166054944213917,1.2117497892977678,11.117963511570194,14.901639280193587,2.3932337760925293
bootstrap_21/local,8A3FBF02FEC2F9057F3343D051E752642296A2AC747CEF66F24EA18162F6C17F,d1,0,0.0,"[0.0, 4.0, 6.0, 8.0]",plateau,425.0,425.0,0.002975145820528269,,2.845886300001439,11.914654731750488,12.437743836113189,11.784875954802658,1.2161434332574754,11.117963559828455,14.901639517298644,2.3932337760925293
bootstrap_21/local,4F289BD11221E535BEF35D2ED22CB3F67D5FF88218D0940B4AC53CFDF7775D7D,g1,0,0.0,"[0.0, 4.0, 6.0, 8.0]",plateau,1404.0,1404.0,0.00298665976151824,,6.965868300001603,11.90999984741211,12.435552553630915,11.938579279179065,1.218160354500386,11.11796356137943,14.901639515530897,2.3932337760925293
bootstrap_21/local,FCA761DAAD2D928901F95C850E674BCD5CCA0E0C0345DA8AD071C82790895926,d2,0,0.0,"[0.0, 4.0, 6.0, 8.0]",plateau,1619.0,1619.0,0.0029795258305966854,,8.093305899998086,11.89652156829834,12.438325620450174,11.820757575181316,1.2163213600584455,11.117963548699652,14.901639529982873,2.3932337760925293
bootstrap_21/local,F9FAA0DFB21C766537D01B553C301B98DD1A9FC4910348B849B32C3452661A9C,d3,0,0.0,"[0.0, 4.0, 6.0, 8.0]",plateau,2136.0,2136.0,0.002979306736961007,,10.432912000000215,11.897668838500977,12.438244938981986,11.824898398141467,1.2163341333167288,11.117963552177404,14.901639526019043,2.3932337760925293
bootstrap_21/local,55C261C7E5D0BAC9C11AF6E87852FD2E30E1FD0716417287B90C3F3A69FBF28D,d4,0,0.0,"[0.0, 4.0, 6.0, 8.0]",plateau,1971.0,1971.0,0.0029787421226501465,,8.652349699998013,11.929458618164062,12.437508680836583,11.900700926186008,1.216617209384142,11.11796355600293,14.901639521658845,2.3932337760925293
bootstrap_21/local,543FB1D7ED7A297E43B10FCB128DE5824D816D5E69C99584A736BD4A976A715A,h4s,0,0.0,"[0.0, 4.0, 6.0, 8.0]",plateau,1604.0,1604.0,0.002984272316098213,,6.641710799998691,11.873591423034668,12.437311404339317,11.887857846434082,1.2171956717548669,11.117963548004102,14.901639530775633,2.3932337760925293
bootstrap_21/local,3663CE53267081EBAD1BB342F029B1E4FFF6C72001E1D93C35A898EDBA8DD4C2,equal4,0,0.0,"[0.0, 4.0, 6.0, 8.0]",plateau,1801.0,1801.0,0.0029796496964991093,,7.181073699997796,11.891592025756836,12.432163329769654,11.868971483440841,1.2189860047794012,11.117963548004102,14.901639530775633,2.3932337760925293
bootstrap_22/coarse,AC49F6AED5B2149428BC01EF89C50A3F006E811E7177638C12DD5DF8D3AEDEAD,C,0,0.0001,"[0.0, 4.0, 6.0, 8.0]",epoch_limit,3500.0,3500.0,0.003880762727931142,,13.903183499998704,12.430000305175781,12.886271124252037,12.644863964579333,1.6190071630727805,10.033210104579169,15.380625391623871,2.3301990032196045
bootstrap_22/local,CF68EE9208F436274A063059F22FF799B4DA331150AA3310512B96B78E5F2CB7,d1,0,0.0,"[0.0, 4.0, 6.0, 8.0]",plateau,508.0,508.0,0.003369566984474659,,3.197536499999842,12.392321586608887,12.8719892295312,12.273493164668098,1.6146170946850764,10.033210177472524,15.38062516904012,2.3301990032196045
bootstrap_22/local,4DFACE9A2709F1C497B90A2FC59263CE5791B24ECF0FD1F6BEE8A24E195363B5,g1,0,0.0,"[0.0, 4.0, 6.0, 8.0]",plateau,920.0,920.0,0.0033778019715100527,,5.004247100001521,12.390000343322754,12.872229265803169,12.441256490690575,1.6153096612381952,10.033210176193187,15.380625170126581,2.3301990032196045
bootstrap_22/local,A02F8DA64A77134BBE40192384386D962A9FDD95657CDC3669DFD5110738A7A5,d2,0,0.0,"[0.0, 4.0, 6.0, 8.0]",plateau,1116.0,1116.0,0.0033732978627085686,,5.749448099999427,12.370792388916016,12.873730028147637,12.328566701832393,1.6144649895899388,10.033210180377298,15.380625166573271,2.3301990032196045
bootstrap_22/local,2A20EA0535B45B394784A4E060BDB0D41B9AACF20C9406DE9831242BE5DF6007,d3,0,0.0,"[0.0, 4.0, 6.0, 8.0]",plateau,1418.0,1418.0,0.0033735246397554874,,6.9191883000021335,12.37339973449707,12.873914825848516,12.327966978562928,1.614431309676462,10.033210188365425,15.38062515978943,2.3301990032196045
bootstrap_22/local,CF0CB1EF7FA05E37A955C43F74EB92764267A7B62712957EB1AB1C84704E9981,d4,0,0.0,"[0.0, 4.0, 6.0, 8.0]",plateau,1504.0,1504.0,0.003374127671122551,,5.903882599999633,12.427667617797852,12.873949576323405,12.399215066205647,1.614473681275167,10.033210172752266,15.380625173048747,2.3301990032196045
bootstrap_22/local,9357E6D494E14A24BD346A651A2DB20FE156D6A871C80FD50E38F75EE1EB5DF9,h4s,0,0.0,"[0.0, 4.0, 6.0, 8.0]",ineligible,,,,outside_current_main_peak_candidates,,,,,,,,
bootstrap_22/local,1CF1F3C4D6AC987BB6F9F95C2811FD008C8203B45774BD7EFF419DE673B4DB63,equal4,0,0.0,"[0.0, 4.0, 6.0, 8.0]",ineligible,,,,outside_current_main_peak_candidates,,,,,,,,
bootstrap_23/coarse,B0CD49E22EF28B5F79E1D651030CF76876EF835ECF69109B55FD00A918C45130,C,0,0.0001,"[0.0, 4.0, 6.0, 8.0]",epoch_limit,3500.0,3500.0,0.0035774819552898407,,13.791995999999926,11.979999542236328,12.390499012997685,12.121378545064928,1.4380271075342097,9.824285439163845,14.925431028480318,2.348937511444092
bootstrap_23/local,EF4527B79902F91597717C521B21B38E3C9D4D4CC53A30D8EFEEF4116155D291,d1,0,0.0,"[0.0, 4.0, 6.0, 8.0]",plateau,503.0,503.0,0.0029540404211729765,,3.1770109999997658,11.884428977966309,12.347038186733949,11.748762011616776,1.439429828714716,9.824285538705457,14.925430971491801,2.348937511444092
bootstrap_23/local,4E983BAD9EF96D16D924E6E7F8569FFF5CB048A7855395AAE8422A9BB286F575,g1,0,0.0,"[0.0, 4.0, 6.0, 8.0]",plateau,1489.0,1489.0,0.002966224914416671,,7.53437280000071,11.880000114440918,12.346275162098385,11.907726386529303,1.440459487980709,9.824285546615464,14.925430965306512,2.348937511444092
bootstrap_23/local,D7D58FD0B221980872B2164C2B97188FA2E615E658727C6B95FB58B49DC1F768,d2,0,0.0,"[0.0, 4.0, 6.0, 8.0]",plateau,1613.0,1613.0,0.002958397613838315,,8.779932199999166,11.871953010559082,12.349047248111763,11.781079105267402,1.4390749070668127,9.82428554442424,14.925430967019947,2.348937511444092
bootstrap_23/local,7DD7DA89A4F7F7E40D90981573DAC1188EFFFB9A651C0FFE5C74D1EEFD52AD64,d3,0,0.0,"[0.0, 4.0, 6.0, 8.0]",plateau,1969.0,1969.0,0.0029582998249679804,,10.160374699997192,11.876301765441895,12.349193008420933,11.770847109211562,1.439029805889264,9.824285548236764,14.925430964038721,2.348937511444092
bootstrap_23/local,EA67D7C90A2FEB2767799D11318AF538624CF40B046B3CAABA6EB1688D2E3CA8,d4,0,0.0,"[0.0, 4.0, 6.0, 8.0]",plateau,2111.0,2111.0,0.0029586537275463343,,8.861070399998425,11.909516334533691,12.349389627246127,11.878060680773023,1.4389731981128648,9.824285521549104,14.92543098490733,2.348937511444092
bootstrap_23/local,ACDF2CEADE255DABF25219974CDD1A7CCCF641FC0F5CC3B5B906C63AF2423D94,h4s,0,0.0,"[0.0, 4.0, 6.0, 8.0]",plateau,1859.0,1859.0,0.0029577917885035276,,7.478580999999394,11.873591423034668,12.346292849972665,11.851738636752241,1.4399304661814238,9.824285559674331,14.925430955095031,2.348937511444092
bootstrap_23/local,6F59EDB9F29E18ECDF3DC78660EE65EB5C50575397A84357D164383F8FF90FB8,equal4,0,0.0,"[0.0, 4.0, 6.0, 8.0]",plateau,1702.0,1702.0,0.0029582567512989044,,6.736486999998306,11.891592025756836,12.35458714210587,11.864852015161972,1.4372907936392258,9.824285539658588,14.925430970746493,2.348937511444092
bootstrap_24/coarse,F01F88787C8EBA2397385D661ED8D1A9E9031A8653DF69C7783BF9B378AC52A3,C,0,0.0001,"[0.0, 4.0, 6.0, 8.0]",epoch_limit,3500.0,3500.0,0.003987535834312439,,13.743690200000856,12.130000114440918,12.339321721370466,12.201798978897457,1.2764440152327958,9.970181252864199,14.801567880153243,2.3702151775360107
bootstrap_24/local,4E62FFA24C5B62FF6EFFAF203BF8D179B531F636813A3DD1441B6C040CA4EB0D,d1,0,0.0,"[0.0, 4.0, 6.0, 8.0]",plateau,448.0,448.0,0.0033099083229899406,,2.984721000000718,12.021716117858887,12.284440461869766,11.858976510070685,1.2719069652674364,9.97018136405144,14.801567607505554,2.3702151775360107
bootstrap_24/local,0B8579C9542A07AE720E959745D4492451A37BE0E6D88BDD1E7A62CF4C4006F2,g1,0,0.0,"[0.0, 4.0, 6.0, 8.0]",plateau,1276.0,1276.0,0.0033225726801902056,,6.451968099998339,12.020000457763672,12.282144191105614,12.02789328825989,1.2734526330713585,9.97018136449686,14.801567607180878,2.3702151775360107
bootstrap_24/local,AD5E34A56FD59ABEA91989988EA6BE3F9A4698905840896D65DAFE5BCEE72765,d2,0,0.0,"[0.0, 4.0, 6.0, 8.0]",plateau,1660.0,1660.0,0.003313991706818342,,8.432236900000134,12.003817558288574,12.284212445196982,11.883784885119558,1.2723240367050792,9.970181388310584,14.801567589822579,2.3702151775360107
bootstrap_24/local,4EFD35BAE82556CFB4336A0C25837E237533A97558860D6B20744CD1224D74C6,d3,0,0.0,"[0.0, 4.0, 6.0, 8.0]",plateau,2158.0,2158.0,0.0033145255874842405,,10.587222900001507,11.998982429504395,12.284380129084719,11.909073472252533,1.2723226285115063,9.970181388310584,14.80156758982258,2.3702151775360107
bootstrap_24/local,511D891EC80F71860F6B6414CCF33963412ED1A2A960AA7B5C380EE830CF1FD7,d4,0,0.0,"[0.0, 4.0, 6.0, 8.0]",plateau,1973.0,1973.0,0.0033142962493002415,,8.465969699998823,12.006318092346191,12.283461116631669,11.875582809008879,1.2725115850215005,9.970181365062237,14.80156760676876,2.3702151775360107
bootstrap_24/local,63CB2E8E11A2BA55F655CD7230FBC587DED86BF81E44212F7DF74CF6A9489648,h4s,0,0.0,"[0.0, 4.0, 6.0, 8.0]",plateau,1953.0,1953.0,0.0033190660178661346,,8.064148900000873,11.973159790039062,12.26007791448067,11.934584222767503,1.277643136537791,9.970181373148618,14.801567600874435,2.3702151775360107
bootstrap_24/local,055BDAEABDC3E7D719243553A0C6173863DFF2AD7C4BCAEBBA104A29D66C5FBD,equal4,0,0.0,"[0.0, 4.0, 6.0, 8.0]",plateau,2008.0,2008.0,0.0033172178082168102,,8.165805499997077,11.984830856323242,12.265393077408307,11.94874440621572,1.2764281322126403,9.970181363040641,14.801567608242346,2.3702151775360107
bootstrap_25/coarse,100F382DAB258DA688EAA1F3B13641261FDFF2D764E5091B40FA754666523EE6,C,0,0.0001,"[0.0, 4.0, 6.0, 8.0]",epoch_limit,3500.0,3500.0,0.003647848265245557,,14.135782099998323,11.890000343322754,11.908178578932128,11.88808118044971,1.3996934324841483,9.339989441307722,14.53891879280785,2.396080732345581
bootstrap_25/local,D455C1CF821371236D2D7B21E1B6DDBA9FB159D1DA5446D2AF9F0086743D0DB4,d1,0,0.0,"[0.0, 4.0, 6.0, 8.0]",plateau,468.0,468.0,0.0029878660570830107,,3.1746361999976216,11.776453018188477,11.854357738965389,11.5846527707158,1.388864000717621,9.339989169688842,14.538918750250522,2.396080732345581
bootstrap_25/local,3A541B8C0C21DDE2FCB7139EFDB72C64D65EA3D0D7A3A70FD8407C88FFE70AC0,g1,0,0.0,"[0.0, 4.0, 6.0, 8.0]",plateau,1477.0,1477.0,0.0030005471780896187,,7.456473799997184,11.770000457763672,11.851011215954303,11.765040839469169,1.3899040944448378,9.339989153945131,14.538918769115782,2.396080732345581
bootstrap_25/local,CA16B322DDF846ACB7400FB0A17B8FB370AC1E8C84A275FEF3D4C93A7DA17C93,d2,0,0.0,"[0.0, 4.0, 6.0, 8.0]",plateau,1748.0,1748.0,0.002992504509165883,,8.723029299999325,11.753317832946777,11.852140422464215,11.605677082173132,1.389315466191291,9.339989156525014,14.538918766024384,2.396080732345581
bootstrap_25/local,D471361212F10D407FC9CCBE0BB73A9C6BA63E3DBD788FD63C333C8982C3A4F9,d3,0,0.0,"[0.0, 4.0, 6.0, 8.0]",plateau,2207.0,2207.0,0.0029932965990155935,,10.740258599998924,11.789236068725586,11.853063340219373,11.737547082280932,1.389308150256972,9.33998916442331,14.538918756560069,2.396080732345581
bootstrap_25/local,F13EAC9BF599C560FAC8543C9FD4C72E08E03B7D71597F619BC0A359D3E00BD5,d4,0,0.0,"[0.0, 4.0, 6.0, 8.0]",plateau,2377.0,2377.0,0.0029921256937086582,,10.216219000001729,11.760300636291504,11.852259145696216,11.595373096409594,1.3892935429015052,9.33998915010765,14.538918773714133,2.396080732345581
bootstrap_25/local,94716883B31D3399D76D200D5BFF8819DB18489F6C03D79D76DD9B8481B0F78D,h4s,0,0.0,"[0.0, 4.0, 6.0, 8.0]",plateau,1933.0,1933.0,0.002992746653035283,,7.910371199999645,11.769681930541992,11.85187160180304,11.730440166379552,1.3893618192133423,9.339989169442019,14.538918750546289,2.396080732345581
bootstrap_25/local,E95B4F165609B75D384277D768E521A14485A0625D40BDC813DAC36975F8564B,equal4,0,0.0,"[0.0, 4.0, 6.0, 8.0]",plateau,1920.0,1920.0,0.002992098219692707,,7.7065060999993875,11.767401695251465,11.851641467586553,11.721016963640965,1.3893259697483087,9.339989182359023,14.538918735068187,2.396080732345581
bootstrap_26/coarse,DFB1451A9AB525067D623FA4483618125EC9C45F8C3A1A746FA8B13C2F9E33DD,C,0,0.0001,"[0.0, 4.0, 6.0, 8.0]",epoch_limit,3500.0,3500.0,0.0040547801181674,,13.706363699999201,12.170000076293945,12.418688762120171,12.265279473092987,1.397680827414195,9.937843864425153,14.794071962848536,2.3254904747009277
bootstrap_26/local,FD928206FF5638920F7EF1903CAB61B510FF1E0F16E4B98C71139340512B3B22,d1,0,0.0,"[0.0, 4.0, 6.0, 8.0]",plateau,391.0,391.0,0.003371529746800661,,2.794676299999992,12.106122970581055,12.390052439470074,11.937344537273434,1.3913847526179761,9.93784411881627,14.794071806845647,2.3254904747009277
bootstrap_26/local,FAA8262B580675EE5C501A3CE2D75BB62282428C994711517E5C3E01BE52CEF0,g1,0,0.0,"[0.0, 4.0, 6.0, 8.0]",plateau,1323.0,1323.0,0.0033835291396826506,,7.066333399998257,12.100000381469727,12.389184020118469,12.120142868825473,1.3924119577019622,9.93784413016011,14.7940717981236,2.3254904747009277
bootstrap_26/local,C61AEF50B16C3D9C054B920C15AC34B24AF2DE73417C81BAAF65E357A4C4255B,d2,0,0.0,"[0.0, 4.0, 6.0, 8.0]",plateau,1427.0,1427.0,0.003376404754817486,,7.51968300000226,12.088484764099121,12.391353779059395,11.973418711707684,1.3914884104894023,9.937844109238755,14.794071814209603,2.3254904747009277
bootstrap_26/local,F28215BE2E6C81A9A21B45639F27645D75931795B344FAEC5ADE86930E74FD1B,d3,0,0.0,"[0.0, 4.0, 6.0, 8.0]",plateau,1745.0,1745.0,0.0033765181433409452,,8.549646499999653,12.092806816101074,12.39150844882604,11.963060474223152,1.3914805420352259,9.937844120412523,14.794071805618323,2.3254904747009277
bootstrap_26/local,1A635524AB65E91DDF2371A69294E3DE3D67F86ED5DC16A06F3BE9048A381DD1,d4,0,0.0,"[0.0, 4.0, 6.0, 8.0]",plateau,1962.0,1962.0,0.003376036649569869,,8.22018079999907,12.125628471374512,12.390789464315503,12.08808837716806,1.3915602829432652,9.93784411861674,14.79407180699906,2.3254904747009277
bootstrap_26/local,49B0D973DC051400518B4804D80FF2379683ABC2903E8705199A36A6A8ED3642,h4s,0,0.0,"[0.0, 4.0, 6.0, 8.0]",plateau,1940.0,1940.0,0.003395813051611185,,7.580301899997721,11.973159790039062,12.331791324708213,11.938665838058965,1.4051176684021465,9.937844121609713,14.794071804697824,2.3254904747009277
bootstrap_26/local,0E07A1DE102FF0B319F1F78D97A84CB80C8ECEC2B2F5EFBAAEA8FC42C6FE393D,equal4,0,0.0,"[0.0, 4.0, 6.0, 8.0]",plateau,2025.0,2025.0,0.003392246086150408,,7.761451500002295,11.984830856323242,12.336637962267215,11.952589715505363,1.4038530422155704,9.937844127196598,14.794071800402177,2.3254904747009277
bootstrap_27/coarse,019EED860A2D6AB6EE8DE11730147178341B45A7DA641AA2C59BC7152461531C,C,0,0.0001,"[0.0, 4.0, 6.0, 8.0]",epoch_limit,3500.0,3500.0,0.0036483081057667732,,14.056850400000258,12.130000114440918,12.863169682311637,12.433519681077,1.5167367976974198,10.20597318071677,15.27177984129549,2.379620313644409
bootstrap_27/local,A21858A4EBBA34E248BE0600ADA0D85BB088F39E50332A5F3C2F54AB246D643B,d1,0,0.0,"[0.0, 4.0, 6.0, 8.0]",plateau,301.0,301.0,0.003116830252110958,,2.2531957999999577,12.089421272277832,12.846103346861561,12.013241525514776,1.5151989024231518,10.205973124584224,15.271779783934756,2.379620313644409
bootstrap_27/local,64B0671F7E9BF1E0E768BEA16152E79A670C90487158B385650327016B9565C0,g1,0,0.0,"[0.0, 4.0, 6.0, 8.0]",plateau,1110.0,1110.0,0.0031253076158463955,,5.723054199999751,12.09000015258789,12.847682266960884,12.163185194383479,1.5152077906160575,10.205973108878126,15.27177979343645,2.379620313644409
bootstrap_27/local,E90B1FB05F217087D1E2830FE13C68E85C3FC37AD9D5FDF0F2D288549EA94B71,d2,0,0.0,"[0.0, 4.0, 6.0, 8.0]",plateau,1099.0,1099.0,0.003120799083262682,,5.7593841000016255,12.068592071533203,12.84846232012858,12.081242820681036,1.5144525297112992,10.205973115908613,15.271779789183224,2.379620313644409
bootstrap_27/local,DDBF0A13872E6CDF9FF2DBBB2B37DF56BBBC8BDFA3500B6B1837F10D72A6FAD7,d3,0,0.0,"[0.0, 4.0, 6.0, 8.0]",plateau,1521.0,1521.0,0.0031205597333610058,,7.604774499999621,12.073352813720703,12.848521782364436,12.071643208906146,1.5143963614568312,10.205973151695506,15.271779767533282,2.379620313644409
bootstrap_27/local,879964736E89BAF64C3E8D9654DF5177CF216613179D5D5DC8119C235DB29645,d4,0,0.0,"[0.0, 4.0, 6.0, 8.0]",plateau,1735.0,1735.0,0.0031216247007250786,,7.427287299997261,12.050886154174805,12.850021219989417,12.117984706771834,1.513707547384035,10.20597313868209,15.271779775405989,2.379620313644409
bootstrap_27/local,E3429628B298A5A8FB6F0FED11DA7323D49177160762686D715DB47137D209D5,h4s,0,0.0,"[0.0, 4.0, 6.0, 8.0]",plateau,1657.0,1657.0,0.0031437084544450045,,6.6394242999995186,11.973159790039062,12.800015754317242,11.96842939882576,1.539440321562995,10.205973131633156,15.271779779670373,2.379620313644409
bootstrap_27/local,F7B407A369A378E8B7D86C838C9566BBEF8DC09388D4C0C92FFD58282E5AE552,equal4,0,0.0,"[0.0, 4.0, 6.0, 8.0]",plateau,1730.0,1730.0,0.003139153588563204,,6.876037299996824,11.984830856323242,12.804281419259583,11.979877522050518,1.5371146149314068,10.205973131633156,15.271779779670373,2.379620313644409
bootstrap_28/coarse,F3CF88667C7B7BA87993FB080D24883A1DA202D7FE9C6760198416A4AF7B8ECB,C,0,0.0001,"[0.0, 4.0, 6.0, 8.0]",epoch_limit,3500.0,3500.0,0.0036053359508514404,,13.672454100000323,12.170000076293945,12.670289018150415,12.360711841759022,1.49115344966911,9.881847317828406,15.179918381374213,2.5180435180664062
bootstrap_28/local,669A38DBA096BB8AAE99DD14C4584E93D76F78E618343C47AB08C03E056C8DA6,d1,0,0.0,"[0.0, 4.0, 6.0, 8.0]",plateau,301.0,301.0,0.0031424842309206724,,2.3663737999995647,12.182302474975586,12.675660996516378,12.03722967351694,1.4784662773408421,9.881847147284226,15.179918436390098,2.5180435180664062
bootstrap_28/local,D100DC7426CE142E9C3A28E4C02236B5C257E736E568EAB0066659D2B44CDE15,g1,0,0.0,"[0.0, 4.0, 6.0, 8.0]",plateau,1081.0,1081.0,0.00315156695432961,,5.862177499999234,12.1899995803833,12.677707078250625,12.22680967475886,1.478670032420243,9.881847146128827,15.17991843703947,2.5180435180664062
bootstrap_28/local,D53690F52CA7DA46CFF2DD69FDF7B986C793DE0EECF7A192DBF7BBABDE9F4FA8,d2,0,0.0,"[0.0, 4.0, 6.0, 8.0]",plateau,1100.0,1100.0,0.003145497525110841,,6.052530599998136,12.173271179199219,12.679711938288653,12.080517175899677,1.4774804636152712,9.881847142446105,15.179918439109274,2.5180435180664062
bootstrap_28/local,DD0407AD061753DB57303F9A2DCB852EE2B432A07D31DAA044CDEECFE580C495,d3,0,0.0,"[0.0, 4.0, 6.0, 8.0]",plateau,1429.0,1429.0,0.0031462525948882103,,7.428769599999214,12.176872253417969,12.678847611424548,12.157715790936335,1.4778094202580891,9.881847142446105,15.179918439109274,2.5180435180664062
bootstrap_28/local,E29B5577F83A200BC9E40304C56A5557F484684AAC4FDE71F3C644822BA584CF,d4,0,0.0,"[0.0, 4.0, 6.0, 8.0]",plateau,1787.0,1787.0,0.0031468928791582584,,7.96552679999877,12.166064262390137,12.680366114202894,12.165951048430037,1.4773845188155112,9.881847109788783,15.179918457463712,2.5180435180664062
bootstrap_28/local,DD08E9B838C918A552FC073C1E612C269B462CC2A326CD6CEF777890AD9687E9,h4s,0,0.0,"[0.0, 4.0, 6.0, 8.0]",plateau,1801.0,1801.0,0.0032078372314572334,,7.423328999997466,11.973159790039062,12.587712893417958,11.955044427242502,1.5113433216614744,9.88184714184134,15.179918439449171,2.5180435180664062
bootstrap_28/local,7E76FDB096449A415FF0763EC07F75514B16ACCAB22BD9460A21A938809521E7,equal4,0,0.0,"[0.0, 4.0, 6.0, 8.0]",plateau,1848.0,1848.0,0.003201603889465332,,7.586240600001474,11.984830856323242,12.59210646845006,11.96751692278856,1.5095252294922463,9.88184715937953,15.179918429592158,2.5180435180664062
bootstrap_29/coarse,BAB3FA082D14E48D21D13CE90067275091B828CB9AD979CA9F48B17C9FABA1A3,C,0,0.0001,"[0.0, 4.0, 6.0, 8.0]",epoch_limit,3500.0,3500.0,0.0038008452393114567,,13.651637499999197,12.050000190734863,11.778244803868725,11.897952857645542,1.7972960217851845,9.17012963359297,14.788404694068477,2.2473883628845215
bootstrap_29/local,859C620DD80809815D608B694BECEA6E6C20610390730009242C0557CB16DEA3,d1,0,0.0,"[0.0, 4.0, 6.0, 8.0]",plateau,401.0,400.0,0.0032629987690597773,,2.655117300000711,12.040945053100586,11.774971387919802,11.712105357350154,1.789922324405829,9.170129440729683,14.788404660379836,2.2473883628845215
bootstrap_29/local,2D389E49424B58E7A925AB5FA66D663515C080A9E4369487A258B976212EE7CB,g1,0,0.0,"[0.0, 4.0, 6.0, 8.0]",plateau,1323.0,1323.0,0.0032745611388236284,,7.388788699998258,12.039999961853027,11.7748265713836,12.003293016261294,1.790408785785415,9.170129439517888,14.788404662705862,2.2473883628845215
bootstrap_29/local,B2360281B22A1CA049C8EB4366401AB284737F9DB60D1A0DFD4F3DC76FFC1FCC,d2,0,0.0,"[0.0, 4.0, 6.0, 8.0]",plateau,1344.0,1344.0,0.0032669752836227417,,7.596883700000035,12.02975845336914,11.776229513204383,11.727624931079731,1.790283366748784,9.170129442738146,14.788404656524605,2.2473883628845215
bootstrap_29/local,3E8FED458D30DAB432CEC2D12DCC9122E27F7A39E624064A5F26A9D8B6380D0A,d3,0,0.0,"[0.0, 4.0, 6.0, 8.0]",plateau,1539.0,1539.0,0.0032674563117325306,,8.672894899998937,12.032617568969727,11.776242814867603,11.949561398009168,1.7903098090276754,9.170129435039042,14.788404671302967,2.2473883628845215
bootstrap_29/local,965D05DF32A435BDF925346ED4942F2CB8F2B978B283F04D660A09F2E26CFF03,d4,0,0.0,"[0.0, 4.0, 6.0, 8.0]",plateau,1910.0,1910.0,0.003268726635724306,,9.9277465999985,12.012164115905762,11.77634043339093,11.966757306393468,1.7903812809914699,9.17012944139917,14.788404659094756,2.2473883628845215
bootstrap_29/local,7BFD4D3BA259897B94F26B3BA78092A25034E9DBB97A7B8FF2FD01B895675836,h4s,0,0.0,"[0.0, 4.0, 6.0, 8.0]",plateau,1428.0,1428.0,0.0032760000322014093,,7.296202199999243,11.973159790039062,11.753266692993886,11.90619845703957,1.7871848842959899,9.170129442905518,14.788404656203333,2.2473883628845215
bootstrap_29/local,80EB74764B66DFCFC4C6A2EA69B3C182A0AB7E6C4512E6285AF69887B67DB004,equal4,0,0.0,"[0.0, 4.0, 6.0, 8.0]",plateau,1426.0,1426.0,0.003273189067840576,,7.225104099998134,11.984830856323242,11.756804449477382,11.922299658594268,1.7876155458825433,9.17012944223603,14.788404657488412,2.2473883628845215
synthetic_single_0_0V/coarse,05F38484847390146BD32C0AC22F2CC1DDBF644C2DC3E9342452BFB88B6D4F7C,H1,0,0.0,"[4.0, 6.0, 8.0]",epoch_limit,3500.0,3500.0,0.002829352393746376,,16.125101900001027,11.688861846923828,11.688861846923828,11.688861846923828,0.0,11.688861846923828,11.688861846923828,2.381930112838745
synthetic_single_0_0V/coarse,48FADDD9F28FF0649429225B3FB23B66547EA6915D298B124BF318FD79259532,G1,0,0.0,"[4.0, 6.0, 8.0]",epoch_limit,3500.0,3500.0,0.0028738994151353836,,19.995644899998297,11.6899995803833,11.688297237334783,11.683298923481228,0.08830651727838719,11.537976731113584,11.828586971376204,2.3652634620666504
synthetic_single_0_0V/coarse,970ED2613A415FDAE20B39F6779285FE9CF84608C86B304CDED84C82FE9EAF21,C,0,0.0001,"[4.0, 6.0, 8.0]",epoch_limit,3500.0,3500.0,0.005728940945118666,,19.114399800000683,11.729999542236328,11.91459112365578,11.774628008588094,0.9145857145719912,10.863633306238238,14.03017196983553,2.3828277587890625
synthetic_single_0_0V/local,787902496907C16DFC712B9F3C476D5E343B2D34017F65FA9497DD1F9B2DA641,d1,0,0.0,"[4.0, 6.0, 8.0]",plateau,819.0,819.0,0.003445886541157961,,5.366012299997237,11.691737174987793,11.888480769111107,11.487472548632683,0.8943485277582399,10.863633424788318,14.030172148189079,2.3828277587890625
synthetic_single_0_0V/local,32DAA2D32F885EA7CBBB2DFBCD496BAB76D56ACF685912052C60B5DEA2720B01,g1,0,0.0,"[4.0, 6.0, 8.0]",plateau,2378.0,2378.0,0.0034790788777172565,,13.462488799999846,11.6899995803833,11.888193260955013,11.694951231585835,0.8957156775107832,10.863633435927392,14.030172140746448,2.3828277587890625
synthetic_single_0_0V/local,D01782E5667E17DDC6624EFDFAD23BE6DEA9DF78D9857ECE4BECCE39EFD2FA89,d2,0,0.0,"[4.0, 6.0, 8.0]",plateau,2331.0,2331.0,0.0034523489885032177,,13.32371939999939,11.684253692626953,11.889413826884459,11.510990410329894,0.8944102145527045,10.863633429573914,14.030172144991552,2.3828277587890625
synthetic_single_0_0V/local,FED1DA280F0AA8D3F611047CEB86113075187E15855FDA18B8D4B805D5BB62ED,d3,0,0.0,"[4.0, 6.0, 8.0]",plateau,2806.0,2806.0,0.003452693112194538,,15.835564500001055,11.687553405761719,11.889729333527931,11.498165883239222,0.8943799333011917,10.863633393083749,14.030172169372655,2.3828277587890625
synthetic_single_0_0V/local,A6F8590306C0E94C43DE988727357E96B7B9FD181676AA960E064EAB0028E8D3,d4,0,0.0,"[4.0, 6.0, 8.0]",plateau,3201.0,3201.0,0.003451809287071228,,16.8159790000027,11.697402954101562,11.888002904406504,11.668426363156831,0.8946990451118599,10.863633400112592,14.0301721646763,2.3828277587890625
synthetic_single_0_0V/local,86FD6043DDEA22AF8116D1782D40EADBD53BC0E1743EC41736B14A4816F65D01,h4s,0,0.0,"[4.0, 6.0, 8.0]",plateau,2358.0,2358.0,0.0034497263841331005,,12.080034000002343,11.690954208374023,11.887276791306375,11.646671824753337,0.89479793353102,10.863633375212542,14.0301721813134,2.3828277587890625
synthetic_single_0_0V/local,E7B1F1D0F05B9EB405FFE60705882C8902BAE32816E9C17CECC0E99979D7272F,equal4,0,0.0,"[4.0, 6.0, 8.0]",plateau,2266.0,2266.0,0.003449911717325449,,11.584575699998823,11.691428184509277,11.88729496806781,11.64982168465424,0.8947996488597876,10.863633391737801,14.030172170271968,2.3828277587890625
synthetic_single_0_4V/coarse,82AE6585373653D29D87D9321F83E405A7FF009BA9FA51A4E82D33A910F19A4B,H1,0,0.0,"[0.0, 6.0, 8.0]",epoch_limit,3500.0,3500.0,0.0033746669068932533,,17.10307710000052,11.702706336975098,11.702706336975098,11.702706336975098,0.0,11.702706336975098,11.702706336975098,2.298463821411133
synthetic_single_0_4V/coarse,416F5D90816F9402AFFEBB5A38A185220B0C0E697CA6D94C3E17226DD87E0752,G1,0,0.0,"[0.0, 6.0, 8.0]",epoch_limit,3500.0,3500.0,0.0034168101847171783,,21.02283990000069,11.699999809265137,11.703351940618745,11.698349628920456,0.085736036013927,11.557219901698785,11.839355259722343,2.2833163738250732
synthetic_single_0_4V/coarse,F2813DB47EAE5394463090B79928CA875328E958E1E212ADF8FEA704BA3A4DFB,C,0,0.0001,"[0.0, 6.0, 8.0]",epoch_limit,3500.0,3500.0,0.0062300595454871655,,19.881795699999202,11.739999771118164,11.945021953537376,11.787325626430302,0.9259290425432298,10.9123254182409,14.075132571241918,2.36832857131958
synthetic_single_0_4V/local,54C42E404C0D0056B802CC87AC3A011AA92DCA923EF1C2D06CFFABA439C43928,d1,0,0.0,"[0.0, 6.0, 8.0]",plateau,795.0,795.0,0.003918507136404514,,5.287151599997742,11.702066421508789,11.920322262012009,11.500285268604248,0.9063556287840981,10.912325383020931,14.07513266407639,2.36832857131958
synthetic_single_0_4V/local,4FBD8AD352B7AEE994596AFB4BC30584F9942DD94C2C2075091F4AF27FE8BC5F,g1,0,0.0,"[0.0, 6.0, 8.0]",plateau,2264.0,2264.0,0.003952968865633011,,11.880447999999888,11.699999809265137,11.920624608917546,11.707153669510383,0.9075971216825651,10.912325386556477,14.075132661074633,2.36832857131958
synthetic_single_0_4V/local,F0A4718A541475BDBF8DDE1776AD3110A9135C4565B062F5954410B536C3D4D2,d2,0,0.0,"[0.0, 6.0, 8.0]",plateau,2271.0,2271.0,0.003924922551959753,,11.873578099999577,11.694435119628906,11.921361520952464,11.523034774462639,0.9063962641637657,10.912325386506808,14.075132661116802,2.36832857131958
synthetic_single_0_4V/local,8FCA2BF9F7B418AD68F4E8AFB9B40511E7F58B55E31D31EEDA36C9EC10AB89EA,d3,0,0.0,"[0.0, 6.0, 8.0]",plateau,2592.0,2592.0,0.00392629811540246,,13.272515500000736,11.696892738342285,11.921556541971633,11.512309838145928,0.9064182644316088,10.91232539957885,14.07513265001829,2.36832857131958
synthetic_single_0_4V/local,AF5FF1EBFBEF1DE8B97FA45ED710A1D74C4950907F19FCD2E864A5BBD62B08DD,d4,0,0.0,"[0.0, 6.0, 8.0]",plateau,3160.0,3160.0,0.003925795201212168,,13.644367400000192,11.711153030395508,11.920938722519878,11.682339112845478,0.9064892492181892,10.912325388794416,14.075132659174557,2.36832857131958
synthetic_single_0_4V/local,BF2B711A7949BD34B3E83855D593497304E9479C80AD505D09C1E9A81BC959C4,h4s,0,0.0,"[0.0, 6.0, 8.0]",plateau,2112.0,2112.0,0.00392362754791975,,8.55897680000271,11.702677726745605,11.920214754250361,11.659197392275695,0.9065983091679183,10.91232536755235,14.075132677209625,2.36832857131958
synthetic_single_0_4V/local,6B901506E4CEAB97E6B5FEE445B798497238413E75B467E7E75E79568D7B4EE2,equal4,0,0.0,"[0.0, 6.0, 8.0]",plateau,2167.0,2167.0,0.003923102747648954,,8.752547200001572,11.703303337097168,11.920198118370955,11.662313373669571,0.9065801556729397,10.91232535960019,14.075132683961206,2.36832857131958
synthetic_single_0_6V/coarse,C6F77B2CEAABDB08D026F8ADAE6B7EB9E0554715F1DDC4746663C6C69776D7EF,H1,0,0.0,"[0.0, 4.0, 8.0]",epoch_limit,3500.0,3500.0,0.0031623253598809242,,13.13582889999816,11.74852180480957,11.74852180480957,11.74852180480957,0.0,11.74852180480957,11.74852180480957,2.331653594970703
synthetic_single_0_6V/coarse,E8CCD5E3CBFC46078685255F8576B28A0C962FF6DD5CFE0929B1CB05D5C74D7E,G1,0,0.0,"[0.0, 4.0, 8.0]",epoch_limit,3500.0,3500.0,0.003200557781383395,,16.076073399999586,11.75,11.750091552533826,11.745091338535001,0.08652409316249711,11.602662337831552,11.887513267852407,2.3167057037353516
synthetic_single_0_6V/coarse,72FCEE821C2B74FEC108A9C7DF171425C03EEC940C0C57E9C1F3C593E1029798,C,0,0.0001,"[0.0, 4.0, 8.0]",epoch_limit,3500.0,3500.0,0.005845946725457907,,15.455522400003247,11.760000228881836,12.019937736488957,11.82059307337787,0.9230864857569149,11.042104154239775,14.189336265332292,2.409409761428833
synthetic_single_0_6V/local,49391066DB6C4ACFD1C1AC60C3E02F1EDC9086941B4526FFB0E81D52EE683E1E,d1,0,0.0,"[0.0, 4.0, 8.0]",plateau,718.0,718.0,0.003690364770591259,,4.21341079999911,11.728889465332031,11.999943604578801,11.531679726113172,0.903230074389457,11.042104027889478,14.189336552185893,2.409409761428833
synthetic_single_0_6V/local,738C936324E127EB1162E9D054AAA9138D38CF59A50A994BDA81A177F02803A4,g1,0,0.0,"[0.0, 4.0, 8.0]",plateau,2373.0,2373.0,0.0037229154258966446,,11.3048807999985,11.729999542236328,12.00083025940798,11.737359612078556,0.9042969432748096,11.04210402104317,14.189336563642295,2.409409761428833
synthetic_single_0_6V/local,C0F5790EA9F587154E057E4F0BA2D2A2FA0B8C27AC8CAC81435555183EFDAE6B,d2,0,0.0,"[0.0, 4.0, 8.0]",plateau,2150.0,2150.0,0.0036967750638723373,,10.441602999999304,11.721197128295898,12.001135789165065,11.55456683014132,0.9031946796880068,11.04210402171781,14.189336562513377,2.409409761428833
synthetic_single_0_6V/local,9979965AF31D6C595A2D83EFD79C0F6B1B1F6F94032C6F1ECDA1618BAC7F7DB2,d3,0,0.0,"[0.0, 4.0, 8.0]",plateau,2273.0,2273.0,0.0036970011424273252,,10.974933699999383,11.721359252929688,12.000977603580811,11.671472172441742,0.9032547796673915,11.04210404155531,14.189336529317902,2.409409761428833
synthetic_single_0_6V/local,D71A43688175F4A0E4F25FB7FD927D0BB459CEA15E16A45C453B56EA6CF4ECF7,d4,0,0.0,"[0.0, 4.0, 8.0]",plateau,3261.0,3261.0,0.0036996016278862953,,13.825527700002567,11.748291969299316,12.001557627442338,11.715546922732386,0.9031202781939063,11.042104041004269,14.189336530239991,2.409409761428833
synthetic_single_0_6V/local,AC383DCEAED0337D176ECF70D1989AB254EF55E34D00A539296C5E92E3B08C19,h4s,0,0.0,"[0.0, 4.0, 8.0]",plateau,1959.0,1959.0,0.0036957156844437122,,7.88274040000033,11.728982925415039,12.000026014233407,11.68767355644933,0.9034531921103548,11.04210402370156,14.189336559193821,2.409409761428833
synthetic_single_0_6V/local,6440DE441808E471B14AFBC965648B0439E89FAD60053A2F717CE212249DC1D6,equal4,0,0.0,"[0.0, 4.0, 8.0]",plateau,1976.0,1976.0,0.0036952844820916653,,7.859639199999947,11.729813575744629,12.000015368591974,11.690827821902392,0.9034360269169791,11.042104029983436,14.189336548681926,2.409409761428833
synthetic_single_0_8V/coarse,F04A89B514D342B0C72121E1697D78A2A6D1B890516F5FB742C1B4E2942E88D1,H1,0,0.0,"[0.0, 4.0, 6.0]",epoch_limit,3500.0,3500.0,0.0030312486924231052,,14.816072599998733,11.631572723388672,11.631572723388672,11.631572723388672,0.0,11.631572723388672,11.631572723388672,2.326859474182129
synthetic_single_0_8V/coarse,658461184ECDA9103C95BC64E364EFA8CB5DF79D8963EFF3B563E120C1E0A718,G1,0,0.0,"[0.0, 4.0, 6.0]",epoch_limit,3500.0,3500.0,0.0030681206844747066,,17.09117680000054,11.630000114440918,11.633076661497423,11.628074502699027,0.08445472072068068,11.489170454016886,11.767114935223434,2.31050705909729
synthetic_single_0_8V/coarse,EC4B6D4ECD084FB99C56536342BC84CCD626CA2F35A3781F468D0FC804CB4AAB,C,0,0.0001,"[0.0, 4.0, 6.0]",epoch_limit,3500.0,3500.0,0.005729376804083586,,16.420740000001388,11.710000038146973,11.908563170985667,11.762771510623743,0.9158186584266624,10.885840156666676,14.020261470079108,2.3993568420410156
synthetic_single_0_8V/local,6355AC552D614F2131720E0397B4BD70B67FC39E5070513F051C486649585B9E,d1,0,0.0,"[0.0, 4.0, 6.0]",plateau,760.0,760.0,0.0036534499377012253,,4.679923499999859,11.644039154052734,11.864170072350785,11.455534129308077,0.9003982812198468,10.88584009679998,14.020261385020891,2.3993568420410156
synthetic_single_0_8V/local,16146DFBEC1C750180F1688B2D654E878AB0F70CF637A49E2F147ECE5553CAFE,g1,0,0.0,"[0.0, 4.0, 6.0]",plateau,2353.0,2353.0,0.0036865798756480217,,11.888455399999657,11.649999618530273,11.865342950392275,11.650874174233621,0.9014436233271138,10.885840089894673,14.020261391465171,2.3993568420410156
synthetic_single_0_8V/local,B9A64B760BF2774A266AD5D6310A5AD0A491D81AF57AE742CEC1BA2D63348749,d2,0,0.0,"[0.0, 4.0, 6.0]",plateau,2364.0,2364.0,0.0036598842125386,,12.059499900002265,11.63850212097168,11.866795340790132,11.479275403292807,0.9000571479564037,10.885840079401602,14.020261401257663,2.3993568420410156
synthetic_single_0_8V/local,5A3EC516A84BF5C695D9C3D5683BBF1449FED4C18B9A1E8F7D86CC9F9AD25433,d3,0,0.0,"[0.0, 4.0, 6.0]",plateau,2739.0,2739.0,0.003660444635897875,,13.407114500001626,11.639304161071777,11.865759889199376,11.468222961250905,0.9003471330897258,10.88584008810079,14.020261393139274,2.3993568420410156
synthetic_single_0_8V/local,DD94A77F9E422A6334D52D2B9C9D0F9CB6B80F94A4D9540405A573AA96B02153,d4,0,0.0,"[0.0, 4.0, 6.0]",plateau,2990.0,2990.0,0.0036600418388843536,,12.753221999999369,11.652511596679688,11.865293552965761,11.622957154223293,0.9003882124150892,10.885840095277622,14.020261386441604,2.3993568420410156
synthetic_single_0_8V/local,E04428604C9E7C3A933D9DD8109EE658358A123536ACD32D649E69DF1E07975A,h4s,0,0.0,"[0.0, 4.0, 6.0]",plateau,2033.0,2033.0,0.0036587927024811506,,8.33090749999974,11.645626068115234,11.864526319032672,11.602298414762394,0.9005406079763015,10.88584009690872,14.02026138491941,2.3993568420410156
synthetic_single_0_8V/local,E79543FC94B6CC1C37B81868E776869275BB645F435B570B030D90B07F37AC0D,equal4,0,0.0,"[0.0, 4.0, 6.0]",plateau,2082.0,2082.0,0.0036581996828317642,,8.499396600000182,11.646132469177246,11.86453799000839,11.605353337665273,0.9005118732697928,10.885840108761364,14.020261373858096,2.3993568420410156
synthetic_single_1_0V/coarse,A9273AAAA930F8BF043B7141E6FEE23F11F979FF60D5ACCFCC9E16088F05405E,H1,0,0.0,"[4.0, 6.0, 8.0]",epoch_limit,3500.0,3500.0,0.0030832039192318916,,13.838293400000111,11.606817245483398,11.606817245483398,11.606817245483398,0.0,11.606817245483398,11.606817245483398,2.195152759552002
synthetic_single_1_0V/coarse,16CD5EBEABFD954C3ABB91A4DB2FA4CC3B1619E6B1F4595055EC4AC9BCC32A78,G1,0,0.0,"[4.0, 6.0, 8.0]",epoch_limit,3500.0,3500.0,0.003129663411527872,,16.33513579999999,11.609999656677246,11.607274070689709,11.602276391508639,0.08697564457545337,11.45922538648334,11.74549227797753,2.1811909675598145
synthetic_single_1_0V/coarse,A99C63BA294280FF542E577E880DA5CE29CD8C31A4E09E5D190021794C33D70A,C,0,0.0001,"[4.0, 6.0, 8.0]",epoch_limit,3500.0,3500.0,0.005854936316609383,,15.829103599997325,11.670000076293945,11.90710245526409,11.731320603255684,0.9671162685012239,10.842499180724372,14.034000610960474,2.3304758071899414
synthetic_single_1_0V/local,7A6C3B17A7183E69F7BA4C8AE7D8C663F6F3BEA65CA59F86D2C60DD82CEA7A79,d1,0,0.0,"[4.0, 6.0, 8.0]",plateau,881.0,881.0,0.0035525518469512463,,4.979084700000385,11.600300788879395,11.86237309644633,11.419623188126096,0.955099221906237,10.842498978486166,14.034000690934059,2.3304758071899414
synthetic_single_1_0V/local,7C1B3875824A39D9D66123250813637C5ED10B345194CB80E11291753C096A67,g1,0,0.0,"[4.0, 6.0, 8.0]",plateau,2286.0,2286.0,0.003584393300116062,,10.979342599999654,11.600000381469727,11.86205353079844,11.606955997251212,0.9563987451528665,10.84249899548901,14.034000679580927,2.3304758071899414
synthetic_single_1_0V/local,5791FE40C4AC8AEC995F53521BFF22AA24713E9D8CC2868F122795D77E3DDE87,d2,0,0.0,"[4.0, 6.0, 8.0]",plateau,2287.0,2287.0,0.0035590743646025658,,11.13101739999911,11.591486930847168,11.863145479604261,11.443157352889287,0.9551756770942624,10.842498982548381,14.034000688221637,2.3304758071899414
synthetic_single_1_0V/local,9E928F5AA5EA41FC3BDB2D6FCC0248615965C2DFC503AB6DBF899C567C425292,d3,0,0.0,"[4.0, 6.0, 8.0]",plateau,2895.0,2895.0,0.0035590582992881536,,13.78585700000258,11.593483924865723,11.86322396295771,11.43713499731111,0.9551573891924499,10.842498976455058,14.03400069229027,2.3304758071899414
synthetic_single_1_0V/local,2716B31B3E79D0AA77598C998E221A0AC91AC8DACF1AAE9B8291714D24D75088,d4,0,0.0,"[4.0, 6.0, 8.0]",plateau,2939.0,2939.0,0.0035586045123636723,,12.572522200000094,11.60783863067627,11.862972884766858,11.57815115744735,0.9551823690257161,10.842498970107847,14.034000696528427,2.3304758071899414
synthetic_single_1_0V/local,9791EAFDFB886E37F4310D86401382A5CC0868125680886565C5B4EBBA8A6769,h4s,0,0.0,"[4.0, 6.0, 8.0]",plateau,2597.0,2597.0,0.0035582026466727257,,10.413103299997601,11.596356391906738,11.862459554276658,11.565907122138134,0.9553380057039853,10.84249897467784,14.034000693476955,2.3304758071899414
synthetic_single_1_0V/local,0C988216B0B1AF3A1985990B1FFB772348F4FAB2514D4030A92554ECD861EC09,equal4,0,0.0,"[4.0, 6.0, 8.0]",plateau,2568.0,2568.0,0.0035581099800765514,,10.29557769999883,11.596156120300293,11.862390074534508,11.55859826098858,0.9553513629719911,10.842498936975405,14.034000718651615,2.3304758071899414
synthetic_single_1_4V/coarse,ADF19156C87DB8115488C6605DEE02B4AA521116502283E99DADD67B8B1E30F2,H1,0,0.0,"[0.0, 6.0, 8.0]",epoch_limit,3500.0,3500.0,0.003503114450722933,,13.311762100001943,11.5892333984375,11.5892333984375,11.5892333984375,0.0,11.5892333984375,11.5892333984375,2.218197822570801
synthetic_single_1_4V/coarse,F0A552DA9182FD5B7747FCA9013A2BB0241CDCE5A4A19F5980479ADBB0C07D43,G1,0,0.0,"[0.0, 6.0, 8.0]",epoch_limit,3500.0,3500.0,0.003552462439984083,,16.33281889999853,11.59000015258789,11.589073210119277,11.58407427165718,0.08398312918871349,11.445777259690878,11.722301307549328,2.209409236907959
synthetic_single_1_4V/coarse,3D3E4F6F42DCC73792B9210ED87323E5B4C716A742304A7E10A0E11888E1238C,C,0,0.0001,"[0.0, 6.0, 8.0]",epoch_limit,3500.0,3500.0,0.006348728202283382,,15.562494500001776,11.649999618530273,11.941575181548835,11.732885303030342,0.984403974812864,10.888410008191734,14.062823744456127,2.3556714057922363
synthetic_single_1_4V/local,0583D33F63FD9ED346A39328952197D8EFAC5D2A25B9642BFCDE2254C41E31D9,d1,0,0.0,"[0.0, 6.0, 8.0]",plateau,920.0,920.0,0.003971507307142019,,5.271329899998818,11.58053207397461,11.89576002821824,11.409250889042529,0.9756102738725116,10.888410012409434,14.062823757178252,2.3556714057922363
synthetic_single_1_4V/local,EDD7E6A8A7D4142886632B6881C59D1029DD027919068DBD77B3F8D9D82CA26F,g1,0,0.0,"[0.0, 6.0, 8.0]",plateau,2280.0,2280.0,0.004006474744528532,,11.956712800001696,11.579999923706055,11.895048099567482,11.589918033568384,0.9770137801087545,10.88841002055454,14.06282375026056,2.3556714057922363
synthetic_single_1_4V/local,D69EA92C660C73753027378D5F8EFF8BD583780A1BB1A51BEC0CDC78E094140A,d2,0,0.0,"[0.0, 6.0, 8.0]",plateau,2262.0,2262.0,0.003979173488914967,,11.435792200001742,11.572339057922363,11.896652066135523,11.431717876657967,0.9756014712883199,10.888410009465897,14.062823759678226,2.3556714057922363
synthetic_single_1_4V/local,3AF0C906613FF704C63079D22DAA3839812094253E1FB7D3B6F4F08A964E2547,d3,0,0.0,"[0.0, 6.0, 8.0]",plateau,2799.0,2799.0,0.003979111555963755,,13.95734799999991,11.575568199157715,11.896840776449235,11.421269618756897,0.9755442131676482,10.88840998187024,14.06282378311543,2.3556714057922363
synthetic_single_1_4V/local,051CEECFBDF3C200AE875E103D5E2351D08DF2CB23A50CA694CB332E5C6C1D54,d4,0,0.0,"[0.0, 6.0, 8.0]",plateau,3144.0,3144.0,0.003978312015533447,,13.435438299999078,11.588502883911133,11.896247531476616,11.562194439024378,0.9756917485545572,10.88841002620726,14.062823745459655,2.3556714057922363
synthetic_single_1_4V/local,B673897569D55B715F0DAF81DB38C98F8484193F8B074FE5980C17FD388425F8,h4s,0,0.0,"[0.0, 6.0, 8.0]",plateau,2211.0,2211.0,0.0039763785898685455,,9.040977199998451,11.582084655761719,11.895773170232234,11.54225723940176,0.9757889446236717,10.888410026805166,14.062823744951842,2.3556714057922363
synthetic_single_1_4V/local,3E207136B495DE1112C8D4C4A8F942C62AA9E0C22BC5EAA981AF3BE9E2FB0CFE,equal4,0,0.0,"[0.0, 6.0, 8.0]",plateau,2264.0,2264.0,0.003975909668952227,,9.217977399999654,11.5827054977417,11.895805383157045,11.545145067052268,0.9757617396714361,10.888409998335648,14.062823769131235,2.3556714057922363
synthetic_single_1_6V/coarse,0C8E48CE7373D3B2C0D7B57B37F4B6DF77421323B9E6A1253BD3496260460BAB,H1,0,0.0,"[0.0, 4.0, 8.0]",epoch_limit,3500.0,3500.0,0.0031314673833549023,,13.243321399997512,11.526819229125977,11.526819229125977,11.526819229125977,0.0,11.526819229125977,11.526819229125977,2.1954798698425293
synthetic_single_1_6V/coarse,13075D6E98689F5671BAF91B20BCCBA31B0034EC444351B5BC2B9745F5C1AC46,G1,0,0.0,"[0.0, 4.0, 8.0]",epoch_limit,3500.0,3500.0,0.0031731859780848026,,16.135280300000886,11.529999732971191,11.526844050759054,11.521846732942874,0.08180928469089734,11.387163253547628,11.656554267343186,2.1843981742858887
synthetic_single_1_6V/coarse,6F729CB4F7A941C350114F80DC27691DE4CE2A903C809A6155F04812276F21AF,C,0,0.0001,"[0.0, 4.0, 8.0]",epoch_limit,3500.0,3500.0,0.005685638636350632,,15.478327000000718,11.520000457763672,11.82800510136446,11.604403413250544,1.046559420443725,10.57318816333321,13.996601203943966,2.337768316268921
synthetic_single_1_6V/local,DA9BFA2CABA6ECB60975EAFCAE32F3F9D663DA30BB52C96C77CBA8CC98932775,d1,0,0.0,"[0.0, 4.0, 8.0]",plateau,759.0,759.0,0.0035586669109761715,,4.391136700000061,11.505833625793457,11.817729925620299,11.312974258845763,1.0287951334644097,10.573188345955364,13.996601165968583,2.337768316268921
synthetic_single_1_6V/local,B6AABC8096C2BD78A0B5A7369B20DD9FECE1DFA94AF037F627CFC438948B5E03,g1,0,0.0,"[0.0, 4.0, 8.0]",plateau,2338.0,2338.0,0.0035910699516534805,,10.951965399999608,11.510000228881836,11.817659875366937,11.516579824724975,1.0299087381796768,10.573188350795352,13.996601164701897,2.337768316268921
synthetic_single_1_6V/local,82376EA496D9678B7EE69981ACC153626B891F1D9314B7473FF8CF7354E675AA,d2,0,0.0,"[0.0, 4.0, 8.0]",plateau,2181.0,2181.0,0.003564838320016861,,10.355144799999835,11.501200675964355,11.819321649254801,11.33093049617823,1.0285309940368699,10.573188336532231,13.996601168434745,2.337768316268921
synthetic_single_1_6V/local,93A30794671A35A65A75E8B2ABF23A5C520AB3A5E291E3B8BAFBF488233372AC,d3,0,0.0,"[0.0, 4.0, 8.0]",plateau,2558.0,2558.0,0.003565681166946888,,11.904914799997641,11.501286506652832,11.819246875602795,11.461866661005738,1.0285843359470859,10.57318837775844,13.996601157645316,2.337768316268921
synthetic_single_1_6V/local,F78BDB0AA11C638862C53A9927A5CC021F1A23A03E393E020C74138412F228C2,d4,0,0.0,"[0.0, 4.0, 8.0]",plateau,3320.0,3320.0,0.0035682027228176594,,13.898278600001504,11.489472389221191,11.819505751406085,11.481330659220479,1.0285855101524448,10.573188269392405,13.996601186006094,2.337768316268921
synthetic_single_1_6V/local,AD481E4A75F9AE4F42B42DF2D74FBD0A146ABB9FD2E8B250B866B8964A2EF77E,h4s,0,0.0,"[0.0, 4.0, 8.0]",plateau,1907.0,1907.0,0.0035643347073346376,,7.707113399999798,11.504632949829102,11.817846714470734,11.466521527243428,1.0289642641691596,10.573188364212685,13.996601161190414,2.337768316268921
synthetic_single_1_6V/local,F964A117E302077FDE02008BB552A1DD393123FAEE588478E75E1BADFFBD0542,equal4,0,0.0,"[0.0, 4.0, 8.0]",plateau,1926.0,1926.0,0.003563743084669113,,7.684876399998757,11.505887985229492,11.817980790623553,11.469867789720956,1.0289040538234508,10.573188377169494,13.99660115779945,2.337768316268921
synthetic_single_1_8V/coarse,FB39282D592669427C9687F935624517A2BA30746FD72A80D34903D2AAC23D26,H1,0,0.0,"[0.0, 4.0, 6.0]",epoch_limit,3500.0,3500.0,0.002707116771489382,,13.145611100000679,11.581544876098633,11.581544876098633,11.581544876098633,0.0,11.581544876098633,11.581544876098633,2.2127561569213867
synthetic_single_1_8V/coarse,F05A7BC53A2421646962551A223B2842902BAC5D08A81FD1E4FD79B3C8037650,G1,0,0.0,"[0.0, 4.0, 6.0]",epoch_limit,3500.0,3500.0,0.002740267664194107,,16.479029199999786,11.579999923706055,11.581419979012447,11.576418292299158,0.08484624007401727,11.436730650062687,11.716131059189038,2.187912940979004
synthetic_single_1_8V/coarse,93F956BF367BCA4E7767905DEE9F5C17F9F899EA253FC25D4E346F2967CC7490,C,0,0.0001,"[0.0, 4.0, 6.0]",epoch_limit,3500.0,3500.0,0.0053849974647164345,,15.765508899999986,11.579999923706055,11.827369034261773,11.641689125676496,0.9186545599064809,10.839169858092705,13.96957883992963,2.27940034866333
synthetic_single_1_8V/local,A71DE5CFD7A20AE3192B0C80E9B7435381CCFFE2EAF4836B04354A2DEDB2CE74,d1,0,0.0,"[0.0, 4.0, 6.0]",plateau,680.0,680.0,0.0032982323318719864,,3.9325677000015276,11.5348482131958,11.797101099281544,11.342740749350709,0.9014528169638582,10.839169624948804,13.969578911114523,2.27940034866333
synthetic_single_1_8V/local,AAFE73A56FD821EF243EF94B89FDE7B7E20E72D1C62554C373BB6BAB8DA9F3D5,g1,0,0.0,"[0.0, 4.0, 6.0]",plateau,2556.0,2556.0,0.00333000672981143,,12.71803440000076,11.539999961853027,11.797428236668416,11.542072935754982,0.9026541151319897,10.839169637750631,13.969578891695965,2.27940034866333
synthetic_single_1_8V/local,F41DC82FFCDD37E7CEA46264FB2F164AB0E1B4D8966E9077C58B8990D6E7FFC9,d2,0,0.0,"[0.0, 4.0, 6.0]",plateau,2412.0,2412.0,0.0033045453019440174,,11.746345100000326,11.528209686279297,11.798178477113282,11.362523217540392,0.9014129154169467,10.839169621914724,13.969578915716788,2.27940034866333
synthetic_single_1_8V/local,4D1DD4E317294AB3169438207B8C77B4C42AE7821F8BB3DEE9D6CDE89948087E,d3,0,0.0,"[0.0, 4.0, 6.0]",plateau,2516.0,2516.0,0.0033051418140530586,,12.5563003999996,11.528213500976562,11.798109545902944,11.47985934714971,0.901456193376554,10.839169619892004,13.969578918784965,2.27940034866333
synthetic_single_1_8V/local,8DB0CB1CB6E1E38F306261E099FF7F452A9F355E4C777EEA4BF4B9B59163692A,d4,0,0.0,"[0.0, 4.0, 6.0]",plateau,3219.0,3219.0,0.003308079205453396,,13.484873000001244,11.507832527160645,11.799211836625572,11.519543940744029,0.9012719777238043,10.839169620776945,13.96957891744263,2.27940034866333
synthetic_single_1_8V/local,6414E35B919F4351146786D0FD105B99078C480108B899DC1F866EA80A1323D3,h4s,0,0.0,"[0.0, 4.0, 6.0]",plateau,2057.0,2057.0,0.003303262870758772,,8.208867500001361,11.534741401672363,11.797207822036135,11.493291211557253,0.9016392351841119,10.839169620271266,13.969578918209674,2.27940034866333
synthetic_single_1_8V/local,6CE44F5C442BA149C4FC15DD85193417EBE73E6C16E265392688E8CC025397F8,equal4,0,0.0,"[0.0, 4.0, 6.0]",plateau,2021.0,2021.0,0.003303058445453644,,7.948579100000643,11.535902976989746,11.79740124072417,11.496795993349064,0.9015734030932153,10.839169633482152,13.969578898170646,2.27940034866333
synthetic_single_2_0V/coarse,83AECBC91BE295E036368013BDFE3A260C500E04BBA306CBD7EEB9D80A3A95FA,H1,0,0.0,"[4.0, 6.0, 8.0]",epoch_limit,3500.0,3500.0,0.002333657117560506,,13.042640300001949,11.618882179260254,11.618882179260254,11.618882179260254,0.0,11.618882179260254,11.618882179260254,2.2023258209228516
synthetic_single_2_0V/coarse,77A67114D7F789B983599934E864663CE93F13F40B604B59CB7FFDEF4329CB47,G1,0,0.0,"[4.0, 6.0, 8.0]",epoch_limit,3500.0,3500.0,0.002378482138738036,,15.981020400002308,11.619999885559082,11.619765287160568,11.61476531314049,0.08595558072353937,11.47324792166296,11.756295436366734,2.1829640865325928
synthetic_single_2_0V/coarse,75486E613FC463AC038C67A40C344C60DE56B4F4ED30A54AE5C9AC73C6ABC010,C,0,0.0001,"[4.0, 6.0, 8.0]",epoch_limit,3500.0,3500.0,0.005253384821116924,,15.220333400000527,11.680000305175781,11.938504490662554,11.753883067661887,0.9068661935516464,10.971703571962653,13.998962331423881,2.357424259185791
synthetic_single_2_0V/local,5CD1C61E5A2E813265C5AC44EAB6EAA8736B3A87FDD344C181C929E78036BD6A,d1,0,0.0,"[4.0, 6.0, 8.0]",plateau,983.0,983.0,0.002922649262472987,,5.1524026000006415,11.616076469421387,11.894766031516832,11.437560792076908,0.8939783151103361,10.971703718891085,13.998962227139389,2.357424259185791
synthetic_single_2_0V/local,B674F15883F6ADA3E5889DADCF4CCE1B59542A8AA461458C29924420B2500E57,g1,0,0.0,"[4.0, 6.0, 8.0]",plateau,2592.0,2592.0,0.002956588286906481,,11.749460399998497,11.619999885559082,11.895253627912416,11.625175478329387,0.8950700596586952,10.971703727962508,13.998962213772936,2.357424259185791
synthetic_single_2_0V/local,00A686BDADEE887114E95E5B4CC3E4CD10F8272396082B3EA3C4EE240704999C,d2,0,0.0,"[4.0, 6.0, 8.0]",plateau,2656.0,2656.0,0.002928460482507944,,12.260979999999108,11.610336303710938,11.895836848633317,11.457480646279873,0.8938626666097875,10.971703708458799,13.998962242511023,2.357424259185791
synthetic_single_2_0V/local,9B981CE41295655ADC9B741423063E9A1214DA7334FEA9C36529C7E696240BBD,d3,0,0.0,"[4.0, 6.0, 8.0]",plateau,3053.0,3053.0,0.0029291589744389057,,14.058669899997767,11.612382888793945,11.895931895897833,11.448055298893292,0.8938675809493888,10.971703713200746,13.99896223552391,2.357424259185791
synthetic_single_2_0V/local,798AEDBC3C081FA2A10709BF4EEEF97C09A139D331253B9CEB372EF23E77115F,d4,0,0.0,"[4.0, 6.0, 8.0]",plateau,3369.0,3369.0,0.0029283612966537476,,14.144429899999523,11.624536514282227,11.895606871739465,11.599009271019314,0.8939488081471979,10.97170370318338,13.99896225028418,2.357424259185791
synthetic_single_2_0V/local,1E5376D3D73A5F841B6526CBD43DE6AF0C6BD80DB5D505A85EB571641C544D50,h4s,0,0.0,"[4.0, 6.0, 8.0]",plateau,2333.0,2333.0,0.0029272509273141623,,9.403206700000737,11.617259979248047,11.894877143403756,11.576425507763608,0.8941262583578945,10.971703715838457,13.998962231637332,2.357424259185791
synthetic_single_2_0V/local,384949C08EC1CEA1356B51FD0974F9C58941B80F80A0FAF7E0B0D41AD7395D9B,equal4,0,0.0,"[4.0, 6.0, 8.0]",plateau,2342.0,2342.0,0.002926933579146862,,9.47225509999771,11.617668151855469,11.894892247936268,11.579294683193021,0.894109974298604,10.971703726626389,13.998962215741663,2.357424259185791
synthetic_single_2_4V/coarse,DAE4FBFCD2583A5643F5328EA19661D733BC513708DB9D1E861B677EA3168272,H1,0,0.0,"[0.0, 6.0, 8.0]",epoch_limit,3500.0,3500.0,0.002767588710412383,,13.321453099997598,11.623750686645508,11.623750686645508,11.623750686645508,0.0,11.623750686645508,11.623750686645508,2.26416015625
synthetic_single_2_4V/coarse,AFE7D16CB440946D3B6DC87893CE3680A1F1395DB402BB1475341402BEA59A7B,G1,0,0.0,"[0.0, 6.0, 8.0]",epoch_limit,3500.0,3500.0,0.0028074961155653,,16.767428299997846,11.630000114440918,11.625671386373522,11.620672465473188,0.08764448092568389,11.47637253095506,11.764990410231501,2.2456421852111816
synthetic_single_2_4V/coarse,6369EEB49A1F353374F45FCE3DCA78DA568B5592B3B1978848016759016BAF7F,C,0,0.0001,"[0.0, 6.0, 8.0]",epoch_limit,3500.0,3500.0,0.005621816497296095,,16.03464299999905,11.699999809265137,11.920909869059692,11.7591178052983,0.8585192100513667,10.997533798940642,13.936475991389983,2.320139169692993
synthetic_single_2_4V/local,ABF89F4540D99722CDD640B70981298FE89ED1F0EBD12BE7DAE43CF0E0237E50,d1,0,0.0,"[0.0, 6.0, 8.0]",plateau,770.0,770.0,0.0033810504246503115,,4.513496899999154,11.632819175720215,11.87524200218321,11.449009815004171,0.8428810354452506,10.997533721357442,13.936476197030382,2.320139169692993
synthetic_single_2_4V/local,53D3D492723767B6B7A1D84E0F59E996779BD2C480220537E575C64C2723DB93,g1,0,0.0,"[0.0, 6.0, 8.0]",plateau,2408.0,2408.0,0.003413056954741478,,11.752867200000765,11.630000114440918,11.876082322732882,11.640349480762547,0.844043877513138,10.997533718372086,13.936476202468286,2.320139169692993
synthetic_single_2_4V/local,EEAE8CADAF415A37AFFE0A8DBF09BA32CFF26B08FE0C0708B33A4FB88D14C056,d2,0,0.0,"[0.0, 6.0, 8.0]",plateau,2489.0,2489.0,0.003387328702956438,,12.552135499998258,11.626052856445312,11.876470748577422,11.470069995812816,0.842817106089946,10.997533723102284,13.936476193852107,2.320139169692993
synthetic_single_2_4V/local,2A50646CA52C11B1E06EA72F6CA8EA13AD8C03807C75F34D5C069DD0CC5EBEB3,d3,0,0.0,"[0.0, 6.0, 8.0]",plateau,2892.0,2892.0,0.003387859556823969,,14.538248099997872,11.628510475158691,11.876598385280484,11.46029787433264,0.8428176394328568,10.997533716559126,13.936476205770637,2.320139169692993
synthetic_single_2_4V/local,8A7771F5AE4893B31CDA6F582692B13DCEF7B94302576A1A8C3511D1D1DE7E12,d4,0,0.0,"[0.0, 6.0, 8.0]",plateau,3179.0,3179.0,0.003387446515262127,,13.851051699999516,11.643736839294434,11.8762513782381,11.614855975504645,0.8429128444355098,10.99753371797681,13.936476203188292,2.320139169692993
synthetic_single_2_4V/local,8EEBE85B9F482247C2EB4AD1252163C9E8DA8457F39BA489B71737FCACE788BB,h4s,0,0.0,"[0.0, 6.0, 8.0]",plateau,2228.0,2228.0,0.0033855114597827196,,9.03579069999978,11.634312629699707,11.87535958359003,11.5917824872638,0.8430687555294284,10.997533731063125,13.936476179351219,2.320139169692993
synthetic_single_2_4V/local,93379FC5F4CCE54357D52D1BA8A6BD09C073AB9D779CBCBF40C8E197CB8861BC,equal4,0,0.0,"[0.0, 6.0, 8.0]",plateau,2257.0,2257.0,0.003385148011147976,,9.035433100001683,11.634992599487305,11.875397417834474,11.594888031529162,0.8430420008867402,10.997533728064179,13.93647618481388,2.320139169692993
synthetic_single_2_6V/coarse,DE1882930478A8F38F79D2C2EF664C7119BB4F3CC9A4CE92A1A57038A7C1FC6D,H1,0,0.0,"[0.0, 4.0, 8.0]",epoch_limit,3500.0,3500.0,0.0029042086098343134,,13.92668429999685,11.563693046569824,11.563693046569824,11.563693046569824,0.0,11.563693046569824,11.563693046569824,2.226043701171875
synthetic_single_2_6V/coarse,48137EAF81B63232C8AF651B0CEEC53B3111B1A05B83F4D0A179613B8E8FEF5D,G1,0,0.0,"[0.0, 4.0, 8.0]",epoch_limit,3500.0,3500.0,0.0029432415030896664,,17.125093799997558,11.569999694824219,11.565187490321016,11.560188286121425,0.085453073835104,11.419681389839447,11.700727559652686,2.2083966732025146
synthetic_single_2_6V/coarse,06003EEC05975B2B6C0FCC80D8577CBC444F673D968B7731868E38BCE138E2CB,C,0,0.0001,"[0.0, 4.0, 8.0]",epoch_limit,3500.0,3500.0,0.00556677021086216,,15.990455600000132,11.579999923706055,11.871946641011592,11.655562758247562,0.9322682241285097,10.872011369855656,13.99000981259367,2.345120668411255
synthetic_single_2_6V/local,48C2F78A481A8794816980263DC3B8881AFF37E9CC7EFAFA7DEA3BD5D1723EE6,d1,0,0.0,"[0.0, 4.0, 8.0]",plateau,730.0,730.0,0.00347118079662323,,4.160811599998851,11.548726081848145,11.851568553195625,11.35916386549834,0.9138739155630747,10.872011314667214,13.990009963158842,2.345120668411255
synthetic_single_2_6V/local,613B19EFBB6EEC04213BF224EC669ED2C091B05B8FDAC8D5F165DB2711979430,g1,0,0.0,"[0.0, 4.0, 8.0]",plateau,2485.0,2485.0,0.0035038678906857967,,11.650088200000027,11.550000190734863,11.850949567066172,11.55720035608862,0.9153353069918945,10.872011311136724,13.990009969022013,2.345120668411255
synthetic_single_2_6V/local,A05E84A8461B4DC80A605AB4C0ECC5F0C0721FC264FB9BB15E41A47AB87E2C6E,d2,0,0.0,"[0.0, 4.0, 8.0]",plateau,2227.0,2227.0,0.003478005062788725,,10.732046799999807,11.541954040527344,11.852821877064914,11.380770541922463,0.913747335004784,10.872011319844916,13.990009954560113,2.345120668411255
synthetic_single_2_6V/local,95F4C1CFF909B39AE7B76CF920A2B0DF10D2932DEFB60E06F670B79E39477B7A,d3,0,0.0,"[0.0, 4.0, 8.0]",plateau,2501.0,2501.0,0.003477978054434061,,11.568820000000414,11.54253101348877,11.852677318254175,11.497847312961834,0.9137882291801954,10.872011314775083,13.990009962979704,2.345120668411255
synthetic_single_2_6V/local,4A2FEB522EC1D41295E368ABE839A2B9D931B96A885266125213919C556C36CD,d4,0,0.0,"[0.0, 4.0, 8.0]",plateau,3221.0,3221.0,0.0034813708625733852,,13.477472800001124,11.52165412902832,11.85198899282213,11.531623459064333,0.9141517310372946,10.872011335485894,13.990009928584772,2.345120668411255
synthetic_single_2_6V/local,FC743591BA03AB867D49D7BEA2509EF31369548F7D995B96FD36F8132BD4A82C,h4s,0,0.0,"[0.0, 4.0, 8.0]",plateau,2058.0,2058.0,0.0034760325215756893,,8.412051000002975,11.548328399658203,11.851620777374821,11.508847920637038,0.914062789993849,10.872011322460734,13.990009950215963,2.345120668411255
synthetic_single_2_6V/local,6B12B471FCB3E3E373B7AE7840363255AA1B00F43E6FC1C733A5FF97CE98D2D5,equal4,0,0.0,"[0.0, 4.0, 8.0]",plateau,2022.0,2022.0,0.0034758623223751783,,8.209030499998335,11.549261093139648,11.851641867231917,11.512000427282707,0.9140471208886382,10.872011306630988,13.990009976504792,2.345120668411255
synthetic_single_2_8V/coarse,C1BF2DD5AE8E7D5BF6016ED90FC235E299DCD15380E2150361A02886B6E86A88,H1,0,0.0,"[0.0, 4.0, 6.0]",epoch_limit,3500.0,3500.0,0.0028531556017696857,,13.249170899998717,11.586634635925293,11.586634635925293,11.586634635925293,0.0,11.586634635925293,11.586634635925293,2.2841224670410156
synthetic_single_2_8V/coarse,9D39807EA483C4DC3CAED9C2B72CFD97C4E46132FB9E31E2632332E38CB0AE20,G1,0,0.0,"[0.0, 4.0, 6.0]",epoch_limit,3500.0,3500.0,0.002883759094402194,,16.148862400001235,11.59000015258789,11.586662321388475,11.581664369517094,0.08573382318895692,11.44066094694243,11.722791625906087,2.273143768310547
synthetic_single_2_8V/coarse,32F54A11E0A3685415C9823F8ECD23CDDB6D574FA3119275F70E1ACCDCFCA54C,C,0,0.0001,"[0.0, 4.0, 6.0]",epoch_limit,3500.0,3500.0,0.005283786915242672,,15.37024389999715,11.609999656677246,11.85858537832651,11.67368001398535,0.879135405681421,10.896360787459912,13.949607342487493,2.3487982749938965
synthetic_single_2_8V/local,9CC4DF1E122289F069D2B1D037ABA57D2DAF9854416A033FAFD79B417E94B1B3,d1,0,0.0,"[0.0, 4.0, 6.0]",plateau,795.0,795.0,0.0034083849750459194,,4.495157499997731,11.570768356323242,11.832990889276301,11.377834250143872,0.8596091933756168,10.896360971949157,13.949607443002412,2.3487982749938965
synthetic_single_2_8V/local,7F79C899BFBE7BE94603F087172A868ECCB57EBA91852036773C2C4E5115940F,g1,0,0.0,"[0.0, 4.0, 6.0]",plateau,2260.0,2260.0,0.0034378687851130962,,10.80163199999879,11.569999694824219,11.833433504773359,11.57896052333307,0.8608906892777332,10.896360966050775,13.949607454067724,2.3487982749938965
synthetic_single_2_8V/local,7E9093511FB49F41F9D781FC23DD61D7CB736A9F05D6B4968343B7CDD23DCE40,d2,0,0.0,"[0.0, 4.0, 6.0]",plateau,2238.0,2238.0,0.0034143589437007904,,10.83958789999815,11.563820838928223,11.834289405384487,11.399828095814904,0.8595213689465608,10.8963609678483,13.94960745069559,2.3487982749938965
synthetic_single_2_8V/local,56902C07108A8319E073350706D170178AD5A462F62E5240B7B3F8372628D323,d3,0,0.0,"[0.0, 4.0, 6.0]",plateau,2360.0,2360.0,0.003414798527956009,,11.338463899999624,11.563966751098633,11.834255070673676,11.515165865537575,0.8595570879017684,10.896360981483651,13.949607425115806,2.3487982749938965
synthetic_single_2_8V/local,129B4475C453FE5DA4337223BB212D9B91F36EAEC6099139654317DC799CE3A0,d4,0,0.0,"[0.0, 4.0, 6.0]",plateau,3242.0,3242.0,0.0034154620952904224,,13.615178300002299,11.586187362670898,11.834332360762813,11.556515903143957,0.85956587887615,10.896360971539073,13.94960744377173,2.3487982749938965
synthetic_single_2_8V/local,AFFAD4BB61F6B8261C838CEEFB98A125DF6A0E1D6F3603D6EA066E2C4CB1E6C6,h4s,0,0.0,"[0.0, 4.0, 6.0]",plateau,1996.0,1996.0,0.003412983613088727,,8.013298300000315,11.570727348327637,11.833095683256248,11.529676199038526,0.8598263358339538,10.896360962670968,13.949607460408213,2.3487982749938965
synthetic_single_2_8V/local,42293750A6A13DB228D6F84718718DA096E2AF17A8734836B563DB2BAF7F3940,equal4,0,0.0,"[0.0, 4.0, 6.0]",plateau,1956.0,1956.0,0.0034128502011299133,,7.885271200000716,11.571752548217773,11.833112795888663,11.53297588204676,0.8598150206262373,10.896360962568448,13.949607460600541,2.3487982749938965
synthetic_single_3_0V/coarse,F91C3651BE1B3A9185750B8E9D2CE95B3768BB1DAD2012295F7906ABD2192878,H1,0,0.0,"[4.0, 6.0, 8.0]",epoch_limit,3500.0,3500.0,0.0025792038068175316,,13.591829400000279,11.728849411010742,11.728849411010742,11.728849411010742,0.0,11.728849411010742,11.728849411010742,2.3045053482055664
synthetic_single_3_0V/coarse,DCDD9AA94B2EB57A9B4C3353C2BF93FA3442084F2CE1E01F3DB88B8431D0B659,G1,0,0.0,"[4.0, 6.0, 8.0]",epoch_limit,3500.0,3500.0,0.002617716556414962,,16.42469159999746,11.729999542236328,11.731035216671284,11.726033961460407,0.08728933744441107,11.582362056055112,11.869574474495629,2.2909510135650635
synthetic_single_3_0V/coarse,7439E77094CF3A0756D3D0B83FAD6C68E719859488FD754B9B659BF093DA7F8E,C,0,0.0001,"[4.0, 6.0, 8.0]",epoch_limit,3500.0,3500.0,0.0056993840262293816,,15.568981399999757,11.770000457763672,11.829736536514122,11.774233839530057,0.8241229579575907,10.384123517829995,13.805970929292354,2.297924757003784
synthetic_single_3_0V/local,73FDB09507659C0A9DE535033DE176DE2EFC0B90F0EDCCF7136149A249C00195,d1,0,0.0,"[4.0, 6.0, 8.0]",plateau,834.0,834.0,0.00323390937410295,,4.638451599999826,11.731301307678223,11.802671822566142,11.505286344113836,0.7963887222066852,10.384123246497218,13.80597083151727,2.297924757003784
synthetic_single_3_0V/local,A863513B29BB12B871638BA0A68BBB4C2BACC1A76DF88DEAACF03CA4EFCAF0DC,g1,0,0.0,"[4.0, 6.0, 8.0]",plateau,2489.0,2489.0,0.0032670798245817423,,11.940543799999432,11.729999542236328,11.802575104548286,11.727651916759093,0.7979096775275879,10.384123189052948,13.805970859223457,2.297924757003784
synthetic_single_3_0V/local,2BE8950B6A9952D78BAF4A41EE14814FECC6601FDBB6AD529FCCF5C40B7BBE80,d2,0,0.0,"[4.0, 6.0, 8.0]",plateau,2400.0,2400.0,0.00324041536077857,,12.11060759999964,11.722701072692871,11.803085737989239,11.525682990394177,0.7966912111266184,10.384123195655715,13.80597085603884,2.297924757003784
synthetic_single_3_0V/local,F5B0E53FA102D30A55953C43EEFB1FC80D06C7EDA8F3C672E78D0AEC4C0B1098,d3,0,0.0,"[4.0, 6.0, 8.0]",plateau,2809.0,2809.0,0.0032404251396656036,,13.676270700001623,11.726095199584961,11.803212334914946,11.514350225114162,0.7966968666293109,10.384123221076466,13.805970843778047,2.297924757003784
synthetic_single_3_0V/local,CCC84B0CBBD21833C84E63C510280383E886A19E4ADED1619E721C1FD5622F57,d4,0,0.0,"[4.0, 6.0, 8.0]",plateau,3389.0,3389.0,0.0032432880252599716,,14.500507599997945,11.753386497497559,11.803034297559293,11.707373660650074,0.7968168844855331,10.384123145608608,13.805970880177286,2.297924757003784
synthetic_single_3_0V/local,DF7DE1C32697309C7FD1F6C6C4E0FCBB16DB9758B9D92A01EC6B0EFDA0069286,h4s,0,0.0,"[4.0, 6.0, 8.0]",plateau,2367.0,2367.0,0.0032380446791648865,,9.523154099999374,11.731955528259277,11.802478517211963,11.682771647478718,0.7966126051395527,10.384123332888054,13.805970789849752,2.297924757003784
synthetic_single_3_0V/local,F6232DFA38BFC4F8C3723955C077A5FE585011B82F12D22E45FDA33599F439BB,equal4,0,0.0,"[4.0, 6.0, 8.0]",plateau,2414.0,2414.0,0.0032376747112721205,,9.625851400000101,11.732438087463379,11.802459980943794,11.686146436984286,0.7965958558451207,10.384123225644258,13.805970841574949,2.297924757003784
synthetic_single_3_4V/coarse,551D28B67BE145E6F4883607047745A6E4C675AB6766390B6EC525F7E5F1D487,H1,0,0.0,"[0.0, 6.0, 8.0]",epoch_limit,3500.0,3500.0,0.0028636835049837828,,13.24408609999955,11.71395206451416,11.71395206451416,11.71395206451416,0.0,11.71395206451416,11.71395206451416,2.3050477504730225
synthetic_single_3_4V/coarse,27AFE8E97DC613BE4DF91FE71C6B3B2DD2E52BCF40B8D55409A8D2097752FC3B,G1,0,0.0,"[0.0, 6.0, 8.0]",epoch_limit,3500.0,3500.0,0.002908513881266117,,16.144926100001612,11.720000267028809,11.716218919425607,11.71122092695842,0.08365188232303017,11.573479725729628,11.84883677828603,2.291769504547119
synthetic_single_3_4V/coarse,591432B80C21EC51D738E400528B1BEA747F72D6D757A9CA887D1ACD16684BE3,C,0,0.0001,"[0.0, 6.0, 8.0]",epoch_limit,3500.0,3500.0,0.006053086370229721,,15.386551999999938,11.770000457763672,11.859596329867633,11.784277059127927,0.9032669660933155,10.186402785129166,13.993912689559545,2.3004813194274902
synthetic_single_3_4V/local,44080D618ADA86C56A031F13B6CB3841BCEC6995BA71CCFBB5B0C394A354D597,d1,0,0.0,"[0.0, 6.0, 8.0]",plateau,821.0,821.0,0.003517779288813472,,4.565150399997947,11.723695755004883,11.82744758375363,11.505996668044233,0.8804598647385237,10.186403000006868,13.993912710000831,2.3004813194274902
synthetic_single_3_4V/local,FFF61B507349EDD86439809C99D78E173ABE9F4868F439E41E2C09C750694771,g1,0,0.0,"[0.0, 6.0, 8.0]",plateau,2584.0,2584.0,0.0035542179830372334,,13.322671099998843,11.720000267028809,11.82825049955719,11.722918784309881,0.8816954867547672,10.186402992790304,13.993912715641013,2.3004813194274902
synthetic_single_3_4V/local,3F28C820DF1C221DFCD961676A08591F3E5996AF0404FEB1209797E12BE1C975,d2,0,0.0,"[0.0, 6.0, 8.0]",plateau,2448.0,2448.0,0.0035247872583568096,,12.867567800003599,11.716058731079102,11.828393002608314,11.52614676332168,0.8806464654808573,10.186402980796142,13.99391272501516,2.3004813194274902
synthetic_single_3_4V/local,B7A07E2CD6F2FF42A66A8C8DCFB23DB93D95C73B7BEBA591541DCB7EC9621D76,d3,0,0.0,"[0.0, 6.0, 8.0]",plateau,2631.0,2631.0,0.003523870138451457,,13.547165299998596,11.720264434814453,11.828762486730987,11.515533749106302,0.8805767463953095,10.18640302221927,13.993912692640514,2.3004813194274902
synthetic_single_3_4V/local,15BBAF38EAD9FC3B31A1395C3047BD053AB9B8BC0DE11C3CD0AD2BEA438E2635,d4,0,0.0,"[0.0, 6.0, 8.0]",plateau,3295.0,3295.0,0.0035280119627714157,,14.144999300002382,11.696402549743652,11.828371549284103,11.699436983656698,0.8807695066717014,10.18640299730536,13.99391271211222,2.3004813194274902
synthetic_single_3_4V/local,B87179D511C45E6A062A166139D005039645FBE07C5F645C7CC68C7380C7D244,h4s,0,0.0,"[0.0, 6.0, 8.0]",plateau,2160.0,2160.0,0.0035229730419814587,,8.669677899997623,11.724275588989258,11.827606634177078,11.676468284871197,0.8806442440118386,10.186403023344898,13.99391269176077,2.3004813194274902
synthetic_single_3_4V/local,7E9474724B9F97EC4F57D9146F7BE903D0DCDDCC90C5B4730FF4C870ED809E8D,equal4,0,0.0,"[0.0, 6.0, 8.0]",plateau,2202.0,2202.0,0.0035224012099206448,,8.670311599998968,11.724781036376953,11.827582772937932,11.679799742589088,0.880624223199416,10.186403012088613,13.993912700558226,2.3004813194274902
synthetic_single_3_6V/coarse,DAA1F730F5F89C3DD65D76E89AB2322A855840055675EDCCB25F1A5F9D107678,H1,0,0.0,"[0.0, 4.0, 8.0]",epoch_limit,3500.0,3500.0,0.0027772875037044287,,13.176113599998644,11.695556640625,11.695556640625,11.695556640625,0.0,11.695556640625,11.695556640625,2.2388412952423096
synthetic_single_3_6V/coarse,0DABC55F887DEA1E39370035CD88735ED318411085D5B22FDE2662AB908C22D2,G1,0,0.0,"[0.0, 4.0, 8.0]",epoch_limit,3500.0,3500.0,0.00281510129570961,,16.983655,11.699999809265137,11.698362312852897,11.693363699857455,0.08427895115695004,11.554574389633302,11.832063424223866,2.2209360599517822
synthetic_single_3_6V/coarse,E52B8A401EA46E16ABE435414B8D8BDD84FAA1B6BA24E95565671C040163948F,C,0,0.0001,"[0.0, 4.0, 8.0]",epoch_limit,3500.0,3500.0,0.005762789398431778,,16.15591630000199,11.75,11.877308010911992,11.773887068226855,0.8554320771678238,10.881400412456559,13.90659159568565,2.2721242904663086
synthetic_single_3_6V/local,461635EB703D044EBA14F52C92A53C1222833513FF278AAB9A359D5672941F5F,d1,0,0.0,"[0.0, 4.0, 8.0]",plateau,867.0,867.0,0.003449387848377228,,5.0693780000001425,11.697092056274414,11.84223220526942,11.489548784019057,0.8328437413210346,10.881400229490328,13.906591729404091,2.2721242904663086
synthetic_single_3_6V/local,0A032C054742C04C1D02D7E7A242FBB4432FCFBA47936EB97349E7FF47B32A7D,g1,0,0.0,"[0.0, 4.0, 8.0]",plateau,2565.0,2565.0,0.003483229549601674,,12.904973599997902,11.699999809265137,11.843057022842643,11.698688914344642,0.8341396368391023,10.881400227267438,13.906591731570463,2.2721242904663086
synthetic_single_3_6V/local,6708AC3EDBF15C0F4BFF60EB7B36126F6F28AA8A911BD938DE3715D02AB52EE3,d2,0,0.0,"[0.0, 4.0, 8.0]",plateau,2454.0,2454.0,0.0034564202651381493,,12.582481599998573,11.690957069396973,11.844058001849561,11.509549007162068,0.8328471470816318,10.881400254104925,13.906591705415295,2.2721242904663086
synthetic_single_3_6V/local,3158F2DC6BB09E9B9A9D1E1A2FDA0A93C5B0D1FBB3320844AA701B74C0EF0370,d3,0,0.0,"[0.0, 4.0, 8.0]",plateau,2775.0,2775.0,0.0034560933709144592,,13.709002299998247,11.693747520446777,11.843815725405605,11.499080012867433,0.832890051969833,10.881400222823876,13.906591735901054,2.2721242904663086
synthetic_single_3_6V/local,E29BEFD98009E4685979A936113EB736705597CCC27F96D981EB2A5259FC0E53,d4,0,0.0,"[0.0, 4.0, 8.0]",plateau,3358.0,3358.0,0.003457668237388134,,14.331105199999001,11.715304374694824,11.843561709984003,11.679358489253135,0.8330049654819319,10.88140023718239,13.906591721907589,2.2721242904663086
synthetic_single_3_6V/local,65CCB0C5DC8471306B9818477F4BCDF709B925EDF745DFBE7AC8F5995D07774D,h4s,0,0.0,"[0.0, 4.0, 8.0]",plateau,2150.0,2150.0,0.00345437228679657,,8.604777799999283,11.697731971740723,11.842389066049728,11.651540450609943,0.8330471223488848,10.881400211670387,13.906591746770967,2.2721242904663086
synthetic_single_3_6V/local,4A22C2EFAE851A01D2E25C48FC5B93846042D64E4E6415DFBAC001B377062651,equal4,0,0.0,"[0.0, 4.0, 8.0]",plateau,2127.0,2127.0,0.0034541520290076733,,8.501066800003173,11.698478698730469,11.842392986363583,11.65493101122742,0.8330362971221354,10.881400257438152,13.906591702166818,2.2721242904663086
synthetic_single_3_8V/coarse,AB3C6ED88F0CA7D4C483F498D5FC0F68EA2528F5716CDE4AC8C634A02B3A4995,H1,0,0.0,"[0.0, 4.0, 6.0]",epoch_limit,3500.0,3500.0,0.002557852305471897,,14.295391699997708,11.645954132080078,11.645954132080078,11.645954132080078,0.0,11.645954132080078,11.645954132080078,2.3197336196899414
synthetic_single_3_8V/coarse,8F2711F1DC765662F4F73992DE97AD417187BFC760F4F26FDA7B6F756597A433,G1,0,0.0,"[0.0, 4.0, 6.0]",epoch_limit,3500.0,3500.0,0.0025946246460080147,,17.107331299997895,11.649999618530273,11.647582985955673,11.642585339840222,0.0839859732282906,11.504279005404229,11.780707921370812,2.3066625595092773
synthetic_single_3_8V/coarse,DD1878DA238359F0B4F1680756110C4011C9612E7E5E31FBA09669202A3E6D1B,C,0,0.0001,"[0.0, 4.0, 6.0]",epoch_limit,3500.0,3500.0,0.005399962887167931,,16.23996249999982,11.729999542236328,11.837672578911143,11.752742111723403,0.857931506598543,10.668416118472734,13.827514766470557,2.3120734691619873
synthetic_single_3_8V/local,993C742D362DEEDDF186843F6444122EEE701435EEB11A070375D0A31CEBD3ED,d1,0,0.0,"[0.0, 4.0, 6.0]",plateau,775.0,775.0,0.0032155648805201054,,4.330961299998307,11.668539047241211,11.796314442403673,11.463427778128668,0.8356890404983487,10.668415974000661,13.827514793014576,2.3120734691619873
synthetic_single_3_8V/local,AB71887FEDDA5A92E5087477FF115F550EC118EE4E6DEB5084B1679B7C389301,g1,0,0.0,"[0.0, 4.0, 6.0]",plateau,2517.0,2517.0,0.003247610293328762,,11.65914910000356,11.670000076293945,11.79703256594536,11.669446914346826,0.8369945342067808,10.668416279774316,13.8275147594514,2.3120734691619873
synthetic_single_3_8V/local,A4A6F18C5A1A06369AB86A761FF95DBEB4494DFB3053D45107CBE579A3942644,d2,0,0.0,"[0.0, 4.0, 6.0]",plateau,2553.0,2553.0,0.00322179077193141,,11.785105300001305,11.661646842956543,11.797547043055905,11.483560404625182,0.8357948562396071,10.668415974000661,13.827514793014576,2.3120734691619873
synthetic_single_3_8V/local,9E1FA8504EA1B7F43CF48497121E28D689C84A670063A5E40A1D71F4DD88C774,d3,0,0.0,"[0.0, 4.0, 6.0]",plateau,2910.0,2910.0,0.003222213126718998,,13.528027500000462,11.66425609588623,11.797727309788945,11.474159922517153,0.8358036153971634,10.668415886820958,13.827514802583838,2.3120734691619873
synthetic_single_3_8V/local,EA9CBBFFF337307B02B2CBE7BF98ACDF6B1AAEDC81D181FBDE8869A6DF844F60,d4,0,0.0,"[0.0, 4.0, 6.0]",plateau,3119.0,3119.0,0.00322155375033617,,13.16950259999794,11.678176879882812,11.797220886041476,11.646253723270954,0.8358494708083626,10.668415728520973,13.827514819959605,2.3120734691619873
synthetic_single_3_8V/local,9DEC72F2F9EDD5D4B9F2746A2230713F6BC7501EC951D7DFA6581FDCFFEE39B2,h4s,0,0.0,"[0.0, 4.0, 6.0]",plateau,2234.0,2234.0,0.0032198878470808268,,9.003955000000133,11.669513702392578,11.796464206716662,11.62277528865423,0.835880607515372,10.668415831760093,13.82751480862758,2.3120734691619873
synthetic_single_3_8V/local,B9D0D1392A2B474DFE76917583C2EA6E618C1A8BC192CA02BA360A5EBAAB3297,equal4,0,0.0,"[0.0, 4.0, 6.0]",plateau,2189.0,2189.0,0.003219845937564969,,8.804664400002366,11.670286178588867,11.796496646176463,11.626217455825758,0.8358734199900778,10.668416004972402,13.827514789614973,2.3120734691619873
synthetic_single_4_0V/coarse,C32BA6CB20A104C52E352251F659B280A3942237CB4AF1953C2F2B83B3513893,H1,0,0.0,"[4.0, 6.0, 8.0]",epoch_limit,3500.0,3500.0,0.002258517313748598,,13.24241500000062,11.634193420410156,11.634193420410156,11.634193420410156,0.0,11.634193420410156,11.634193420410156,2.075173854827881
synthetic_single_4_0V/coarse,E6ECE348CB7FABCBCB1E632C7437A987FB0DC0E318220B5D21C08C12052D7D98,G1,0,0.0,"[4.0, 6.0, 8.0]",epoch_limit,3500.0,3500.0,0.0023045148700475693,,16.74520929999926,11.640000343322754,11.636108387524912,11.631110280174385,0.08559241082940897,11.490366153042991,11.771963533368927,2.055158853530884
synthetic_single_4_0V/coarse,B7AC464CD9E024D35C6E6188B9A8DA4D9ECB2EA6020E7E4D852EAFC775E4F6EF,C,0,0.0001,"[4.0, 6.0, 8.0]",epoch_limit,3500.0,3500.0,0.005292477086186409,,16.010143100000278,11.720000267028809,11.833513057576475,11.739845377510775,0.8840058404362626,10.374303447422548,13.888272508538197,2.2921416759490967
synthetic_single_4_0V/local,0054F80CF3488BF6B6DFDC85F64442E41DCE4C8CE1AE3152D79B035CCAA34FDB,d1,0,0.0,"[4.0, 6.0, 8.0]",plateau,945.0,945.0,0.0029609818011522293,,5.103126000001794,11.641608238220215,11.781609991687267,11.44365137078183,0.8645865796841032,10.374303340360491,13.888272491714988,2.2921416759490967
synthetic_single_4_0V/local,ECA96FBBDCFDB6F6E6C236F42250F1F179EF429F3D4AD65A2517C0D185D593F1,g1,0,0.0,"[4.0, 6.0, 8.0]",plateau,2717.0,2717.0,0.0029963820707052946,,12.666106299999228,11.640000343322754,11.782211746575728,11.641953477199811,0.865777638499347,10.374303300320854,13.888272503215884,2.2921416759490967
synthetic_single_4_0V/local,37F146F4F69E1155C2CB1611F564378034094F9F5457DB4BCA7D80512E52A03D,d2,0,0.0,"[4.0, 6.0, 8.0]",plateau,2681.0,2681.0,0.0029670298099517822,,13.121085399998265,11.6357421875,11.782807575525846,11.461083009619484,0.8646356119917435,10.374303290214712,13.88827250611875,2.2921416759490967
synthetic_single_4_0V/local,C81422719F7AA43060C56FC2C12C12C986606396CB8CA6D2DF1E477623C9FE76,d3,0,0.0,"[4.0, 6.0, 8.0]",plateau,3130.0,3130.0,0.0029671990778297186,,15.099934800000483,11.638312339782715,11.782970978146576,11.452551925082506,0.8646252679446473,10.37430330991484,13.888272500460122,2.2921416759490967
synthetic_single_4_0V/local,A628DC6FF14AD71CC063325BB0F798F23B254584F9A3DA5566BF7DC26DDE59D1,d4,0,0.0,"[4.0, 6.0, 8.0]",plateau,3371.0,3371.0,0.002966339234262705,,14.507578400000057,11.647891998291016,11.782327556838247,11.618121769852403,0.8646738540038245,10.374303381103935,13.888272480011935,2.2921416759490967
synthetic_single_4_0V/local,D5636ADA2CA934CB9FBEB781D3E04061EF2F693D3304B5FDBD46216800139075,h4s,0,0.0,"[4.0, 6.0, 8.0]",plateau,2423.0,2423.0,0.0029652798548340797,,9.82312429999729,11.643091201782227,11.781787463767014,11.595891694435082,0.8647311563079735,10.374303370134546,13.888272483162755,2.2921416759490967
synthetic_single_4_0V/local,BCE46B80AE39BFA65887DB6576E2754A97A17694B3DA911698E5661790F2CBE4,equal4,0,0.0,"[4.0, 6.0, 8.0]",plateau,2451.0,2451.0,0.0029648728668689728,,9.826256899999862,11.643559455871582,11.781786010458497,11.599127647442533,0.864715386359705,10.374303279916917,13.888272509076655,2.2921416759490967
synthetic_single_4_4V/coarse,CDEEB5C3B4C64A8D70BDE7ADEFD3F41A7C0A646681AB92D14C0252EA1D14B085,H1,0,0.0,"[0.0, 6.0, 8.0]",epoch_limit,3500.0,3500.0,0.002545875497162342,,13.363947400001052,11.624405860900879,11.624405860900879,11.624405860900879,0.0,11.624405860900879,11.624405860900879,2.1207523345947266
synthetic_single_4_4V/coarse,527C3689A34B535157776EF8EBB192ED150CD2625EE5052BD51CE4F164D3BC22,G1,0,0.0,"[0.0, 6.0, 8.0]",epoch_limit,3500.0,3500.0,0.0025846001226454973,,17.239291300000332,11.630000114440918,11.626631735200316,11.621633682933046,0.08709461248028993,11.47832399309325,11.765047380039825,2.104562759399414
synthetic_single_4_4V/coarse,4BBD1D9E8B2218EA908E3A341FC48FC0EE2B6D73280C335A955FE35BD1B6564D,C,0,0.0001,"[0.0, 6.0, 8.0]",epoch_limit,3500.0,3500.0,0.0053744567558169365,,16.48673140000028,11.699999809265137,11.884985439340236,11.748843618047593,0.8590157116950812,10.955564820460573,13.934851727905345,2.3140554428100586
synthetic_single_4_4V/local,9FA854C53118B85AA173B697873C7117A7C35F18902C550954DD198A652E95AC,d1,0,0.0,"[0.0, 6.0, 8.0]",plateau,798.0,798.0,0.003161461791023612,,4.447597700000188,11.634088516235352,11.839302466756404,11.443669997655828,0.8412443474770432,10.955564738946268,13.934851944436193,2.3140554428100586
synthetic_single_4_4V/local,5007341C6D3A8A239063C8D42642E41F3E78AEABCF1114CAB3A8E85D779B6894,g1,0,0.0,"[0.0, 6.0, 8.0]",plateau,2485.0,2485.0,0.0031943758949637413,,11.830029400000058,11.630000114440918,11.839826160845988,11.639036947990354,0.8425281027291421,10.955564751773633,13.934851921786343,2.3140554428100586
synthetic_single_4_4V/local,D771BE5541D47A5C9B2B00A7DEA171BD183F2EAEA5D7817469128712F58CAAA9,d2,0,0.0,"[0.0, 6.0, 8.0]",plateau,2444.0,2444.0,0.003168020397424698,,11.937694699998247,11.62669563293457,11.840552970812203,11.465571971663582,0.8412544966227204,10.955564724136021,13.934851970587301,2.3140554428100586
synthetic_single_4_4V/local,37510590D21F44F6E6D4702A930A68850FF0FF5C5E82B8245C351A0B76D75C3C,d3,0,0.0,"[0.0, 6.0, 8.0]",plateau,2985.0,2985.0,0.003167717717587948,,13.844811399998434,11.630097389221191,11.840675117755149,11.454060498016382,0.841225199413091,10.955564751640766,13.934851922020943,2.3140554428100586
synthetic_single_4_4V/local,075139F82418C0E03D53A8BE1898C94B55549AA93613DA58AEF0B748BBA7F9DB,d4,0,0.0,"[0.0, 6.0, 8.0]",plateau,3198.0,3198.0,0.003167208284139633,,13.486367000001337,11.641881942749023,11.840070471409636,11.612978416764605,0.8413223609816911,10.955564748202672,13.934851928091733,2.3140554428100586
synthetic_single_4_4V/local,7390725D53A2424F0076E8E1C729A3E769511AE4A1B5D9C8CB68DFD07851480E,h4s,0,0.0,"[0.0, 6.0, 8.0]",plateau,2271.0,2271.0,0.003165592672303319,,9.10374850000153,11.635327339172363,11.83945276915744,11.591462858995815,0.8414104381555817,10.955564737227222,13.934851947471584,2.3140554428100586
synthetic_single_4_4V/local,9BA3BC0069B4126F24B847F46FBAEC481FE0E524C8EE244CD579EB08ABC34A4B,equal4,0,0.0,"[0.0, 6.0, 8.0]",plateau,2235.0,2235.0,0.003165495116263628,,8.933141800000158,11.635880470275879,11.839454734756355,11.594585075446263,0.841404736303122,10.955564753062285,13.934851919510903,2.3140554428100586
synthetic_single_4_6V/coarse,045416BF9E8677C223C8B20D17659B220D2880129868D7857C3679409AAF04E4,H1,0,0.0,"[0.0, 4.0, 8.0]",epoch_limit,3500.0,3500.0,0.002606552792713046,,14.106084999999439,11.601091384887695,11.601091384887695,11.601091384887695,0.0,11.601091384887695,11.601091384887695,2.088900089263916
synthetic_single_4_6V/coarse,24D0405B22F21B8D7A08574B72E0D32029D4667BEDCD887A187938C40629240A,G1,0,0.0,"[0.0, 4.0, 8.0]",epoch_limit,3500.0,3500.0,0.002643297426402569,,16.46924399999989,11.600000381469727,11.603362100946107,11.598360363774065,0.0860858085045708,11.45663258660068,11.739891371575913,2.0733230113983154
synthetic_single_4_6V/coarse,D32A0949A6C2A72264ED190C7B57515FFA436F6AFEC4E653CA1F5D6418FA8A3F,C,0,0.0001,"[0.0, 4.0, 8.0]",epoch_limit,3500.0,3500.0,0.0053873020224273205,,16.18387520000033,11.65999984741211,11.800181549774306,11.690517066133468,0.7872297721369931,10.923801594506905,13.71141415773577,2.310208797454834
synthetic_single_4_6V/local,EEBAD903372FCD98600C30AD852C1A04B00D3CED46377CA09D039AA7201400A5,d1,0,0.0,"[0.0, 4.0, 8.0]",plateau,723.0,723.0,0.0032372521236538887,,4.091600100000505,11.604009628295898,11.761637777352634,11.40079672203802,0.762828529143975,10.923801508784376,13.711414053966484,2.310208797454834
synthetic_single_4_6V/local,72881F3033FCC36B35D5A292838DF8C52BBA42115409B903133F91B145CFB5A6,g1,0,0.0,"[0.0, 4.0, 8.0]",plateau,2594.0,2594.0,0.0032723285257816315,,12.108232999999018,11.600000381469727,11.762177370151916,11.606130104778094,0.7643134359179345,10.923801517491134,13.711414026650566,2.310208797454834
synthetic_single_4_6V/local,9D3E75D4FAA8664716972D36CE010BCCE7D29DBDA4B636880B60576F87EF86F5,d2,0,0.0,"[0.0, 4.0, 8.0]",plateau,2585.0,2585.0,0.0032435604371130466,,12.74556400000074,11.5967378616333,11.762224989976362,11.4192905300423,0.7630216694310613,10.923801506143317,13.71141406225236,2.310208797454834
synthetic_single_4_6V/local,D70BF108528F3B6DAC420CDD7CB36DF2A878D858B75012CED5B37CB479E8EA2E,d3,0,0.0,"[0.0, 4.0, 8.0]",plateau,2938.0,2938.0,0.0032437993213534355,,14.259950499999832,11.5994873046875,11.762381888861775,11.409400781433968,0.7630245551370775,10.923801496459431,13.711414092633872,2.310208797454834
synthetic_single_4_6V/local,D688DFC6F67E162607CD99DBD96F12609319B0E6E497ADCE8CB2267ED6EE53A2,d4,0,0.0,"[0.0, 4.0, 8.0]",plateau,3454.0,3454.0,0.003243048209697008,,14.684595900002023,11.611523628234863,11.762242825454587,11.583170490910904,0.7629756064242416,10.923801513186142,13.711414040156724,2.310208797454834
synthetic_single_4_6V/local,8B85AD6BC7DEF22ABB440150B65C734D6A25352B3A863E8F75B61AD607EDBABC,h4s,0,0.0,"[0.0, 4.0, 8.0]",plateau,2115.0,2115.0,0.003242335980758071,,8.47066100000302,11.604361534118652,11.761755766519325,11.558973475896272,0.7630601804875501,10.923801517202754,13.7114140275553,2.310208797454834
synthetic_single_4_6V/local,FAAF48659DF00D3434B605FC633632B849F342AFD3E9BB2DD9F18AAE592EEE83,equal4,0,0.0,"[0.0, 4.0, 8.0]",plateau,2160.0,2160.0,0.003241699654608965,,8.50369309999951,11.60480785369873,11.761742370942502,11.562142211716429,0.7630314657418511,10.923801495414011,13.711414095913705,2.310208797454834
synthetic_single_4_8V/coarse,E9B896FB1028EEBEF5EE746F0BAC14FA75F65A14D30F0310494E50AACADC7C16,H1,0,0.0,"[0.0, 4.0, 6.0]",epoch_limit,3500.0,3500.0,0.0024230910930782557,,13.283398499999748,11.610757827758789,11.610757827758789,11.610757827758789,0.0,11.610757827758789,11.610757827758789,2.171356201171875
synthetic_single_4_8V/coarse,C0ED07BF8DBC46B4DD466777DA4183B5FE3EB96E838672CBD7E1282B3FDF9A76,G1,0,0.0,"[0.0, 4.0, 6.0]",epoch_limit,3500.0,3500.0,0.002453522989526391,,16.574069799997233,11.609999656677246,11.612789163343432,11.607786867648445,0.08722228695910271,11.464169261480116,11.7512806135875,2.1517562866210938
synthetic_single_4_8V/coarse,D4930C29B6D713A3791612846C7ED3BBFF04F81E0888FADA3D370B9FC458E313,C,0,0.0001,"[0.0, 4.0, 6.0]",epoch_limit,3500.0,3500.0,0.005055361893028021,,15.84235450000051,11.649999618530273,11.813826535219215,11.690997058212663,0.8025652938261874,10.918803173455316,13.798565905586775,2.3054893016815186
synthetic_single_4_8V/local,2376E1755D2F31547CC2A62023F355DBBDC22BE4A3FF2D75A31CFCB34827979E,d1,0,0.0,"[0.0, 4.0, 6.0]",plateau,724.0,724.0,0.003025035373866558,,4.487617999999202,11.602920532226562,11.780853020520103,11.400171117746975,0.778806635287892,10.918803000273007,13.798565669110623,2.3054893016815186
synthetic_single_4_8V/local,20B556E3301992EC6E9E6465036D22B94803908E2A8A8296FA7AB09749AAF050,g1,0,0.0,"[0.0, 4.0, 6.0]",plateau,2670.0,2670.0,0.0030558574944734573,,12.99367500000153,11.600000381469727,11.781670454732943,11.606926532028686,0.7801490381736081,10.918803005606565,13.79856565514032,2.3054893016815186
synthetic_single_4_8V/local,939774997C1AD38CB86F68D3B141EC348BF97A7F9FAD6E9883DAF38F9F369D73,d2,0,0.0,"[0.0, 4.0, 6.0]",plateau,2534.0,2534.0,0.003031213767826557,,11.903848400001152,11.596268653869629,11.782156117789983,11.42146176140813,0.7788258280685905,10.918802994941386,13.798565683075863,2.3054893016815186
synthetic_single_4_8V/local,9FA79FF92E490EBE078F62757ED5997C77756F957A006599BD4378D07B24E809,d3,0,0.0,"[0.0, 4.0, 6.0]",plateau,2845.0,2845.0,0.0030310857109725475,,13.194447999998374,11.59943962097168,11.782195875603566,11.409502456361878,0.7788332418844889,10.918802983167385,13.798565713915764,2.3054893016815186
synthetic_single_4_8V/local,427BB4A76561782C0B8B3192EC93536680BEF05556EEAC4AEC8B1EBCD4CD1000,d4,0,0.0,"[0.0, 4.0, 6.0]",plateau,3401.0,3401.0,0.0030306032858788967,,14.40041619999829,11.612814903259277,11.781847143179,11.584224359704885,0.7788865994822559,10.918803003327582,13.798565661109707,2.3054893016815186
synthetic_single_4_8V/local,C9BFAE8DE9CFC09B8E65562A3D6AE8A980B0F007F5CED97784CDF7BF4CB80D3C,h4s,0,0.0,"[0.0, 4.0, 6.0]",plateau,2086.0,2086.0,0.003029873361811042,,8.398992099999305,11.603087425231934,11.781028668712988,11.55889855857825,0.7790270648202902,10.91880299749612,13.798565676384184,2.3054893016815186
synthetic_single_4_8V/local,6F593113EC34DE46DBCC7E40D5336037519343F070F7581745F3D7B1B0C89639,equal4,0,0.0,"[0.0, 4.0, 6.0]",plateau,2056.0,2056.0,0.0030296538025140762,,8.139534199999616,11.603841781616211,11.781035481626553,11.562209251270934,0.779013412043083,10.918802998384724,13.798565674056654,2.3054893016815186
synthetic_gaussian_0_0V/coarse,E1D6666670402B68A43367033B81B5B73DA2B6C5E987FA682889175CD911A2D6,H1,0,0.0,"[4.0, 6.0, 8.0]",epoch_limit,3500.0,3500.0,0.002257215091958642,,13.426172899999074,11.701862335205078,11.701862335205078,11.701862335205078,0.0,11.701862335205078,11.701862335205078,2.407013416290283
synthetic_gaussian_0_0V/coarse,14B8473D98692D12DEC30EEBE491EEBD5752F3FBFA5DC8EA46DAC2A8B96F96C8,G1,0,0.0,"[4.0, 6.0, 8.0]",epoch_limit,3500.0,3500.0,0.0022814851254224777,,16.522910100000445,11.699999809265137,11.704028107716736,11.699026666200764,0.09793355753446,11.537873973174028,11.86004806453277,2.387455463409424
synthetic_gaussian_0_0V/coarse,0D1520EAB90A3F9E0D58694CBAEB6F2ECB175996D674108A38721272CD8C6E80,C,0,0.0001,"[4.0, 6.0, 8.0]",epoch_limit,3500.0,3500.0,0.004897780250757933,,15.75706590000118,11.739999771118164,11.721488382208829,11.72883420817641,0.688292780516591,10.671437957374723,12.495820297952129,2.313143253326416
synthetic_gaussian_0_0V/local,F6214E5DA60FA162BABE20163B2E82D034C89604C455AEB09B97874BF72AAD53,d1,0,0.0,"[4.0, 6.0, 8.0]",plateau,960.0,960.0,0.002752562053501606,,5.306787700003042,11.707043647766113,11.696412307814935,11.468441711847445,0.6498655855342594,10.671437589836382,12.495820325247161,2.313143253326416
synthetic_gaussian_0_0V/local,408996A15D3866C566F87C895B8ACB0D34F5432C2EE484E2774B6D0F7DD30A14,g1,0,0.0,"[4.0, 6.0, 8.0]",plateau,2299.0,2299.0,0.0027751605957746506,,10.869300999998813,11.710000038146973,11.69681752817176,11.700960243050922,0.651884985907602,10.671437705183145,12.495820318269601,2.313143253326416
synthetic_gaussian_0_0V/local,F3F96F77EC3888A8D324ACD4395550B114EF191B52A9BE44A306E23F74FC1002,d2,0,0.0,"[4.0, 6.0, 8.0]",plateau,2201.0,2201.0,0.002757341368123889,,10.600788200001261,11.696084976196289,11.697203543090437,11.497080160530952,0.650399857691058,10.671437651068663,12.495820321543096,2.313143253326416
synthetic_gaussian_0_0V/local,5C480A7BB2EDF09811C65B7B8136022A4C9A56BDB04472040B73CC70EA8663CF,d3,0,0.0,"[4.0, 6.0, 8.0]",plateau,2855.0,2855.0,0.0027579881716519594,,13.404659899999388,11.698098182678223,11.69734963192058,11.488789029265888,0.6504737876836094,10.671437459717787,12.495820333118298,2.313143253326416
synthetic_gaussian_0_0V/local,37D2E2B7D4875BA8FFDEAADDFD0A1B207B66237220182EDF95883EE207C37ED9,d4,0,0.0,"[4.0, 6.0, 8.0]",plateau,2917.0,2917.0,0.0027573180850595236,,12.287060599999677,11.716580390930176,11.696868399240797,11.6775495890295,0.6503664071220291,10.67143754199866,12.495820328140962,2.313143253326416
synthetic_gaussian_0_0V/local,CCD50D203A6CC20F680203CDFA21151FDD15902024FF8866F3F004466C9C3BAA,h4s,0,0.0,"[4.0, 6.0, 8.0]",plateau,2235.0,2235.0,0.002757452894002199,,9.041867100000673,11.702995300292969,11.696864508143225,11.665445736079187,0.6504207803741586,10.671437616625505,12.495820323626633,2.313143253326416
synthetic_gaussian_0_0V/local,C22577D0009F71D37FCB082B4E6D03FBF5A1CD73E74AE1BDF01D02A319E80C45,equal4,0,0.0,"[4.0, 6.0, 8.0]",plateau,2363.0,2363.0,0.0027569797821342945,,9.445308299997123,11.702958106994629,11.696790063515111,11.656674118490654,0.6503672829033778,10.67143757644182,12.495820326057425,2.313143253326416
synthetic_gaussian_0_4V/coarse,4458A9855F5FD5DC0A8264BF19843893C0965F59796CBE1A2C537FBFC8EA99F8,H1,0,0.0,"[0.0, 6.0, 8.0]",epoch_limit,3500.0,3500.0,0.0026636060792952776,,14.225774999998976,11.640788078308105,11.640788078308105,11.640788078308105,0.0,11.640788078308105,11.640788078308105,2.3608503341674805
synthetic_gaussian_0_4V/coarse,18E421800261E2FDB306BFEB1ED9A415EED8FBA828F9EB25A65B48BD8C291D1C,G1,0,0.0,"[0.0, 6.0, 8.0]",epoch_limit,3500.0,3500.0,0.0026853992603719234,,17.20554540000012,11.640000343322754,11.643070208403026,11.638068758137198,0.09535965548180847,11.48119570579722,11.795066729949504,2.3484628200531006
synthetic_gaussian_0_4V/coarse,EB0925924DDAF6355AB18B8A044D3D3686F16ACE7A5CBA9813BE02645211D2DA,C,0,0.0001,"[0.0, 6.0, 8.0]",epoch_limit,3500.0,3500.0,0.0052547757513821125,,16.52048179999838,11.720000267028809,11.692765096606779,11.703313979799214,0.6722713159745265,10.818023118386668,12.447380668065861,2.282553195953369
synthetic_gaussian_0_4V/local,2402DA1E72173D6BA4FCB4D53A0EB404269CB4BDF973A063363E98EEDEE81518,d1,0,0.0,"[0.0, 6.0, 8.0]",plateau,891.0,891.0,0.003077747067436576,,4.884984600001189,11.660395622253418,11.650159874621531,11.434373357876082,0.6317073801064783,10.818023285022722,12.447380808890353,2.282553195953369
synthetic_gaussian_0_4V/local,DB8C8BE7DADC5FBC195AF2C071FFF3DB87EC1C15A65D3EC173682ABB4EB71B0A,g1,0,0.0,"[0.0, 6.0, 8.0]",plateau,2120.0,2120.0,0.0031004510819911957,,9.977198900000076,11.65999984741211,11.65076463639845,11.654209253774402,0.6338344005195191,10.81802333618036,12.447380793213606,2.282553195953369
synthetic_gaussian_0_4V/local,6C83CFDFE6F3679921D6D18F49995FEE4BCCB84F9AF0135E06BF46E7E8DE0E27,d2,0,0.0,"[0.0, 6.0, 8.0]",plateau,2293.0,2293.0,0.003083794843405485,,10.80074439999953,11.647658348083496,11.651182056130326,11.464163487042455,0.6323820013124805,10.818023311178651,12.44738080087513,2.282553195953369
synthetic_gaussian_0_4V/local,88C825B0ED3EC6D4149BF2D0AE8FA63664F542E88FFA55DB44ABF0BBD8FC5847,d3,0,0.0,"[0.0, 6.0, 8.0]",plateau,3218.0,3218.0,0.0030843885615468025,,14.759816599998885,11.643506050109863,11.651163522583758,11.48806591202227,0.6324467854829331,10.81802326409798,12.44738081530253,2.282553195953369
synthetic_gaussian_0_4V/local,8EB2EA9EE60203DD8C564BBAB96254F3A9942B24B93F0E12769EE6A9F4CFB438,d4,0,0.0,"[0.0, 6.0, 8.0]",plateau,2855.0,2855.0,0.003083705436438322,,12.22368859999915,11.654780387878418,11.651469820181957,11.44382422263528,0.6324147755371989,10.818023271944758,12.447380812897963,2.282553195953369
synthetic_gaussian_0_4V/local,40F658BA1D70F78D2C9553663A2DD4024AA179864AF1DE8791B89DA1E2165FF7,h4s,0,0.0,"[0.0, 6.0, 8.0]",plateau,2351.0,2351.0,0.00308328028768301,,9.607965199997125,11.6561279296875,11.65067394363186,11.61839476744117,0.6323481471803595,10.818023211786121,12.447380831332973,2.282553195953369
synthetic_gaussian_0_4V/local,A6BBB69C169B07C6B4ED7252D3D7276DFE7DFC8CD745854491328E22CD1074DE,equal4,0,0.0,"[0.0, 6.0, 8.0]",plateau,2264.0,2264.0,0.0030832369811832905,,9.145851599998423,11.655942916870117,11.650598532860919,11.609450392999458,0.6323329526758101,10.818023322294922,12.44738079746866,2.282553195953369
synthetic_gaussian_0_6V/coarse,CC7FB55379EF062693F8BB6036B4E3AA743B3E627A03F497AB17D9BBBA9E4DAE,H1,0,0.0,"[0.0, 4.0, 8.0]",epoch_limit,3500.0,3500.0,0.00244818814098835,,13.323780999999144,11.583796501159668,11.583796501159668,11.583796501159668,0.0,11.583796501159668,11.583796501159668,2.2824623584747314
synthetic_gaussian_0_6V/coarse,D432E6467953ABE16A0D552B40C86973257C8C2ED7E5D7C59B19C5A547519611,G1,0,0.0,"[0.0, 4.0, 8.0]",epoch_limit,3500.0,3500.0,0.002472364343702793,,16.288997300001938,11.59000015258789,11.586488748306913,11.581490454265998,0.09196336082979759,11.430272681068363,11.732859703035887,2.2602076530456543
synthetic_gaussian_0_6V/coarse,5CAE95A35768BD21273ABAA702102C1641BBE776FCD4B342A9A575761CA64541,C,0,0.0001,"[0.0, 4.0, 8.0]",epoch_limit,3500.0,3500.0,0.005059976130723953,,15.445991099997627,11.65999984741211,11.706843525632605,11.661201059621428,0.7569859792210132,10.812110033746846,12.553809735671122,2.2349376678466797
synthetic_gaussian_0_6V/local,12DBC29414FAF4DAE8298CF27696CC0B9ECF3BF1C3136158FF1892FD2799092D,d1,0,0.0,"[0.0, 4.0, 8.0]",plateau,778.0,778.0,0.0029746736399829388,,4.517567200000485,11.589359283447266,11.657771428145548,11.378125002122186,0.727136520513314,10.812110087191364,12.553809473874647,2.2349376678466797
synthetic_gaussian_0_6V/local,767BF44F446B49693216D1A20DCC0A0ADBC48B31319CAC86BD6F891166A3A9AC,g1,0,0.0,"[0.0, 4.0, 8.0]",plateau,2397.0,2397.0,0.0029999432153999805,,11.434142900001461,11.59000015258789,11.658792763034812,11.5870415924417,0.7287965898910875,10.81211011163133,12.553809444153128,2.2349376678466797
synthetic_gaussian_0_6V/local,560DE7096EC4D48508DA6E12EF8605E06FDA9CF5C74793695415AB34EB534089,d2,0,0.0,"[0.0, 4.0, 8.0]",plateau,2521.0,2521.0,0.0029807770624756813,,12.067903099999967,11.580086708068848,11.6591446063166,11.401691294940566,0.7274649386674128,10.812110084095076,12.553809477640057,2.2349376678466797
synthetic_gaussian_0_6V/local,E324AFBAC2DA42472C59276166B032AA090D1938C57B77868C2C15111D21E6B3,d3,0,0.0,"[0.0, 4.0, 8.0]",plateau,3106.0,3106.0,0.002980614546686411,,14.585474100000283,11.582158088684082,11.65913621924295,11.395990285763874,0.7274650916978636,10.812110092609867,12.553809467285186,2.2349376678466797
synthetic_gaussian_0_6V/local,C33264BE660C3EC4F58A3D88D83B15FD9D36A0D5C5FDBEB93A4A2A647B2FD007,d4,0,0.0,"[0.0, 4.0, 8.0]",plateau,2938.0,2938.0,0.0029799926560372114,,12.573458099999698,11.59850025177002,11.658719650383404,11.560815149518339,0.7274478352522087,10.812110091642278,12.553809468461882,2.2349376678466797
synthetic_gaussian_0_6V/local,006765A1C89DCF937E918599FEA363F6F1971C5719D72D1A0E31204B56C4EA56,h4s,0,0.0,"[0.0, 4.0, 8.0]",plateau,3357.0,3357.0,0.002978225238621235,,13.053339699999924,11.586050987243652,11.658063335609244,11.550084306582908,0.7273982608714159,10.812110100737621,12.553809457400998,2.2349376678466797
synthetic_gaussian_0_6V/local,75BBED3E9F22A245D1AB6D742C4DB4AA930C9A582C8A6FB2C79A922F791416A9,equal4,0,0.0,"[0.0, 4.0, 8.0]",plateau,2776.0,2776.0,0.0029793158173561096,,10.956715899999836,11.585482597351074,11.658099190985778,11.54107281329894,0.7274733507016485,10.812110074515939,12.553809489289277,2.2349376678466797
synthetic_gaussian_0_8V/coarse,B85842848D4672F2E6321110448DD78393731DEF23D43DC5FAC9EC220C0FE3EA,H1,0,0.0,"[0.0, 4.0, 6.0]",epoch_limit,3500.0,3500.0,0.0025488855317234993,,14.524331199998414,11.639020919799805,11.639020919799805,11.639020919799805,0.0,11.639020919799805,11.639020919799805,2.340386152267456
synthetic_gaussian_0_8V/coarse,B84FA3BCF7D1F4F2BE2B2FF88DF9AFDDB0F8731AAAA57BC1196A08F6A5F3D804,G1,0,0.0,"[0.0, 4.0, 6.0]",epoch_limit,3500.0,3500.0,0.002575271762907505,,17.049408400001994,11.640000343322754,11.640460955206574,11.635460713999557,0.08843349945565271,11.490071300182851,11.780918481393757,2.323904275894165
synthetic_gaussian_0_8V/coarse,E14F90FF65EFCAD049878C9B9ECD75DCC8EE3B229A765A862F00A9DB57FA2C83,C,0,0.0001,"[0.0, 4.0, 6.0]",epoch_limit,3500.0,3500.0,0.00509972358122468,,16.64932029999909,11.729999542236328,11.744037141669637,11.723447738375247,0.7812426061111408,10.27894540167923,12.657291117336818,2.2810840606689453
synthetic_gaussian_0_8V/local,F1220CBD5EDF89894B779C25D300F0897B85F7E0E4A426FED6503E1802D2AFAE,d1,0,0.0,"[0.0, 4.0, 6.0]",plateau,746.0,746.0,0.00304884510114789,,4.18059699999867,11.649751663208008,11.689332286409025,11.439114853907984,0.7513168861281662,10.278945477182566,12.65729124224624,2.2810840606689453
synthetic_gaussian_0_8V/local,25107DA0E1F18A658900577C3D20B6EA377453653D41CAB3B819785EC3C0C413,g1,0,0.0,"[0.0, 4.0, 6.0]",plateau,2392.0,2392.0,0.003074296750128269,,11.95029330000034,11.649999618530273,11.689665380125614,11.64496493278165,0.7529727033521043,10.27894545183586,12.657291257905461,2.2810840606689453
synthetic_gaussian_0_8V/local,80890C35F9987137987D747544758F2A79BBB05D576706FCA7D7943CD7813C57,d2,0,0.0,"[0.0, 4.0, 6.0]",plateau,2477.0,2477.0,0.003054837230592966,,11.731696999999258,11.639531135559082,11.690435828536732,11.462232630126646,0.7517178755578625,10.27894546969666,12.65729124687104,2.2810840606689453
synthetic_gaussian_0_8V/local,EB6A52A63395D219E6A4A13B8FE524B9CCFCE9BA9CD5E8833F786AD184E106A7,d3,0,0.0,"[0.0, 4.0, 6.0]",plateau,3107.0,3107.0,0.0030547454953193665,,15.009401999999682,11.64007568359375,11.690363018109913,11.463177439870481,0.7517194685043277,10.27894549964028,12.65729122837183,2.2810840606689453
synthetic_gaussian_0_8V/local,137755DC0CEEB4F53FF23EE25BCC99A0025E96C7DBD1593278A7E2BD49E3922B,d4,0,0.0,"[0.0, 4.0, 6.0]",plateau,2782.0,2782.0,0.0030543613247573376,,12.172688999999082,11.659340858459473,11.689952626839528,11.619753963629638,0.7516795033267598,10.278945462210755,12.657291251495836,2.2810840606689453
synthetic_gaussian_0_8V/local,33007A6B505803DD6B74FBBECB83253D3581039A45EB05D32C45F0872C149C8D,h4s,0,0.0,"[0.0, 4.0, 6.0]",plateau,2561.0,2561.0,0.00305226375348866,,10.256916399997863,11.65290355682373,11.68938911003205,11.601412893822301,0.7515628821518499,10.278945504552905,12.657291225336806,2.2810840606689453
synthetic_gaussian_0_8V/local,05C55A542F91F822A43373B12A0AEE3A961D635A6EA0A6562F5FA6DD658B5884,equal4,0,0.0,"[0.0, 4.0, 6.0]",plateau,2629.0,2629.0,0.0030541210435330868,,10.492879000001267,11.64535903930664,11.689629703966697,11.600069454084585,0.7517114181965521,10.2789454252491,12.657291274330804,2.2810840606689453
synthetic_gaussian_1_0V/coarse,523D5E48F704979C5B4270B3790566B6DDC54669B0C886FC4DFB40545956C1D6,H1,0,0.0,"[4.0, 6.0, 8.0]",epoch_limit,3500.0,3500.0,0.0027416804805397987,,13.079053000001295,11.670679092407227,11.670679092407227,11.670679092407227,0.0,11.670679092407227,11.670679092407227,2.4222795963287354
synthetic_gaussian_1_0V/coarse,37595EDEEF3A858DEC33697BD3543BE35F573D749E66990271F767F7B8767A8C,G1,0,0.0,"[4.0, 6.0, 8.0]",epoch_limit,3500.0,3500.0,0.0027736469637602568,,16.12216989999797,11.670000076293945,11.672687502604115,11.667685608920465,0.09094095437638507,11.518039448561881,11.817374848751925,2.419689893722534
synthetic_gaussian_1_0V/coarse,21680C7E1DFD73FC8DEA87846067C31C11D390166D6A8E7C4C835FFB34635100,C,0,0.0001,"[4.0, 6.0, 8.0]",epoch_limit,3500.0,3500.0,0.005492390599101782,,15.342954899999313,11.739999771118164,11.741395203236163,11.728081684692013,0.7853610460456735,10.176125211914158,12.741374685901437,2.3398194313049316
synthetic_gaussian_1_0V/local,A75187C0806184C8CBB97A0A76FE2B52A51E57D8FC87FDF884CFEA48C56F83A3,d1,0,0.0,"[4.0, 6.0, 8.0]",plateau,999.0,999.0,0.0032543144188821316,,5.412862199998926,11.687780380249023,11.70598018555827,11.46053194019546,0.7543240752583126,10.176125158909299,12.741374907385802,2.3398194313049316
synthetic_gaussian_1_0V/local,B4771978AAF1EA7E77D4ACEF1EB4D41B5EAA9FF9C2B0944E4566DE87E1456F0A,g1,0,0.0,"[4.0, 6.0, 8.0]",plateau,2240.0,2240.0,0.003281246405094862,,10.92809490000218,11.6899995803833,11.706382454017586,11.682237212695558,0.7559640130424019,10.176125196549972,12.741374803109872,2.3398194313049316
synthetic_gaussian_1_0V/local,3E42B3F974222EE70BC8D866D88270854E231E51F64876E9A8903249DEFC0CBD,d2,0,0.0,"[4.0, 6.0, 8.0]",plateau,2241.0,2241.0,0.003260469762608409,,10.931287199997314,11.677162170410156,11.707114885554676,11.4871618916635,0.754757534255435,10.176125154154557,12.74137492055785,2.3398194313049316
synthetic_gaussian_1_0V/local,95506B7DE16BB2F14AD8DA5835D9A282EA491C673279FEC9CF7CCF0A22362196,d3,0,0.0,"[4.0, 6.0, 8.0]",plateau,2879.0,2879.0,0.003260815516114235,,13.27669590000005,11.678915977478027,11.707164474395453,11.481223784475523,0.7547941153156046,10.17612516604141,12.74137488762772,2.3398194313049316
synthetic_gaussian_1_0V/local,CF275839B9481B7A3E11A2995315C5A2780C699D0315BB9C3EE0B78904C406EE,d4,0,0.0,"[4.0, 6.0, 8.0]",plateau,2804.0,2804.0,0.0032606814056634903,,11.895639599999413,11.696516990661621,11.706470356960034,11.657664566223591,0.754703572376301,10.176125134838419,12.741374974069354,2.3398194313049316
synthetic_gaussian_1_0V/local,69AC096702346ABB69854617073550CF449F5189ACDB0B9F1E83C44301262995,h4s,0,0.0,"[4.0, 6.0, 8.0]",plateau,2353.0,2353.0,0.003260306315496564,,9.374104800001078,11.683696746826172,11.706493244693045,11.646449213272072,0.7547740540815373,10.176125102446742,12.741375063803968,2.3398194313049316
synthetic_gaussian_1_0V/local,FC9F049267AA0DD69B8DF5C1F1A54E1C1B1E4AE873000D1EFAB7A153F63EBEB4,equal4,0,0.0,"[4.0, 6.0, 8.0]",plateau,2337.0,2337.0,0.0032601282000541687,,9.306925400000182,11.683516502380371,11.706436950758825,11.63759888179834,0.7547586635996631,10.176125121465708,12.741375011115741,2.3398194313049316
synthetic_gaussian_1_4V/coarse,678B4FD8E759B7B44757ED0760066D456F4CE1A3FDD94CC7E5BBD280D1DF8B5E,H1,0,0.0,"[0.0, 6.0, 8.0]",epoch_limit,3500.0,3500.0,0.002625958528369665,,13.38590110000223,11.63585090637207,11.63585090637207,11.63585090637207,0.0,11.63585090637207,11.63585090637207,2.3659627437591553
synthetic_gaussian_1_4V/coarse,9783740F479740F182E9C8F416D900C0D4B58EDC0AF8ECBFE859E84B3A8B8F0C,G1,0,0.0,"[0.0, 6.0, 8.0]",epoch_limit,3500.0,3500.0,0.002655529184266925,,16.778561700000864,11.640000343322754,11.637306203249919,11.632308432250412,0.08808235247157552,11.487321481077428,11.777298320441796,2.362481117248535
synthetic_gaussian_1_4V/coarse,08AD588A9E48B33F55F07E937D6106DFFFF919AED4239485BA4864E7504FF22B,C,0,0.0001,"[0.0, 6.0, 8.0]",epoch_limit,3500.0,3500.0,0.0051252408884465694,,16.063724799998454,11.720000267028809,11.883664748870101,11.760352901999468,0.8552189212159734,10.937561833490049,13.885274195691586,2.3012726306915283
synthetic_gaussian_1_4V/local,52A5002309285A1F3C2929BD78C35F8EA7474C9543CA143F12BCCF206E0EE231,d1,0,0.0,"[0.0, 6.0, 8.0]",plateau,771.0,771.0,0.0031274983193725348,,4.714586400001281,11.658297538757324,11.842842646396253,11.463045462897538,0.8354807997957493,10.937562092949156,13.88527409441115,2.3012726306915283
synthetic_gaussian_1_4V/local,B9E315C275124744EF8B023552E9EDC3801C5699C2A0BC9068EE1D27CB391CCB,g1,0,0.0,"[0.0, 6.0, 8.0]",plateau,2113.0,2113.0,0.003152152057737112,,10.509963000000425,11.65999984741211,11.842645449120834,11.661409257052158,0.8370168398229269,10.937562112116376,13.885274067276235,2.3012726306915283
synthetic_gaussian_1_4V/local,CDA3CAFAB6FAC4C732E6097A6825433DEB730712B165CE135C37E53E84A46B01,d2,0,0.0,"[0.0, 6.0, 8.0]",plateau,2315.0,2315.0,0.003132984507828951,,11.898527899997134,11.646961212158203,11.843072221766116,11.488514871155257,0.8358348265467057,10.937562097836217,13.885274087492567,2.3012726306915283
synthetic_gaussian_1_4V/local,B712C0A67E8D28A53DBFF83D08E6BB5B3E6959155E2110A4F76D35E20F7CB522,d3,0,0.0,"[0.0, 6.0, 8.0]",plateau,2834.0,2834.0,0.0031332666985690594,,13.456542799998715,11.649270057678223,11.843226107552278,11.48051876276012,0.8358382415600366,10.937562105166808,13.8852740771147,2.3012726306915283
synthetic_gaussian_1_4V/local,DBA81743E396E8C865E23FCF61513058FCCAC2FD18CDBD9B13AF9726238842E7,d4,0,0.0,"[0.0, 6.0, 8.0]",plateau,2833.0,2833.0,0.0031328597106039524,,12.116959700000734,11.665560722351074,11.842576204878739,11.632023482004232,0.8358812477552015,10.937562082182348,13.885274109653645,2.3012726306915283
synthetic_gaussian_1_4V/local,D2B74AB8C42B1B9717DC8491C9CF5D5BAC6E21ECB2472A93235FC8BE2A024A6B,h4s,0,0.0,"[0.0, 6.0, 8.0]",plateau,2388.0,2388.0,0.0031327279284596443,,9.513534400000935,11.65228271484375,11.842322187365143,11.6201005237026,0.8360071114303779,10.937562082258708,13.885274109545536,2.3012726306915283
synthetic_gaussian_1_4V/local,BE9EDC9630DEDEB493D53C442E98A8BD86306DB15A61602791DC38A369F935FE,equal4,0,0.0,"[0.0, 6.0, 8.0]",plateau,2274.0,2274.0,0.003132917918264866,,8.893401900000754,11.651881217956543,11.842273009320238,11.612283583249882,0.8360291996481649,10.937562070041054,13.885274126841994,2.3012726306915283
synthetic_gaussian_1_6V/coarse,423BF189BC8C5CDF5686FAF930E67C562AAF9A2B8EA5FD34BD652BD2770D95AC,H1,0,0.0,"[0.0, 4.0, 8.0]",epoch_limit,3500.0,3500.0,0.0031467408407479525,,13.617296599997644,11.668270111083984,11.668270111083984,11.668270111083984,0.0,11.668270111083984,11.668270111083984,2.444521188735962
synthetic_gaussian_1_6V/coarse,BB77402B46B4222115CA60F6A7F98AF30F9400B8B686B094AB292775C6F58205,G1,0,0.0,"[0.0, 4.0, 8.0]",epoch_limit,3500.0,3500.0,0.0031773103401064873,,16.5497955000028,11.670000076293945,11.670118299998292,11.665118148174836,0.08645960595385958,11.522789718668905,11.807437666306674,2.437359571456909
synthetic_gaussian_1_6V/coarse,76AC87C13E2CD7876BD0C4BCB2F908495236AFE6D012C9331A218F8A2FD48C3A,C,0,0.0001,"[0.0, 4.0, 8.0]",epoch_limit,3500.0,3500.0,0.0057566408067941666,,15.898367199999484,11.760000228881836,11.74042370017346,11.742090609557227,0.8527129046202067,10.018780370500094,13.500887342492879,2.2888643741607666
synthetic_gaussian_1_6V/local,F1DFD07A31D601EEEEF670DA9BBF748C157F1ACEE36AA7F908DE48679CE09DA4,d1,0,0.0,"[0.0, 4.0, 8.0]",plateau,780.0,780.0,0.00367592740803957,,4.335058900000149,11.697376251220703,11.699039768795489,11.471898998830493,0.8242880349794763,10.018780261832713,13.500887168620567,2.2888643741607666
synthetic_gaussian_1_6V/local,9575693709F7C0D7591A02F83EA1C42F5B5D051A2EAB13F6AD79B133850D14DB,g1,0,0.0,"[0.0, 4.0, 8.0]",plateau,2177.0,2177.0,0.003702766727656126,,10.29761249999865,11.699999809265137,11.699485528433726,11.690643523787928,0.825819498638889,10.018780273701022,13.500887130003438,2.2888643741607666
synthetic_gaussian_1_6V/local,C4061C3E8D06301254742CA7E2DB36FF319E018176C7611B991114D4F3E1C24D,d2,0,0.0,"[0.0, 4.0, 8.0]",plateau,2203.0,2203.0,0.0036829132586717606,,10.825032199998532,11.686267852783203,11.700464657264785,11.496717880591667,0.8247662540035935,10.018780274961774,13.500887125901194,2.2888643741607666
synthetic_gaussian_1_6V/local,1AEA047EFCB97BDC490E5E2E9A3B0B9FA4D1B822A81DB1C24C1B48EBA28B7AD0,d3,0,0.0,"[0.0, 4.0, 8.0]",plateau,2656.0,2656.0,0.0036833747290074825,,12.828890500000853,11.689348220825195,11.700671917638521,11.487801493977171,0.8248129321952017,10.018780261012147,13.50088717129054,2.2888643741607666
synthetic_gaussian_1_6V/local,F2BBB1D17630AF55807C631239EA36AE7EDA6F2530D338CF25576E63B476C4CF,d4,0,0.0,"[0.0, 4.0, 8.0]",plateau,2799.0,2799.0,0.0036822385154664516,,12.018049999998766,11.706964492797852,11.699900888012653,11.666963696843531,0.8246526893347983,10.018780271576938,13.500887136914763,2.2888643741607666
synthetic_gaussian_1_6V/local,56F78C3AC55D5B156ED82F2CA067740AFB6BB22BFBE6A0E5E99C6AB7EB4927DD,h4s,0,0.0,"[0.0, 4.0, 8.0]",plateau,2354.0,2354.0,0.003679911606013775,,9.509483300000284,11.700623512268066,11.699203742558735,11.647704618622281,0.8245238602493684,10.018780261166002,13.500887170789927,2.2888643741607666
synthetic_gaussian_1_6V/local,BEA2BDF1EA8EF1DECA3471E9D537C99765CB4D9055A96E94DD0D8FBF4BD15588,equal4,0,0.0,"[0.0, 4.0, 8.0]",plateau,2494.0,2494.0,0.0036814804188907146,,9.881994700001087,11.69215202331543,11.699470569457537,11.645990867096085,0.824687608590924,10.018780257422168,13.500887182971633,2.2888643741607666
synthetic_gaussian_1_8V/coarse,16A4C3C9746BF54D3981C507158B2799C21F0806A6855FCFC33B282AF963C621,H1,0,0.0,"[0.0, 4.0, 6.0]",epoch_limit,3500.0,3500.0,0.0025331259239465,,14.423255099998642,11.677643775939941,11.677643775939941,11.677643775939941,0.0,11.677643775939941,11.677643775939941,2.2776966094970703
synthetic_gaussian_1_8V/coarse,DAD25AA060DE457529C1464AEE37BD6B17E3A1848123584BAB1944162FC110E7,G1,0,0.0,"[0.0, 4.0, 6.0]",epoch_limit,3500.0,3500.0,0.0025630316231399775,,17.72321540000121,11.680000305175781,11.680993044892205,11.675992217086623,0.08675915112054415,11.533157965443847,11.818728290151126,2.273280382156372
synthetic_gaussian_1_8V/coarse,F3D94C44898E8219E55641CAAD80E3C2915EA1C7ECAD566FDDA5A2CA62AFFC43,C,0,0.0001,"[0.0, 4.0, 6.0]",epoch_limit,3500.0,3500.0,0.005058828741312027,,16.84428939999998,11.770000457763672,11.776557707442553,11.762787600074516,0.7659282946571538,10.301681600357398,12.700166426881488,2.3087966442108154
synthetic_gaussian_1_8V/local,D06DA2257B3A475738BD70A807B0E7A5550ADEA5732B0C9896188AE1468F718F,d1,0,0.0,"[0.0, 4.0, 6.0]",plateau,799.0,799.0,0.003041863441467285,,4.600406200002908,11.698044776916504,11.727785911308068,11.482920643875705,0.7347073023082784,10.301681448579195,12.70016645352026,2.3087966442108154
synthetic_gaussian_1_8V/local,02405520071883F3175E90D81C3727960347C52347764C4C2FE4D9670F61138A,g1,0,0.0,"[0.0, 4.0, 6.0]",plateau,2494.0,2494.0,0.003070355858653784,,12.155594899999414,11.699999809265137,11.728612031514157,11.693880050803664,0.7363418456046528,10.301681464256838,12.700166444893606,2.3087966442108154
synthetic_gaussian_1_8V/local,0FF6639A5EA4409355B6FAD5DB676DC47B68B2FEFF4A9DD89CF76923B45E9C7B,d2,0,0.0,"[0.0, 4.0, 6.0]",plateau,2485.0,2485.0,0.003048188518732786,,12.213232099999004,11.689541816711426,11.729260407227404,11.50392397376862,0.7350824449846585,10.301681448579195,12.700166453520259,2.3087966442108154
synthetic_gaussian_1_8V/local,3B5FEDB93D92A5625B7E5DF27CE74A17846D8B8D879AFFB4E0213A2BB78FDFE6,d3,0,0.0,"[0.0, 4.0, 6.0]",plateau,2959.0,2959.0,0.003048116806894541,,13.817231699998956,11.691617012023926,11.72928995706065,11.498022370091537,0.7350946488778575,10.301681461272324,12.700166446535842,2.3087966442108154
synthetic_gaussian_1_8V/local,DEA19C26A05A8D0B9EEE440CA58746CE46BF6A3503F51A60F4C7C9AD62BFCAA4,d4,0,0.0,"[0.0, 4.0, 6.0]",plateau,2995.0,2995.0,0.00304702902212739,,12.762899500001367,11.70551586151123,11.728416296717851,11.669713782532149,0.7349998568593916,10.301681473172131,12.70016643998795,2.3087966442108154
synthetic_gaussian_1_8V/local,E30CCA30C64A78FE4EB45426815C8A0B99A30975C32547F58872B378782F4ECA,h4s,0,0.0,"[0.0, 4.0, 6.0]",plateau,2298.0,2298.0,0.0030458481051027775,,9.155174900002748,11.700387001037598,11.72790986267183,11.64929877865695,0.7349505756236486,10.301681481369776,12.700166435477188,2.3087966442108154
synthetic_gaussian_1_8V/local,6283D055C6D3058372C218013DD7C79B83E512943495F00A074799FFC6679875,equal4,0,0.0,"[0.0, 4.0, 6.0]",plateau,2515.0,2515.0,0.0030450469348579645,,9.909493499999371,11.700648307800293,11.727887512286054,11.65259759810959,0.7349047094698858,10.301681492872923,12.70016642914755,2.3087966442108154
synthetic_gaussian_2_0V/coarse,1D3C502B6E871940B53C180683A6A5041140A5FDA437DEA0494986912D590C94,H1,0,0.0,"[4.0, 6.0, 8.0]",epoch_limit,3500.0,3500.0,0.0025919408071786165,,13.942183499999373,11.68487548828125,11.68487548828125,11.68487548828125,0.0,11.68487548828125,11.68487548828125,2.253981351852417
synthetic_gaussian_2_0V/coarse,71F27A097937379A568F4317B895E4846FDEC8108032DB5F4AB23A47E8C39FA8,G1,0,0.0,"[4.0, 6.0, 8.0]",epoch_limit,3500.0,3500.0,0.0026192532386630774,,17.57131819999995,11.680000305175781,11.684793441704155,11.679793362754175,0.09122645638189186,11.529796927024375,11.829791456595126,2.2356300354003906
synthetic_gaussian_2_0V/coarse,AF9E868EB5E9CEAC255FEF6609169344ADB062C4F86D199B689671CAF574C51F,C,0,0.0001,"[4.0, 6.0, 8.0]",epoch_limit,3500.0,3500.0,0.004743076860904694,,16.81063560000257,11.670000076293945,11.955358949137416,11.740860910084479,0.9117845489033987,10.961167386984005,14.111814789775249,2.399627447128296
synthetic_gaussian_2_0V/local,64436ACED40A3FCA2C7B6525606220BE5E834B0CD514677D028A482245272E37,d1,0,0.0,"[4.0, 6.0, 8.0]",plateau,779.0,779.0,0.003085808828473091,,4.960609000001568,11.64688491821289,11.941090933028878,11.451561837800204,0.8905930483635086,10.961167260740933,14.111814977547663,2.399627447128296
synthetic_gaussian_2_0V/local,CEAEC5E0F15909E3B333531860B1DC5E14BA3D0A20F3F7AB05A0B834373A614D,g1,0,0.0,"[4.0, 6.0, 8.0]",plateau,2108.0,2108.0,0.003110105637460947,,10.866428099998302,11.649999618530273,11.941475973929151,11.656479059064877,0.8918153007931161,10.961167262281801,14.111814974421613,2.399627447128296
synthetic_gaussian_2_0V/local,1831BC1043CACB0E8EDA2E2F22CB8B626A54C577AD3B0398861D219FAE8AB18C,d2,0,0.0,"[4.0, 6.0, 8.0]",plateau,2050.0,2050.0,0.00309172086417675,,10.746153399999457,11.638912200927734,11.942811611689592,11.480309552487416,0.89036450309472,10.96116726677568,14.111814965304575,2.399627447128296
synthetic_gaussian_2_0V/local,F80B50FE2CD958778CED58C5A502FD883388E3E697590EC04F93A5BD6743DC90,d3,0,0.0,"[4.0, 6.0, 8.0]",plateau,2222.0,2222.0,0.0030920819845050573,,11.460489500001131,11.639854431152344,11.942713129753553,11.5942688017085,0.8904100972413375,10.961167275922095,14.111814946748643,2.399627447128296
synthetic_gaussian_2_0V/local,1E58CE170FF83059F4BCF7596CE5454C9C19F87A9F2DEC35F79D57BB3BAE591A,d4,0,0.0,"[4.0, 6.0, 8.0]",plateau,2991.0,2991.0,0.003093239851295948,,12.682230700000218,11.669355392456055,11.942446609476708,11.632498327259261,0.8906147910865316,10.961167262909669,14.111814973147807,2.399627447128296
synthetic_gaussian_2_0V/local,D0E66DFBD2E28426FDD08106538E27F65B561B03BAE23723526BE6EE33FB8D98,h4s,0,0.0,"[4.0, 6.0, 8.0]",plateau,2009.0,2009.0,0.0030898607801645994,,8.123807600000873,11.646923065185547,11.941051091436432,11.606713056468122,0.8908554968701835,10.961167247964237,14.111815003468575,2.399627447128296
synthetic_gaussian_2_0V/local,E1433D17779020D4365E55EC65304F2BF31BE25B2D6873DC2C358E0CA7C4A873,equal4,0,0.0,"[4.0, 6.0, 8.0]",plateau,1989.0,1989.0,0.0030897469259798527,,8.019485999997414,11.647847175598145,11.941110654164909,11.609952013290597,0.8908305907330365,10.961167256214871,14.111814986729973,2.399627447128296
synthetic_gaussian_2_4V/coarse,B1B4643BC06BF6634815950687EC02C51396804EFEAB6B16429FB9DA8F2BC59F,H1,0,0.0,"[0.0, 6.0, 8.0]",epoch_limit,3500.0,3500.0,0.0030460243579000235,,14.123318399997515,11.729043006896973,11.729043006896973,11.729043006896973,0.0,11.729043006896973,11.729043006896973,2.277402877807617
synthetic_gaussian_2_4V/coarse,624E3737D11E9F0651CE764FF5E31F89341F3C4FDDAC9196BBF52999EBE0913A,G1,0,0.0,"[0.0, 6.0, 8.0]",epoch_limit,3500.0,3500.0,0.003070058999583125,,17.26595029999953,11.729999542236328,11.730391488529413,11.725390986681475,0.09294083773095824,11.572425264490374,11.878318698432627,2.264427423477173
synthetic_gaussian_2_4V/coarse,0700DBC84C03279AED172D6580FEE17A6A376383DF902F749C1FCAE47D58E348,C,0,0.0001,"[0.0, 6.0, 8.0]",epoch_limit,3500.0,3500.0,0.00523863360285759,,16.12734249999994,11.6899995803833,11.960832285103724,11.757252081532574,0.9012997356043707,10.994190610737014,14.184769250864713,2.354985237121582
synthetic_gaussian_2_4V/local,496231E85C73AE7CD8B1E6D70B14DC9E3B9A80D815A15DD7D554AC8533BA0D57,d1,0,0.0,"[0.0, 6.0, 8.0]",plateau,755.0,755.0,0.003536022501066327,,4.4783212000002095,11.669946670532227,11.947058197282258,11.470032046333838,0.878891550136109,10.994190596282536,14.18476945233666,2.354985237121582
synthetic_gaussian_2_4V/local,CEDAFB7151DEECE8CB4EB189CFB5E69BAA742CF6D59AC878EE626544BA4D2EC6,g1,0,0.0,"[0.0, 6.0, 8.0]",plateau,2006.0,2006.0,0.0035615621600300074,,10.076413299997512,11.670000076293945,11.947767311608253,11.679215151676868,0.8801328978769116,10.994190590874748,14.184769464976661,2.354985237121582
synthetic_gaussian_2_4V/local,02F0EB686D0238B5CD99DA0B9EECBE65293846D5DDF52C13F28BE674499833B5,d2,0,0.0,"[0.0, 6.0, 8.0]",plateau,2052.0,2052.0,0.0035421233624219894,,10.489782900000137,11.661101341247559,11.948247507387157,11.496589005049696,0.8788849264236014,10.994190590386136,14.184769466118727,2.354985237121582
synthetic_gaussian_2_4V/local,2FA26D1C34C2809634F19CF9BC9A6C513709A499E0A71793AA19A6E80AF622BC,d3,0,0.0,"[0.0, 6.0, 8.0]",plateau,2240.0,2240.0,0.003542372491210699,,10.976220900000044,11.663390159606934,11.948237278026964,11.623288497299427,0.8788973215801196,10.9941905935186,14.184769458797001,2.354985237121582
synthetic_gaussian_2_4V/local,637A9DB2BECA9A8201BFE24EAA7C573A9DEA76520A249B944BD96EDE2B58D3F0,d4,0,0.0,"[0.0, 6.0, 8.0]",plateau,3010.0,3010.0,0.003543680068105459,,12.701912299999094,11.689791679382324,11.948288580437984,11.6548367404624,0.8789737495860265,10.994190602086807,14.184769438769953,2.354985237121582
synthetic_gaussian_2_4V/local,22D5023718EF7BD4ADBAE653FA0D9D8D1C90FF7416D24ADC61D48B15B61123EB,h4s,0,0.0,"[0.0, 6.0, 8.0]",plateau,1914.0,1914.0,0.003540372010320425,,7.606929800000216,11.67071533203125,11.947112874311768,11.629511861042015,0.8791509631816696,10.994190595453356,14.184769454274763,2.354985237121582
synthetic_gaussian_2_4V/local,038313C4CC8C4053A0427ACAC4B8C957F1A64352657510D4E659ACAD54DE4EB6,equal4,0,0.0,"[0.0, 6.0, 8.0]",plateau,1922.0,1922.0,0.0035401652567088604,,7.589119399999618,11.671591758728027,11.947096357077479,11.632682874160798,0.8791435287448671,10.994190603330578,14.184769435862789,2.354985237121582
synthetic_gaussian_2_6V/coarse,D245F1221E1099B850BA5EE20E1EC2B2626D3F1AA146EE1F0FED7D9D15B9354A,H1,0,0.0,"[0.0, 4.0, 8.0]",epoch_limit,3500.0,3500.0,0.003053773194551468,,14.982797699998628,11.734556198120117,11.734556198120117,11.734556198120117,0.0,11.734556198120117,11.734556198120117,2.2639071941375732
synthetic_gaussian_2_6V/coarse,1CFE5092C9FBCD00DE85F3AA19BA693BD484746BEC185EB4E82F678CFED9611D,G1,0,0.0,"[0.0, 4.0, 8.0]",epoch_limit,3500.0,3500.0,0.0030759102664887905,,17.296755100000155,11.739999771118164,11.735488880502231,11.730489267838804,0.0915489216996752,11.579977192843378,11.881082887713792,2.2478299140930176
synthetic_gaussian_2_6V/coarse,4C54E44EADAE978235044B8192DF2D9D50EF24BF9F86126F5B759962B4CEF79E,C,0,0.0001,"[0.0, 4.0, 8.0]",epoch_limit,3500.0,3500.0,0.005151540506631136,,16.40847070000018,11.710000038146973,11.963694492870665,11.768847755746942,0.9046428135797904,10.98533799926332,14.190033792304323,2.342311143875122
synthetic_gaussian_2_6V/local,29DD92A533ECBDBA094DDFF33A3612F6784B6405194C359B56F98831DB4F26A6,d1,0,0.0,"[0.0, 4.0, 8.0]",plateau,604.0,604.0,0.0035319633316248655,,3.7322803999995813,11.682093620300293,11.945979466218366,11.481840701610022,0.8834174059881006,10.985338207123833,14.190034088807753,2.342311143875122
synthetic_gaussian_2_6V/local,BD38EF938D8B694C13EA9B56A5B051AB5F24302CE54C7D34B49A2AA5808E2680,g1,0,0.0,"[0.0, 4.0, 8.0]",plateau,2005.0,2005.0,0.003556326497346163,,10.515727500001958,11.680000305175781,11.945960837708203,11.689179312526681,0.8849016648773866,10.98533820927973,14.190034083956418,2.342311143875122
synthetic_gaussian_2_6V/local,0A447E0993112DEE37F3462D7F51147EB0FC37D7A75E956FA2838E706148CC28,d2,0,0.0,"[0.0, 4.0, 8.0]",plateau,2050.0,2050.0,0.003537982702255249,,10.593600599997444,11.67319393157959,11.947850232800771,11.510264796556237,0.8832656803200828,10.985338203956868,14.190034095934251,2.342311143875122
synthetic_gaussian_2_6V/local,EA67CBF5D0899F263C0F51AF180B92E1C67F3E3959C6C369DB244BA880626A14,d3,0,0.0,"[0.0, 4.0, 8.0]",plateau,2318.0,2318.0,0.0035383496433496475,,11.698573800000304,11.676715850830078,11.948089968314596,11.498338722857714,0.8832306940313657,10.985338218208211,14.190034063865012,2.342311143875122
synthetic_gaussian_2_6V/local,60093245FA48276D2FBED2B241BEBA03AD595F2EF7402C30BDCDC81E4403B897,d4,0,0.0,"[0.0, 4.0, 8.0]",plateau,2829.0,2829.0,0.0035402518697082996,,12.003859200001898,11.710039138793945,11.947595781828653,11.663977275881715,0.8834877222105593,10.985338206727961,14.190034089698567,2.342311143875122
synthetic_gaussian_2_6V/local,A455F4D03DA60ADA40EF5EF203164D7E7ED2553CA2E500E62F14FDCD139A31BA,h4s,0,0.0,"[0.0, 4.0, 8.0]",plateau,1887.0,1887.0,0.0035363151691854,,7.54492670000036,11.682245254516602,11.945651006525283,11.640272580107027,0.8837987029885421,10.985338214546408,14.190034072105018,2.342311143875122
synthetic_gaussian_2_6V/local,CD4ECA8BB49E0DB525B2C44CFEC99251D6C889D6B7EDBE1C04139A0C33F7D875,equal4,0,0.0,"[0.0, 4.0, 8.0]",plateau,1931.0,1931.0,0.003535862546414137,,7.67936230000123,11.682997703552246,11.94565899445674,11.643417993107505,0.8837698693213607,10.985338201086805,14.190034102392625,2.342311143875122
synthetic_gaussian_2_8V/coarse,18F265922A37C85310D6DC84C251C25A9C460FEB4B7C8CB2E401AF1B152D4C66,H1,0,0.0,"[0.0, 4.0, 6.0]",epoch_limit,3500.0,3500.0,0.0024904171004891396,,14.251877100003185,11.653972625732422,11.653972625732422,11.653972625732422,0.0,11.653972625732422,11.653972625732422,2.3325278759002686
synthetic_gaussian_2_8V/coarse,152EC1A9607D49809D289EFF9FCB3E076ECEB6667CCC657A24DB783010317676,G1,0,0.0,"[0.0, 4.0, 6.0]",epoch_limit,3500.0,3500.0,0.002514407504349947,,17.207440999998653,11.65999984741211,11.655086494094386,11.650086306155332,0.08768220558156269,11.50571203980875,11.79446355213717,2.3132381439208984
synthetic_gaussian_2_8V/coarse,3A2778538F35AD02BAFA8AE2CA635E5A5D6AE2BBE2E5591CAD05C6FBA3168272,C,0,0.0001,"[0.0, 4.0, 6.0]",epoch_limit,3500.0,3500.0,0.004705675877630711,,16.712460400001873,11.649999618530273,11.924682859125491,11.719570903251086,0.965577846694092,10.899227826210144,14.176641612424289,2.256516695022583
synthetic_gaussian_2_8V/local,C4F74689DE2100641C01018D91D39D07BCB7E26EC44FFAE79C5462B0BDE7482C,d1,0,0.0,"[0.0, 4.0, 6.0]",plateau,626.0,626.0,0.003037012182176113,,3.7213800999998057,11.59221076965332,11.886680631376791,11.408723156207794,0.9527694229708401,10.899228093534795,14.17664158001421,2.256516695022583
synthetic_gaussian_2_8V/local,2124D44E665ACA97520ACAB2417CD73021C9CD6AF34463163E778F0021D3EC7C,g1,0,0.0,"[0.0, 4.0, 6.0]",plateau,2324.0,2324.0,0.0030623581260442734,,10.931535499999882,11.59000015258789,11.887669537331146,11.602028687280091,0.9537398561986619,10.89922811616145,14.176641539296684,2.256516695022583
synthetic_gaussian_2_8V/local,C4BEE0A04F5955C6B30C7FEB214C900F3992F15B4A566BDFD433379A02FCC320,d2,0,0.0,"[0.0, 4.0, 6.0]",plateau,2287.0,2287.0,0.00304299034178257,,10.865765000002284,11.58377456665039,11.888340049277968,11.434866188828552,0.9525907746887188,10.899228093534795,14.17664158001421,2.256516695022583
synthetic_gaussian_2_8V/local,A288137BC3DE4D29CDC65E3458E63700B2786E580067F57C109D9268309562F3,d3,0,0.0,"[0.0, 4.0, 6.0]",plateau,2675.0,2675.0,0.0030431163031607866,,12.620298400001047,11.58796215057373,11.888615366297955,11.421017809540647,0.9525258860813178,10.899228097450978,14.176641572966885,2.256516695022583
synthetic_gaussian_2_8V/local,87156CA3C36C0DBB560360EEB5C529B83BDA57C3F1676420D080882E53FBFC7C,d4,0,0.0,"[0.0, 4.0, 6.0]",plateau,3140.0,3140.0,0.0030429235193878412,,13.142546999999468,11.606551170349121,11.888247839968226,11.577277007337011,0.9525981025533581,10.899228100510495,14.176641567461175,2.256516695022583
synthetic_gaussian_2_8V/local,695C943AB220C32D091653B7AF63F15145042A1D838D67E37E8B58BBA8C887F7,h4s,0,0.0,"[0.0, 4.0, 6.0]",plateau,1970.0,1970.0,0.0030411698389798403,,7.838453300002584,11.593395233154297,11.88685898118412,11.552199950161068,0.9529401790932216,10.899228088088854,14.176641589814384,2.256516695022583
synthetic_gaussian_2_8V/local,277EC04CA0D6D39D218E10EFB943748B899EA4B82DDA69C024C57E7C025D57F0,equal4,0,0.0,"[0.0, 4.0, 6.0]",plateau,1959.0,1959.0,0.003040960058569908,,7.798654799997166,11.594139099121094,11.886906046262945,11.55531972030253,0.9529127998351574,10.899228091576704,14.17664158353787,2.256516695022583
synthetic_gaussian_3_0V/coarse,E5F7FFD3FB17198E85312FE7053EEB6DC937095DF70167070E9C952F03D46430,H1,0,0.0,"[4.0, 6.0, 8.0]",epoch_limit,3500.0,3500.0,0.00266261026263237,,13.237391200000275,11.664653778076172,11.664653778076172,11.664653778076172,0.0,11.664653778076172,11.664653778076172,2.1609811782836914
synthetic_gaussian_3_0V/coarse,C55770CB89BD0A2991FA4F3D451ED71A240B1BFBF95E3DEE30E6E431C37D41EA,G1,0,0.0,"[4.0, 6.0, 8.0]",epoch_limit,3500.0,3500.0,0.00268847425468266,,16.63294060000044,11.670000076293945,11.666361789346961,11.661363154113317,0.0981669279891077,11.499958103987803,11.822933094696364,2.1391210556030273
synthetic_gaussian_3_0V/coarse,8BB3715A4D0C68D8192918AE33A9B37F666A396097D2F334EAF4EACF026285A3,C,0,0.0001,"[4.0, 6.0, 8.0]",epoch_limit,3500.0,3500.0,0.005397479049861431,,15.860433599998942,11.720000267028809,11.743607344899077,11.71739238598266,0.6532382878505738,10.961105640875562,12.493244195238045,2.2893924713134766
synthetic_gaussian_3_0V/local,84AFE1D37C25F48E8F456427C090E8842AA9AE04F4A1916DE0B48843EEDA9040,d1,0,0.0,"[4.0, 6.0, 8.0]",plateau,908.0,908.0,0.0031302645802497864,,5.05396870000186,11.680806159973145,11.7158302351806,11.452479522285305,0.6136626802101113,10.96110550045443,12.493244277465408,2.2893924713134766
synthetic_gaussian_3_0V/local,CEF0070D3C5105A9DB71EB2E0201694E4F810EE65FC87F01CBFCDDAE58D1C198,g1,0,0.0,"[4.0, 6.0, 8.0]",plateau,2322.0,2322.0,0.003157137893140316,,11.002089800000249,11.680000305175781,11.716086601052327,11.676839739584409,0.6157966047662201,10.961105491421385,12.493244287182243,2.2893924713134766
synthetic_gaussian_3_0V/local,F7777C2597A43056130AED9EE8A23CA07B3BD824A39CDD52C460C2449B0832EA,d2,0,0.0,"[4.0, 6.0, 8.0]",plateau,2178.0,2178.0,0.0031357731204479933,,10.620393299999705,11.670775413513184,11.716612164095606,11.479154508982,0.6141402561234133,10.961105488970539,12.493244289818614,2.2893924713134766
synthetic_gaussian_3_0V/local,B837EDACA02D7961DF87AF2F153CA0DC8EECE2080D8BCD59E1B3AB1CDA6D0416,d3,0,0.0,"[4.0, 6.0, 8.0]",plateau,2957.0,2957.0,0.00313605647534132,,14.11690660000022,11.672300338745117,11.716702957673286,11.474057137766932,0.6141736768432247,10.961105511459825,12.49324426562692,2.2893924713134766
synthetic_gaussian_3_0V/local,EAD250CFF5770791D63EABD62E0FE8C12951785BDB123A4397F31DC9442E3882,d4,0,0.0,"[4.0, 6.0, 8.0]",plateau,2919.0,2919.0,0.003135673701763153,,12.537096399999427,11.688490867614746,11.716122697240603,11.651646737011449,0.6141197982377972,10.96110548932941,12.493244289432576,2.2893924713134766
synthetic_gaussian_3_0V/local,F2A3FC7AAB78F0804F1311A43BD6E2D79956C63367D2C8924B535C77F1756232,h4s,0,0.0,"[4.0, 6.0, 8.0]",plateau,2315.0,2315.0,0.003135768696665764,,9.37157070000103,11.676894187927246,11.716248183730205,11.640526090189935,0.6141993180475529,10.961105467557868,12.493244312852195,2.2893924713134766
synthetic_gaussian_3_0V/local,15AF2E9602D836298BB24F27EDB9D083F3BE1F133346C3BE91928ABE9E1D092A,equal4,0,0.0,"[4.0, 6.0, 8.0]",plateau,2350.0,2350.0,0.0031355340033769608,,9.478372799996578,11.676761627197266,11.71620914797994,11.631937755281811,0.6141768484184407,10.96110550511976,12.493244272446919,2.2893924713134766
synthetic_gaussian_3_4V/coarse,71A73442B8F07743BB7DAD880315DCD8F30146E309410D40A7F1A033A02E2C28,H1,0,0.0,"[0.0, 6.0, 8.0]",epoch_limit,3500.0,3500.0,0.0029082633554935455,,14.604082999998354,11.611740112304688,11.611740112304688,11.611740112304688,0.0,11.611740112304688,11.611740112304688,2.1699116230010986
synthetic_gaussian_3_4V/coarse,A88FB56B525F41BE778CA47B934F0E14B9FE0E767D1C9FE6DC4AB4F760DC6277,G1,0,0.0,"[0.0, 6.0, 8.0]",epoch_limit,3500.0,3500.0,0.0029346474912017584,,17.85767019999912,11.609999656677246,11.613500603109582,11.608498716264139,0.09502774470614539,11.45211834355129,11.764951780969609,2.156393527984619
synthetic_gaussian_3_4V/coarse,4502818774A7A17C2D0C113920641BFB24FDC138F949576992F770AEE6110904,C,0,0.0001,"[0.0, 6.0, 8.0]",epoch_limit,3500.0,3500.0,0.005510999355465174,,16.89996170000086,11.680000305175781,11.723710988692961,11.683219319770263,0.733403991880606,10.871066293109306,12.54297021313813,2.3043172359466553
synthetic_gaussian_3_4V/local,443C80E0C0BE319FB54AC6654C4CFE5C7383E75C8B94F75F9667D4FFAA63A2D3,d1,0,0.0,"[0.0, 6.0, 8.0]",plateau,893.0,893.0,0.003356761299073696,,4.847205300000496,11.627324104309082,11.686573140536645,11.408219192776594,0.7008520764131174,10.871066279423628,12.542970079757016,2.3043172359466553
synthetic_gaussian_3_4V/local,1B6F2F3A03C2847D5627F8C7E5D3E2AABB31A0FAFAF137EB5D1076081CF94326,g1,0,0.0,"[0.0, 6.0, 8.0]",plateau,2115.0,2115.0,0.0033834839705377817,,10.082064700000046,11.630000114440918,11.686733937425693,11.624103095725244,0.7026801255257252,10.871066273772602,12.542970086704646,2.3043172359466553
synthetic_gaussian_3_4V/local,6B1E5F9A77A34B380A1DCC23977911E61058FBCC9FD2F0FB4EBB4950C68E1D2F,d2,0,0.0,"[0.0, 6.0, 8.0]",plateau,2197.0,2197.0,0.003363898489624262,,10.650652399999672,11.61669921875,11.68757409577336,11.435154690440422,0.7012703207875518,10.871066276826966,12.542970082949472,2.3043172359466553
synthetic_gaussian_3_4V/local,2CF5BEE4AD8BC42E173750924A3998B45C78F75460F6D1CDF2E9B300212B044C,d3,0,0.0,"[0.0, 6.0, 8.0]",plateau,3156.0,3156.0,0.003362798597663641,,14.709012399998755,11.619159698486328,11.687533714345038,11.431132071350236,0.7012026210933837,10.871066296301935,12.542970059006052,2.3043172359466553
synthetic_gaussian_3_4V/local,E2892FDBF5FEFA9FE7B68FFCB4D64518A19E67947FB0A3412251AB567ED0D799,d4,0,0.0,"[0.0, 6.0, 8.0]",plateau,2706.0,2706.0,0.0033631795085966587,,11.577050999996573,11.636561393737793,11.686990705077365,11.597398360125316,0.7012989165793143,10.87106627731384,12.542970082350887,2.3043172359466553
synthetic_gaussian_3_4V/local,630E46901FB221EF7284BD74DA72D266ACCE28187AE98C0AF8BCE198F7A7D0A2,h4s,0,0.0,"[0.0, 6.0, 8.0]",plateau,2304.0,2304.0,0.003362759482115507,,9.390605399999913,11.62358283996582,11.68701076708334,11.587612277023267,0.7012886666779901,10.871066272931973,12.542970087738155,2.3043172359466553
synthetic_gaussian_3_4V/local,94CF32CB1C3D7DDC9C1FBB23DD741C19238D6DC70546F196BAAF484E7059A82F,equal4,0,0.0,"[0.0, 6.0, 8.0]",plateau,2188.0,2188.0,0.003363028634339571,,8.834439099999145,11.623259544372559,11.686974880666819,11.578955686685338,0.7013043727911192,10.87106628770049,12.542970069581061,2.3043172359466553
synthetic_gaussian_3_6V/coarse,4BC9B11DCD02956C98C522EA99E653325A1AA465F42C661DB65E6B0894249236,H1,0,0.0,"[0.0, 4.0, 8.0]",epoch_limit,3500.0,3500.0,0.002692135516554117,,14.125725900001271,11.64696216583252,11.64696216583252,11.64696216583252,0.0,11.64696216583252,11.64696216583252,2.152385711669922
synthetic_gaussian_3_6V/coarse,3D65B20A72AA17060EE03454F58FB01F762F215B976979B908DDFF90C0712F63,G1,0,0.0,"[0.0, 4.0, 8.0]",epoch_limit,3500.0,3500.0,0.002711613429710269,,16.823348999998416,11.649999618530273,11.648668276589628,11.643669446254194,0.09728108115620739,11.483530183372359,11.803808913730181,2.1311984062194824
synthetic_gaussian_3_6V/coarse,42D5ABD4966CE6C9AF43B9C5A759B45AFF0DF7BC6BBB08E24AE45CBD6C89E332,C,0,0.0001,"[0.0, 4.0, 8.0]",epoch_limit,3500.0,3500.0,0.005214041098952293,,15.136220700002013,11.6899995803833,11.728656607860263,11.697904633935357,0.6314948251407058,10.95459782886046,12.469746333029061,2.2679781913757324
synthetic_gaussian_3_6V/local,953E625631881C417B77F34C7459E5106ECE5BBA0FB76133DB94B397EC33B21C,d1,0,0.0,"[0.0, 4.0, 8.0]",plateau,813.0,813.0,0.003114451887086034,,4.630807800000184,11.653831481933594,11.701048924818789,11.427648565291992,0.5908849455960817,10.954597770027089,12.469746446354337,2.2679781913757324
synthetic_gaussian_3_6V/local,164CCC95A02B8C16CA5CE007E7B8C3A4494B23C0D64FDB1D5F90DCA83EE2BE47,g1,0,0.0,"[0.0, 4.0, 8.0]",plateau,2127.0,2127.0,0.003139408305287361,,10.404510100001062,11.649999618530273,11.701627371463042,11.651515957642214,0.5930846697166051,10.954597780833625,12.469746434573494,2.2679781913757324
synthetic_gaussian_3_6V/local,2E57A983DCDC044C882D47900DB0D85BCF7AF86ADA39EC942EBCA0EA0DBBC4BE,d2,0,0.0,"[0.0, 4.0, 8.0]",plateau,2173.0,2173.0,0.0031204288825392723,,10.731172499999957,11.644302368164062,11.702045647538666,11.45155905006876,0.5913938170159859,10.954597768314407,12.469746448221436,2.2679781913757324
synthetic_gaussian_3_6V/local,AAB7B88C6D3DCF759681CE8E42E3C19793F820BA7380CA352D9EF0A3FC7FDDFC,d3,0,0.0,"[0.0, 4.0, 8.0]",plateau,2753.0,2753.0,0.003120654495432973,,13.461306799999875,11.647012710571289,11.702177973861362,11.442855662884446,0.5914132110177074,10.95459774819039,12.469746470159818,2.2679781913757324
synthetic_gaussian_3_6V/local,BFE2234FE0D7F110251B5F8418F8FA0BDEAAE75009F6112DC4B5561D70FF52F2,d4,0,0.0,"[0.0, 4.0, 8.0]",plateau,3039.0,3039.0,0.0031205264385789633,,12.973693799998728,11.663985252380371,11.701649942018049,11.628338249592357,0.591406366523576,10.954597765638342,12.469746451138773,2.2679781913757324
synthetic_gaussian_3_6V/local,D9C49C437AAD749A5BDE343999C006E10FA27F28A2186140B5C77DF64CAFA77B,h4s,0,0.0,"[0.0, 4.0, 8.0]",plateau,2293.0,2293.0,0.0031198980286717415,,9.225488899999618,11.649805068969727,11.701489540481465,11.614218139175764,0.5913924734812077,10.954597791756747,12.469746422665553,2.2679781913757324
synthetic_gaussian_3_6V/local,DE23DDBBA5754EF5BD8EDFB1FFC5AA2925E4F2E801B001A29326800088585274,equal4,0,0.0,"[0.0, 4.0, 8.0]",plateau,2258.0,2258.0,0.003119714790955186,,9.080335099999502,11.649840354919434,11.701459298427705,11.605837814726128,0.5913783554716485,10.95459778501306,12.469746430017246,2.2679781913757324
synthetic_gaussian_3_8V/coarse,1DE11A9FF2B4D0F234515BF213A1B661EDF2BC7D6EDF7B46704FECC1447659A2,H1,0,0.0,"[0.0, 4.0, 6.0]",epoch_limit,3500.0,3500.0,0.0024614715948700905,,14.91653149999911,11.664669036865234,11.664669036865234,11.664669036865234,0.0,11.664669036865234,11.664669036865234,2.2353291511535645
synthetic_gaussian_3_8V/coarse,54BFBB5F01E636ECF0B044816E603693B38A6A1438AF88585E72A4BEB26DE0BB,G1,0,0.0,"[0.0, 4.0, 6.0]",epoch_limit,3500.0,3500.0,0.0024896252434700727,,18.326365299999452,11.670000076293945,11.66631028385089,11.661311876359868,0.0906976436644528,11.512050683453428,11.810457728821815,2.220848321914673
synthetic_gaussian_3_8V/coarse,51FBE7161644F85AA04E8F3E9309450187F8A31B348CB06B2530ACB64895E7A7,C,0,0.0001,"[0.0, 4.0, 6.0]",epoch_limit,3500.0,3500.0,0.005104156211018562,,16.98702290000074,11.720000267028809,11.756651181418468,11.720043249488619,0.8132167335783669,10.308195542662574,12.684042659419768,2.3021240234375
synthetic_gaussian_3_8V/local,D2D08DE93010D5F4B832415F712169C2E054B46233C46304735674F5931E9000,d1,0,0.0,"[0.0, 4.0, 6.0]",plateau,735.0,735.0,0.0029626109171658754,,4.132541899998614,11.666666030883789,11.718788273572013,11.44482932867221,0.7846114658438398,10.308195384408295,12.684042831301099,2.3021240234375
synthetic_gaussian_3_8V/local,35AFA75BAB5F48C05588CC3AEDD16C7177B8634555C13230B8A5BE5FE8A8851B,g1,0,0.0,"[0.0, 4.0, 6.0]",plateau,2325.0,2325.0,0.0029895862098783255,,10.82017579999956,11.670000076293945,11.719023627149445,11.662518032768189,0.7861665335131984,10.308195429759717,12.684042797964546,2.3021240234375
synthetic_gaussian_3_8V/local,E613D5DF36ADCF17DF7F6522024C6C86773F62DE9EFE4F7E9D60C8CE82AF3D8F,d2,0,0.0,"[0.0, 4.0, 6.0]",plateau,2322.0,2322.0,0.0029695206321775913,,11.024381899998843,11.657482147216797,11.719883765713597,11.467542589323953,0.7849480925077148,10.308195296657322,12.684042895804351,2.3021240234375
synthetic_gaussian_3_8V/local,5A54DEA706BBA1A50D1F822462745F55F6DE474D36CAA7C023E141A3710CAE9A,d3,0,0.0,"[0.0, 4.0, 6.0]",plateau,3016.0,3016.0,0.002968416316434741,,13.888159400001314,11.661264419555664,11.719956131910497,11.457757950543241,0.7848920220725629,10.308195289344741,12.684042901179621,2.3021240234375
synthetic_gaussian_3_8V/local,437E767795A98DCCEA37EB972E38756CF39E1175B889F552CEE9A53A154073E2,d4,0,0.0,"[0.0, 4.0, 6.0]",plateau,3002.0,3002.0,0.0029681287705898285,,12.606778699999268,11.675202369689941,11.719435029506435,11.639039025621027,0.784921973183207,10.308195406346039,12.68404281517528,2.3021240234375
synthetic_gaussian_3_8V/local,81649EB20E5549752595B2BAE69D5CAED00C9FB49C38949549B0DA1D961EF0D5,h4s,0,0.0,"[0.0, 4.0, 6.0]",plateau,2603.0,2603.0,0.0029659769497811794,,10.336178499997914,11.669180870056152,11.718917451198545,11.61859014557639,0.7848223612803136,10.308195428893162,12.684042798601526,2.3021240234375
synthetic_gaussian_3_8V/local,17E3F6CA0D889000403B69024FBAEDA585ACE1B65D72A67C9FBA7761F3465678,equal4,0,0.0,"[0.0, 4.0, 6.0]",plateau,2753.0,2753.0,0.002967011881992221,,10.827636499998334,11.663371086120605,11.719155345754947,11.618377384328964,0.7848702655727943,10.308195373439425,12.684042839364004,2.3021240234375
synthetic_gaussian_4_0V/coarse,711AF3A32460F07E15871C92FA866F73CDE3C81574CA67136D7D78BC57E4BB1B,H1,0,0.0,"[4.0, 6.0, 8.0]",epoch_limit,3500.0,3500.0,0.002787539968267083,,13.237298500000179,11.620183944702148,11.620183944702148,11.620183944702148,0.0,11.620183944702148,11.620183944702148,2.372382402420044
synthetic_gaussian_4_0V/coarse,255ACE6DA10E9AAB78A62EED0C62D205D5BA84A7C40D28CBCD3BDF4B37D742A8,G1,0,0.0,"[4.0, 6.0, 8.0]",epoch_limit,3500.0,3500.0,0.0028090423438698053,,16.070710199997848,11.619999885559082,11.621036531480472,11.616035429145706,0.096109151833775,11.457882502590657,11.774258955223795,2.356131076812744
synthetic_gaussian_4_0V/coarse,574C3395E0B349C57E08A0BB26E789259FB6788B580A7DBAC4BF7962F5216FEA,C,0,0.0001,"[4.0, 6.0, 8.0]",epoch_limit,3500.0,3500.0,0.005344321485608816,,15.235709699998552,11.630000114440918,11.787089096864854,11.664197393303377,0.7975809434626187,10.909625273056845,13.785700275079575,2.2946207523345947
synthetic_gaussian_4_0V/local,0BD69729D13ACFC0651932DCF3992059A131E5B029345FAB462885AC3DEDC5C7,d1,0,0.0,"[4.0, 6.0, 8.0]",plateau,811.0,811.0,0.003305115271359682,,4.401396900000691,11.60014533996582,11.766390738392884,11.386943501042621,0.7703774343536574,10.909625311279878,13.785700329951933,2.2946207523345947
synthetic_gaussian_4_0V/local,B6B23D62E73F1C03A06C94BCF507E8922E6DA3408E9885B4C1CD61947E476BB0,g1,0,0.0,"[4.0, 6.0, 8.0]",plateau,2011.0,2011.0,0.0033299443311989307,,9.462680100001307,11.600000381469727,11.76677325401761,11.602994772079057,0.7720315265779464,10.909625309913404,13.785700334213868,2.2946207523345947
synthetic_gaussian_4_0V/local,695B12C1DE0121D7460DA65070EE8A54B72759E9DEC63597E3362387D51FF137,d2,0,0.0,"[4.0, 6.0, 8.0]",plateau,1992.0,1992.0,0.003311054315418005,,9.514130899999145,11.590248107910156,11.767172521127838,11.412807991049911,0.7706472514567126,10.909625323247774,13.785700292624973,2.2946207523345947
synthetic_gaussian_4_0V/local,C1C9C0461957D3AB62039069A45C294BFBF8BE7A5A82F3F286F337DAEE87B4FF,d3,0,0.0,"[4.0, 6.0, 8.0]",plateau,2666.0,2666.0,0.0033110608346760273,,12.455341199998657,11.593812942504883,11.767362889873963,11.401199639141149,0.7706105319528982,10.909625294610313,13.78570038194307,2.2946207523345947
synthetic_gaussian_4_0V/local,15BCB0579D1E21D3407BF6D06393CACC80E7F8D2287429F784CB5C38C1AE3BB5,d4,0,0.0,"[4.0, 6.0, 8.0]",plateau,3051.0,3051.0,0.003311336040496826,,12.884145099997113,11.612388610839844,11.7675521082834,11.579004355240608,0.7705927783804142,10.909625299098273,13.785700367945461,2.2946207523345947
synthetic_gaussian_4_0V/local,44C137CB0BC8874875229B6F376C2D544FAFC9078B6187015AB5B8EA066E585D,h4s,0,0.0,"[4.0, 6.0, 8.0]",plateau,2350.0,2350.0,0.003310222877189517,,9.413226799999393,11.595582008361816,11.766656523694994,11.56289305121122,0.7707058325628527,10.909625308661901,13.785700338117213,2.2946207523345947
synthetic_gaussian_4_0V/local,21C2139513F7D6D2F28E4D9E781CF406D49F50EB7D659F45CEFCA6B46C34D5E3,equal4,0,0.0,"[4.0, 6.0, 8.0]",plateau,1765.0,1765.0,0.0033254525624215603,,7.2234355000000505,11.554638862609863,11.76688144474641,11.55654161855479,0.771689725809969,10.909625312134729,13.785700327285726,2.2946207523345947
synthetic_gaussian_4_4V/coarse,6C1F1F9ED7768D3206CFC9B9A55805606A4BE696A0AE8BF7062B3E0FEF30036C,H1,0,0.0,"[0.0, 6.0, 8.0]",epoch_limit,3500.0,3500.0,0.0026179275009781122,,13.562379499999224,11.646750450134277,11.646750450134277,11.646750450134277,0.0,11.646750450134277,11.646750450134277,2.3796255588531494
synthetic_gaussian_4_4V/coarse,B9C5705123A0B7F8CD8D701893C11485B3437E605404E8A48DC17928F64A04F7,G1,0,0.0,"[0.0, 6.0, 8.0]",epoch_limit,3500.0,3500.0,0.0026455603074282408,,16.361318700000993,11.649999618530273,11.646013244525673,11.64101500068465,0.09044198700786332,11.49216738137478,11.789726304842528,2.3660976886749268
synthetic_gaussian_4_4V/coarse,E0D9506DDD2CD944F829ADD25DBE20D392D7151331129E9E24ED1076B3199F38,C,0,0.0001,"[0.0, 6.0, 8.0]",epoch_limit,3500.0,3500.0,0.005103034898638725,,15.720316499999171,11.680000305175781,11.89230433376117,11.732309337657808,0.8878011924580592,10.939763036269447,14.023261235345975,2.344932794570923
synthetic_gaussian_4_4V/local,D8E7D2C0809FD6E081F341D7634E7D9CADF31F2DD712967368EB85E71C1B8CA2,d1,0,0.0,"[0.0, 6.0, 8.0]",plateau,678.0,678.0,0.003128304611891508,,4.2245907000033185,11.628920555114746,11.858177454307251,11.434782137807124,0.869349014509386,10.939763346695685,14.023261218227976,2.344932794570923
synthetic_gaussian_4_4V/local,1300735080D6A1216C1FE83EBAF3A866F4C3CB33FB572053306812229D509F65,g1,0,0.0,"[0.0, 6.0, 8.0]",plateau,2192.0,2192.0,0.0031550449784845114,,10.639277899997978,11.630000114440918,11.85800412479311,11.634114351216413,0.8708277959273907,10.93976333795196,14.02326123398306,2.344932794570923
synthetic_gaussian_4_4V/local,0DCC83B05CC7AA637D8621DA54F5AA75C29C359BDEF11BC9EBE2B1C69AE6AEDC,d2,0,0.0,"[0.0, 6.0, 8.0]",plateau,2226.0,2226.0,0.003134537022560835,,10.711317999997846,11.61910629272461,11.858709969493832,11.459128114257638,0.8695668936358372,10.93976334470393,14.02326122181686,2.344932794570923
synthetic_gaussian_4_4V/local,C23094597109EDB0A8FA741B2BA6B3A1AF5A279BA8F67A9D3FE50B768EF37446,d3,0,0.0,"[0.0, 6.0, 8.0]",plateau,2791.0,2791.0,0.0031342727597802877,,13.18079410000064,11.622513771057129,11.858760410859023,11.447945120102583,0.869541245634222,10.93976335615652,14.023261201180745,2.344932794570923
synthetic_gaussian_4_4V/local,39771627E5D726591CE782CEA87172EE4B30B311A7028E37BA250B8DCD93F7AA,d4,0,0.0,"[0.0, 6.0, 8.0]",plateau,3080.0,3080.0,0.003133834572508931,,12.94465720000153,11.638558387756348,11.85858916481479,11.607801269774878,0.8695741541069189,10.93976333213098,14.023261244471733,2.344932794570923
synthetic_gaussian_4_4V/local,DE56A711868AE729FBE83823E54B56CB6677189D009D7F13C1D73A90C663B3E3,h4s,0,0.0,"[0.0, 6.0, 8.0]",plateau,2197.0,2197.0,0.003132062964141369,,8.727556399997411,11.630463600158691,11.858254788188656,11.587122716458357,0.8695650999479229,10.939763334184978,14.023261240770688,2.344932794570923
synthetic_gaussian_4_4V/local,93903A2E226A557A960983BC64219421F5BD1EB93A1577C95A8AB74C00248451,equal4,0,0.0,"[0.0, 6.0, 8.0]",plateau,2285.0,2285.0,0.0031316736713051796,,9.050972999997612,11.631509780883789,11.858273210065194,11.590426326881236,0.8695403374389762,10.939763345637566,14.023261220134573,2.344932794570923
synthetic_gaussian_4_6V/coarse,4F8C44B8EFD574203FE952378FFA7D74727FDF37D1559BECC442AFAF0711C415,H1,0,0.0,"[0.0, 4.0, 8.0]",epoch_limit,3500.0,3500.0,0.0030039064586162567,,15.03137400000196,11.612624168395996,11.612624168395996,11.612624168395996,0.0,11.612624168395996,11.612624168395996,2.449960470199585
synthetic_gaussian_4_6V/coarse,99CB62A6B411A0EA4F1D0F37B2A21C0B283BBDDEE17608C8B5E02689352952DB,G1,0,0.0,"[0.0, 4.0, 8.0]",epoch_limit,3500.0,3500.0,0.0030260970816016197,,17.341096600001038,11.609999656677246,11.613433845492096,11.608431899183705,0.09400664940323235,11.453674182945797,11.763175408109745,2.4360156059265137
synthetic_gaussian_4_6V/coarse,40FA131268E24543720EDE40EC450A322460093D334E9BCB0F4DCB3ED0031AD8,C,0,0.0001,"[0.0, 4.0, 8.0]",epoch_limit,3500.0,3500.0,0.005597778130322695,,16.262983199998416,11.619999885559082,11.726120054872437,11.644270210981587,0.7373350712203819,10.882683253061542,12.806644029554809,2.32365345954895
synthetic_gaussian_4_6V/local,40685E7F72047CFB0C554990A7A740A2CBCD89AC8843823BFA3B948AAA9D1EA7,d1,0,0.0,"[0.0, 4.0, 8.0]",plateau,738.0,738.0,0.0035279737785458565,,4.4027218999981415,11.591511726379395,11.70453563201557,11.37054601108193,0.7057331343190991,10.882683108419467,12.806643955182805,2.32365345954895
synthetic_gaussian_4_6V/local,E8AD3AD9123A371644E9EC849EB6DCD092366D4CDE3BE377B1E706A689CBDCD4,g1,0,0.0,"[0.0, 4.0, 8.0]",plateau,2038.0,2038.0,0.0035536447539925575,,9.787010500000179,11.59000015258789,11.705202573259099,11.592331146824295,0.7075203330461723,10.882683104842007,12.80664405831984,2.32365345954895
synthetic_gaussian_4_6V/local,BCB84A2AAC595465DB14560BA892A84CA7B08D2D8E22E2F5566A972017E7DADE,d2,0,0.0,"[0.0, 4.0, 8.0]",plateau,2138.0,2138.0,0.0035340548492968082,,10.147218299996894,11.581498146057129,11.70537358084426,11.396696572490503,0.7060859054062697,10.882683101338918,12.80664415931268,2.32365345954895
synthetic_gaussian_4_6V/local,98E4E1C20A4DF1B19C329C659AAB872290C7A15DF8CBCD1F5F51A6480F31EE01,d3,0,0.0,"[0.0, 4.0, 8.0]",plateau,2508.0,2508.0,0.003534912597388029,,11.682578700001613,11.585121154785156,11.705844698967523,11.38452885241084,0.7060840207236866,10.882683100011315,12.806644197587074,2.32365345954895
synthetic_gaussian_4_6V/local,36C3E9C2E8C6DC3D8880DBF175B411D6C4A6768A8E49B5C678D00B1AFA524F27,d4,0,0.0,"[0.0, 4.0, 8.0]",plateau,3056.0,3056.0,0.003535076044499874,,12.688538900001731,11.605226516723633,11.705500478529721,11.569691929909457,0.7061439787868047,10.88268309956878,12.806644210345164,2.32365345954895
synthetic_gaussian_4_6V/local,E0807503B9EB5818E1622D1C830CC837CD2C731A5BF4381131776A5AA5E12DC9,h4s,0,0.0,"[0.0, 4.0, 8.0]",plateau,2753.0,2753.0,0.003531737718731165,,10.947886300000391,11.587657928466797,11.704869191268456,11.55377321452693,0.7060010195978056,10.882683103994124,12.806644082764011,2.32365345954895
synthetic_gaussian_4_6V/local,7AA1CD27D25C4CEE47FA8EED4556EBEF12EF874AC2DD69EFA84CA30B65AF100B,equal4,0,0.0,"[0.0, 4.0, 8.0]",plateau,2766.0,2766.0,0.0035309074446558952,,10.993097399998078,11.595081329345703,11.704705648495231,11.549877040511731,0.705959373565727,10.882683099015612,12.806644226292782,2.32365345954895
synthetic_gaussian_4_8V/coarse,96BE5620E4DBD969E5DFE6A0CABCA8AC0B0B2A646DA2278C0F3982D34491B15B,H1,0,0.0,"[0.0, 4.0, 6.0]",epoch_limit,3500.0,3500.0,0.002249904675409198,,13.315232000000833,11.619321823120117,11.619321823120117,11.619321823120117,0.0,11.619321823120117,11.619321823120117,2.3609025478363037
synthetic_gaussian_4_8V/coarse,2244BE94020983E2F71AD95D87EB11AC0B94BA67F742622D083FAB3DC2F4AFEF,G1,0,0.0,"[0.0, 4.0, 6.0]",epoch_limit,3500.0,3500.0,0.0022720899432897568,,17.30842660000053,11.619999885559082,11.619928363098706,11.614928202806317,0.09118894799033074,11.464785788304049,11.76507153258723,2.336348295211792
synthetic_gaussian_4_8V/coarse,B30F8D873136561BD9FE7369339F98BCF5B05245A94A7A60944CF194455BA3BF,C,0,0.0001,"[0.0, 4.0, 6.0]",epoch_limit,3500.0,3500.0,0.00463020708411932,,16.58765929999936,11.640000343322754,11.81163163477583,11.676777693826901,0.8369289522423119,10.899061242324375,13.837448506605748,2.2237842082977295
synthetic_gaussian_4_8V/local,6FFE728844F716E9F9C22DD48157D47A69235464F920AE979BB0CF91C2DE793F,d1,0,0.0,"[0.0, 4.0, 6.0]",plateau,700.0,700.0,0.002808838151395321,,4.155486799998471,11.602376937866211,11.786146280276949,11.393927115441855,0.812918142943734,10.899061519678673,13.837448237996659,2.2237842082977295
synthetic_gaussian_4_8V/local,73A22C9378A804A58C0E5211812CAC52DCD24D999E08348BB7A8676C88C1C258,g1,0,0.0,"[0.0, 4.0, 6.0]",plateau,2296.0,2296.0,0.002831896534189582,,11.35112300000037,11.600000381469727,11.786639878304072,11.605695662990716,0.8143660236508239,10.899061528010217,13.837448213819203,2.2237842082977295
synthetic_gaussian_4_8V/local,42BE070BF1FAE53E449DA24BC038FB433E9632EA083AE0F228CEDCA0087ECA7B,d2,0,0.0,"[0.0, 4.0, 6.0]",plateau,2352.0,2352.0,0.0028141061775386333,,11.483727599999838,11.59306812286377,11.786703347341918,11.417779400198269,0.8131588522833549,10.89906152318623,13.83744822781801,2.2237842082977295
synthetic_gaussian_4_8V/local,D0753FDD072521EEA55DFDF62CA5691038B57C909E9BB85486EABDFA6A215AEC,d3,0,0.0,"[0.0, 4.0, 6.0]",plateau,2749.0,2749.0,0.00281413272023201,,13.0400355999991,11.596795082092285,11.78689298834609,11.405030498925464,0.8131305845008567,10.89906152406312,13.83744822527336,2.2237842082977295
synthetic_gaussian_4_8V/local,E4764E0352D005C86C23D048E7AE0210275E2831E8D7BDD44032E7984638E7FF,d4,0,0.0,"[0.0, 4.0, 6.0]",plateau,3279.0,3279.0,0.002815017243847251,,13.987361699997564,11.617843627929688,11.78728391244095,11.584300544095843,0.8130944354240573,10.899061525816899,13.837448220184022,2.2237842082977295
synthetic_gaussian_4_8V/local,4E02EEBCBD50BBDF3B1A2C300DDCBF300AC33834E6413768B3932326B382D48D,h4s,0,0.0,"[0.0, 4.0, 6.0]",plateau,2082.0,2082.0,0.002812603721395135,,8.33036070000162,11.603562355041504,11.78630594508841,11.558535550906914,0.8131553557615666,10.899061524008316,13.8374482254324,2.2237842082977295
synthetic_gaussian_4_8V/local,5D2006DCEE48DCC2389BF3A53A4597CDC322E8BB04903F61722393C0EA39FF5D,equal4,0,0.0,"[0.0, 4.0, 6.0]",plateau,2118.0,2118.0,0.002812350634485483,,8.44073710000157,11.604390144348145,11.786301867213878,11.561863606963223,0.8131349583986124,10.899061514910588,13.83744825183325,2.2237842082977295
synthetic_nist4_0_0V/coarse,67F14BD60E5384083F19881C4EFDE9CD44D0983B11C19DE692DCA71E8E7A8731,H1,0,0.0,"[4.0, 6.0, 8.0]",epoch_limit,3500.0,3500.0,0.0027354643680155277,,13.315356600000086,11.611709594726562,11.611709594726562,11.611709594726562,0.0,11.611709594726562,11.611709594726562,2.232232093811035
synthetic_nist4_0_0V/coarse,4E113AB1A7B106F8AABB561E46F331345B3EB30A32E3F617BFA00F589898E9F7,G1,0,0.0,"[4.0, 6.0, 8.0]",epoch_limit,3500.0,3500.0,0.0027758716605603695,,17.062374400000408,11.609999656677246,11.61256791081269,11.60756569142638,0.08779032751652348,11.463042493284233,11.752040651380728,2.2198078632354736
synthetic_nist4_0_0V/coarse,7F23D7DE78E3E9863506278B6C377CC65312D11D375F2CA0BB87B5E838ED83BA,C,0,0.0001,"[4.0, 6.0, 8.0]",epoch_limit,3500.0,3500.0,0.00539048807695508,,16.380773099997896,11.670000076293945,11.917095574380896,11.73941614132159,0.9370291256783649,10.910466884398797,14.03026120581066,2.311448097229004
synthetic_nist4_0_0V/local,E2D35E798A24A919534DDCD9E4DFCC7D0865D1CCA22B2418C44F358B9B2C5F1B,d1,0,0.0,"[4.0, 6.0, 8.0]",plateau,847.0,847.0,0.003211379051208496,,4.791316899998492,11.602886199951172,11.872232656680241,11.423613827783733,0.9246803697687703,10.910466930288985,14.03026133656149,2.311448097229004
synthetic_nist4_0_0V/local,1A75A76BB9DF3C1E602612C417755E29D97698CE82550F7465E9CE19A03D6479,g1,0,0.0,"[4.0, 6.0, 8.0]",plateau,2324.0,2324.0,0.0032414249144494534,,11.45264909999969,11.600000381469727,11.872823916549585,11.61175368572978,0.9257555263255354,10.910466937712119,14.03026132792062,2.311448097229004
synthetic_nist4_0_0V/local,9CFC4DA73A2556B28265CDB7C8201798A4607CAFE25ED3E4456F5A80DF65DADB,d2,0,0.0,"[4.0, 6.0, 8.0]",plateau,2447.0,2447.0,0.0032175679225474596,,12.564894200000708,11.595025062561035,11.873276394770022,11.447275191292723,0.9246537096328724,10.910466945101424,14.030261319319129,2.311448097229004
synthetic_nist4_0_0V/local,3FF184FE42AF82871663908F35B94DC71F5A340FE6F6B9BE7AAA132D94591C72,d3,0,0.0,"[4.0, 6.0, 8.0]",plateau,2959.0,2959.0,0.003217840101569891,,14.829706699998496,11.596766471862793,11.873327537832072,11.44043961207346,0.9246595323969985,10.91046693460928,14.030261331532458,2.311448097229004
synthetic_nist4_0_0V/local,24F92E4A855E90F1CF48448927FA8089F6D578BA4E87A6C7B05833C2F17E7365,d4,0,0.0,"[4.0, 6.0, 8.0]",plateau,2941.0,2941.0,0.003217197023332119,,12.811342099998,11.611065864562988,11.87339799549682,11.581893104682885,0.9245922988713228,10.910466901744183,14.030261369788937,2.311448097229004
synthetic_nist4_0_0V/local,51C3FE908FF3ACD45B540A7C151FE3A99CAEF9F7D347827869BBE5B1E011A378,h4s,0,0.0,"[4.0, 6.0, 8.0]",plateau,2589.0,2589.0,0.0032169900368899107,,10.754755800000567,11.59937572479248,11.8725498138277,11.569342586423618,0.9248579998703388,10.91046693298917,14.030261333418348,2.311448097229004
synthetic_nist4_0_0V/local,747017F27498DFB54D6011E5FD7EA5FF5FD03EAB24F84D4966A1D02C60791BC3,equal4,0,0.0,"[4.0, 6.0, 8.0]",plateau,2542.0,2542.0,0.003216923214495182,,10.44225159999769,11.599287033081055,11.872525054760795,11.56220686259994,0.9248602096232562,10.910466934223539,14.030261331981482,2.311448097229004
synthetic_nist4_0_4V/coarse,2352A43F357CF6632B15042DF314D41533C671829CDC642DB198356B729C299A,H1,0,0.0,"[0.0, 6.0, 8.0]",epoch_limit,3500.0,3500.0,0.0029507805593311787,,13.61933979999958,11.583521842956543,11.583521842956543,11.583521842956543,0.0,11.583521842956543,11.583521842956543,2.2693347930908203
synthetic_nist4_0_4V/coarse,50795FD84F41FB456BBF485578A55725D13A4FACDB1408C5BAEDA25A902A452D,G1,0,0.0,"[0.0, 6.0, 8.0]",epoch_limit,3500.0,3500.0,0.0029912081081420183,,16.531844000001,11.579999923706055,11.58495810777513,11.579957921373532,0.08570140750164876,11.438986917317461,11.720922329251767,2.26033353805542
synthetic_nist4_0_4V/coarse,A7784D7CC0E290FDD2B1E7BC03D43B46182025AC79AB0E180506A3B7C28F9027,C,0,0.0001,"[0.0, 6.0, 8.0]",epoch_limit,3500.0,3500.0,0.005756673403084278,,15.48480749999726,11.65999984741211,11.909336188443676,11.730149431074471,0.9021899464644655,10.944989737231172,13.973312045341965,2.328005075454712
synthetic_nist4_0_4V/local,DDD101004C796D48A7AAE878A0D2A81D687BF2C4719D93287FFDE3E2506BBEE4,d1,0,0.0,"[0.0, 6.0, 8.0]",plateau,725.0,725.0,0.003486416768282652,,3.998503400001937,11.587677955627441,11.86052699063623,11.411065840322049,0.8902916710092474,10.944989920767533,13.973312228836495,2.328005075454712
synthetic_nist4_0_4V/local,A49E4BF22A6FB7D5C2CA210A153F126B9407741AF701B9196F7B454D2B00ADAD,g1,0,0.0,"[0.0, 6.0, 8.0]",plateau,2440.0,2440.0,0.0035192924551665783,,11.232976600000256,11.59000015258789,11.861096752483277,11.596684696284893,0.8914309385953654,10.944989930991921,13.973312213818199,2.328005075454712
synthetic_nist4_0_4V/local,3D566DA024314B653AAA09C5FBBFF73B2356DD548638B870019931D3CC1D75F0,d2,0,0.0,"[0.0, 6.0, 8.0]",plateau,2420.0,2420.0,0.0034936554729938507,,11.500600700001087,11.579495429992676,11.861799124451606,11.435649027680794,0.8902191763672944,10.94498991104812,13.97331224311304,2.328005075454712
synthetic_nist4_0_4V/local,1F334039F9897B5D86C21A27E31F61AC3249D47B76971F4B4D1061C01317FC7B,d3,0,0.0,"[0.0, 6.0, 8.0]",plateau,2915.0,2915.0,0.0034936252050101757,,13.650191500000801,11.58242416381836,11.861856045159815,11.424767582094129,0.8902125173030229,10.944989917851709,13.973312233119458,2.328005075454712
synthetic_nist4_0_4V/local,CF19CC083D058C0EA76BC5678186BBB5204DF08295FB056731B75434D629C8D1,d4,0,0.0,"[0.0, 6.0, 8.0]",plateau,3014.0,3014.0,0.003492781426757574,,12.667089800001122,11.596156120300293,11.861629934535594,11.567705788602396,0.8902221154304605,10.944989914632153,13.973312237848564,2.328005075454712
synthetic_nist4_0_4V/local,B8A109608AD403913897FF76377C39D7A05C9D87DEA6A487F26BD60DAB6234D7,h4s,0,0.0,"[0.0, 6.0, 8.0]",plateau,2304.0,2304.0,0.003490592585876584,,8.977687099999457,11.589510917663574,11.860646065320697,11.547996283019135,0.8904410077880088,10.944989925475372,13.973312221921288,2.328005075454712
synthetic_nist4_0_4V/local,025B65653D5ED4081E1009EFD4B89255A07E432D4EE83974356796C06CB2CA9E,equal4,0,0.0,"[0.0, 6.0, 8.0]",plateau,2271.0,2271.0,0.003490707604214549,,8.87578030000077,11.590556144714355,11.86071984499691,11.55125896246568,0.8904217350879644,10.944989922589922,13.973312226159642,2.328005075454712
synthetic_nist4_0_6V/coarse,973FA5053728DAC1749CC8961BF4C14390C632B15DBC654CB2A537CC0C50AE7E,H1,0,0.0,"[0.0, 4.0, 8.0]",epoch_limit,3500.0,3500.0,0.002936658915132284,,13.017043300002115,11.550392150878906,11.550392150878906,11.550392150878906,0.0,11.550392150878906,11.550392150878906,2.1696581840515137
synthetic_nist4_0_6V/coarse,DE55630CCC31A975CFD33B7AB39B1CCD0F6A9BDEEC4CAAF7EE9038DD035B2E38,G1,0,0.0,"[0.0, 4.0, 8.0]",epoch_limit,3500.0,3500.0,0.0029756019357591867,,16.246122299999115,11.550000190734863,11.550821339654956,11.545820505709855,0.08520862071878678,11.405508047788638,11.686127564209475,2.1558666229248047
synthetic_nist4_0_6V/coarse,408F555DCA4383BADD68FA9A1000411FE576F573269BC4CFCB81344FE544B292,C,0,0.0001,"[0.0, 4.0, 8.0]",epoch_limit,3500.0,3500.0,0.005672642961144447,,15.445084400002088,11.5600004196167,11.773153058248155,11.610043892294836,0.9122229928582506,10.777817308481199,13.905126918184804,2.3118045330047607
synthetic_nist4_0_6V/local,FE7336C22DB7E5235C14C388D73EA65AB397297273D8EF59B7DE461DE3A21EEF,d1,0,0.0,"[0.0, 4.0, 8.0]",plateau,767.0,767.0,0.0034899008460342884,,4.322790199999872,11.529064178466797,11.752573799495833,11.325101206950489,0.8912760553535608,10.777817381840467,13.905127101722728,2.3118045330047607
synthetic_nist4_0_6V/local,6324DE146E0F27D15272235866B27F7231AF635B53EB169ABD316B36D1E3B0AF,g1,0,0.0,"[0.0, 4.0, 8.0]",plateau,2371.0,2371.0,0.003523091785609722,,11.440898799999559,11.529999732971191,11.75216824824944,11.53333395905163,0.8927091994941854,10.777817389301278,13.905127092759141,2.3118045330047607
synthetic_nist4_0_6V/local,67F9300F9E6DB1E55D29A91B7F704302FE17E993B53CC7BF8EC2DF4CD6CD4641,d2,0,0.0,"[0.0, 4.0, 8.0]",plateau,2328.0,2328.0,0.003496164456009865,,11.233372900001996,11.521951675415039,11.75351631715505,11.34607566863734,0.891321294372857,10.7778173705469,13.905127115291092,2.3118045330047607
synthetic_nist4_0_6V/local,03B39054A017232283A3F31133EB9B67F1A8B9980932E792150B64E15139D84D,d3,0,0.0,"[0.0, 4.0, 8.0]",plateau,2483.0,2483.0,0.0034966557286679745,,11.965772900002776,11.522619247436523,11.753799192363669,11.472701649552201,0.8912741088742335,10.777817373370292,13.905127111899002,2.3118045330047607
synthetic_nist4_0_6V/local,B40BCD9F36AC158F074FA4A1DC1861D835443DF2FA516107D7CF05837E0F9D0F,d4,0,0.0,"[0.0, 4.0, 8.0]",plateau,3196.0,3196.0,0.0035002357326447964,,13.363318600000639,11.503605842590332,11.754060505662792,11.509347339605027,0.8913472077704028,10.777817399721952,13.90512708023951,2.3118045330047607
synthetic_nist4_0_6V/local,5A62C0F579EEA2025BC927C378C3B5F5BFD1CD1AE33C4A845D0DCBB271DCB3BF,h4s,0,0.0,"[0.0, 4.0, 8.0]",plateau,1991.0,1991.0,0.0034950939007103443,,7.896856899998966,11.528648376464844,11.752426056140589,11.48586996232816,0.8915449667373111,10.777817364900116,13.905127122075271,2.3118045330047607
synthetic_nist4_0_6V/local,6286FC6EBFF4558E4E909E4BF4376D95FF6B55CF28F2AF60753A8CBA1BAC0608,equal4,0,0.0,"[0.0, 4.0, 8.0]",plateau,2057.0,2057.0,0.00349435000680387,,8.099953300003108,11.529472351074219,11.752481350893579,11.489130465062402,0.891499639938234,10.777817377213243,13.905127107281992,2.3118045330047607
synthetic_nist4_0_8V/coarse,55277B4C50BE7090905F0F7E1819C67EB18F3AB92313023F8CB2E25B2B3C6405,H1,0,0.0,"[0.0, 4.0, 6.0]",epoch_limit,3500.0,3500.0,0.002425916027277708,,13.867744699997274,11.656881332397461,11.656881332397461,11.656881332397461,0.0,11.656881332397461,11.656881332397461,2.3160879611968994
synthetic_nist4_0_8V/coarse,8CF99211336F52E080015DFC8810C0CCA899C65C8CC797B028475A7F8ED24947,G1,0,0.0,"[0.0, 4.0, 6.0]",epoch_limit,3500.0,3500.0,0.002459423616528511,,16.748727200003486,11.65999984741211,11.657014821024209,11.652016674591327,0.0857619676340357,11.510944454679995,11.79320666210136,2.3011417388916016
synthetic_nist4_0_8V/coarse,02610D63E54F7F239FE9B39F1BADF69372B06805F64A2A38CEA197956F485E28,C,0,0.0001,"[0.0, 4.0, 6.0]",epoch_limit,3500.0,3500.0,0.004970472771674395,,15.742375799996807,11.720000267028809,11.905529364997742,11.766830719286466,0.8817144522994125,10.940825049072643,13.96162288256526,2.312512159347534
synthetic_nist4_0_8V/local,E2106BDC339F55AD2BBACC764A565EB85352165DBD890921BFAD69BCAA895C3C,d1,0,0.0,"[0.0, 4.0, 6.0]",plateau,815.0,815.0,0.003027962055057287,,4.783650900000794,11.662581443786621,11.867457101820245,11.468302609323434,0.8631613346708833,10.940825322931936,13.961622775982757,2.312512159347534
synthetic_nist4_0_8V/local,59B88F0C7FB36B8777C67353ECCB261C1600218674E10EA66C466C83C12638C3,g1,0,0.0,"[0.0, 4.0, 6.0]",plateau,2455.0,2455.0,0.003056433517485857,,11.994115699999384,11.65999984741211,11.867558291878455,11.666947276229289,0.8645059757618089,10.940825324898045,13.9616227731059,2.312512159347534
synthetic_nist4_0_8V/local,EAB305DD2BB147CE775BA8C43D6AC5EC102028DD9D7B21CF165A6CCCC5A4D246,d2,0,0.0,"[0.0, 4.0, 6.0]",plateau,2396.0,2396.0,0.0030339451041072607,,11.340050200000405,11.655057907104492,11.868643770490765,11.490508803333897,0.8631866275353441,10.940825332199255,13.96162276242258,2.312512159347534
synthetic_nist4_0_8V/local,FC578ECF537FF9445D3929DF0BEBF6F20B4BAC0B17E563E118D394A21A8BCBC8,d3,0,0.0,"[0.0, 4.0, 6.0]",plateau,2867.0,2867.0,0.003033917862921953,,13.875072300001193,11.658447265625,11.868786317721154,11.478867708879934,0.863160228908668,10.940825311926995,13.961622792085462,2.312512159347534
synthetic_nist4_0_8V/local,5AB43CBDA7F2901A84B458F822C39C50475CC5479D9CEA63C8381702706E1038,d4,0,0.0,"[0.0, 4.0, 6.0]",plateau,3160.0,3160.0,0.0030336109921336174,,13.348544000000402,11.672574043273926,11.868269811376036,11.643361312344737,0.8632626509866508,10.940825323873147,13.96162277460555,2.312512159347534
synthetic_nist4_0_8V/local,DBCFAD7D1EC3F329E959F9C005E466868FC4DF4EF668551EBC3281D1A0A6C396,h4s,0,0.0,"[0.0, 4.0, 6.0]",plateau,2058.0,2058.0,0.0030326307751238346,,8.30349809999825,11.663405418395996,11.86752720083251,11.61974060979237,0.863385681379107,10.940825324959162,13.961622773016465,2.312512159347534
synthetic_nist4_0_8V/local,27236D5B52DB32FF838EDF4A0FBFC6E30D27B4DC5EE0238B1643C419CD9AC61A,equal4,0,0.0,"[0.0, 4.0, 6.0]",plateau,2068.0,2068.0,0.003032269887626171,,8.220907999999326,11.664047241210938,11.867523488543263,11.622909706890571,0.8633692072234891,10.94082532394555,13.961622774499615,2.312512159347534
synthetic_nist4_1_0V/coarse,D6661D9F76734278581607F1A1184BFA15AE1254352EBBCEF883FC491E2D5DE1,H1,0,0.0,"[4.0, 6.0, 8.0]",epoch_limit,3500.0,3500.0,0.0026590749621391296,,13.111030699998082,11.595680236816406,11.595680236816406,11.595680236816406,0.0,11.595680236816406,11.595680236816406,2.3850533962249756
synthetic_nist4_1_0V/coarse,8C9F8E76DE64DCDF61FD2A396D0ADB6BAA81103894F0EE8D2EA02A87345018F1,G1,0,0.0,"[4.0, 6.0, 8.0]",epoch_limit,3500.0,3500.0,0.0026962347328662872,,16.64473110000108,11.600000381469727,11.5959930652384,11.590994818528074,0.0868124386778856,11.448138103805908,11.733931525506605,2.375802516937256
synthetic_nist4_1_0V/coarse,1260D6650B3CE4DD7684C39BCE82C32F7DA1BA6C56E17DC5FC6A7F1EFFF14E31,C,0,0.0001,"[4.0, 6.0, 8.0]",epoch_limit,3500.0,3500.0,0.00577300600707531,,15.93310300000303,11.630000114440918,11.788795639706425,11.666456246897798,0.8772924809636118,10.828414795163013,13.81755311714775,2.390817165374756
synthetic_nist4_1_0V/local,A913DC7413E6C2D32346EFE0B16A5F8F11E653AC37C2A826AE82BD5032C488BC,d1,0,0.0,"[4.0, 6.0, 8.0]",plateau,932.0,932.0,0.0032811807468533516,,5.2278332999994745,11.588724136352539,11.759498980671285,11.38113021645185,0.8551417649460459,10.828414795476462,13.817553250053791,2.390817165374756
synthetic_nist4_1_0V/local,EB544780DB803E0697D432A656244421F278723936917063F7E4563818C56F75,g1,0,0.0,"[4.0, 6.0, 8.0]",plateau,2409.0,2409.0,0.0033134734258055687,,12.33277630000157,11.59000015258789,11.760173035462657,11.591793811611154,0.8564058327518679,10.828414769528598,13.817553279661244,2.390817165374756
synthetic_nist4_1_0V/local,4E59DD82D09CFA39D40A81E3C8573884A258B7047B47FC4FCF9C6813B6F9FAB4,d2,0,0.0,"[4.0, 6.0, 8.0]",plateau,2348.0,2348.0,0.003287017345428467,,11.865462100002333,11.581592559814453,11.760591911930232,11.403438363151798,0.8552104641659242,10.828414775537304,13.817553272805096,2.390817165374756
synthetic_nist4_1_0V/local,344C38FAA59C4038F6E222ED2F6E784BEC5D141FEC7A623F0585B0ECA95C983E,d3,0,0.0,"[4.0, 6.0, 8.0]",plateau,2812.0,2812.0,0.0032876937184482813,,14.242467000000033,11.584299087524414,11.760731055794562,11.392738572619423,0.8552136878965105,10.828414813338624,13.81755322967241,2.390817165374756
synthetic_nist4_1_0V/local,E3917DC3B089BCFB3BABFA209FAC3AC2D9866282A16551F1074754F40D7AF102,d4,0,0.0,"[4.0, 6.0, 8.0]",plateau,3425.0,3425.0,0.0032873237505555153,,14.376698000000033,11.598780632019043,11.76016553268257,11.569505905483672,0.8553065716744174,10.828414797657306,13.81755324756536,2.390817165374756
synthetic_nist4_1_0V/local,8C657DF510197C3512A59979860CFF5BD625874128E975542C2B28D38E223356,h4s,0,0.0,"[4.0, 6.0, 8.0]",plateau,2426.0,2426.0,0.0032855323515832424,,9.744777799998701,11.58968448638916,11.759363091509796,11.544298973564404,0.8553824000161651,10.82841478005477,13.817553267650508,2.390817165374756
synthetic_nist4_1_0V/local,2588A7DAC8AC01936043D6E26F280DB5AD39933BC9F0AF9ED1F03DB1149FC771,equal4,0,0.0,"[4.0, 6.0, 8.0]",plateau,2396.0,2396.0,0.0032854024320840836,,9.548165000000154,11.590012550354004,11.759369725397528,11.547416118218102,0.8553749643368957,10.828414775433455,13.817553272923591,2.390817165374756
synthetic_nist4_1_4V/coarse,175E9A7BDCE8B4D06FD84767D6413890AD23B26EDC3D42E2B60D73F9DC70C45A,H1,0,0.0,"[0.0, 6.0, 8.0]",epoch_limit,3500.0,3500.0,0.002873926190659404,,14.69117449999976,11.5681791305542,11.5681791305542,11.5681791305542,0.0,11.5681791305542,11.5681791305542,2.3986141681671143
synthetic_nist4_1_4V/coarse,E39B4DEE9D3195514D5B537DD1E0933CEF0CBC860C78884BCFE530DD1287837D,G1,0,0.0,"[0.0, 6.0, 8.0]",epoch_limit,3500.0,3500.0,0.0029043415561318398,,17.727315899999667,11.569999694824219,11.568359409013606,11.5633612112997,0.08623595004740799,11.421470465565005,11.705363160212247,2.3879761695861816
synthetic_nist4_1_4V/coarse,070FAF24EB100C91539CEB3FE573BC935638739A624DC5EB0E22FBD632B15B88,C,0,0.0001,"[0.0, 6.0, 8.0]",epoch_limit,3500.0,3500.0,0.005866635590791702,,17.132662100000744,11.579999923706055,11.755382174337633,11.617815785780257,0.8639205209394318,10.821721429541865,13.828039615837655,2.3589894771575928
synthetic_nist4_1_4V/local,A17CF61E46E65F2C4E61EF98049D8FC0F1D5BFB4B3329CB6F4F0273AC2B4FAED,d1,0,0.0,"[0.0, 6.0, 8.0]",plateau,857.0,857.0,0.0034601432271301746,,4.746185500000138,11.54610824584961,11.731645163706165,11.336438017483033,0.8406280119766605,10.821721561894227,13.828039662126539,2.3589894771575928
synthetic_nist4_1_4V/local,BF0F57EA6E564AC1163C15F08B66DFCF722EA7F90DE081EA6BEA99B07C95ADBC,g1,0,0.0,"[0.0, 6.0, 8.0]",plateau,2259.0,2259.0,0.0034916545264422894,,10.547586699998647,11.550000190734863,11.732619631568939,11.550080875522118,0.84186898258054,10.821721575600073,13.828039639413916,2.3589894771575928
synthetic_nist4_1_4V/local,7A00D1F94F231780A388DC6D4CEAB8F4E4F423FC4EE1A0DDF45EF4632D83F2E2,d2,0,0.0,"[0.0, 6.0, 8.0]",plateau,2294.0,2294.0,0.003465637331828475,,10.931565099999716,11.540792465209961,11.733695264730342,11.357511384787392,0.8404735097509956,10.821721563011705,13.828039660274722,2.3589894771575928
synthetic_nist4_1_4V/local,F4F7F12A4C94E3ABAD18E69499FB699D5B539FE2E01C6F1105CC966014A97A9E,d3,0,0.0,"[0.0, 6.0, 8.0]",plateau,2412.0,2412.0,0.0034666897263377905,,11.447755000001052,11.540633201599121,11.733749973554835,11.487062552778351,0.8405159999817929,10.82172157656111,13.828039637821329,2.3589894771575928
synthetic_nist4_1_4V/local,AFC83CC1847E47FDD21AA1FFCF9F747627A50D703E274CC3A469885E4E92B53E,d4,0,0.0,"[0.0, 6.0, 8.0]",plateau,3441.0,3441.0,0.0034687193110585213,,14.381563099999767,11.562932014465332,11.732914014486575,11.529490209309333,0.8407500152083854,10.821721563710128,13.82803965911733,2.3589894771575928
synthetic_nist4_1_4V/local,B06088758CB8441496D22A864BD8188AFEFD289B6B14EC2A15F361155197A959,h4s,0,0.0,"[0.0, 6.0, 8.0]",plateau,2179.0,2179.0,0.003464756067842245,,8.716350499998953,11.546858787536621,11.731834080868106,11.502134517223789,0.8408208888829273,10.82172157656111,13.828039637821329,2.3589894771575928
synthetic_nist4_1_4V/local,DE8E90287DE1963FFE7E2180EC41966B73B76431A40D22FEBDC28AC6C5F983EC,equal4,0,0.0,"[0.0, 6.0, 8.0]",plateau,2195.0,2195.0,0.0034644335974007845,,8.736914900000556,11.547547340393066,11.731865125445601,11.505424773662135,0.8407983291687798,10.821721559938643,13.828039665367244,2.3589894771575928
synthetic_nist4_1_6V/coarse,88E43AB0946292865FCAE674E21DA160E009A3BB0A2C3E4772C82203E58B56F1,H1,0,0.0,"[0.0, 4.0, 8.0]",epoch_limit,3500.0,3500.0,0.002993111964315176,,13.149609000000055,11.577986717224121,11.577986717224121,11.577986717224121,0.0,11.577986717224121,11.577986717224121,2.3869757652282715
synthetic_nist4_1_6V/coarse,4BCA96E1F384CABAE2A7E9D638C0C69259BC3E99BF6803774ECF4AA3C47DE373,G1,0,0.0,"[0.0, 4.0, 8.0]",epoch_limit,3500.0,3500.0,0.0030224663205444813,,16.622672299999977,11.579999923706055,11.578878435643315,11.573879435037883,0.0848924877355204,11.4340875774915,11.713655724909623,2.3751883506774902
synthetic_nist4_1_6V/coarse,27806A6B08133E6D97EAD1198D12D026FB500EF1FE22E652955339FFF4CD8669,C,0,0.0001,"[0.0, 4.0, 8.0]",epoch_limit,3500.0,3500.0,0.0059553529135882854,,15.81600139999864,11.619999885559082,11.753318499655132,11.650345894249744,0.8038845268947088,10.854159004977715,13.71097142561363,2.375469207763672
synthetic_nist4_1_6V/local,A91FEAC53DD7358B47A1F34CCB311F6CDC5FF41D2990450899EE0E6CE12D775A,d1,0,0.0,"[0.0, 4.0, 8.0]",plateau,831.0,831.0,0.003576928749680519,,4.488092300001881,11.568523406982422,11.716988884864858,11.362455757426247,0.7794191695466423,10.854159122932646,13.710971276330998,2.375469207763672
synthetic_nist4_1_6V/local,3401518CAC0A4FD4130CE86D017BF7C0BBE6C5FE6BC83F2F7CCD4571A86B4A5F,g1,0,0.0,"[0.0, 4.0, 8.0]",plateau,2387.0,2387.0,0.003609422594308853,,10.963781800001016,11.569999694824219,11.717810480399407,11.570848812839074,0.7808634393677673,10.854159118625935,13.71097128494337,2.375469207763672
synthetic_nist4_1_6V/local,AFB022FBCFFF2EEEAD6A2157538C9177191940BBF09843DFA58F1F377F59C388,d2,0,0.0,"[0.0, 4.0, 8.0]",plateau,2279.0,2279.0,0.003584151389077306,,10.782159200000024,11.560144424438477,11.71820224224503,11.38481405081334,0.779590673053155,10.854159127508447,13.710971267180518,2.375469207763672
synthetic_nist4_1_6V/local,FF4CA717193354A7D0B969D3C1F87D3EDF41800B6889D4FFB48A8CEA650FFCEE,d3,0,0.0,"[0.0, 4.0, 8.0]",plateau,2616.0,2616.0,0.0035838705953210592,,12.072733599998173,11.563796997070312,11.718276624238044,11.37415015441639,0.7795565555033848,10.85415911292308,13.7109712963477,2.375469207763672
synthetic_nist4_1_6V/local,D8FB2433B5A7D8B06FC11218ACB80EBE3CF05D6B775AD377F22B275C5386D271,d4,0,0.0,"[0.0, 4.0, 8.0]",plateau,3330.0,3330.0,0.0035851846914738417,,13.853395199999795,11.58402156829834,11.717978058538067,11.550382565461582,0.7796609157193128,10.854159111636136,13.710971298921265,2.375469207763672
synthetic_nist4_1_6V/local,9EC03051781BFC10EA4D7D8F146C74F5D29650100C5C81F92D25EB13D3B8CE8A,h4s,0,0.0,"[0.0, 4.0, 8.0]",plateau,2116.0,2116.0,0.003582066623494029,,8.491109599999618,11.568707466125488,11.716595719873977,11.522849019639901,0.7797589822281847,10.854159102341537,13.710971317508196,2.375469207763672
synthetic_nist4_1_6V/local,65AB9C1C3A6E41D5D71C8E37DB118F07F256B17E2FDECEBBE55D3C725B8CD308,equal4,0,0.0,"[0.0, 4.0, 8.0]",plateau,2097.0,2097.0,0.003581780008971691,,8.418437799999083,11.569435119628906,11.716599420762087,11.526191847889304,0.7797437616206746,10.854159115282478,13.710971291629477,2.375469207763672
synthetic_nist4_1_8V/coarse,460E303C36AD84CD86BA99AFAC258D8F121E1FD904A6BA8694439DAC9CF82024,H1,0,0.0,"[0.0, 4.0, 6.0]",epoch_limit,3500.0,3500.0,0.0024024597369134426,,13.962575800000195,11.581966400146484,11.581966400146484,11.581966400146484,0.0,11.581966400146484,11.581966400146484,2.349731206893921
synthetic_nist4_1_8V/coarse,27B4D8D1A09337A6BF1F564A478D442BEC9EA443E45D9AA1116F5DEFE81181E2,G1,0,0.0,"[0.0, 4.0, 6.0]",epoch_limit,3500.0,3500.0,0.0024300147779285908,,16.66014229999928,11.579999923706055,11.58394530522156,11.578943529859014,0.08648938904765847,11.436549778540192,11.721227982935066,2.3322205543518066
synthetic_nist4_1_8V/coarse,BF78DCD62E37BAE4F653CEE6BBFF02ECFCD936AAA4D6CB3A73865AC45E937989,C,0,0.0001,"[0.0, 4.0, 6.0]",epoch_limit,3500.0,3500.0,0.0053199464455246925,,15.836594899999909,11.65999984741211,11.792384917731146,11.691131050964747,0.7982002621178901,10.917257448720031,13.718719531997108,2.3127546310424805
synthetic_nist4_1_8V/local,C0C3B5B655A7C2F46DDC7A54F920FAE084841638D96BBB01089AB3FA274D7796,d1,0,0.0,"[0.0, 4.0, 6.0]",plateau,759.0,759.0,0.003014753572642803,,4.64237890000004,11.576303482055664,11.733864178569569,11.385769151084952,0.7776338117702495,10.917257300970071,13.718719653531291,2.3127546310424805
synthetic_nist4_1_8V/local,FB812C7A05F339BF48D67BC163C555E035E9BA784F0FFE2D333869A5E0C88062,g1,0,0.0,"[0.0, 4.0, 6.0]",plateau,2535.0,2535.0,0.0030438562389463186,,12.449375700001838,11.579999923706055,11.734860886732651,11.57907067871213,0.7790129103409578,10.917257304232061,13.718719644818485,2.3127546310424805
synthetic_nist4_1_8V/local,2C818024A47697E44D2CEE3FF8ACAFA7C490CCF0D2923772B7DBB63B3157002C,d2,0,0.0,"[0.0, 4.0, 6.0]",plateau,2558.0,2558.0,0.0030212411656975746,,12.337274599998636,11.568588256835938,11.735373349429999,11.406823703103385,0.777711576597411,10.917257292676002,13.71871967568485,2.3127546310424805
synthetic_nist4_1_8V/local,BF8568DFCDD888D5DCD1320A4A22892D60B517DE503B74C06BF0C77DC18C6C28,d3,0,0.0,"[0.0, 4.0, 6.0]",plateau,3069.0,3069.0,0.003021570621058345,,14.711633999999322,11.569622993469238,11.735398130033365,11.40428659673077,0.7777287898710583,10.917257304598726,13.718719643839117,2.3127546310424805
synthetic_nist4_1_8V/local,27E1DBEE488AE3EB91216B9CCCF140E3A59A3DBE02C5A47C40873441D91F4D0A,d4,0,0.0,"[0.0, 4.0, 6.0]",plateau,3127.0,3127.0,0.00302021112293005,,13.135441099999298,11.584031105041504,11.734665272366676,11.55146011654672,0.7777846608398097,10.9172573002573,13.718719655435113,2.3127546310424805
synthetic_nist4_1_8V/local,CF2CE25D964A6C42C70A0C12C4C8F7E57E99B9C9D15E03EC1793D843B710995E,h4s,0,0.0,"[0.0, 4.0, 6.0]",plateau,2513.0,2513.0,0.003018626943230629,,9.903252799998882,11.579291343688965,11.734185053970362,11.532683604228252,0.7777929414278211,10.917257287880993,13.71871968849237,2.3127546310424805
synthetic_nist4_1_8V/local,3BCC3B977806542FD8048F3362AC9D1772FFE0AC0E710BB38AE606E628061CF0,equal4,0,0.0,"[0.0, 4.0, 6.0]",plateau,2808.0,2808.0,0.003020296338945627,,10.95914129999801,11.573298454284668,11.734512370267693,11.532007166841408,0.7778239630286664,10.917257292287218,13.718719676723298,2.3127546310424805
synthetic_nist4_2_0V/coarse,FC3D17CA9216D5B69C4D500D43E29F3004DC098CA9270AFB4D1F753DC224F292,H1,0,0.0,"[4.0, 6.0, 8.0]",epoch_limit,3500.0,3500.0,0.00309503311291337,,13.959648299998662,11.612435340881348,11.612435340881348,11.612435340881348,0.0,11.612435340881348,11.612435340881348,2.1331820487976074
synthetic_nist4_2_0V/coarse,9E46995B63EF3430109F9F7E34BB7DE62400C4224659A5CD92BB6CC4FE9AC7C0,G1,0,0.0,"[4.0, 6.0, 8.0]",epoch_limit,3500.0,3500.0,0.003137141466140747,,16.54300549999971,11.609999656677246,11.61308098780038,11.608078746130094,0.08857778724878809,11.462293392745588,11.753920530692964,2.113438367843628
synthetic_nist4_2_0V/coarse,BA2EE89AC0DF85B7BC570EBDBB846502A49B7F07CE07210A8AB5A4D6A9D2532F,C,0,0.0001,"[4.0, 6.0, 8.0]",epoch_limit,3500.0,3500.0,0.006391286849975586,,16.228674000001774,11.699999809265137,11.787601948943303,11.710971730300752,0.8545152989572129,10.361110857558591,13.702151662865328,2.2925212383270264
synthetic_nist4_2_0V/local,096C7E5C1D317F6DAC1B0E15F823935D445137CEEE12DA334F9219EDA47D16AC,d1,0,0.0,"[4.0, 6.0, 8.0]",plateau,893.0,893.0,0.0037626102566719055,,5.141338100002031,11.639607429504395,11.747091350594431,11.429044262376644,0.8307932977923325,10.361111151522097,13.70215165924398,2.2925212383270264
synthetic_nist4_2_0V/local,5CF765400E51B4A959C96A656A36249F19F0FE9E64DA28B2D00CAC10EED7F823,g1,0,0.0,"[4.0, 6.0, 8.0]",plateau,2428.0,2428.0,0.003796670585870743,,12.239411099999415,11.640000343322754,11.746798529773905,11.637296650234777,0.8322637484251019,10.36111106934563,13.702151687223243,2.2925212383270264
synthetic_nist4_2_0V/local,8AA7BF4485729B9C573DBD255EA1FB69E4BDC2A33B4D3B35FDA4A9DDE9F8B0D6,d2,0,0.0,"[4.0, 6.0, 8.0]",plateau,2271.0,2271.0,0.0037701260298490524,,11.449529800000164,11.63153076171875,11.748283093822808,11.44936199156708,0.831002247246829,10.361111111467476,13.702151672881689,2.2925212383270264
synthetic_nist4_2_0V/local,C16A5771546A7007D26D348FE47C7E47BFC16B1D5B928085536C0F7D0886294E,d3,0,0.0,"[4.0, 6.0, 8.0]",plateau,2856.0,2856.0,0.0037702734116464853,,14.316215400001965,11.63459587097168,11.748413572348605,11.440829328090564,0.8309831368517655,10.361111224955572,13.702151634241515,2.2925212383270264
synthetic_nist4_2_0V/local,8CFB198B3272F7810005687D5ACCB251478CF14BFE64D5D6E76913AC57A69FD0,d4,0,0.0,"[4.0, 6.0, 8.0]",plateau,3285.0,3285.0,0.0037697884254157543,,14.050143300002674,11.652591705322266,11.747986195946202,11.618623578784804,0.8310497690260069,10.361111107295118,13.702151674302277,2.2925212383270264
synthetic_nist4_2_0V/local,64244167C367070D07F04D5F11D59855D9169AD05BE0FAFB6494BE2B6ABF1D88,h4s,0,0.0,"[4.0, 6.0, 8.0]",plateau,2340.0,2340.0,0.00376761332154274,,9.426891300001444,11.641643524169922,11.747224245370454,11.593162375190984,0.8310153220739566,10.36111112732243,13.702151667483436,2.2925212383270264
synthetic_nist4_2_0V/local,8A211373DBDF68CCB24D1E0352410F5F8A65C5AC1E62080BE2BBE00DD23D454A,equal4,0,0.0,"[4.0, 6.0, 8.0]",plateau,2422.0,2422.0,0.003766892943531275,,9.594253800001752,11.641822814941406,11.747228184310812,11.596335278954898,0.830984904630604,10.361111157572013,13.702151657184118,2.2925212383270264
synthetic_nist4_2_4V/coarse,A1058A13AC273534BEC30B0E5662BE9F5BB74D0CC501B6339076FADEA0896A70,H1,0,0.0,"[0.0, 6.0, 8.0]",epoch_limit,3500.0,3499.0,0.003450056305155158,,13.751466699999582,11.621971130371094,11.621971130371094,11.621971130371094,0.0,11.621971130371094,11.621971130371094,2.204525947570801
synthetic_nist4_2_4V/coarse,43CD5AD065281DAB2C50A7C90A89AE31EB0EAEDAD0F6D7AE7DB586AD96348897,G1,0,0.0,"[0.0, 6.0, 8.0]",epoch_limit,3500.0,3500.0,0.003479517064988613,,16.500173300002643,11.619999885559082,11.622839929044034,11.617837882440167,0.09235308650691272,11.465791241271504,11.769700343066752,2.1877636909484863
synthetic_nist4_2_4V/coarse,81EB5823D9F085FEA97E98BEF09BB37BE5FAE67260D54A1C0633279A4378C4DB,C,0,0.0001,"[0.0, 6.0, 8.0]",epoch_limit,3500.0,3500.0,0.006568064447492361,,15.340754000000743,11.699999809265137,11.762137562780072,11.706491722241065,0.746533349578101,10.923086648896026,12.639451730586485,2.287645101547241
synthetic_nist4_2_4V/local,095C5F3DE063EEA7895D08319AF0AC4D00BFA2742ABA2F64E657BCBB53D86CAD,d1,0,0.0,"[0.0, 6.0, 8.0]",plateau,804.0,804.0,0.003987404052168131,,4.438956699999835,11.642776489257812,11.72176908425417,11.428136956138802,0.7158636402822299,10.923086543668271,12.639451714503188,2.287645101547241
synthetic_nist4_2_4V/local,CB9C2B2CEC8272A90CD744AEF23BC67EE2DA017117A59608823BE3AE2589F977,g1,0,0.0,"[0.0, 6.0, 8.0]",plateau,2145.0,2145.0,0.004018627572804689,,10.315547800000786,11.640000343322754,11.721784075211621,11.640130950324325,0.717721780005629,10.923086521701288,12.639451770941578,2.287645101547241
synthetic_nist4_2_4V/local,804676879A70F5AE66FF2405DD15958824F098A9A0EEBBFCEDECA53D408C8996,d2,0,0.0,"[0.0, 6.0, 8.0]",plateau,2201.0,2201.0,0.003994801081717014,,10.634899299999233,11.63252067565918,11.722717653307857,11.450838855407387,0.7162921585137195,10.92308655081728,12.639451696135692,2.287645101547241
synthetic_nist4_2_4V/local,683E587DD6FA7A50D4236724EB69DDDAE305BD9F94C55AFEBD55A0CF82D6ABC2,d3,0,0.0,"[0.0, 6.0, 8.0]",plateau,2779.0,2779.0,0.003995019942522049,,12.962784300001658,11.635565757751465,11.72291798351645,11.443064793993232,0.7162769453303897,10.923086544859773,12.639451711441936,2.287645101547241
synthetic_nist4_2_4V/local,9A592CD28A837BE9EE825E7D501B7099AE97EFEC0991572ADA0AA55ECFAD7792,d4,0,0.0,"[0.0, 6.0, 8.0]",plateau,3074.0,3074.0,0.00399464787915349,,12.94714440000098,11.655238151550293,11.722421279493311,11.618469592045296,0.7163083635021746,10.923086540093768,12.639451723686939,2.287645101547241
synthetic_nist4_2_4V/local,D71A47B15A360AB499ECF8DA6D0F8E001B871BF57F06C93FA095443FDEC39689,h4s,0,0.0,"[0.0, 6.0, 8.0]",plateau,2442.0,2442.0,0.003991678357124329,,9.763245900001493,11.645628929138184,11.721792959796645,11.596031043176447,0.7161619966850085,10.923086541359739,12.639451720434359,2.287645101547241
synthetic_nist4_2_4V/local,101466E3EC149419E91D6366065E3654B9169D9481EABB1590B62CA514FC8C3B,equal4,0,0.0,"[0.0, 6.0, 8.0]",plateau,2931.0,2931.0,0.003990829456597567,,11.509849499998381,11.646575927734375,11.721799942678624,11.599544325471468,0.71611308825461,10.9230865434821,12.639451714981512,2.287645101547241
synthetic_nist4_2_6V/coarse,D1AF8ABB5CBFB24568198FB563AA0E78CC14532B12C363D104C0767B229C6466,H1,0,0.0,"[0.0, 4.0, 8.0]",epoch_limit,3500.0,3500.0,0.0034294454380869865,,13.447305900001084,11.632744789123535,11.632744789123535,11.632744789123535,0.0,11.632744789123535,11.632744789123535,2.1917495727539062
synthetic_nist4_2_6V/coarse,9933A8FF5170390AD680E8E5D2CCF838EC54FCBB02A3809177226E9B29B4F3CE,G1,0,0.0,"[0.0, 4.0, 8.0]",epoch_limit,3500.0,3500.0,0.0034582270309329033,,16.482308800001192,11.630000114440918,11.631959910431018,11.626958239596036,0.08968718463051527,11.47946918751845,11.774633263399512,2.179715156555176
synthetic_nist4_2_6V/coarse,ACD77C8814E469B080C7E0A66966151106301244FC147653055E7FDB9A7F6179,C,0,0.0001,"[0.0, 4.0, 8.0]",epoch_limit,3500.0,3500.0,0.006244358140975237,,15.78603309999744,11.710000038146973,11.825848496747122,11.734255514350261,0.800027722131499,10.932355923058461,13.735334358249009,2.305905342102051
synthetic_nist4_2_6V/local,1DF43A463A971E76850EC762B98BA2DFB11366323E3FDA9629ED82ABAE438E49,d1,0,0.0,"[0.0, 4.0, 8.0]",plateau,802.0,802.0,0.0039627207443118095,,4.69823439999891,11.656099319458008,11.789279920089268,11.449206868219298,0.7747574359638874,10.932356034717005,13.735334615340197,2.305905342102051
synthetic_nist4_2_6V/local,9E0673C18304FFE322AB631D6BCD36883CBC11401E70BB14DA4F54B4EF211296,g1,0,0.0,"[0.0, 4.0, 8.0]",plateau,2089.0,2089.0,0.003992764744907618,,10.207360299998982,11.65999984741211,11.788753025920277,11.655969741017554,0.7765454278173536,10.932356030759847,13.73533462326059,2.305905342102051
synthetic_nist4_2_6V/local,C9CD4C696F8BF2A1C98468F2769538830984A1E7B727DB086EEF99563441A694,d2,0,0.0,"[0.0, 4.0, 8.0]",plateau,2146.0,2146.0,0.0039708879776299,,10.701326000002155,11.64702320098877,11.790315116163537,11.470429918660573,0.7750258519076173,10.932356034717005,13.735334615340197,2.305905342102051
synthetic_nist4_2_6V/local,7ED4DDEE008B0428E7F716523CE3B2CF64202BAEF564C924A5D31138DF92F37B,d3,0,0.0,"[0.0, 4.0, 8.0]",plateau,2597.0,2597.0,0.003971369005739689,,12.217896199999814,11.650066375732422,11.790526538369214,11.462447104234284,0.775002038012382,10.932356043467156,13.735334597826473,2.305905342102051
synthetic_nist4_2_6V/local,08BCD6F34BB1CD1FBF4D82A16D943C6883DB61AD86E115BA52470ABF9421A345,d4,0,0.0,"[0.0, 4.0, 8.0]",plateau,3046.0,3046.0,0.003970161080360413,,12.759302799997386,11.669390678405762,11.790046702050002,11.634023980002674,0.7751152667241861,10.932356028008556,13.735334628767395,2.305905342102051
synthetic_nist4_2_6V/local,5064FDE63B134D9204CF568A269653B41BC729F81B7309532A9B580E5F6AC88B,h4s,0,0.0,"[0.0, 4.0, 8.0]",plateau,1965.0,1965.0,0.00396815687417984,,7.904878800000006,11.656859397888184,11.78925564505289,11.610600370746466,0.7750955386784606,10.93235604572761,13.735334593302076,2.305905342102051
synthetic_nist4_2_6V/local,387C99071971E3B7FDD2F7045F89440AC12F294752F153017D51167528E817DB,equal4,0,0.0,"[0.0, 4.0, 8.0]",plateau,1963.0,1963.0,0.003967839293181896,,7.814252000000124,11.657880783081055,11.789250031329004,11.614136066109468,0.7750849692229093,10.93235602326889,13.735334638253999,2.305905342102051
synthetic_nist4_2_8V/coarse,7A6352BB1B7C93CEF4B8DA5F341EDC8D45074C97477361315C8D5E0F031B4B07,H1,0,0.0,"[0.0, 4.0, 6.0]",epoch_limit,3500.0,3500.0,0.0028571465518325567,,13.183463699999265,11.67316722869873,11.67316722869873,11.67316722869873,0.0,11.67316722869873,11.67316722869873,2.250316858291626
synthetic_nist4_2_8V/coarse,52BB4944AE19727A3EF2478A29BEA26C1D899B6C3A2DFDB970E879CDD177C31C,G1,0,0.0,"[0.0, 4.0, 6.0]",epoch_limit,3500.0,3500.0,0.002888547256588936,,16.31497339999987,11.670000076293945,11.674459425263311,11.66945849762406,0.0869761596780192,11.526255953669308,11.812623471306567,2.2350692749023438
synthetic_nist4_2_8V/coarse,C60591097E16D6EF8C9A8DA29FBC548095928FB59099EFED9C25DD4631CF38E3,C,0,0.0001,"[0.0, 4.0, 6.0]",epoch_limit,3500.0,3500.0,0.005626617930829525,,15.536655299998529,11.720000267028809,11.865626758374416,11.756259718402044,0.8309757028075976,10.945277702953772,13.864448297759738,2.3251073360443115
synthetic_nist4_2_8V/local,D39B018A912072CA3993AB2CB0EF93719175862FAA154E03BF4F3659B50C4D26,d1,0,0.0,"[0.0, 4.0, 6.0]",plateau,681.0,681.0,0.003461933694779873,,4.242848600002617,11.671684265136719,11.831402857209047,11.466621430396511,0.8077273186111433,10.945277888941385,13.864448415122144,2.3251073360443115
synthetic_nist4_2_8V/local,A1475540F3BECEBDCEB53CC09A35EC3ABE65F9534C44CC33C4E79C4E46DC9F3C,g1,0,0.0,"[0.0, 4.0, 6.0]",plateau,2406.0,2406.0,0.00349364522844553,,12.53214410000146,11.670000076293945,11.831986265697518,11.674548092661253,0.8091472596412893,10.945277898943303,13.86444839612195,2.3251073360443115
synthetic_nist4_2_8V/local,CDB99629A66B3A8EDAABDD9569AA4581CFFC3ACB32EFC314DFE164D0133078F3,d2,0,0.0,"[0.0, 4.0, 6.0]",plateau,2278.0,2278.0,0.0034692948684096336,,11.064913300000626,11.66380786895752,11.832729268506233,11.488776407835687,0.8078375483829012,10.945277879481674,13.864448433092333,2.3251073360443115
synthetic_nist4_2_8V/local,8EF40E7A0F454717272EC956CB65AE1C8807E9AF45DC0930651CE41B37C1B61F,d3,0,0.0,"[0.0, 4.0, 6.0]",plateau,2730.0,2730.0,0.0034682799596339464,,14.182629700000689,11.66789436340332,11.832803658795115,11.477070606108205,0.8077813761185166,10.945277891601929,13.864448410068022,2.3251073360443115
synthetic_nist4_2_8V/local,9EC0E550C6DCD501ED096ABDBA0082039C35A6D38BEB0159E16DF4C233CE3939,d4,0,0.0,"[0.0, 4.0, 6.0]",plateau,3286.0,3286.0,0.00346956355497241,,14.410417099999904,11.687655448913574,11.832738565098035,11.654595853557321,0.8078657044857342,10.945277885098378,13.864448422422528,2.3251073360443115
synthetic_nist4_2_8V/local,EFD5CED631E6B80CD6B01BEBE841A0EF71E8E8A96E37A27BE35570C7D6F6BB42,h4s,0,0.0,"[0.0, 4.0, 6.0]",plateau,2051.0,2051.0,0.0034668915905058384,,8.457495700000436,11.671774864196777,11.83157009263753,11.626961722295844,0.8079523654666142,10.94527788199441,13.864448428318989,2.3251073360443115
synthetic_nist4_2_8V/local,BF676E0EEE1D070A497717B1CF6E3B397DA17385185045FACF7C8294B10424D0,equal4,0,0.0,"[0.0, 4.0, 6.0]",plateau,1973.0,1973.0,0.003466925583779812,,7.925830799998948,11.672629356384277,11.831561334653996,11.630375609616557,0.8079550226470706,10.945277892562682,13.864448408242925,2.3251073360443115
synthetic_nist4_3_0V/coarse,D2F5B96C91D6F72970FD8B51CB229EA6F5DE83F3350A1CE6030F35D6D488C39B,H1,0,0.0,"[4.0, 6.0, 8.0]",epoch_limit,3500.0,3500.0,0.0024277805350720882,,13.186912199998915,11.70801830291748,11.70801830291748,11.70801830291748,0.0,11.70801830291748,11.70801830291748,2.3854877948760986
synthetic_nist4_3_0V/coarse,E7F169437073194CF5EAE686D91D64A8EE5E8D3FCEE5A08E788096EB6BF9095C,G1,0,0.0,"[4.0, 6.0, 8.0]",epoch_limit,3500.0,3500.0,0.0024575507268309593,,16.4469861999969,11.710000038146973,11.71009442822613,11.705094268034625,0.09300972099880654,11.552034550215312,11.858144650793276,2.3782827854156494
synthetic_nist4_3_0V/coarse,D8EAB1172E7A610DACAEF2FF12BD1A43272938C33CC8FE2973DE86FC6E0F36DA,C,0,0.0001,"[4.0, 6.0, 8.0]",epoch_limit,3500.0,3500.0,0.005077642854303122,,15.825081099999807,11.739999771118164,11.780927027097094,11.742043639527303,0.7809489525606254,10.70549066913795,12.76101066543333,2.336440324783325
synthetic_nist4_3_0V/local,E2B825A2560340D605CDAD4DBB477D84D5BFFB90161EA8F12551770D2ED0AB0D,d1,0,0.0,"[4.0, 6.0, 8.0]",plateau,963.0,963.0,0.002957693301141262,,5.146941300001345,11.70296573638916,11.75443366304254,11.474469259506042,0.7503785311317989,10.70549039308327,12.76101054500374,2.336440324783325
synthetic_nist4_3_0V/local,8830119A3FECBBCC782C7086AC90487C43D0AFFC2FB028E5FD9C8ED3AD5477C4,g1,0,0.0,"[4.0, 6.0, 8.0]",plateau,2324.0,2324.0,0.0029835894238203764,,10.84608279999884,11.699999809265137,11.754968610289607,11.699714201794375,0.752006857578883,10.705490577122802,12.76101041049535,2.336440324783325
synthetic_nist4_3_0V/local,C984CB04D9154E81C5447DFCDC0185C50229B7341E509CCCB89721F3799A8C7A,d2,0,0.0,"[4.0, 6.0, 8.0]",plateau,2291.0,2291.0,0.002962889615446329,,10.763432700001431,11.694696426391602,11.755481146659456,11.498332687879339,0.750668209367347,10.705490288932408,12.76101062112417,2.336440324783325
synthetic_nist4_3_0V/local,38C88F61B172141F5FC088A6EF3C446A7FB7802FCCC24E617679ADDA590B9713,d3,0,0.0,"[4.0, 6.0, 8.0]",plateau,2929.0,2929.0,0.0029630823992192745,,13.57999270000073,11.697026252746582,11.755482492358135,11.489009937123992,0.7506909246172038,10.705490564932191,12.761010419405066,2.336440324783325
synthetic_nist4_3_0V/local,F9C7E4D366868A576A8619BA92D215FBFA7780EE06A49BAA35068D14735E5219,d4,0,0.0,"[4.0, 6.0, 8.0]",plateau,2940.0,2940.0,0.0029627608601003885,,12.379848000000493,11.7114896774292,11.75508881880179,11.675328102171079,0.7507033609092318,10.705490408705899,12.761010533585681,2.336440324783325
synthetic_nist4_3_0V/local,29CB8FB94A2C012A4500AF507160447328419A9CFD29752209C7C4F0743AEBD5,h4s,0,0.0,"[4.0, 6.0, 8.0]",plateau,2352.0,2352.0,0.002962993923574686,,9.512020300000586,11.699357032775879,11.754927380409468,11.663185055785693,0.7507391029197354,10.70549051546053,12.761010455562253,2.336440324783325
synthetic_nist4_3_0V/local,7C628DAE8E4F20418D3548D3E3B921B0D80252FE0B3683FA8DD30E32637AAD1A,equal4,0,0.0,"[4.0, 6.0, 8.0]",plateau,2426.0,2426.0,0.0029626660980284214,,9.768175400000473,11.699117660522461,11.754872955045247,11.654603159500141,0.7507147833079233,10.705490725064143,12.761010302369918,2.336440324783325
synthetic_nist4_3_4V/coarse,BC498E26D682837A6C375F65C2171816C5962927368D2CD21CD5B09F9DFC84AF,H1,0,0.0,"[0.0, 6.0, 8.0]",epoch_limit,3500.0,3500.0,0.002481618896126747,,13.32158260000142,11.661521911621094,11.661521911621094,11.661521911621094,0.0,11.661521911621094,11.661521911621094,2.294513702392578
synthetic_nist4_3_4V/coarse,AC70930EA423D3070653CB197EA470769BC5DBE5859A5CD47EC68B581C2E6E25,G1,0,0.0,"[0.0, 6.0, 8.0]",epoch_limit,3500.0,3500.0,0.0025083236396312714,,16.674258400002145,11.65999984741211,11.664349533869522,11.659348367609528,0.09372426283010328,11.505040884288634,11.81364040156863,2.2844038009643555
synthetic_nist4_3_4V/coarse,724DB46990107C141B7F90B0491AE82C57DC9BEEC281730C7CB850A3F1D0A08A,C,0,0.0001,"[0.0, 6.0, 8.0]",epoch_limit,3500.0,3500.0,0.004938578233122826,,15.864427100001194,11.710000038146973,11.831640274438183,11.739822059205299,0.7823959451978272,10.96283340808819,13.790948176108653,2.2907209396362305
synthetic_nist4_3_4V/local,45C42484258556FB40A34AAB8CA21633A1AB8F9A97EF53463FF216A24F1CC871,d1,0,0.0,"[0.0, 6.0, 8.0]",plateau,862.0,862.0,0.0029416964389383793,,4.765365600000223,11.656784057617188,11.793701238933204,11.450743939180597,0.7564890511662504,10.962833336842886,13.790948026298821,2.2907209396362305
synthetic_nist4_3_4V/local,82C3BDABC6BB8AA11A4ADCF04DE5B141DFD3C6838AE455E7E5C8194E5D7752E1,g1,0,0.0,"[0.0, 6.0, 8.0]",plateau,2204.0,2204.0,0.002966130618005991,,10.256670400001894,11.65999984741211,11.794498268478167,11.658815710630556,0.7580035309516546,10.962833318067489,13.790948091395698,2.2907209396362305
synthetic_nist4_3_4V/local,FAF4632CFDF3AFC535EEF4E6C0F1627327FA87BF57EFF35DC351F8606A04317E,d2,0,0.0,"[0.0, 6.0, 8.0]",plateau,2257.0,2257.0,0.0029474967159330845,,11.130809300000692,11.646839141845703,11.794794468616194,11.477520480134105,0.7567358669926632,10.962833333005138,13.790948039604825,2.2907209396362305
synthetic_nist4_3_4V/local,7FD8779CED3F2FFE86646882325C98AB955A58BAFE054008C42336CAC1B6E42E,d3,0,0.0,"[0.0, 6.0, 8.0]",plateau,3016.0,3016.0,0.0029469928704202175,,14.380657800000336,11.649004936218262,11.794808999284683,11.47243577450246,0.7567074660332223,10.962833322931049,13.79094807453307,2.2907209396362305
synthetic_nist4_3_4V/local,698B182259B7BD69EC26C76671C8393E80788681E384BC992181F862CBED231C,d4,0,0.0,"[0.0, 6.0, 8.0]",plateau,2852.0,2852.0,0.0029467358253896236,,12.192712300002313,11.665155410766602,11.794340320497666,11.63035719355345,0.7567365715844795,10.96283335432263,13.790947965694146,2.2907209396362305
synthetic_nist4_3_4V/local,A9B14C9C9382E8C4675CEE0D2D22A3D2EB9A5480E586BBA4820C7D35BE2A5934,h4s,0,0.0,"[0.0, 6.0, 8.0]",plateau,2374.0,2374.0,0.0029469584114849567,,9.570642999999109,11.652886390686035,11.794218516385238,11.619271960357827,0.7568359113926527,10.962833327368445,13.790948059148008,2.2907209396362305
synthetic_nist4_3_4V/local,3B83E3160BA098B884600A0694D690E5E0726F932FD119FE6406DBC2D01D2FCA,equal4,0,0.0,"[0.0, 6.0, 8.0]",plateau,2277.0,2277.0,0.002947108820080757,,9.071038699999917,11.65269947052002,11.794181667004828,11.611232516431738,0.7568482898450308,10.962833332525419,13.790948041268067,2.2907209396362305
synthetic_nist4_3_6V/coarse,A74EADD39CB71732C72CCAEF90DD82F463F572DBFE0A00F2B16585584C8D8516,H1,0,0.0,"[0.0, 4.0, 8.0]",epoch_limit,3500.0,3500.0,0.0027391647454351187,,13.467876599999727,11.653787612915039,11.653787612915039,11.653787612915039,0.0,11.653787612915039,11.653787612915039,2.2771220207214355
synthetic_nist4_3_6V/coarse,886CFE24ED3039F0857839BCDCD93A84BC78C4ACD9CD0688943755EB64EB35B2,G1,0,0.0,"[0.0, 4.0, 8.0]",epoch_limit,3500.0,3500.0,0.0027665458619594574,,16.488812999999936,11.65999984741211,11.655728319227903,11.650729123933194,0.09098887946729876,11.501052675630687,11.80034567020976,2.264409303665161
synthetic_nist4_3_6V/coarse,B59EAEF2FEA5CAE9374ED416EE3A55FF713106EBEBA745A98F73B354ABC37795,C,0,0.0001,"[0.0, 4.0, 8.0]",epoch_limit,3500.0,3500.0,0.005290625151246786,,15.727447900000698,11.710000038146973,11.824560387984345,11.738376708884283,0.7849545833326415,10.953052771977589,13.776394797244313,2.2939536571502686
synthetic_nist4_3_6V/local,69F3CAD04CF0E616CC09B3421416215F12CD21BFE06CA0007CC6A721FF83E64E,d1,0,0.0,"[0.0, 4.0, 8.0]",plateau,767.0,767.0,0.0032307023648172617,,4.2823845999992045,11.65362548828125,11.784173225603137,11.448119787903462,0.7591988064534425,10.953052769336827,13.77639484288536,2.2939536571502686
synthetic_nist4_3_6V/local,C789A072F58A11A184DB0D4B82FC9C182F09E24A917AF44702B3772557C0BD92,g1,0,0.0,"[0.0, 4.0, 8.0]",plateau,2143.0,2143.0,0.0032562941778451204,,10.262676000002102,11.65999984741211,11.78517204760675,11.655672521699623,0.7606994321892555,10.953052767868744,13.776394847819398,2.2939536571502686
synthetic_nist4_3_6V/local,AEF9E138A04FA70A48824D3F6B3573B367DFE3662A0C6A8BFEFE057F504C3C41,d2,0,0.0,"[0.0, 4.0, 8.0]",plateau,2304.0,2304.0,0.0032370630651712418,,11.313901800000167,11.6445951461792,11.785703455822858,11.474725141053584,0.7593634135508044,10.95305277346347,13.776394829016265,2.2939536571502686
synthetic_nist4_3_6V/local,16AD77FAA47EA4C349EBEAF0EFABD57EFB8A3116E2A9117A4B14007157AC749E,d3,0,0.0,"[0.0, 4.0, 8.0]",plateau,3017.0,3017.0,0.0032367210369557142,,14.391286300000502,11.646312713623047,11.785656325477415,11.47031390182506,0.7593623819252379,10.953052748703605,13.776394912230788,2.2939536571502686
synthetic_nist4_3_6V/local,B7E3FA4117799FF91A7136234302A4513540C50E2E71FCF8FAB9AC04547EEB37,d4,0,0.0,"[0.0, 4.0, 8.0]",plateau,2799.0,2799.0,0.0032359370961785316,,12.307065299999522,11.662773132324219,11.785181510869899,11.626918406935493,0.7594053239006893,10.953052774882003,13.776394824248781,2.2939536571502686
synthetic_nist4_3_6V/local,1FFB00ABC7543EA0FA165A0F0069BAF075B97EF84B7B7128FE07998EA6B48641,h4s,0,0.0,"[0.0, 4.0, 8.0]",plateau,2522.0,2522.0,0.003235741751268506,,10.189199799999187,11.650147438049316,11.784825764086877,11.616436930503633,0.7594669619733329,10.95305274844569,13.776394913097594,2.2939536571502686
synthetic_nist4_3_6V/local,5AE401145379FD3B8975210603F6BCED5FE33EFAB0B730905959DB9C3F7318BF,equal4,0,0.0,"[0.0, 4.0, 8.0]",plateau,2384.0,2384.0,0.003235957585275173,,9.476458500001172,11.650006294250488,11.784791481666314,11.608353595811472,0.7594827096996678,10.953052769207869,13.776394843318764,2.2939536571502686
synthetic_nist4_3_8V/coarse,5691F140E880F09793AD3FB6CE1C0DA8A2CA81FDA09CE98A20B640C4B9DBE5BF,H1,0,0.0,"[0.0, 4.0, 6.0]",epoch_limit,3500.0,3500.0,0.0025191721506416798,,13.319533900001261,11.70311164855957,11.70311164855957,11.70311164855957,0.0,11.70311164855957,11.70311164855957,2.3585045337677
synthetic_nist4_3_8V/coarse,6BA9D5E4040DB8F8CFC3A1E4EF24DF987C77A6C365313B0D9F06FCB284C44088,G1,0,0.0,"[0.0, 4.0, 6.0]",epoch_limit,3500.0,3500.0,0.002549748634919524,,16.917867000000115,11.699999809265137,11.704372375266859,11.699371016951952,0.08590541866831075,11.558001252713188,11.840650793610466,2.3482558727264404
synthetic_nist4_3_8V/coarse,0CCC937EEF545BA119759180DC9EA494055B3A25CE7F621A21DEA3D3D0CD656F,C,0,0.0001,"[0.0, 4.0, 6.0]",epoch_limit,3500.0,3500.0,0.0049835313111543655,,16.170847599998524,11.739999771118164,11.981788887662567,11.80015908024294,0.8917491625453494,11.026179798153994,14.08824387013447,2.3374311923980713
synthetic_nist4_3_8V/local,10DDAAD8A22C98D7A7E52F472D42A6AC63A789B6FE093640DC5C09CF43207CDB,d1,0,0.0,"[0.0, 4.0, 6.0]",plateau,768.0,768.0,0.003107611555606127,,4.389967099999922,11.685351371765137,11.946338961032701,11.49751958567597,0.8751198721903847,11.026179836666422,14.088243680222954,2.3374311923980713
synthetic_nist4_3_8V/local,D1F6EE862D61F1FEA833CEA97784AC33E2C3F8D3C89DDA2B4102D0142F0A5028,g1,0,0.0,"[0.0, 4.0, 6.0]",plateau,2381.0,2381.0,0.0031353405211120844,,11.611159399999451,11.6899995803833,11.947018562204839,11.693380578967334,0.876299118876274,11.026179836591915,14.088243680364343,2.3374311923980713
synthetic_nist4_3_8V/local,846DEB7A88745A713A4BA0210705B0492938603DC58D4ACBE8B545C3EA0C7E39,d2,0,0.0,"[0.0, 4.0, 6.0]",plateau,2373.0,2373.0,0.0031133838929235935,,11.40966760000083,11.677799224853516,11.94767269572006,11.520818324920109,0.8750383057848773,11.02617983166271,14.088243689718054,2.3374311923980713
synthetic_nist4_3_8V/local,8D796578FC2C03C3CC3EDB4B49350CFD5061E06ABC505C599139D01C9A7A1283,d3,0,0.0,"[0.0, 4.0, 6.0]",plateau,2712.0,2712.0,0.003113875165581703,,13.460371500001202,11.680949211120605,11.947989092747997,11.509649905705094,0.8749852423204195,11.026179844797458,14.088243664793401,2.3374311923980713
synthetic_nist4_3_8V/local,C76EFD0A11088D04978B948D352F95EDF299853831F83D3C933FDF86E36607B0,d4,0,0.0,"[0.0, 4.0, 6.0]",plateau,3123.0,3123.0,0.0031128793489187956,,13.54483160000018,11.693589210510254,11.946829060800995,11.66569554884229,0.8752471771856043,11.026179841201039,14.088243671618015,2.3374311923980713
synthetic_nist4_3_8V/local,93BE5D9343F713FB6E08676EB9699A3AC765716A6EEA7145827D06879C6388A6,h4s,0,0.0,"[0.0, 4.0, 6.0]",plateau,2106.0,2106.0,0.003111755708232522,,8.653506499998912,11.686359405517578,11.946505245416406,11.644463353352972,0.8752971204516976,11.026179844380483,14.088243665584658,2.3374311923980713
synthetic_nist4_3_8V/local,F0DF29A2B43608C04747F99958FCFC925AF7D525AE460EC919A8EEA9CC04EDFB,equal4,0,0.0,"[0.0, 4.0, 6.0]",plateau,2046.0,2046.0,0.0031117815524339676,,8.400115299999015,11.687256813049316,11.946519342187187,11.64769992833459,0.8752932337669631,11.026179843233798,14.08824366776063,2.3374311923980713
synthetic_nist4_4_0V/coarse,317BB66D5E2EA509B816C60265506B8CA90B260865A05B73B75B8E0E72217C64,H1,0,0.0,"[4.0, 6.0, 8.0]",epoch_limit,3500.0,3500.0,0.003012121422216296,,14.695852400000149,11.590005874633789,11.590005874633789,11.590005874633789,0.0,11.590005874633789,11.590005874633789,2.322570323944092
synthetic_nist4_4_0V/coarse,496E0F64DA861810BB8989CE558C7A9EAC2A2DB6106AB3ACA556539E722805A3,G1,0,0.0,"[4.0, 6.0, 8.0]",epoch_limit,3500.0,3500.0,0.003044901182875037,,17.46356420000302,11.59000015258789,11.590324422253207,11.585324156355272,0.09385108281380822,11.430948834961637,11.739652724097988,2.3097739219665527
synthetic_nist4_4_0V/coarse,71F7D8404A9DBF483EEEFF83B680902467F5CF32DA12194C0198C833562BE96E,C,0,0.0001,"[4.0, 6.0, 8.0]",epoch_limit,3500.0,3500.0,0.0059746503829956055,,16.68931370000064,11.569999694824219,11.725482835766652,11.591159078755433,0.9908764293218537,10.641802904559027,13.978847048396943,2.3159992694854736
synthetic_nist4_4_0V/local,CC413D130563A799BE087F0CDB9F00977DD690125F85FCB506966CD51541AAFB,d1,0,0.0,"[4.0, 6.0, 8.0]",plateau,1050.0,1050.0,0.003558536060154438,,5.538789599999291,11.562134742736816,11.718764364273566,11.33013141501695,0.9673800506285714,10.641802980266776,13.978847362617422,2.3159992694854736
synthetic_nist4_4_0V/local,FC449ED0AAE87B9274E06045ECAFAE1917E55EC18A7AB7F5D27EA64F2295A738,g1,0,0.0,"[4.0, 6.0, 8.0]",plateau,2264.0,2264.0,0.0035897702910006046,,10.642752599997038,11.5600004196167,11.718991647564222,11.561845228363786,0.9686532065481864,10.641802972851131,13.978847369020386,2.3159992694854736
synthetic_nist4_4_0V/local,7207AC59155B50A39D0F4331B895719280E314DE60D6DB62522A0DD3C6A1D471,d2,0,0.0,"[4.0, 6.0, 8.0]",plateau,2076.0,2076.0,0.0035647545009851456,,10.515791800000443,11.553984642028809,11.719630827203478,11.355340814203542,0.9675113057687027,10.641802994418223,13.97884735039849,2.3159992694854736
synthetic_nist4_4_0V/local,AD513E67787C98CAFAE29313538241D2D10DA228177EA9FDA9DE4F95EBFCC24B,d3,0,0.0,"[4.0, 6.0, 8.0]",plateau,2548.0,2548.0,0.003564734011888504,,12.489335099999153,11.557106971740723,11.71976486102368,11.343361721236883,0.9675043388570191,10.641803018298786,13.978847329779008,2.3159992694854736
synthetic_nist4_4_0V/local,B9DDDB723A4F692FF448273DCA0741CE46182829AF4F81B9761F772466C0E062,d4,0,0.0,"[4.0, 6.0, 8.0]",plateau,3375.0,3375.0,0.003567576641216874,,14.223390400002245,11.580671310424805,11.719782153976755,11.542869741003809,0.9675936805055796,10.641803014318691,13.978847333215585,2.3159992694854736
synthetic_nist4_4_0V/local,C760F03EB2B680DBD0767571506C358CACC7B25D5CE37FC06740BA490B279A3C,h4s,0,0.0,"[4.0, 6.0, 8.0]",plateau,2105.0,2105.0,0.003564197337254882,,8.622068200002104,11.562010765075684,11.71885837961453,11.51546922919471,0.9676274378212976,10.641802948868257,13.97884738972822,2.3159992694854736
synthetic_nist4_4_0V/local,3A0674245E4DD799AFB969F24D7A252C244D391B93EF88F64E50116664D9DF03,equal4,0,0.0,"[4.0, 6.0, 8.0]",plateau,2195.0,2195.0,0.003563382662832737,,8.996997400001419,11.56295394897461,11.719032847381538,11.519139440513026,0.9675617831497986,10.64180301144418,13.978847335697557,2.3159992694854736
synthetic_nist4_4_4V/coarse,50E66E9A0152E7D78E11D38E7DA9B8D094C63A506C9B866A67B1BD7FD00F8284,H1,0,0.0,"[0.0, 6.0, 8.0]",epoch_limit,3500.0,3500.0,0.003359465394169092,,13.373670799999672,11.530298233032227,11.530298233032227,11.530298233032227,0.0,11.530298233032227,11.530298233032227,2.330068588256836
synthetic_nist4_4_4V/coarse,B274B4ABD668D9A352ACF12501457CA5A9FC215E87F964088D6855990F58C412,G1,0,0.0,"[0.0, 6.0, 8.0]",epoch_limit,3500.0,3500.0,0.0033871897030621767,,16.409810000001016,11.529999732971191,11.530963916071022,11.525963085871393,0.09521655024289925,11.369369070053477,11.682675748435864,2.3098955154418945
synthetic_nist4_4_4V/coarse,C2A80DB04710276A222C470ABA30B1DEA17119641779F87A622A7A49686072F0,C,0,0.0001,"[0.0, 6.0, 8.0]",epoch_limit,3500.0,3500.0,0.006208112463355064,,15.633363199998712,11.539999961853027,11.714812991115283,11.554674575836023,1.0712190806936248,10.486334385774711,14.17826966110279,2.2719027996063232
synthetic_nist4_4_4V/local,07802B23110EBDA8C31FA2F07EB898FC405B5B1BEA23C58375F8AC0D3D290FBB,d1,0,0.0,"[0.0, 6.0, 8.0]",plateau,902.0,902.0,0.003850665409117937,,4.854240799999388,11.510262489318848,11.69513967407675,11.286826755595452,1.0521221055954884,10.486334256098774,14.178269763327412,2.2719027996063232
synthetic_nist4_4_4V/local,F5A64085E8CCB4FFD33EAA6B30AADB7D0CCE79A9CD47A0B0CD45A893A5150E93,g1,0,0.0,"[0.0, 6.0, 8.0]",plateau,1958.0,1958.0,0.0038786742370575666,,9.330845200001932,11.510000228881836,11.69604978348771,11.510465450479343,1.053189527931258,10.486334259859886,14.17826976197141,2.2719027996063232
synthetic_nist4_4_4V/local,815A2A1A1C07D810562C75C32A74394BB527A12F4C5F1B8F55C39533579F3F27,d2,0,0.0,"[0.0, 6.0, 8.0]",plateau,1961.0,1961.0,0.0038569364696741104,,9.575316399997973,11.499344825744629,11.696399226256315,11.315841413315864,1.0522652101599697,10.486334323025728,14.178269739197699,2.2719027996063232
synthetic_nist4_4_4V/local,1BEFAF8CFAADA5C56DD2D0151F1414F408C638AD6A573175C28F987DE8EB3900,d3,0,0.0,"[0.0, 6.0, 8.0]",plateau,2543.0,2543.0,0.0038574794307351112,,12.08594809999704,11.503927230834961,11.696679445606616,11.300812979925162,1.0522384415418862,10.486334189171819,14.178269787457152,2.2719027996063232
synthetic_nist4_4_4V/local,E53C7D96AB532607D4A4DB5EEE82D54C6DA7614AC87B664F562654FF08A08907,d4,0,0.0,"[0.0, 6.0, 8.0]",plateau,3145.0,3145.0,0.00385859701782465,,13.42576740000004,11.52788257598877,11.696492499103721,11.489577008569652,1.0522651277600708,10.486334258887396,14.178269762321998,2.2719027996063232
synthetic_nist4_4_4V/local,A0B9F1013C1C446F9BDD920BF0D2D3CC7EFA6BAAE7C9CC5BB2354C853EA95C31,h4s,0,0.0,"[0.0, 6.0, 8.0]",plateau,2327.0,2327.0,0.0038556805811822414,,9.637376999999105,11.505709648132324,11.69574329297738,11.471455004203936,1.0523178604525256,10.486334295139496,14.178269749251752,2.2719027996063232
synthetic_nist4_4_4V/local,C1B329F2441DF23C575AC9AFFFE285E8B52482D6C16E0990DCAB273D97B68BF1,equal4,0,0.0,"[0.0, 6.0, 8.0]",plateau,2396.0,2396.0,0.0038554957136511803,,9.795023199996649,11.505335807800293,11.695669304210496,11.463235117406407,1.0523202201477448,10.486334113878998,14.17826981460305,2.2719027996063232
synthetic_nist4_4_6V/coarse,21C7B7C5966A424D86390D374CC978B38A6350E8D67091375415B1790F6D1817,H1,0,0.0,"[0.0, 4.0, 8.0]",epoch_limit,3500.0,3500.0,0.0031452036928385496,,14.466606099998899,11.53766918182373,11.53766918182373,11.53766918182373,0.0,11.53766918182373,11.53766918182373,2.390002965927124
synthetic_nist4_4_6V/coarse,45552490A9B20B97F1CD1830F42B962F5B74E78032B686262A48183D22B7441F,G1,0,0.0,"[0.0, 4.0, 8.0]",epoch_limit,3500.0,3500.0,0.0031763333827257156,,17.2683337999988,11.539999961853027,11.538627650016066,11.533628773834922,0.0897065745623419,11.38593043058879,11.681199613393401,2.374581813812256
synthetic_nist4_4_6V/coarse,7F9333A9850D373E47AF97060A89ACA321EBBA4380F9D32813DE62143586CE71,C,0,0.0001,"[0.0, 4.0, 8.0]",epoch_limit,3500.0,3500.0,0.0061002434231340885,,16.32432719999997,11.569999694824219,11.657884007169123,11.574687536715688,0.872980183863804,10.689079887660876,13.413232412541943,2.2903544902801514
synthetic_nist4_4_6V/local,53D97E645B1A80AA32CE81EDD006836337D0F492990A6009ACAE2B06DB57FD66,d1,0,0.0,"[0.0, 4.0, 8.0]",plateau,849.0,849.0,0.003704929258674383,,4.824880700001813,11.52872371673584,11.629079018820548,11.304776972998152,0.8474043979315411,10.68908015248646,13.413232479676164,2.2903544902801514
synthetic_nist4_4_6V/local,1CB3BE5F5F674BF95115AFF8773F94D88C9F699B3D178F1AD0988207D3C333C4,g1,0,0.0,"[0.0, 4.0, 8.0]",plateau,2226.0,2226.0,0.0037359120324254036,,10.895260999997845,11.529999732971191,11.62971073420441,11.526419446109207,0.8488319383889381,10.68908014878581,13.413232495560031,2.2903544902801514
synthetic_nist4_4_6V/local,27FA158623BEE0B54F943E438DDA505247987717BE7F3C0A9CD2C4AE7A0F25FC,d2,0,0.0,"[0.0, 4.0, 8.0]",plateau,2232.0,2232.0,0.003711459692567587,,11.081130700000358,11.519098281860352,11.629819549987262,11.327946981955911,0.8477012395555852,10.689080129679228,13.41323257756896,2.2903544902801514
synthetic_nist4_4_6V/local,4C6327C69F46B59375427242C738ECC44C052DFE0AFFB6C5A34988FAB5CD7E4F,d3,0,0.0,"[0.0, 4.0, 8.0]",plateau,2722.0,2722.0,0.0037123383954167366,,13.297476200001256,11.52281665802002,11.630208289878308,11.316059582067346,0.8477038568092171,10.689080166170799,13.41323242094048,2.2903544902801514
synthetic_nist4_4_6V/local,076CB3047ACEDEBFCEE4A1AF5C9D5B10CAACE3AA4CDA9BF0F061A21BBE19D589,d4,0,0.0,"[0.0, 4.0, 8.0]",plateau,3251.0,3251.0,0.003711843164637685,,13.927909400001226,11.538257598876953,11.629838715773968,11.504637819724964,0.8476500806399315,10.689080151203553,13.413232485182633,2.2903544902801514
synthetic_nist4_4_6V/local,1CCFDEE781AFCCEA117F3164547C1DEAC44F799299F51C3BF989F1E558F4040A,h4s,0,0.0,"[0.0, 4.0, 8.0]",plateau,2583.0,2583.0,0.0037103514187037945,,10.405189199998858,11.524036407470703,11.629183207667808,11.488662738813753,0.8477166307370245,10.689080126400688,13.413232591641053,2.2903544902801514
synthetic_nist4_4_6V/local,9ED286029BEE413F052EBE0977008A896FE9F9F2095AC1181B8991F4069D2A10,equal4,0,0.0,"[0.0, 4.0, 8.0]",plateau,2474.0,2474.0,0.0037104515358805656,,10.048834299999726,11.5239839553833,11.629155465019851,11.480205000032823,0.8477230658946154,10.689080165743164,13.413232422775975,2.2903544902801514
synthetic_nist4_4_8V/coarse,5F10C59B0243B7AC8CC20C5D9D5CA8E97D4C3C44B1266D10AD38CACCF535F111,H1,0,0.0,"[0.0, 4.0, 6.0]",epoch_limit,3500.0,3500.0,0.0024454770609736443,,14.138774499999272,11.536480903625488,11.536480903625488,11.536480903625488,0.0,11.536480903625488,11.536480903625488,2.278858184814453
synthetic_nist4_4_8V/coarse,76A520E41E1561C68B7C28BDA0B9A26077F0B08E75A2E137553B0DE0788B0242,G1,0,0.0,"[0.0, 4.0, 6.0]",epoch_limit,3500.0,3500.0,0.002478374168276787,,17.0032984999998,11.539999961853027,11.537293462415992,11.532295302430967,0.0879549010111749,11.387528153635506,11.677085000655744,2.267204999923706
synthetic_nist4_4_8V/coarse,4127EC74096F23AA6AACAD0CAAB1A64157082D1C0B268DFC4BFD4C9ABC55F4AB,C,0,0.0001,"[0.0, 4.0, 6.0]",epoch_limit,3500.0,3500.0,0.005271352361887693,,16.21570900000006,11.510000228881836,11.695375175940105,11.547088519283065,0.9145273616595649,10.731240273109309,13.921032471081045,2.27313232421875
synthetic_nist4_4_8V/local,0A9265D21DC9BCF167E374F418B9DA72D2A1B57530951805BA1AEC9C9B58DEAA,d1,0,0.0,"[0.0, 4.0, 6.0]",plateau,808.0,808.0,0.003026990219950676,,4.811885200000688,11.478521347045898,11.673090316343078,11.2668548006549,0.8925779346097554,10.73124054666765,13.921032333244455,2.27313232421875
synthetic_nist4_4_8V/local,0D21862B69A2BD2EB0F928F7A97C159E7A965E9A5440A85FB6E001B90FB9F172,g1,0,0.0,"[0.0, 4.0, 6.0]",plateau,2524.0,2524.0,0.0030579986050724983,,12.223369100000127,11.479999542236328,11.673255659114924,11.480910900074548,0.8938590093535079,10.731240543291737,13.921032339103771,2.27313232421875
synthetic_nist4_4_8V/local,D1A9923CE565B0B234E8E00B7A7BB945B7390AC3F5ECC4AA2FFF5CDB003FB1ED,d2,0,0.0,"[0.0, 4.0, 6.0]",plateau,2336.0,2336.0,0.003033155109733343,,11.56942429999981,11.469711303710938,11.673852807972422,11.291973996061902,0.8927270362196345,10.73124054426681,13.921032337411415,2.27313232421875
synthetic_nist4_4_8V/local,5CA00623EE88AB8E2C8F4AD561C815F9C393D72CD1600DC58A77FEED861056BA,d3,0,0.0,"[0.0, 4.0, 6.0]",plateau,2688.0,2688.0,0.0030329017899930477,,13.021562899997662,11.473840713500977,11.67404738589309,11.277168022452305,0.8926949308625033,10.731240556571107,13.921032316055749,2.27313232421875
synthetic_nist4_4_8V/local,B7F737DF60560FB3B855471FA63C9D394A748168478D859ED66DA07B97A7947E,d4,0,0.0,"[0.0, 4.0, 6.0]",epoch_limit,3500.0,3500.0,0.0030340745579451323,,14.916637999998784,11.490829467773438,11.67373788655524,11.460971727159235,0.8927393501276094,10.73124054546723,13.921032335327933,2.27313232421875
synthetic_nist4_4_8V/local,1344A0663411E1B136D69BADAEF4727A51DBC72519E5D197A2D2D68E89B09558,h4s,0,0.0,"[0.0, 4.0, 6.0]",plateau,2634.0,2634.0,0.003030446358025074,,10.770996100000048,11.48483943939209,11.676212475628247,11.43918380603108,0.8920535077677141,10.731240545204638,13.92103233578369,2.27313232421875
synthetic_nist4_4_8V/local,B4EC54A98F87785E743F0800A63137C7FE7F4F606F58B17832127ADA8D6B85FF,equal4,0,0.0,"[0.0, 4.0, 6.0]",plateau,2937.0,2937.0,0.003030846593901515,,11.800748399997246,11.491800308227539,11.680511047817985,11.448694822458817,0.8911070553267475,10.731240557190073,13.92103231498146,2.27313232421875
synthetic_equal4_0_0V/coarse,C25F8E8EA41931E90F9A5BCCC93B57FBCB481E20302A0FCC46199ED1290817AC,H1,0,0.0,"[4.0, 6.0, 8.0]",epoch_limit,3500.0,3500.0,0.002969598863273859,,14.512507899999036,11.63734245300293,11.63734245300293,11.63734245300293,0.0,11.63734245300293,11.63734245300293,2.4064998626708984
synthetic_equal4_0_0V/coarse,D51DE240B1875522184EF3DEB21A741FC14F824951B5D5A91559C1ECE6BF045C,G1,0,0.0,"[4.0, 6.0, 8.0]",epoch_limit,3500.0,3500.0,0.003004938131198287,,17.962484100000438,11.640000343322754,11.637757292662478,11.632759242805639,0.09196619406852309,11.481446866699635,11.784169525066792,2.3878118991851807
synthetic_equal4_0_0V/coarse,FD5F78F772F39F4E9279D39C09658C64D4A7AA403DC5DA7F333BDCD8BFEF00F7,C,0,0.0001,"[4.0, 6.0, 8.0]",epoch_limit,3500.0,3500.0,0.006027607712894678,,17.027044399997976,11.680000305175781,11.85179720009966,11.720496619555467,0.8336052291770343,10.961611914783385,13.882939251937907,2.3121933937072754
synthetic_equal4_0_0V/local,C357A2D4F060E5EC2DF0606E6EACD9B9DC91F06A1ACB3F142F15613A598B3F09,d1,0,0.0,"[4.0, 6.0, 8.0]",plateau,801.0,801.0,0.0035992655903100967,,4.521405999999843,11.625846862792969,11.81430614896897,11.427355297061316,0.8121904262935604,10.961611804092012,13.882939089883553,2.3121933937072754
synthetic_equal4_0_0V/local,0ED8F1F835C08F9FD11270861315A8DF1381ADCCA869CA9F9AE8D1CE299E19FE,g1,0,0.0,"[4.0, 6.0, 8.0]",plateau,2213.0,2213.0,0.0036279852502048016,,10.490247000001546,11.630000114440918,11.814886953963683,11.630095798210494,0.8136401048118386,10.961611799233463,13.882939099879344,2.3121933937072754
synthetic_equal4_0_0V/local,794D9D2F6AB8559F2F7B6D5B4930710388365627F4D94354E32222BE53982C89,d2,0,0.0,"[4.0, 6.0, 8.0]",plateau,2185.0,2185.0,0.003606043756008148,,10.523493799999414,11.615411758422852,11.815166646397572,11.455671504357243,0.8124017787006645,10.961611796530354,13.882939105440599,2.3121933937072754
synthetic_equal4_0_0V/local,B09140283145C056CBA9EDB40A4140988316F51756C653A473254C03891C21ED,d3,0,0.0,"[4.0, 6.0, 8.0]",plateau,2971.0,2971.0,0.0036059997510164976,,14.291327399998409,11.6171236038208,11.815235962930545,11.451085378339704,0.8123936280817079,10.961611789913903,13.882939119053052,2.3121933937072754
synthetic_equal4_0_0V/local,8A485DC4D7FACEA5A978AAEFD64536A4EFB93C111E279619E84F6ED43C7F081B,d4,0,0.0,"[4.0, 6.0, 8.0]",plateau,2852.0,2852.0,0.003605377394706011,,12.546923900001275,11.634282112121582,11.81493695139857,11.599745225391585,0.8124210150048367,10.961611808050069,13.882939081740398,2.3121933937072754
synthetic_equal4_0_0V/local,6A0513E372BC0BA14AC1A295868F1AD542963A240803C8A6D10ED4AE68F6ACE3,h4s,0,0.0,"[4.0, 6.0, 8.0]",plateau,2420.0,2420.0,0.0036051725037395954,,10.188999100002547,11.621912002563477,11.81460942589648,11.589486709369943,0.8125035322068905,10.96161179463994,13.882939109329877,2.3121933937072754
synthetic_equal4_0_0V/local,0D8B25A877003A17150190F38A5A6CEEE03AD7D6A9E45F6C547FC303C8A8E06C,equal4,0,0.0,"[4.0, 6.0, 8.0]",plateau,2437.0,2437.0,0.0036050816997885704,,10.236224200001743,11.621533393859863,11.81454330365383,11.581701520090373,0.8125087246136348,10.961611801492692,13.882939095231285,2.3121933937072754
synthetic_equal4_0_4V/coarse,C5BAD1D99F9FD3E34B9908121CAAE3EC780DBBA131D9D2A534A3BCE3EDF68338,H1,0,0.0,"[0.0, 6.0, 8.0]",epoch_limit,3500.0,3500.0,0.0029790326952934265,,13.340423900001042,11.620993614196777,11.620993614196777,11.620993614196777,0.0,11.620993614196777,11.620993614196777,2.4069433212280273
synthetic_equal4_0_4V/coarse,6A1748E506FBE7C2B1500E0F22AC424487143646903479E3808BD39B77633A9B,G1,0,0.0,"[0.0, 6.0, 8.0]",epoch_limit,3500.0,3500.0,0.0030070962384343147,,17.2859126000003,11.619999885559082,11.621555330526657,11.616553815349082,0.09421854945296844,11.461536062799297,11.771571360234452,2.387368679046631
synthetic_equal4_0_4V/coarse,5B6F732D1CB14AA3E2B94023F311468B650A6ABE421179AB35F638E7873669BC,C,0,0.0001,"[0.0, 6.0, 8.0]",epoch_limit,3500.0,3500.0,0.0058321040123701096,,16.533473600000434,11.670000076293945,11.84777988715953,11.715643828027984,0.8310840433050897,10.961387045878398,13.900478077486776,2.2972829341888428
synthetic_equal4_0_4V/local,FCFE4322C9E706DA7ADB6117CEDA384754EF1EE9BEBE018E37F3ED6E0CCF9554,d1,0,0.0,"[0.0, 6.0, 8.0]",plateau,744.0,744.0,0.00353841669857502,,4.1838906000011775,11.612868309020996,11.807353218490778,11.417373091622448,0.8104535468235862,10.961386900739932,13.900478392927528,2.2972829341888428
synthetic_equal4_0_4V/local,95D0DC8F1BA23F6EC5426A5DAE754A9278E163EAC4C51BE382A15F85FD472BF4,g1,0,0.0,"[0.0, 6.0, 8.0]",plateau,1979.0,1979.0,0.0035637742839753628,,10.069408200000908,11.609999656677246,11.80773905915897,11.61756003191098,0.8119900013563413,10.961386897272629,13.900478400718523,2.2972829341888428
synthetic_equal4_0_4V/local,52EA485FCB7818E1278E78C37025D35380475FD3D942E409ECFA11682FF30064,d2,0,0.0,"[0.0, 6.0, 8.0]",plateau,2106.0,2106.0,0.0035450151190161705,,10.47155930000008,11.601435661315918,11.808103760867851,11.446265151439677,0.8107289745122119,10.961386900739932,13.900478392927528,2.2972829341888428
synthetic_equal4_0_4V/local,7C8CA30CFE3000EA3493C230E0F9DFD3F82EE7FA946040D82B91CE8574893FD6,d3,0,0.0,"[0.0, 6.0, 8.0]",plateau,3007.0,3007.0,0.0035445494577288628,,14.72903430000224,11.603009223937988,11.808084066137472,11.444611988436973,0.8107100401989035,10.96138691194664,13.900478367746171,2.2972829341888428
synthetic_equal4_0_4V/local,1708D0BBE5ABE0713D0FFD0070D66407FF4A437CE5CCA1C475509D343F47E2E3,d4,0,0.0,"[0.0, 6.0, 8.0]",plateau,2767.0,2767.0,0.003544617909938097,,12.019322700001794,11.622102737426758,11.808049140239158,11.586763060226637,0.8107123647636021,10.961386892559034,13.90047841130992,2.2972829341888428
synthetic_equal4_0_4V/local,2B7F7F39158935110583FF5F5B439E1FD5E56700935C6B17A6713C71D9910861,h4s,0,0.0,"[0.0, 6.0, 8.0]",plateau,2206.0,2206.0,0.0035440849605947733,,9.096529800001008,11.608613967895508,11.807506800368543,11.576432018877767,0.8108409962138206,10.96138691082597,13.900478370264318,2.2972829341888428
synthetic_equal4_0_4V/local,EA3DEBB0A39841778177A5C5A7C65380ABA3E5B04E031ECE72AA28BCC8AB7E25,equal4,0,0.0,"[0.0, 6.0, 8.0]",plateau,2224.0,2224.0,0.003543986938893795,,9.082569700000022,11.608238220214844,11.807443320375498,11.56874485336018,0.8108462149403269,10.961386900851998,13.900478392675714,2.2972829341888428
synthetic_equal4_0_6V/coarse,ECBBE2FBA56BBDF957F3AFB32878CE3AAE4CBB3E24AEAEBBB857B6797FB1997E,H1,0,0.0,"[0.0, 4.0, 8.0]",epoch_limit,3500.0,3500.0,0.0030012917704880238,,14.642883799999254,11.58475399017334,11.58475399017334,11.58475399017334,0.0,11.58475399017334,11.58475399017334,2.3800342082977295
synthetic_equal4_0_6V/coarse,411F7179AF5A871FD7A5CD82231B10144B4AAB7CEA82697D674640E9A50B85FC,G1,0,0.0,"[0.0, 4.0, 8.0]",epoch_limit,3500.0,3500.0,0.0030332827009260654,,17.303859999999986,11.579999923706055,11.584974318764473,11.579974170020671,0.08570160827300667,11.43900408014881,11.720940232884123,2.3660061359405518
synthetic_equal4_0_6V/coarse,E0DA5908DA5EB03080A71842395FF1F22A5C905B6F03FEA07A92D4911F80A51C,C,0,0.0001,"[0.0, 4.0, 8.0]",epoch_limit,3500.0,3500.0,0.0058842315338552,,16.474658099999942,11.600000381469727,11.836024073917889,11.659786592440888,0.8986053844970685,10.88049986220243,13.973704731417124,2.3536343574523926
synthetic_equal4_0_6V/local,B1365C245EDB490DF71A415BFD699D52738BFD3F0CA27E468458B0E824757CDA,d1,0,0.0,"[0.0, 4.0, 8.0]",plateau,712.0,712.0,0.00358220050111413,,4.278390399998898,11.547699928283691,11.79974141440174,11.357276542445696,0.8819036591601328,10.880499687793225,13.973704880650347,2.3536343574523926
synthetic_equal4_0_6V/local,D88C1579AE132B6E6FF4BC60FD6F494B131710D78767CE55B58E741FD79BD8CE,g1,0,0.0,"[0.0, 4.0, 8.0]",plateau,2285.0,2285.0,0.003613188397139311,,11.186733500002447,11.550000190734863,11.80060961168687,11.555447001304856,0.883051576170752,10.880499685555632,13.97370488441293,2.3536343574523926
synthetic_equal4_0_6V/local,2FDF5BCF4AC48F043609BEADE712C31B3A70CB35A64E6F95C0C82D71B66E1FE4,d2,0,0.0,"[0.0, 4.0, 8.0]",plateau,2156.0,2156.0,0.0035894401371479034,,10.76761819999956,11.53931713104248,11.80088537421092,11.379909950860322,0.881932373895576,10.880499693473649,13.973704871098539,2.3536343574523926
synthetic_equal4_0_6V/local,88FAB1D8AE2A8283FE3E838ADC8D3BBB6CF158FC196BEA7B87F22A571705EB78,d3,0,0.0,"[0.0, 4.0, 8.0]",plateau,2548.0,2548.0,0.003589457366615534,,12.513183300001401,11.542669296264648,11.800968320680068,11.369616787927091,0.8819066611817707,10.880499681639435,13.973704890998144,2.3536343574523926
synthetic_equal4_0_6V/local,8D22CD4E54B77650F669AAD0F5F5921865E3CB5963B9EA91BE5A04554B305303,d4,0,0.0,"[0.0, 4.0, 8.0]",plateau,3365.0,3365.0,0.003588791936635971,,14.3061017,11.559618949890137,11.800962081132722,11.531098119432377,0.8818785830493266,10.880499677142433,13.97370489855998,2.3536343574523926
synthetic_equal4_0_6V/local,D441EA3321CB03FAF8340A94CD6CD0D591DB902CE7B7946FC4495BA2CF159AF5,h4s,0,0.0,"[0.0, 4.0, 8.0]",plateau,2127.0,2127.0,0.0035867164842784405,,8.72239830000035,11.548894882202148,11.79982394858306,11.506466639312858,0.8821148422725505,10.88049968465716,13.973704885923745,2.3536343574523926
synthetic_equal4_0_6V/local,0018B84399D0DA8B37F9503D90BED0DDFC90B7D08FAE74A4BB1CB9AD26518CCB,equal4,0,0.0,"[0.0, 4.0, 8.0]",plateau,2178.0,2178.0,0.003586231265217066,,8.824376300002768,11.549992561340332,11.79995462599388,11.50985163678415,0.8820570919147896,10.880499694242872,13.97370486980507,2.3536343574523926
synthetic_equal4_0_8V/coarse,DFC3CD174FB7B7DBFFD3D1939ED6EDD05C0CF14F8DB7F7072777DCAF4878AD24,H1,0,0.0,"[0.0, 4.0, 6.0]",epoch_limit,3500.0,3500.0,0.0026415144093334675,,13.311442199999874,11.662042617797852,11.662042617797852,11.662042617797852,0.0,11.662042617797852,11.662042617797852,2.6201679706573486
synthetic_equal4_0_8V/coarse,662C96EE182FA6E44DE3A4E3E388725D796DA661070304D3E5EC28C76DE679E5,G1,0,0.0,"[0.0, 4.0, 6.0]",epoch_limit,3500.0,3500.0,0.0026688301004469395,,17.052665100000013,11.65999984741211,11.660936329536227,11.65593512676832,0.08829676298489805,11.510715086051592,11.801188831501337,2.607433557510376
synthetic_equal4_0_8V/coarse,269DC9CC132CCB3B23ED4D4F9842CA4E9EDC27EBA70072962D78A27690874644,C,0,0.0001,"[0.0, 4.0, 6.0]",epoch_limit,3500.0,3500.0,0.005315680522471666,,16.307659600002808,11.699999809265137,11.884718758414062,11.742717616794092,0.834697712457014,10.990349139017821,13.955083272409432,2.4064385890960693
synthetic_equal4_0_8V/local,B500340E4DE7003D0CE8636FE0B0436A9262BAE0E4F4DBE10D4113257E292064,d1,0,0.0,"[0.0, 4.0, 6.0]",plateau,792.0,792.0,0.0032197609543800354,,4.68448139999964,11.637301445007324,11.842234991257163,11.443908192158956,0.8151665220967328,10.990349212887766,13.955083246614363,2.4064385890960693
synthetic_equal4_0_8V/local,DB770EB5D0B6268E5107D525E48FBE1810AB6768BA1708490F0BEF867E98973A,g1,0,0.0,"[0.0, 4.0, 6.0]",plateau,2116.0,2116.0,0.0032453853636980057,,10.976882900002238,11.640000343322754,11.842735486305399,11.641961748887987,0.8166175220946239,10.99034920634153,13.955083263385443,2.4064385890960693
synthetic_equal4_0_8V/local,7916F42094C823AAA4810F67FCB2C04F3DED5F02AB4A6476C343AA7A530ECA73,d2,0,0.0,"[0.0, 4.0, 6.0]",plateau,2296.0,2296.0,0.003226302098482847,,12.04132970000137,11.626864433288574,11.843097046743162,11.47003322942622,0.8153774722349374,10.990349219423688,13.955083229869702,2.4064385890960693
synthetic_equal4_0_8V/local,82AA3A22361DF03E9612EE2B9B310C42975D7265B89418058C26A668B42E1E9B,d3,0,0.0,"[0.0, 4.0, 6.0]",plateau,2913.0,2913.0,0.0032261309679597616,,14.518922699997347,11.628978729248047,11.843172338202283,11.465339967834714,0.8153467311168358,10.990349214930243,13.955083241381654,2.4064385890960693
synthetic_equal4_0_8V/local,31061FFDA6DA210ACD5DD5AE33645D7D24A216D66487BDCC7F44CBCBC3C801A0,d4,0,0.0,"[0.0, 4.0, 6.0]",plateau,2830.0,2830.0,0.003225593129172921,,12.29325130000143,11.646224021911621,11.843068647258656,11.612438968151372,0.815336745303397,10.990349205483794,13.955083265582923,2.4064385890960693
synthetic_equal4_0_8V/local,F4BF3409E7779D961779971BC49134DE6A3361FE8490CFF195AB55CD5438BCE9,h4s,0,0.0,"[0.0, 4.0, 6.0]",plateau,2614.0,2614.0,0.003223100211471319,,10.62707600000067,11.640421867370605,11.842327195709112,11.595179610647037,0.8153675780388652,10.990349224912842,13.955083215806802,2.4064385890960693
synthetic_equal4_0_8V/local,D496921C497BF680AC73CFA7C209093D33D4E3A747E8E446B3F3FDC4AFD365DA,equal4,0,0.0,"[0.0, 4.0, 6.0]",plateau,2640.0,2640.0,0.003224634099751711,,10.58174379999764,11.633007049560547,11.842410462017991,11.593576944487282,0.8154410550342299,10.990349206147597,13.955083263882297,2.4064385890960693
synthetic_equal4_1_0V/coarse,18E84C323202557C98937AE268EED363CF71F71E63DE1031C34CB96E36AA4494,H1,0,0.0,"[4.0, 6.0, 8.0]",epoch_limit,3500.0,3500.0,0.002585320733487606,,14.358213999999862,11.765670776367188,11.765670776367188,11.765670776367188,0.0,11.765670776367188,11.765670776367188,2.2964398860931396
synthetic_equal4_1_0V/coarse,D90B344127030E6C5E24B9143FD6134A7DB6D30840140B2916B59EF2FAA37768,G1,0,0.0,"[4.0, 6.0, 8.0]",epoch_limit,3500.0,3500.0,0.002626487985253334,,17.31749910000144,11.770000457763672,11.767272010922438,11.76227434098927,0.08831136339684403,11.616893778570677,11.90762548391126,2.2824745178222656
synthetic_equal4_1_0V/coarse,E5A0CF85D6B9C981D4A82CB59BE75729141310241A2F393F8A93F68F21DF28CB,C,0,0.0001,"[4.0, 6.0, 8.0]",epoch_limit,3500.0,3500.0,0.0054737115278840065,,16.386173199996847,11.770000457763672,11.941315116296991,11.80875035573803,0.9076498911032228,10.909462815968139,14.107229396310737,2.3345673084259033
synthetic_equal4_1_0V/local,8A28BDFCFC9C2932E80EDA7FB3A75DC0A3C68FA25DDC14FF68FA025855DA55DB,d1,0,0.0,"[4.0, 6.0, 8.0]",plateau,1020.0,1020.0,0.0032038006465882063,,5.408399300002202,11.748224258422852,11.925327944513173,11.532556915904859,0.8844429081558056,10.90946287254051,14.107229558144702,2.3345673084259033
synthetic_equal4_1_0V/local,2B76126CB39217A875E1F96D3017EED669F48652A3C04749A1E2C3DB0E238002,g1,0,0.0,"[4.0, 6.0, 8.0]",plateau,2399.0,2399.0,0.003235840704292059,,11.33628519999911,11.75,11.925713594037182,11.751129308367195,0.885692299960349,10.909462909240887,14.10722953156802,2.3345673084259033
synthetic_equal4_1_0V/local,C391E018A9BC025A543C1A0D06176AD9247FDBED75BFECE05D2CCD9A10ECA56C,d2,0,0.0,"[4.0, 6.0, 8.0]",plateau,2275.0,2275.0,0.0032096393406391144,,11.328797099999065,11.740721702575684,11.92634694860524,11.556757754077383,0.8845192297718254,10.909462876943344,14.107229554956374,2.3345673084259033
synthetic_equal4_1_0V/local,0968D8190B266045A69B725CFE19D6D37E6F1380BD047B885C3ED4F2175BEBBB,d3,0,0.0,"[4.0, 6.0, 8.0]",plateau,2410.0,2410.0,0.0032102344557642937,,12.017398100000719,11.74134349822998,11.926327861708007,11.690339951599043,0.8845383956194925,10.909462831263939,14.10722958803525,2.3345673084259033
synthetic_equal4_1_0V/local,5F0969344DDB2A98D355B4A51E31AC6CAA0B65E01B80A75F841F3885577BD4B5,d4,0,0.0,"[4.0, 6.0, 8.0]",plateau,3271.0,3271.0,0.003213023766875267,,13.927657799998997,11.771505355834961,11.926456557635852,11.729509997495693,0.8846280933252347,10.909462877218521,14.107229554757103,2.3345673084259033
synthetic_equal4_1_0V/local,1AAC4BAF23C9E96881C7BDEDA9548A25A5E1C599E7E76F67393A10CA8613A4EE,h4s,0,0.0,"[4.0, 6.0, 8.0]",plateau,2492.0,2492.0,0.003207613481208682,,10.093125999999756,11.749414443969727,11.92543458885493,11.704215102672157,0.8845954567737235,10.909462858781653,14.107229568108208,2.3345673084259033
synthetic_equal4_1_0V/local,37A6C44A8C119265000FB67ADEB58C3E710347EF1D99909D8D583B13ED4D2411,equal4,0,0.0,"[4.0, 6.0, 8.0]",plateau,2350.0,2350.0,0.0032079485245049,,9.56430360000013,11.749773979187012,11.92542589184888,11.707345322965786,0.8846094203768454,10.909462899714253,14.107229538466754,2.3345673084259033
synthetic_equal4_1_4V/coarse,A1E88442FCF8073FB5F77A3AA6E27EB72463ED6B11A668A351C614B3E07FA97B,H1,0,0.0,"[0.0, 6.0, 8.0]",epoch_limit,3500.0,3500.0,0.0031347712501883507,,13.211829200001375,11.736337661743164,11.736337661743164,11.736337661743164,0.0,11.736337661743164,11.736337661743164,2.280008316040039
synthetic_equal4_1_4V/coarse,548137D27690CE043F06097744D37CBA4F26D03AC6D368999B2EC81E03AC47A1,G1,0,0.0,"[0.0, 6.0, 8.0]",epoch_limit,3500.0,3500.0,0.0031697831582278013,,16.550429599999916,11.739999771118164,11.736869801480074,11.731871385961288,0.0890634473596944,11.585220530985701,11.87841562246223,2.2634167671203613
synthetic_equal4_1_4V/coarse,9FE206DD1A8A5484EE344BFEFBDE36C88B90E5DE89A547C4B574CC241F614BD3,C,0,0.0001,"[0.0, 6.0, 8.0]",epoch_limit,3500.0,3500.0,0.005696604494005442,,15.827420700003131,11.739999771118164,12.025840443380966,11.81674324417374,0.9053042904193337,11.063400585415113,14.14667237305978,2.264420509338379
synthetic_equal4_1_4V/local,97893038F4898109CB399163BE13A5E21090DD5B430D86B1404BDBBE4EDFAE7F,d1,0,0.0,"[0.0, 6.0, 8.0]",plateau,844.0,844.0,0.003622685093432665,,4.880406399999629,11.714628219604492,12.007835700483716,11.522052071336432,0.8848239699808981,11.063400635147037,14.146672536326843,2.264420509338379
synthetic_equal4_1_4V/local,CBCD54B04A8DA136C9E639B439991FD8FA160BA2CB64AFC8DFBDE10475A3526C,g1,0,0.0,"[0.0, 6.0, 8.0]",plateau,2140.0,2140.0,0.0036509945057332516,,10.632069999999658,11.720000267028809,12.008214909604623,11.724751759977355,0.8860799665722403,11.06340063691493,14.146672532956206,2.264420509338379
synthetic_equal4_1_4V/local,CBFEB01902D941EB8DA23F233532ABABD366661F388AFF2840D30028AEB74C31,d2,0,0.0,"[0.0, 6.0, 8.0]",plateau,2097.0,2097.0,0.0036292211152613163,,10.775931699998182,11.705806732177734,12.00905996816908,11.549585651852526,0.8847779412471986,11.063400632106319,14.146672542124238,2.264420509338379
synthetic_equal4_1_4V/local,B0D0CDE1F39501488ADE32A361239DFAC1FB43A0FBED3FC62F540CDC2FAA3F9F,d3,0,0.0,"[0.0, 6.0, 8.0]",plateau,2489.0,2489.0,0.003628314007073641,,12.39324409999972,11.709600448608398,12.00901235950493,11.536723345378578,0.8847589828919634,11.063400639518068,14.146672527993085,2.264420509338379
synthetic_equal4_1_4V/local,6240A6781605C3601892613CA701C13A72C0AF06AD032532C1FB1E5D1A1BD26F,d4,0,0.0,"[0.0, 6.0, 8.0]",plateau,3067.0,3067.0,0.003631960367783904,,13.328369300001214,11.737944602966309,12.008957859700635,11.700095607677044,0.8849332098521934,11.063400630015826,14.146672546109961,2.264420509338379
synthetic_equal4_1_4V/local,871776787FF9408E587B945D2B6B3397A2B56EE07777C2A496CF51980BCDD5CB,h4s,0,0.0,"[0.0, 6.0, 8.0]",plateau,2041.0,2041.0,0.0036273845471441746,,8.278579199999513,11.71569538116455,12.00791262039424,11.67543178664818,0.885048119513646,11.063400624219458,14.146672557161251,2.264420509338379
synthetic_equal4_1_4V/local,2BB7AE32B79F40EA4DBDCBCDEF1F236DF825A779CE39A7CFB5BF3298880BA963,equal4,0,0.0,"[0.0, 6.0, 8.0]",plateau,2155.0,2155.0,0.0036266082897782326,,8.70129470000029,11.716168403625488,12.007881985324246,11.678226148785097,0.8850185505187691,11.063400635598393,14.146672535466285,2.264420509338379
synthetic_equal4_1_6V/coarse,3004E7C6DDA62A5DCF0ECE5C8A34AED780C43BED6894F986CC6F9988B564DEC6,H1,0,0.0,"[0.0, 4.0, 8.0]",epoch_limit,3500.0,3500.0,0.003323342651128769,,14.25673629999801,11.721322059631348,11.721322059631348,11.721322059631348,0.0,11.721322059631348,11.721322059631348,2.3578736782073975
synthetic_equal4_1_6V/coarse,572BDF0580EF7F58F8738DD51D4E25B331E547913D01383644B53D32CD044CD9,G1,0,0.0,"[0.0, 4.0, 8.0]",epoch_limit,3500.0,3500.0,0.0033581338357180357,,16.933418199998414,11.720000267028809,11.722209906721806,11.717208098171248,0.08574323365642414,11.57602692375084,11.858303517597196,2.345191240310669
synthetic_equal4_1_6V/coarse,EAE69DC4B1D85CB0797F4D8FDED62A4274CD27914F9F61583FB2C2C6E16E9805,C,0,0.0001,"[0.0, 4.0, 8.0]",epoch_limit,3500.0,3500.0,0.005977413151413202,,15.734453200002463,11.739999771118164,12.002277638881383,11.804264049279105,0.9183247696988367,11.026108666407508,14.136095806081078,2.314976692199707
synthetic_equal4_1_6V/local,060C9996127EF4DE38185F86A0C8B39453CCEC556D811782F9CDE1651D331D72,d1,0,0.0,"[0.0, 4.0, 8.0]",plateau,777.0,777.0,0.0038988091982901096,,4.36743579999893,11.68935489654541,11.9697156364489,11.502412577320314,0.9023846619193278,11.026108710994624,14.136095743619942,2.314976692199707
synthetic_equal4_1_6V/local,8AF9164A283E15B1F41A007EBC745A8D8CCE4754A179BD0B16635E2ED7E0A6D3,g1,0,0.0,"[0.0, 4.0, 8.0]",plateau,2251.0,2251.0,0.00392952049151063,,11.37205190000168,11.6899995803833,11.969998295697197,11.697821465944003,0.903666367394029,11.026108711647284,14.136095742543722,2.314976692199707
synthetic_equal4_1_6V/local,9E5EBFBD84FDAD1C97F52DEFC360F0D9CA3F1B686D2D72B3EADF168B3C8330B5,d2,0,0.0,"[0.0, 4.0, 8.0]",plateau,2260.0,2260.0,0.0039058299735188484,,11.206146800002898,11.680445671081543,11.970870175968095,11.527795308909978,0.9023741987370081,11.0261087127615,14.136095740706416,2.314976692199707
synthetic_equal4_1_6V/local,625BA7D7767374F56BFE8000816EB297ECFA27B499B4177C4EF8F128B5620C24,d3,0,0.0,"[0.0, 4.0, 8.0]",plateau,2580.0,2580.0,0.003906681668013334,,12.932326999998622,11.68417739868164,11.971509532232995,11.51607283339233,0.9022335388730158,11.02610870922775,14.136095746533474,2.314976692199707
synthetic_equal4_1_6V/local,F1A8E916E7F5FE9053899DD9A1299DB1BCDD2EBE08AA4978CA4B79E5852C7D4F,d4,0,0.0,"[0.0, 4.0, 8.0]",plateau,3017.0,3017.0,0.003905672812834382,,13.086165900000196,11.700562477111816,11.970765566974578,11.671330665710627,0.9023865312237187,11.02610870597007,14.136095751905295,2.314976692199707
synthetic_equal4_1_6V/local,AFC6734192ABAA71AFAA7017AE891E3FE976D9B16C86F07AB136665034DFE6A9,h4s,0,0.0,"[0.0, 4.0, 8.0]",plateau,2035.0,2035.0,0.003903790144249797,,8.413435299997218,11.690673828125,11.969863023471387,11.649268795414184,0.9025841499609469,11.02610870922775,14.136095746533474,2.314976692199707
synthetic_equal4_1_6V/local,84592CAB4AB05576BD5B769AF6E056B9FE611E70114F6A6C425B7F22D885612C,equal4,0,0.0,"[0.0, 4.0, 8.0]",plateau,2038.0,2038.0,0.003903611097484827,,8.42442850000225,11.691591262817383,11.96986038232772,11.652443202889526,0.9025749731326315,11.026108714197088,14.136095738339172,2.314976692199707
synthetic_equal4_1_8V/coarse,B10D0CAC820D41B43988D7FC8F6686A6F2BD7BD5C90AF1A7CC201F2A457B8FE0,H1,0,0.0,"[0.0, 4.0, 6.0]",epoch_limit,3500.0,3500.0,0.0030465302988886833,,13.512397800001054,11.646133422851562,11.646133422851562,11.646133422851562,0.0,11.646133422851562,11.646133422851562,2.302964687347412
synthetic_equal4_1_8V/coarse,AA9FD23B2476281FB00DC32ED63D7A2A4C6D36A183103B73E5BB5888BCCA2C24,G1,0,0.0,"[0.0, 4.0, 6.0]",epoch_limit,3500.0,3500.0,0.003082085633650422,,16.348724100000254,11.649999618530273,11.646760920286113,11.641763367998914,0.08398282074651874,11.503478319288568,11.779834995219732,2.289900064468384
synthetic_equal4_1_8V/coarse,74C285BBE4DB3FD1EC6D260E7B838FD2BA44E6B47CAD6CAD42285580097FAF0F,C,0,0.0001,"[0.0, 4.0, 6.0]",epoch_limit,3500.0,3500.0,0.005564423277974129,,15.610750799998641,11.710000038146973,12.006924832087757,11.793900763522679,0.9242135378682489,11.017424708023121,14.09290616631413,2.3303163051605225
synthetic_equal4_1_8V/local,ABB866C9CF32A4CA882CA508BF1A27264F868033C5CDB5BDD134B31C189C1E3E,d1,0,0.0,"[0.0, 4.0, 6.0]",plateau,795.0,795.0,0.003557542571797967,,4.624830400000064,11.648069381713867,11.966359685480247,11.474484916268379,0.9126786701977221,11.01742455976815,14.092905947895167,2.3303163051605225
synthetic_equal4_1_8V/local,BFCA1B9BF5F3B9E60F1ECF523F32E263E3B8077E999962D4690F07A4986C668F,g1,0,0.0,"[0.0, 4.0, 6.0]",plateau,2268.0,2268.0,0.003587930230423808,,10.9719107000019,11.649999618530273,11.966548428759905,11.659452558405777,0.9139347705707456,11.017424570114082,14.09290593121407,2.3303163051605225
synthetic_equal4_1_8V/local,784F7ADF6D3EC8E6EA8F7DB8144E4D0D9508E1F711456E217735D4331C0A0BA8,d2,0,0.0,"[0.0, 4.0, 6.0]",plateau,2243.0,2243.0,0.0035644187591969967,,11.083108900002117,11.639420509338379,11.967720283972803,11.500571473609218,0.9125432959441423,11.01742456310273,14.092905942518712,2.3303163051605225
synthetic_equal4_1_8V/local,4710F8FD5196968EA6F2B515EB436F88620B55814E26544583D4EBECED93EA70,d3,0,0.0,"[0.0, 4.0, 6.0]",plateau,2764.0,2764.0,0.003563973819836974,,13.233674600000086,11.64303970336914,11.967822908472797,11.48808503927709,0.9125051806253432,11.017424566437311,14.09290593714225,2.3303163051605225
synthetic_equal4_1_8V/local,ED8D494B900BD1D74052873643ECC42630B488BF02990805F490BC08422A9166,d4,0,0.0,"[0.0, 4.0, 6.0]",plateau,2948.0,2948.0,0.0035630029160529375,,12.799961599997914,11.654754638671875,11.966583982760142,11.627400113270875,0.9128550627808549,11.017424552734267,14.092905959236134,2.3303163051605225
synthetic_equal4_1_8V/local,0B5FEE29A7A9051480160F512A28A05DD56A009CFF894869364B19C8D6B50443,h4s,0,0.0,"[0.0, 4.0, 6.0]",plateau,2013.0,2013.0,0.0035622217692434788,,8.256265699998039,11.649493217468262,11.966485734586128,11.610094206073114,0.9128679701851965,11.017424559820252,14.092905947811165,2.3303163051605225
synthetic_equal4_1_8V/local,06CCA874EA93806E71347CB341493975DCC085931CB79EF9AB874608973ED1E2,equal4,0,0.0,"[0.0, 4.0, 6.0]",plateau,2042.0,2042.0,0.003561772871762514,,8.297624599999835,11.649344444274902,11.965992581395533,11.612195832305279,0.913018393110418,11.017424559142915,14.092905948903256,2.3303163051605225
synthetic_equal4_2_0V/coarse,E7AC5DF3928D0CCF53812E8CFC4288CC15FA1D404625BA7471DEFEA5FD2355AC,H1,0,0.0,"[4.0, 6.0, 8.0]",epoch_limit,3500.0,3500.0,0.0028538312762975693,,14.628666599997814,11.650126457214355,11.650126457214355,11.650126457214355,0.0,11.650126457214355,11.650126457214355,2.2047502994537354
synthetic_equal4_2_0V/coarse,1CC1EA46DEFA9A2581E88BC1177A43202846A83669727A35A72C447F08A1ABB1,G1,0,0.0,"[4.0, 6.0, 8.0]",epoch_limit,3500.0,3500.0,0.002889398019760847,,17.69285370000216,11.649999618530273,11.650937062581201,11.645936116465492,0.09347535353737565,11.492107535304553,11.79964811413595,2.180907726287842
synthetic_equal4_2_0V/coarse,C05B51132A2A1F2EBC8E97B433EC43D00D97E5EDC2833AB11D57D3CB593D568A,C,0,0.0001,"[4.0, 6.0, 8.0]",epoch_limit,3500.0,3500.0,0.005700386594980955,,17.402659499999572,11.710000038146973,11.808672835066483,11.728268372762793,0.8884752277704704,10.204551016888496,13.893553377281242,2.26643967628479
synthetic_equal4_2_0V/local,1FD8A2BA0A0435CB0615BB6E8F974B6AD9DD61A46A8F680967971C272118829C,d1,0,0.0,"[4.0, 6.0, 8.0]",plateau,915.0,915.0,0.0034249862655997276,,5.722698800000217,11.66060733795166,11.775100317088048,11.447326488826324,0.8656508296274114,10.204550971973312,13.893553502646089,2.26643967628479
synthetic_equal4_2_0V/local,585365B4B2D88EB62762DBEE909E597BCD23430622C916B791A00903DDCF06D4,g1,0,0.0,"[4.0, 6.0, 8.0]",plateau,2212.0,2212.0,0.0034532183781266212,,11.800940499997523,11.65999984741211,11.775890726098075,11.660851426720651,0.8669581723715482,10.204550974863116,13.893553501052917,2.26643967628479
synthetic_equal4_2_0V/local,16255B57952C45912B62DE43DF8A8A3EBA401589B0A64F8EEB81C21B341F7739,d2,0,0.0,"[4.0, 6.0, 8.0]",plateau,2157.0,2157.0,0.003431083867326379,,11.254206699999486,11.652693748474121,11.776352955866823,11.469400610458422,0.8658135465500855,10.204550964296207,13.893553506878542,2.26643967628479
synthetic_equal4_2_0V/local,D88619679E0E360B6F307723ADAC98FEFA857DC347A6C59D7271952AFF661370,d3,0,0.0,"[4.0, 6.0, 8.0]",plateau,2786.0,2786.0,0.003431314369663596,,13.674448800000391,11.655290603637695,11.776461870536775,11.460912673375887,0.865814499330898,10.204551012278106,13.893553480425744,2.26643967628479
synthetic_equal4_2_0V/local,3FA72A222D95E2CA089880C60E5BCB8B0A7FAF4F89036BD351A5627045823650,d4,0,0.0,"[4.0, 6.0, 8.0]",plateau,3125.0,3125.0,0.0034307437017560005,,13.767391099998349,11.67050838470459,11.776025736333184,11.637023975180549,0.8658554376817585,10.204550952060824,13.893553513623985,2.26643967628479
synthetic_equal4_2_0V/local,A1C01A978B0B3E9480F475C5E3124B5D9AF43C0C6269FCA91BC79D34DCB67F6E,h4s,0,0.0,"[4.0, 6.0, 8.0]",plateau,2514.0,2514.0,0.0034301765263080597,,10.412835099999938,11.65717887878418,11.77572477448168,11.622778368366706,0.8658573509362182,10.204550989966522,13.893553492726296,2.26643967628479
synthetic_equal4_2_0V/local,5D800BA05DB9FA00CB477311007ACF5E456386A81FA58546A7934D47E24BC29E,equal4,0,0.0,"[4.0, 6.0, 8.0]",plateau,2767.0,2767.0,0.0034292114432901144,,11.174816300001112,11.65737247467041,11.775653663205198,11.614856133864054,0.8658184609135123,10.204550928309784,13.893553526718113,2.26643967628479
synthetic_equal4_2_4V/coarse,207D3373A611CB751284634C82FD9F35A6B27FD91133ABB4354EE07AE2F1A228,H1,0,0.0,"[0.0, 6.0, 8.0]",epoch_limit,3500.0,3500.0,0.002870465163141489,,14.44886260000203,11.565030097961426,11.565030097961426,11.565030097961426,0.0,11.565030097961426,11.565030097961426,2.291646718978882
synthetic_equal4_2_4V/coarse,B31356CB24B5C33E8A3F6B129219DB510F9D03BD4BA8EAE7BC65FAC82D1B649B,G1,0,0.0,"[0.0, 6.0, 8.0]",epoch_limit,3500.0,3500.0,0.002905935514718294,,17.311286400003155,11.5600004196167,11.564932858018278,11.559933117831635,0.08692925909443659,11.41682374159365,11.703036661781141,2.2715704441070557
synthetic_equal4_2_4V/coarse,676CB7235B599C430DFFDA553AAA7717A4D5BCC4ED295001BD747D2BF2B124D2,C,0,0.0001,"[0.0, 6.0, 8.0]",epoch_limit,3500.0,3500.0,0.005641797557473183,,16.924760399997467,11.65999984741211,11.871391040766246,11.718310442444983,0.9483816150875073,10.807504552377402,13.989611598837662,2.234174966812134
synthetic_equal4_2_4V/local,AB50A9DEA106EFAE7F227CD1E0A8876472B7D73A9E8C47D31A6201E13FDC15E8,d1,0,0.0,"[0.0, 6.0, 8.0]",plateau,783.0,783.0,0.0033820990938693285,,4.3889085999981035,11.56640911102295,11.8092909168388,11.392782969777349,0.9389116126967193,10.807504462035652,13.989611725555765,2.234174966812134
synthetic_equal4_2_4V/local,C2E15B15453A76444997A961E9A65E48DF8C0D5BE5FFAF1AC94E5C90B16BCB9F,g1,0,0.0,"[0.0, 6.0, 8.0]",plateau,2252.0,2252.0,0.003409937024116516,,10.5801266999988,11.569999694824219,11.809433771354842,11.572833773956953,0.9401569836687609,10.807504497854898,13.98961170490506,2.234174966812134
synthetic_equal4_2_4V/local,2D943F609357A35BC1F013F6D226539A40478AA2121BBA3E8FBE00AC5FA2FAC2,d2,0,0.0,"[0.0, 6.0, 8.0]",plateau,2447.0,2447.0,0.003388837678357959,,11.66635640000095,11.555948257446289,11.809733879446224,11.415560226028326,0.9391351399042964,10.807504477815153,13.989611716458489,2.234174966812134
synthetic_equal4_2_4V/local,852503B1516DABBCBFD8E7F43EFA83FB4CB9ABEC8E239AB9E4489B153545B29B,d3,0,0.0,"[0.0, 6.0, 8.0]",plateau,3054.0,3054.0,0.003388478420674801,,14.216160700001637,11.557994842529297,11.809738205884026,11.41048946242105,0.939125532416346,10.807504527783571,13.989611687650418,2.234174966812134
synthetic_equal4_2_4V/local,73D8936DD21481DFCF22A94D75B4884C89C96B69470ED38CD9AA7F5CC0A07474,d4,0,0.0,"[0.0, 6.0, 8.0]",plateau,2944.0,2944.0,0.003387950826436281,,12.51907239999855,11.574625968933105,11.81007708287953,11.54240342666353,0.9389828053538711,10.807504450858506,13.989611731999673,2.234174966812134
synthetic_equal4_2_4V/local,AF3DF57A2F0F1140648F963568A64134A23042A2CD20208EB6D837A21CE188C2,h4s,0,0.0,"[0.0, 6.0, 8.0]",plateau,2532.0,2532.0,0.0033882660791277885,,10.190848599999299,11.562631607055664,11.809700479074381,11.53158021285313,0.9391310547471275,10.807504478801372,13.989611715889911,2.234174966812134
synthetic_equal4_2_4V/local,1FC4C6A8FE239C97059197729BFD73DEBA1FEC181B534A37959CCECCCBC7659F,equal4,0,0.0,"[0.0, 6.0, 8.0]",plateau,2377.0,2377.0,0.003388640470802784,,9.457870000002004,11.562270164489746,11.80966125818554,11.524031965783271,0.9391570056071524,10.807504465651789,13.989611723470972,2.234174966812134
synthetic_equal4_2_6V/coarse,2C92B924AFD0FEFDDB420189F35A629091606EFA9D03EE8FFC01CE3CEB5B5CC3,H1,0,0.0,"[0.0, 4.0, 8.0]",epoch_limit,3500.0,3500.0,0.0033499635756015778,,14.255247099998087,11.615548133850098,11.615548133850098,11.615548133850098,0.0,11.615548133850098,11.615548133850098,2.229022264480591
synthetic_equal4_2_6V/coarse,B8A0C6886FEE7B75AC122261FE77A4E0C6F5DA966CC991B53C6E0522AA8F17FD,G1,0,0.0,"[0.0, 4.0, 8.0]",epoch_limit,3500.0,3500.0,0.0033763600513339043,,17.18507469999895,11.619999885559082,11.615695005957825,11.610695745769462,0.09313135306525387,11.457414924779352,11.764019869153229,2.2053146362304688
synthetic_equal4_2_6V/coarse,B86A179CC9458B96FF9ED0685C9FB38A96BB4041D60829B225FF1A0D4ED40D87,C,0,0.0001,"[0.0, 4.0, 8.0]",epoch_limit,3500.0,3500.0,0.006004293914884329,,16.453014799997618,11.6899995803833,11.850699222161294,11.729662768811059,0.8145724694088362,10.958587673124761,13.828089116897814,2.26168155670166
synthetic_equal4_2_6V/local,76F64862C7BD49FF212E0698D86BB4F7FBC6C800B4DCC45D75A98E1777B2EF23,d1,0,0.0,"[0.0, 4.0, 8.0]",plateau,837.0,837.0,0.003822365775704384,,5.156861900002696,11.625772476196289,11.807118153184259,11.431327712809605,0.793592519169622,10.958587553592016,13.828089097839586,2.26168155670166
synthetic_equal4_2_6V/local,E88FEA6CC1FD3402DEA70512A250E8BEDFE250C4CB71C44C10F941525275D9D8,g1,0,0.0,"[0.0, 4.0, 8.0]",plateau,1848.0,1848.0,0.0038479650393128395,,9.689014600000519,11.630000114440918,11.807468946677282,11.629782857677565,0.7952070456712312,10.958587558743371,13.82808908703868,2.26168155670166
synthetic_equal4_2_6V/local,955E12C71588B5A01192802F6BBEA5BF9EF2E2ED884199052A87DD6B7D769ADE,d2,0,0.0,"[0.0, 4.0, 8.0]",plateau,2129.0,2129.0,0.003829473163932562,,10.682479000002786,11.61500072479248,11.808272954764401,11.458248553793542,0.7938064316829306,10.958587534437088,13.828089138001866,2.26168155670166
synthetic_equal4_2_6V/local,F081C33EBE08EC368ED6337F39D4E0D48BCED9A6D1A2E118298126AC9C6F3126,d3,0,0.0,"[0.0, 4.0, 8.0]",plateau,2852.0,2852.0,0.003829703200608492,,14.461832099997991,11.615138053894043,11.808457355835275,11.463101981359774,0.7937821199355635,10.958587546887792,13.828089111896379,2.26168155670166
synthetic_equal4_2_6V/local,E8FE0EE78FDE4FD7AE526549554EA2C2622D5B69226D5F876EC89568DFE30DD3,d4,0,0.0,"[0.0, 4.0, 8.0]",plateau,2638.0,2638.0,0.003829013556241989,,11.340930700000172,11.63720989227295,11.807931259500256,11.600163991469714,0.7939088298223853,10.95858754910258,13.828089107252616,2.26168155670166
synthetic_equal4_2_6V/local,4AE70109DC0BEF8E58B12BDDB90D83B83C847F0C92561DD253EFB34D4AAD4879,h4s,0,0.0,"[0.0, 4.0, 8.0]",plateau,2671.0,2671.0,0.0038272449746727943,,10.848571499998798,11.6212739944458,11.807381197531297,11.589223253182622,0.7938776085876763,10.958587547246946,13.82808911114334,2.26168155670166
synthetic_equal4_2_6V/local,E1E15F41451364E5F11E9691A169DE495CCFFF35704850578466A7D63EED870B,equal4,0,0.0,"[0.0, 4.0, 8.0]",plateau,2328.0,2328.0,0.0038280682638287544,,9.45249700000204,11.62095832824707,11.807377250118845,11.581345153174873,0.7939319205423827,10.958587557423002,13.828089089807118,2.26168155670166
synthetic_equal4_2_8V/coarse,031E6985B505C34DAD47316EA334682B19EF9C9D8505A3159BD331CBFE90CAAA,H1,0,0.0,"[0.0, 4.0, 6.0]",epoch_limit,3500.0,3500.0,0.0029063564725220203,,13.253894099998433,11.592967987060547,11.592967987060547,11.592967987060547,0.0,11.592967987060547,11.592967987060547,2.2037813663482666
synthetic_equal4_2_8V/coarse,BA938704DB975827DDBD0EAD09F4B01F5EDFF5FD6B62F70CD7C6456FC91BC6D2,G1,0,0.0,"[0.0, 4.0, 6.0]",epoch_limit,3500.0,3500.0,0.002930500078946352,,16.312247399997432,11.59000015258789,11.593032856926897,11.58803111524457,0.09312706431014427,11.43470551591587,11.741232109282631,2.1809043884277344
synthetic_equal4_2_8V/coarse,4ADBCCAAC97713F53750688FDBDCADA31A705DBB20AD9298C0A90833A47964F8,C,0,0.0001,"[0.0, 4.0, 6.0]",epoch_limit,3500.0,3500.0,0.005413457751274109,,15.657988099999784,11.609999656677246,11.731090547295707,11.6385083991871,0.7849473826053,10.836984910155076,13.632282690379924,2.263174295425415
synthetic_equal4_2_8V/local,44DAF228ED2E904F0A693C64206672772A0EE192ACF0CF496DB26ACC18A09AA0,d1,0,0.0,"[0.0, 4.0, 6.0]",plateau,742.0,742.0,0.0034565692767500877,,4.417482000000746,11.575828552246094,11.706474885389293,11.360100129340045,0.7570974239280733,10.836984710268357,13.632282568763767,2.263174295425415
synthetic_equal4_2_8V/local,4A279D63B014AE072A578903140835E0DEA783E5B1748D6E3E6F4623560B9445,g1,0,0.0,"[0.0, 4.0, 6.0]",plateau,2129.0,2129.0,0.0034828013740479946,,10.820044000000053,11.579999923706055,11.706660545277435,11.576807959574674,0.7587730699652977,10.836984699866056,13.632282605392273,2.263174295425415
synthetic_equal4_2_8V/local,6D06B8444823257E4140F7127A5379C13376ECB11456EFB3ACA8AC96C76AC43E,d2,0,0.0,"[0.0, 4.0, 6.0]",plateau,2138.0,2138.0,0.003462686203420162,,10.541442499998084,11.566734313964844,11.707551006503413,11.38418714167606,0.7573467602781779,10.836984695462737,13.63228262089721,2.263174295425415
synthetic_equal4_2_8V/local,D810205BA1200B38FE6F5DB101757C1E054BE110D6C1BD4D3DCE07D3E6F85128,d3,0,0.0,"[0.0, 4.0, 6.0]",plateau,2567.0,2567.0,0.003462923225015402,,12.706091500000184,11.570381164550781,11.707770621761105,11.372851967175404,0.7573209952891702,10.836984685416066,13.632282656273473,2.263174295425415
synthetic_equal4_2_8V/local,9F142ABF26C1CA2F662ABC4A9B30F5E39204CAF5D80CD5DC38C8275ADCF54819,d4,0,0.0,"[0.0, 4.0, 6.0]",plateau,3048.0,3048.0,0.003463136265054345,,13.048738599998615,11.588942527770996,11.707263802310477,11.554357285541716,0.7574468640824864,10.836984712383446,13.632282561316138,2.263174295425415
synthetic_equal4_2_8V/local,B30F93CAAB00B24B2FA4C02FC99F26DEBBF342EB26221A7AB3A06FBDA67822AC,h4s,0,0.0,"[0.0, 4.0, 6.0]",plateau,2117.0,2117.0,0.0034606512635946274,,8.67223539999759,11.577352523803711,11.706440010597387,11.530725005694846,0.7574165776795524,10.836984709012524,13.632282573185806,2.263174295425415
synthetic_equal4_2_8V/local,85ABD105F9DDC906FCA5051BB9934075F49D62536DAB64488AEC3868025D1502,equal4,0,0.0,"[0.0, 4.0, 6.0]",plateau,2229.0,2229.0,0.003460050094872713,,8.962572399999772,11.578195571899414,11.706461515571831,11.534129144842522,0.7573754233424332,10.83698471291222,13.632282559454211,2.263174295425415
synthetic_equal4_3_0V/coarse,624A6E4CF564E3D282A294BAEE41500A39267E9333598B07E7F165C1453742ED,H1,0,0.0,"[4.0, 6.0, 8.0]",epoch_limit,3500.0,3500.0,0.003112561535090208,,13.630677600001945,11.662718772888184,11.662718772888184,11.662718772888184,0.0,11.662718772888184,11.662718772888184,2.3489763736724854
synthetic_equal4_3_0V/coarse,CD06D4CEAB8ED77B65D8854B0546D37E36C8A0B1616A3B1D5B3B4D7E079BB927,G1,0,0.0,"[4.0, 6.0, 8.0]",epoch_limit,3500.0,3500.0,0.0031484849750995636,,16.404655500002264,11.65999984741211,11.664139721762464,11.659138242914842,0.09088334062142403,11.509700222881357,11.80866236275884,2.327000617980957
synthetic_equal4_3_0V/coarse,1AC1839031FF661106B1D838D91FDEAB85F23C9CCF758161B1076124F85D70AA,C,0,0.0001,"[4.0, 6.0, 8.0]",epoch_limit,3500.0,3500.0,0.005883118137717247,,15.870762000002287,11.710000038146973,11.843928057062449,11.736638503188143,0.912013927307766,10.291119631996851,13.964191211007813,2.2858951091766357
synthetic_equal4_3_0V/local,3153A2E791BAC80AF66541EB4F31246E0FE1DBCA29BABDA7EE4DF9EE6F9305C4,d1,0,0.0,"[4.0, 6.0, 8.0]",plateau,943.0,943.0,0.0036867749877274036,,5.04604720000134,11.64713191986084,11.802362918016373,11.445020313478397,0.8928720598194998,10.291119482273547,13.964191188835658,2.2858951091766357
synthetic_equal4_3_0V/local,1C9227031B9222F80ABFD7A9F7B7628D11D942C675789C56D49186B4C4FD4902,g1,0,0.0,"[4.0, 6.0, 8.0]",plateau,2125.0,2125.0,0.003714227583259344,,10.102913300001092,11.649999618530273,11.802565923639452,11.648254278862874,0.894227936642826,10.291119373294014,13.964191234864941,2.2858951091766357
synthetic_equal4_3_0V/local,A123E854BDE0B2FA3D4CF37700DDA87822BE423E52BFA666564FA0EC66E76087,d2,0,0.0,"[4.0, 6.0, 8.0]",plateau,2051.0,2051.0,0.0036933347582817078,,10.456633699999657,11.63631820678711,11.803697765714034,11.473824777355988,0.8930424128877932,10.29111949110568,13.964191185105252,2.2858951091766357
synthetic_equal4_3_0V/local,034899BDCA965FA13F1CBB904ED36E63B0FA6837A441EF035E6A0A64CDD1394A,d3,0,0.0,"[4.0, 6.0, 8.0]",plateau,2710.0,2710.0,0.0036937850527465343,,13.388719200000196,11.638474464416504,11.803750102202178,11.466946223111085,0.8930539796804099,10.29111949110568,13.964191185105252,2.2858951091766357
synthetic_equal4_3_0V/local,D310FCDEAB4CCCC67F1563199F0FC9A60EC79022E59EEE927F2D103B7D21DC60,d4,0,0.0,"[4.0, 6.0, 8.0]",plateau,2881.0,2881.0,0.00369291752576828,,12.365298199998506,11.656643867492676,11.803194200926054,11.622166165643094,0.8930492005561284,10.291119455501146,13.964191200143413,2.2858951091766357
synthetic_equal4_3_0V/local,A99B9CB55E1593D9D1389695B74336692925225969AB07E0B41CB195C265DB40,h4s,0,0.0,"[4.0, 6.0, 8.0]",plateau,2322.0,2322.0,0.003693072125315666,,9.593863599999167,11.642979621887207,11.802818997115935,11.609306412473545,0.8931671278714199,10.29111945301711,13.964191201192586,2.2858951091766357
synthetic_equal4_3_0V/local,791B1C08C9D0B723B31596D4A1CC0F25DED5DDCCB0DADA805CDBC7F0D24D132F,equal4,0,0.0,"[4.0, 6.0, 8.0]",plateau,2353.0,2353.0,0.0036927228793501854,,9.623694100002467,11.642660140991211,11.802756318637394,11.601306565895653,0.8931575097810894,10.291119561210731,13.964191155495232,2.2858951091766357
synthetic_equal4_3_4V/coarse,1904CEE0FF4B4C807F78A19C5ADAAED1A05CBB6BB0B2B6DA9F97813B380A0458,H1,0,0.0,"[0.0, 6.0, 8.0]",epoch_limit,3500.0,3500.0,0.003407637821510434,,13.383538999998564,11.715435981750488,11.715435981750488,11.715435981750488,0.0,11.715435981750488,11.715435981750488,2.3117573261260986
synthetic_equal4_3_4V/coarse,262C6BE9FAEFCB4B538BF83BB5A662307D2A6978F00708DEDA62FC8B5C078D08,G1,0,0.0,"[0.0, 6.0, 8.0]",epoch_limit,3500.0,3500.0,0.003441051347181201,,16.63447819999783,11.720000267028809,11.715826965466,11.710828288353792,0.09155537990894846,11.56028157692866,11.861455747902559,2.2822883129119873
synthetic_equal4_3_4V/coarse,592D148CF734DF15C91B7FD7E77E3644CC16F94756A865AC7B075A87A3BD4AE4,C,0,0.0001,"[0.0, 6.0, 8.0]",epoch_limit,3500.0,3500.0,0.006046796217560768,,15.890878100002737,11.720000267028809,11.93757288667807,11.766819473384064,0.9824332821476128,10.828049379363737,14.228141308002206,2.2465994358062744
synthetic_equal4_3_4V/local,C91A1AD0CCA17E6C751B2A60D06CDF5EBADAB481813D600420F09760BFF33193,d1,0,0.0,"[0.0, 6.0, 8.0]",plateau,824.0,824.0,0.003898735623806715,,4.68720310000208,11.65693473815918,11.896501576662377,11.46549248684331,0.9684878808448482,10.828049373671586,14.22814162572269,2.2465994358062744
synthetic_equal4_3_4V/local,E491C18E62432B333D7A443B6A6A05D14D1EB3A5A3666486DC0F4791CBD5F0D8,g1,0,0.0,"[0.0, 6.0, 8.0]",plateau,2007.0,2007.0,0.003926124889403582,,9.566045100000338,11.65999984741211,11.897269722871108,11.662743388393135,0.9695723659210476,10.828049363903222,14.22814163098824,2.2465994358062744
synthetic_equal4_3_4V/local,210A9D8FCB3CAD56C3B13765CA19FDCAC5F645D5114D7CD1C440009FEAC10040,d2,0,0.0,"[0.0, 6.0, 8.0]",plateau,2229.0,2229.0,0.003904670011252165,,10.80309330000091,11.647136688232422,11.89784809204541,11.493458852825798,0.9684937785397076,10.82804939161506,14.228141616050411,2.2465994358062744
synthetic_equal4_3_4V/local,953F69B428B1A0D06A081C93EB3669D35EEC58FD04F48682482B540E6A165299,d3,0,0.0,"[0.0, 6.0, 8.0]",plateau,2726.0,2725.0,0.0039052702486515045,,12.965744299999642,11.649646759033203,11.89778371424685,11.482586676214819,0.9685435981704269,10.828049351242246,14.228141637813032,2.2465994358062744
synthetic_equal4_3_4V/local,31900393FB0258A929C2AE3395ECED1FECA52D866CC0615E7B26740DB63FB419,d4,0,0.0,"[0.0, 6.0, 8.0]",plateau,2875.0,2875.0,0.003905413905158639,,12.338804099999834,11.667613983154297,11.897428701499923,11.63473856584324,0.9685815964804695,10.828049356288847,14.228141635092708,2.2465994358062744
synthetic_equal4_3_4V/local,6DB264F65AF2A45F744BB05DC81AD8466B4E14EB3C9284A2C859883CDF5FDCBA,h4s,0,0.0,"[0.0, 6.0, 8.0]",plateau,2302.0,2302.0,0.003904928918927908,,9.542705200001365,11.652201652526855,11.89682655153347,11.620598438379194,0.9687587017769221,10.828049349746957,14.228141638619046,2.2465994358062744
synthetic_equal4_3_4V/local,0FB06512F401A2580BAABF95AF39DCC3D25CABE930F93D889B55066BCFF1CD42,equal4,0,0.0,"[0.0, 6.0, 8.0]",plateau,2233.0,2233.0,0.0039048546459525824,,9.044616199997108,11.651981353759766,11.896782877338733,11.613083020437076,0.9687637770838691,10.828049401708263,14.228141610609757,2.2465994358062744
synthetic_equal4_3_6V/coarse,9A1F2BA7486C8E40949CB2771012C828247C3A4F7162E8C18D39CD8D57F820A3,H1,0,0.0,"[0.0, 4.0, 8.0]",epoch_limit,3500.0,3500.0,0.003270680084824562,,14.427045000000362,11.753089904785156,11.753089904785156,11.753089904785156,0.0,11.753089904785156,11.753089904785156,2.4317290782928467
synthetic_equal4_3_6V/coarse,035F0D881D82FDB2DA93EA86E6D40612CF1162B1374A2A82DB31C61BDC6A7ADE,G1,0,0.0,"[0.0, 4.0, 8.0]",epoch_limit,3500.0,3500.0,0.0033063828013837337,,17.17350169999918,11.75,11.754380230476688,11.749379069673015,0.08606577019819542,11.607730150058565,11.890945619500112,2.4238548278808594
synthetic_equal4_3_6V/coarse,315A79C8E751685A7A6384289A3CB1CFFBC54AB96B1FDA70FE8711636742FBB0,C,0,0.0001,"[0.0, 4.0, 8.0]",epoch_limit,3500.0,3500.0,0.005907586310058832,,16.266716999998607,11.75,11.888722242514461,11.774304220949329,0.9989070071324515,10.126404847702224,14.213619745020697,2.3374269008636475
synthetic_equal4_3_6V/local,253620DE4A22EE9CB39462D7580599B9002D3E605A6687E59C78A7C628CF212B,d1,0,0.0,"[0.0, 4.0, 8.0]",plateau,803.0,803.0,0.003764205379411578,,4.822309600000153,11.697402954101562,11.853725032395197,11.487841552148536,0.9812508140488311,10.126404699377359,14.213619687250578,2.3374269008636475
synthetic_equal4_3_6V/local,E81C6BBEA2B0726A8FF2E6FF3478FA814B5D40513287B34CEEE2F588D270068D,g1,0,0.0,"[0.0, 4.0, 8.0]",plateau,2182.0,2182.0,0.0037945848889648914,,11.067806999999448,11.699999809265137,11.854049371685685,11.697799674030339,0.9824303762781508,10.126404716578328,14.213619672071085,2.3374269008636475
synthetic_equal4_3_6V/local,D6CCC1CE817DD88750C088142DF94C9304715DD986AB6E767384A411676F71F3,d2,0,0.0,"[0.0, 4.0, 8.0]",plateau,2212.0,2212.0,0.0037708876188844442,,11.263549399998737,11.688624382019043,11.855166393820276,11.512399714146687,0.981337496610113,10.12640468024134,14.21361970413771,2.3374269008636475
synthetic_equal4_3_6V/local,7E4E479A4061C04E23E43F5AFEAFBCA09F6ECD999504ACCDA3DAB9956EDAEA4E,d3,0,0.0,"[0.0, 4.0, 8.0]",plateau,2621.0,2621.0,0.0037714005447924137,,13.137538300001324,11.692362785339355,11.855359421003293,11.500182227789248,0.981331007900097,10.12640470033416,14.213619686406222,2.3374269008636475
synthetic_equal4_3_6V/local,E756B2F70D26168557D88DEBAE7D2597BCD551FA2E9C69F580A8A93DF7DE7FB4,d4,0,0.0,"[0.0, 4.0, 8.0]",plateau,2967.0,2967.0,0.003773896489292383,,12.690747000000556,11.7206449508667,11.855065662150883,11.676638919234644,0.981455194810311,10.126404688374148,14.213619696960668,2.3374269008636475
synthetic_equal4_3_6V/local,CFE7CD469D7C14CAC790D42ED54ECE54C62E704B0D1E24904A12D0998FDD6BEF,h4s,0,0.0,"[0.0, 4.0, 8.0]",plateau,2074.0,2074.0,0.003769149538129568,,8.466537899999821,11.699159622192383,11.853848102187538,11.651967259271695,0.9814424727251716,10.12640469064655,14.213619694955327,2.3374269008636475
synthetic_equal4_3_6V/local,4A66448C880A927D24E6C982C6CE1DB57021D424B6FB1FDC118FCE6669C6EED0,equal4,0,0.0,"[0.0, 4.0, 8.0]",plateau,2113.0,2113.0,0.003768700873479247,,8.609965499999817,11.699667930603027,11.853817929744356,11.655213093917482,0.9814276816922277,10.126404700094959,14.21361968661731,2.3374269008636475
synthetic_equal4_3_8V/coarse,4EDBFC09C72A5FDC33FE5050A059A86A1C7249A4575B646261B6CE096E346B9F,H1,0,0.0,"[0.0, 4.0, 6.0]",epoch_limit,3500.0,3500.0,0.002564497059211135,,14.644905800003471,11.671097755432129,11.671097755432129,11.671097755432129,0.0,11.671097755432129,11.671097755432129,2.2296628952026367
synthetic_equal4_3_8V/coarse,AB88B0565FF42064530A90A5C7602E5378B44D8156A46A85DA7949E26074D608,G1,0,0.0,"[0.0, 4.0, 6.0]",epoch_limit,3500.0,3500.0,0.0025974963791668415,,17.418540499998926,11.670000076293945,11.673810925104513,11.668809214205313,0.08664214797526576,11.526153829642386,11.811353711451579,2.2059712409973145
synthetic_equal4_3_8V/coarse,F705F1CC6A831578C6DCB6E96BBF52234D54FEE839A1C360797B326D8051CE18,C,0,0.0001,"[0.0, 4.0, 6.0]",epoch_limit,3500.0,3500.0,0.005113856866955757,,16.464838200001395,11.720000267028809,11.855396531912087,11.745618894549148,0.9881800127458275,10.133231222705007,14.165258784299247,2.2254958152770996
synthetic_equal4_3_8V/local,4F3519E684B1340579FA93EF6750F9291A0C126C281A9C87864099AE804D4307,d1,0,0.0,"[0.0, 4.0, 6.0]",plateau,762.0,762.0,0.0030727130360901356,,4.39783879999959,11.63390064239502,11.798668772792821,11.440490910493178,0.9735127073225205,10.133231083094499,14.165258680832096,2.2254958152770996
synthetic_equal4_3_8V/local,97C3F0CA53FDFBC75821D903CEF83BEF5C37EE6B049D604A25845351E1A30736,g1,0,0.0,"[0.0, 4.0, 6.0]",plateau,2437.0,2437.0,0.0031018778681755066,,11.838176299999759,11.630000114440918,11.799299965316962,11.634850668593018,0.9746000096116523,10.133231072868675,14.165258690380664,2.2254958152770996
synthetic_equal4_3_8V/local,403AD23A5E2A17023A390D78C399DB33D4FEA495C14CBAB3A1E8E9A07C83969C,d2,0,0.0,"[0.0, 4.0, 6.0]",plateau,2499.0,2499.0,0.0030788113363087177,,12.11495400000058,11.62566089630127,11.800034966761004,11.462457435451592,0.973571926937332,10.133231113637068,14.165258652312378,2.2254958152770996
synthetic_equal4_3_8V/local,BEBD782541CF2A83684CD95D2C25D24BBE12977C5D2DD7998E6A22D46159C859,d3,0,0.0,"[0.0, 4.0, 6.0]",plateau,2977.0,2977.0,0.0030788653530180454,,14.258316300001752,11.628243446350098,11.800057292847946,11.454019701600098,0.9735764655431387,10.133231096184172,14.16525866860936,2.2254958152770996
synthetic_equal4_3_8V/local,B71389E98CE570353CEA8B4DC9D7F591506D4F629D803A95F3D4CE675FFB2BCC,d4,0,0.0,"[0.0, 4.0, 6.0]",plateau,2948.0,2948.0,0.003078174078837037,,12.629161500000919,11.6415433883667,11.799523845216498,11.607720966529154,0.9735960782039033,10.133231102047255,14.165258663134589,2.2254958152770996
synthetic_equal4_3_8V/local,891CDE1DF8F8F3508C1BE27B24E0101C380145EC4E17E7BC82CC87C2676EB43C,h4s,0,0.0,"[0.0, 4.0, 6.0]",plateau,2402.0,2402.0,0.00307633588090539,,9.655684699999256,11.636615753173828,11.798985204734784,11.589160292796878,0.9736177168413072,10.133231102456307,14.165258662752626,2.2254958152770996
synthetic_equal4_3_8V/local,FE90E58AF6DBEEF571B731CCDB5CB474959A3F6DFCA7C27857760238D8215C13,equal4,0,0.0,"[0.0, 4.0, 6.0]",plateau,2621.0,2621.0,0.0030757961794734,,10.391072099999292,11.637131690979004,11.799001486943295,11.592369164075253,0.9735920876240733,10.133231088275828,14.165258675993924,2.2254958152770996
synthetic_equal4_4_0V/coarse,EC9513E20BCA4A4363E7575A948B5E945BF8576E374588847F2D7577BFB816F5,H1,0,0.0,"[4.0, 6.0, 8.0]",epoch_limit,3500.0,3500.0,0.002151850610971451,,13.171757100000832,11.573246002197266,11.573246002197266,11.573246002197266,0.0,11.573246002197266,11.573246002197266,2.4599266052246094
synthetic_equal4_4_0V/coarse,33485DECE11B39FA8DF713CCE832BF261BA2967C5773E9678AFFDEFB426DA08A,G1,0,0.0,"[4.0, 6.0, 8.0]",epoch_limit,3500.0,3500.0,0.002179735107347369,,16.692051599999104,11.569999694824219,11.57259752967995,11.567595564649745,0.09307627981146255,11.414356000210534,11.720674780895814,2.4477076530456543
synthetic_equal4_4_0V/coarse,F11B63C7D5D2E982BE9FD5AEA0E5B493557A20AE9E960ED747BDD500C9D89F27,C,0,0.0001,"[4.0, 6.0, 8.0]",epoch_limit,3500.0,3500.0,0.0050497520714998245,,16.03306050000174,11.539999961853027,11.716209250334238,11.569434828862112,0.8574293600022151,10.8186491040151,13.83323142390658,2.345379114151001
synthetic_equal4_4_0V/local,63A737EC8321C3364C00AF503199AA4BE37B473038BAFE064A6354E545A74AA0,d1,0,0.0,"[4.0, 6.0, 8.0]",plateau,934.0,934.0,0.002713272348046303,,5.416559799999959,11.527410507202148,11.708059638137545,11.3045057424604,0.8299057024691382,10.818649271487779,13.833231317345994,2.345379114151001
synthetic_equal4_4_0V/local,5A2A66951115CE76E1F271D1BEA02DF6E8252AA4B2A88484C9AB9135124A8848,g1,0,0.0,"[4.0, 6.0, 8.0]",plateau,2418.0,2418.0,0.002739135641604662,,12.028239999999641,11.529999732971191,11.708057639781574,11.528814052489103,0.8314057524587873,10.818649278274252,13.833231300454061,2.345379114151001
synthetic_equal4_4_0V/local,E273A4CB4642C2832587C4DD63CA2818F82F8B3754D511A0BAC1B910081A0A82,d2,0,0.0,"[4.0, 6.0, 8.0]",plateau,2144.0,2144.0,0.0027178525924682617,,10.797110999999859,11.519720077514648,11.708643712948776,11.32619820492627,0.8300859998765925,10.818649267955857,13.833231326137152,2.345379114151001
synthetic_equal4_4_0V/local,227AC9F123CF28841E47FCBBA15AACFF2FD6A0B3F7EBAA90CAA2BCC1315CFA2E,d3,0,0.0,"[4.0, 6.0, 8.0]",plateau,2611.0,2611.0,0.002718550618737936,,12.908482700000604,11.521397590637207,11.70862890362346,11.478843143678345,0.830124829119886,10.81864927855162,13.833231299763675,2.345379114151001
synthetic_equal4_4_0V/local,8175E2BBBAAB567699035729F09B5A119F0DE122393645E83260D91EEB15BEEC,d4,0,0.0,"[4.0, 6.0, 8.0]",plateau,3255.0,3255.0,0.002721501747146249,,13.79799240000284,11.500568389892578,11.708853381152748,11.502198635337683,0.8302859080060981,10.818649280979816,13.833231293719761,2.345379114151001
synthetic_equal4_4_0V/local,BA7B520A42B75B0437C8C1FB29E96DA37451ABC752DDBB295FFEF72E64BAE06E,h4s,0,0.0,"[4.0, 6.0, 8.0]",plateau,2163.0,2163.0,0.0027175918221473694,,8.836178899997321,11.526050567626953,11.708089413720172,11.481568741308969,0.8301835131985933,10.81864924577098,13.833231381356631,2.345379114151001
synthetic_equal4_4_0V/local,0B734CDF47A9C3356A56C05B4C78FB9F6095A1E919F1B470CF73759187D40901,equal4,0,0.0,"[4.0, 6.0, 8.0]",plateau,2163.0,2163.0,0.0027173226699233055,,8.650349299998197,11.527155876159668,11.708074356737168,11.485123501929175,0.8301681212784009,10.818649280207207,13.83323129564282,2.345379114151001
synthetic_equal4_4_4V/coarse,B64010B0C6FD1D39CEDFC19337241D3E4D7D15EFEDEE73F6FF6B0DA2E71AB3D0,H1,0,0.0,"[0.0, 6.0, 8.0]",epoch_limit,3500.0,3500.0,0.002780680079013109,,13.574156999999104,11.51913070678711,11.51913070678711,11.51913070678711,0.0,11.51913070678711,11.51913070678711,2.405111789703369
synthetic_equal4_4_4V/coarse,4E1A584D7903EFABD0FC25302C9C00BD4890FDAF1385BA2071ACBEA65EFF0694,G1,0,0.0,"[0.0, 6.0, 8.0]",epoch_limit,3500.0,3500.0,0.00280735082924366,,16.329172100002324,11.520000457763672,11.518768326524842,11.513769911454329,0.08714084750566489,11.370469248762825,11.657216246347556,2.3905060291290283
synthetic_equal4_4_4V/coarse,013020B2AD902547086002542CBB21F7F3D6B42E3F689C4D6DA91B30DF96ABF2,C,0,0.0001,"[0.0, 6.0, 8.0]",epoch_limit,3500.0,3500.0,0.005705195479094982,,15.581253699998342,11.520000457763672,11.694700364898338,11.55321284865387,0.8462756143442883,10.792740596505794,13.72952513464666,2.293205738067627
synthetic_equal4_4_4V/local,E5F024BAD9A015049A1767E1E9F0DC6E0B26A901169E36DBF7C1A47E888C4833,d1,0,0.0,"[0.0, 6.0, 8.0]",plateau,854.0,854.0,0.0033589277882128954,,4.653575500000443,11.493136405944824,11.676495038512927,11.278658251921025,0.8208140950487907,10.792740452386266,13.729525473977755,2.293205738067627
synthetic_equal4_4_4V/local,55E5FA9C3F50193B0183982FF51390E349D0695E16DF7C0EE05983D19EFC6E5E,g1,0,0.0,"[0.0, 6.0, 8.0]",plateau,2177.0,2177.0,0.0033865675795823336,,10.55930680000165,11.489999771118164,11.677121543942457,11.496152700827349,0.8222155064217012,10.792740453795593,13.729525470634306,2.293205738067627
synthetic_equal4_4_4V/local,881095655DF1F3694E2E7893C30F662CEC4216D045FAB76B94CC93BB7154D071,d2,0,0.0,"[0.0, 6.0, 8.0]",plateau,2099.0,2099.0,0.0033651504199951887,,10.543707199998607,11.484613418579102,11.677574510745874,11.301990997723806,0.8209619417417595,10.792740448773495,13.729525482548599,2.293205738067627
synthetic_equal4_4_4V/local,3938D3D1637CAB4CD10601EC9278ABDA8AD71CA9154D3C2AE8D2A1B887894220,d3,0,0.0,"[0.0, 6.0, 8.0]",plateau,2514.0,2514.0,0.0033652305137366056,,12.475347299998248,11.486226081848145,11.67732673227657,11.438373862808463,0.8210158067797537,10.79274043816098,13.729525507725462,2.293205738067627
synthetic_equal4_4_4V/local,EC85A36A407356A72BFE303176A937A748AFD4C0A4E9DD7A5767C67479D2164B,d4,0,0.0,"[0.0, 6.0, 8.0]",plateau,3313.0,3313.0,0.003367433790117502,,14.323514700001397,11.469884872436523,11.677529040638008,11.463556485411011,0.8211222942290854,10.792740460515,13.729525454693352,2.293205738067627
synthetic_equal4_4_4V/local,6EBE1CE3471183A89BF7B74F9F7750E6077BFA8E6420C1056F3C706545FBEC88,h4s,0,0.0,"[0.0, 6.0, 8.0]",plateau,2108.0,2108.0,0.003363375086337328,,8.715092300000833,11.494281768798828,11.677026758800666,11.449275232346531,0.8209681486007925,10.792740436298146,13.729525512144795,2.293205738067627
synthetic_equal4_4_4V/local,427C31ADECD966C7D979B41BCB9BB6DDC51F72CD33325C0AAADBD1B51B63C070,equal4,0,0.0,"[0.0, 6.0, 8.0]",plateau,2180.0,2180.0,0.003363104537129402,,9.01083429999926,11.497910499572754,11.67886707452744,11.455355252074867,0.8205359012794686,10.79274046299878,13.72952544880091,2.293205738067627
synthetic_equal4_4_6V/coarse,D5F98DA7772BA35A1308913E4695D77374C89063F4400F206EAE02E52BFCC85B,H1,0,0.0,"[0.0, 4.0, 8.0]",epoch_limit,3500.0,3500.0,0.0025536769535392523,,13.373846100002993,11.535055160522461,11.535055160522461,11.535055160522461,0.0,11.535055160522461,11.535055160522461,2.382822036743164
synthetic_equal4_4_6V/coarse,5669FBE8AA162A147A002A6C5A0BD4158642BA637E804E3D29BE6CDEDA94F9E0,G1,0,0.0,"[0.0, 4.0, 8.0]",epoch_limit,3500.0,3500.0,0.002580031054094434,,16.97468899999876,11.529999732971191,11.534985569316621,11.529985262414682,0.08594346986627124,11.388588475473401,11.671380894963693,2.368001699447632
synthetic_equal4_4_6V/coarse,C6621EA59D555825B0B4E5567639FDA875C21906DD2A2A4F2F1B0C1ED6E90F1F,C,0,0.0001,"[0.0, 4.0, 8.0]",epoch_limit,3500.0,3500.0,0.005344191566109657,,16.2396559000008,11.529999732971191,11.711854000504044,11.565941155760386,0.8696582374529819,10.78553216999093,13.809923326578158,2.313295841217041
synthetic_equal4_4_6V/local,2170A1ADF9AAE75F3709CA8117C58B9DD9B3E0785D2CD50A521310BD39C3F3F8,d1,0,0.0,"[0.0, 4.0, 8.0]",plateau,711.0,711.0,0.003087732708081603,,4.572158099999797,11.507235527038574,11.696044785066006,11.29168251175891,0.8447348867539184,10.78553218100701,13.809923286501999,2.313295841217041
synthetic_equal4_4_6V/local,334BC4594F4479D43141019C98CA690CCEAD91C117B20E35EB5DDF9C9968D98B,g1,0,0.0,"[0.0, 4.0, 8.0]",plateau,2413.0,2413.0,0.0031157201156020164,,11.91418540000086,11.510000228881836,11.696504217880994,11.510232325554606,0.846104499823241,10.785532189225208,13.809923269437954,2.313295841217041
synthetic_equal4_4_6V/local,480D24CF303667D85835E33869D6C9A48F24D6141F3A4988E20510FA6C896A38,d2,0,0.0,"[0.0, 4.0, 8.0]",plateau,2226.0,2226.0,0.003093878971412778,,11.77083599999969,11.499678611755371,11.697158235134001,11.31273640123712,0.8448352220879741,10.785532176102752,13.809923296685078,2.313295841217041
synthetic_equal4_4_6V/local,237270C9C331EB896FEA1E4C06810DFF34EBC6FB261636D188EC0264C3726807,d3,0,0.0,"[0.0, 4.0, 8.0]",plateau,2541.0,2541.0,0.003094231942668557,,13.103159900001629,11.500412940979004,11.69695036241101,11.451308611473412,0.844894173640926,10.785532179780946,13.809923289047768,2.313295841217041
synthetic_equal4_4_6V/local,D3C34A5EBEB0F68DF7A898AD874B47311CB02B2829043D9ED7ABF261826F6118,d4,0,0.0,"[0.0, 4.0, 8.0]",plateau,3296.0,3296.0,0.0030967099592089653,,14.075683199997002,11.485535621643066,11.697319754550925,11.475986866915536,0.8449705534405282,10.785532171934133,13.809923305340684,2.313295841217041
synthetic_equal4_4_6V/local,DFFBA343798264C263F73F3AA67824E61811DCE694BC8CA6D0CFDA99F2E44E4A,h4s,0,0.0,"[0.0, 4.0, 8.0]",plateau,2085.0,2085.0,0.0030920328572392464,,8.392967200001294,11.507769584655762,11.696280877920064,11.46300500030543,0.8449254307472452,10.785532180087461,13.80992328841133,2.313295841217041
synthetic_equal4_4_6V/local,1EC92AA9EECD111BEA5BB1622FCB9A532A827DD4586AA979C32FD9B8A24F768F,equal4,0,0.0,"[0.0, 4.0, 8.0]",plateau,2110.0,2110.0,0.003091651014983654,,8.480637199998455,11.508708953857422,11.696528842539218,11.466595778588799,0.8448487705717905,10.78553219903016,13.80992324907921,2.313295841217041
synthetic_equal4_4_8V/coarse,6B539019868DB889C1F58A0E3E4B1C3595BC7A047DAF20D5B5706F64BBBAB955,H1,0,0.0,"[0.0, 4.0, 6.0]",epoch_limit,3500.0,3500.0,0.002256775042042136,,13.186876700001449,11.517441749572754,11.517441749572754,11.517441749572754,0.0,11.517441749572754,11.517441749572754,2.3219146728515625
synthetic_equal4_4_8V/coarse,9973617318842383DCC0BC21AA3AE0E5574123F84FFE7F58360C0B0D90721832,G1,0,0.0,"[0.0, 4.0, 6.0]",epoch_limit,3500.0,3500.0,0.0022865920327603817,,16.13852179999958,11.520000457763672,11.518444079729461,11.513446156726909,0.08135413371340973,11.379683027606887,11.64737489809844,2.305431842803955
synthetic_equal4_4_8V/coarse,1427CC3071C2313D719C08E150AD2804AC4F12F692CE87A5ABB9D5062286854D,C,0,0.0001,"[0.0, 4.0, 6.0]",epoch_limit,3500.0,3500.0,0.005092620849609375,,15.539573099998961,11.529999732971191,11.74377285854311,11.577081936146104,0.9321705746680117,10.751895318892263,13.8350911865788,2.2897558212280273
synthetic_equal4_4_8V/local,FAD3E5937D65D04062BB1CC95127C3B4B60C80C3CC331730AECBA59D5E68C58C,d1,0,0.0,"[0.0, 4.0, 6.0]",plateau,650.0,650.0,0.0029083385597914457,,3.769442600001639,11.499008178710938,11.722785445804943,11.293180663664721,0.9116038443201733,10.751895128772961,13.835091048241924,2.2897558212280273
synthetic_equal4_4_8V/local,55C6BB4CF7BB7215264D64B7AD601724EF083BBF9D988A555A01D76D5FE5EDA9,g1,0,0.0,"[0.0, 4.0, 6.0]",plateau,2751.0,2751.0,0.0029391534626483917,,12.792022199999337,11.5,11.723833016101178,11.504689181916044,0.9126111560104625,10.751895147162008,13.835091019892195,2.2897558212280273
synthetic_equal4_4_8V/local,D7B03BEA40E3F3659F0803ED81E188D3560B084597B9F4406215E5B500DECFE1,d2,0,0.0,"[0.0, 4.0, 6.0]",plateau,2362.0,2362.0,0.002914352808147669,,11.292273499999283,11.493574142456055,11.724405919345372,11.311244960582385,0.9114847955515526,10.751895119275053,13.835091062884514,2.2897558212280273
synthetic_equal4_4_8V/local,68ABBDAFCB9D11B3B4BA3F7A5A4C841A272B935CE1C708F5376D4EBFC6944456,d3,0,0.0,"[0.0, 4.0, 6.0]",plateau,2722.0,2722.0,0.0029142971616238356,,12.869985099998303,11.493929862976074,11.724157347454119,11.446697975038788,0.9115355125777795,10.751895120907506,13.83509106036783,2.2897558212280273
synthetic_equal4_4_8V/local,833867BC78B7B9CBD6BFA58853B75517238C1F14674A0EA1B1EE9E7372AB8F5D,d4,0,0.0,"[0.0, 4.0, 6.0]",plateau,3470.0,3470.0,0.002916291356086731,,14.835057199998118,11.48519515991211,11.72446550932367,11.465663444815384,0.9115566861672685,10.751895122243148,13.835091058308711,2.2897558212280273
synthetic_equal4_4_8V/local,E8C8F86F50624B8709EAB3414B7BB711C15D16FBFCAE78274AB40A42543B5856,h4s,0,0.0,"[0.0, 4.0, 6.0]",plateau,2139.0,2139.0,0.002912770491093397,,8.738001800000347,11.498979568481445,11.723301260343968,11.45602948372931,0.9116755578132952,10.751895128587456,13.835091048527927,2.2897558212280273
synthetic_equal4_4_8V/local,6782504BBDEF9E0ED29501D1F67FAB02E08D899D2923C7A0BD424471AF9E7616,equal4,0,0.0,"[0.0, 4.0, 6.0]",plateau,2127.0,2127.0,0.002912592375651002,,8.49131959999795,11.50268840789795,11.725007742999995,11.462032183414117,0.911245072775882,10.751895114674502,13.835091069977022,2.2897558212280273
