scope,truth,replicate,noise_seed,heldout_vr,window_center_eV,family,seed,lambda,unit,rmse,mae,nrmse,normalization_range,n_points,bias_uA,observed_peak_V,predicted_peak_V,missing_peak,extra_peak,matched_peak_mean_abs_V,observed_trough_V,predicted_trough_V,missing_trough,extra_trough,matched_trough_mean_abs_V
synthetic_single_0_0V,single,0,20000,0.0,11.729999542236328,H1,0,0.0,05F38484847390146BD32C0AC22F2CC1DDBF644C2DC3E9342452BFB88B6D4F7C,0.1997486024864005,0.16349246422326344,0.06622417477410475,3.0162490233778954,161,-0.07344150191508465,"[7.0, 19.5, 28.5, 43.0, 52.0, 65.5, 76.0]","[18.0, 29.5, 41.0, 52.5, 64.0, 76.0]",1,0,1.0833333333333333,"[3.5, 11.0, 24.0, 33.0, 46.5, 58.5, 69.5]","[22.5, 34.5, 46.0, 57.5, 69.5]",2,0,0.9
synthetic_single_0_0V,single,0,20000,0.0,11.729999542236328,G1,0,0.0,48FADDD9F28FF0649429225B3FB23B66547EA6915D298B124BF318FD79259532,0.19764500322537465,0.16288304035060153,0.065526752497389,3.0162490233778954,161,-0.07027663644518911,"[7.0, 19.5, 28.5, 43.0, 52.0, 65.5, 76.0]","[18.0, 29.5, 41.0, 52.5, 64.0, 76.0]",1,0,1.0833333333333333,"[3.5, 11.0, 24.0, 33.0, 46.5, 58.5, 69.5]","[22.5, 34.5, 46.0, 57.5, 69.5]",2,0,0.9
synthetic_single_0_0V,single,0,20000,0.0,11.729999542236328,C,0,0.0001,970ED2613A415FDAE20B39F6779285FE9CF84608C86B304CDED84C82FE9EAF21,0.18380795359148966,0.15676316276470326,0.060939250097342176,3.0162490233778954,161,0.061607679965333166,"[7.0, 19.5, 28.5, 43.0, 52.0, 65.5, 76.0]","[18.0, 29.5, 41.0, 52.5, 64.0, 76.0]",1,0,1.0833333333333333,"[3.5, 11.0, 24.0, 33.0, 46.5, 58.5, 69.5]","[22.5, 34.0, 46.0, 57.5, 69.5]",2,0,0.8
synthetic_single_0_0V,single,0,20000,0.0,11.729999542236328,d1,0,0.0,787902496907C16DFC712B9F3C476D5E343B2D34017F65FA9497DD1F9B2DA641,0.18943711210708178,0.16261122995837135,0.0628055278721421,3.0162490233778954,161,0.0946793972242693,"[7.0, 19.5, 28.5, 43.0, 52.0, 65.5, 76.0]","[6.0, 18.0, 29.5, 41.0, 52.5, 64.0, 76.0]",0,0,1.0714285714285714,"[3.5, 11.0, 24.0, 33.0, 46.5, 58.5, 69.5]","[11.0, 22.5, 34.0, 46.0, 57.5, 69.5]",1,0,0.6666666666666666
synthetic_single_0_0V,single,0,20000,0.0,11.729999542236328,g1,0,0.0,32DAA2D32F885EA7CBBB2DFBCD496BAB76D56ACF685912052C60B5DEA2720B01,0.1952941626983084,0.16715748108321835,0.06474736044161188,3.0162490233778954,161,0.10549977218142208,"[7.0, 19.5, 28.5, 43.0, 52.0, 65.5, 76.0]","[6.0, 18.0, 29.5, 41.0, 52.5, 64.0, 76.0]",0,0,1.0714285714285714,"[3.5, 11.0, 24.0, 33.0, 46.5, 58.5, 69.5]","[11.0, 22.5, 34.0, 46.0, 57.5, 69.5]",1,0,0.6666666666666666
synthetic_single_0_0V,single,0,20000,0.0,11.729999542236328,d2,0,0.0,D01782E5667E17DDC6624EFDFAD23BE6DEA9DF78D9857ECE4BECCE39EFD2FA89,0.19395016190941722,0.16622596997651995,0.06430177362882743,3.0162490233778954,161,0.10348937442954283,"[7.0, 19.5, 28.5, 43.0, 52.0, 65.5, 76.0]","[6.0, 18.0, 29.5, 41.0, 52.5, 64.0, 76.0]",0,0,1.0714285714285714,"[3.5, 11.0, 24.0, 33.0, 46.5, 58.5, 69.5]","[11.0, 22.5, 34.0, 46.0, 57.5, 69.5]",1,0,0.6666666666666666
synthetic_single_0_0V,single,0,20000,0.0,11.729999542236328,d3,0,0.0,FED1DA280F0AA8D3F611047CEB86113075187E15855FDA18B8D4B805D5BB62ED,0.1939872400326659,0.16625129792445936,0.0643140664212863,3.0162490233778954,161,0.10356786111311883,"[7.0, 19.5, 28.5, 43.0, 52.0, 65.5, 76.0]","[6.0, 18.0, 29.5, 41.0, 52.5, 64.0, 76.0]",0,0,1.0714285714285714,"[3.5, 11.0, 24.0, 33.0, 46.5, 58.5, 69.5]","[11.0, 22.5, 34.0, 46.0, 57.5, 69.5]",1,0,0.6666666666666666
synthetic_single_0_0V,single,0,20000,0.0,11.729999542236328,d4,0,0.0,A6F8590306C0E94C43DE988727357E96B7B9FD181676AA960E064EAB0028E8D3,0.19396445754990202,0.166287699147411,0.06430651317134331,3.0162490233778954,161,0.10334540658300707,"[7.0, 19.5, 28.5, 43.0, 52.0, 65.5, 76.0]","[6.0, 18.0, 29.5, 41.0, 52.5, 64.0, 76.0]",0,0,1.0714285714285714,"[3.5, 11.0, 24.0, 33.0, 46.5, 58.5, 69.5]","[11.0, 22.5, 34.0, 46.0, 57.5, 69.5]",1,0,0.6666666666666666
synthetic_single_0_0V,single,0,20000,0.0,11.729999542236328,h4s,0,0.0,86FD6043DDEA22AF8116D1782D40EADBD53BC0E1743EC41736B14A4816F65D01,0.19386250537581026,0.16624934864895685,0.06427271219095292,3.0162490233778954,161,0.10314285232228522,"[7.0, 19.5, 28.5, 43.0, 52.0, 65.5, 76.0]","[6.0, 18.0, 29.5, 41.0, 52.5, 64.0, 76.0]",0,0,1.0714285714285714,"[3.5, 11.0, 24.0, 33.0, 46.5, 58.5, 69.5]","[11.0, 22.5, 34.0, 46.0, 57.5, 69.5]",1,0,0.6666666666666666
synthetic_single_0_0V,single,0,20000,0.0,11.729999542236328,equal4,0,0.0,E7B1F1D0F05B9EB405FFE60705882C8902BAE32816E9C17CECC0E99979D7272F,0.1938721380753851,0.1662545906645911,0.06427590579317215,3.0162490233778954,161,0.1031610543683449,"[7.0, 19.5, 28.5, 43.0, 52.0, 65.5, 76.0]","[6.0, 18.0, 29.5, 41.0, 52.5, 64.0, 76.0]",0,0,1.0714285714285714,"[3.5, 11.0, 24.0, 33.0, 46.5, 58.5, 69.5]","[11.0, 22.5, 34.0, 46.0, 57.5, 69.5]",1,0,0.6666666666666666
synthetic_single_0_4V,single,0,20000,4.0,11.739999771118164,H1,0,0.0,82AE6585373653D29D87D9321F83E405A7FF009BA9FA51A4E82D33A910F19A4B,0.12131158662827729,0.09698076190149284,0.04085094277375397,2.9696153476834297,161,-0.04579220499021944,"[18.0, 28.5, 41.0, 52.5, 64.0, 76.0]","[18.0, 29.5, 41.0, 52.5, 64.0, 76.0]",0,0,0.16666666666666666,"[6.5, 23.0, 35.5, 46.0, 58.0, 69.5]","[22.5, 34.5, 46.0, 58.0, 69.5]",1,0,0.3
synthetic_single_0_4V,single,0,20000,4.0,11.739999771118164,G1,0,0.0,416F5D90816F9402AFFEBB5A38A185220B0C0E697CA6D94C3E17226DD87E0752,0.12126406160967557,0.0967380184686008,0.04083493901130077,2.9696153476834297,161,-0.04533921838998332,"[18.0, 28.5, 41.0, 52.5, 64.0, 76.0]","[18.0, 29.5, 41.0, 52.5, 64.0, 76.0]",0,0,0.16666666666666666,"[6.5, 23.0, 35.5, 46.0, 58.0, 69.5]","[22.5, 34.5, 46.0, 58.0, 69.5]",1,0,0.3
synthetic_single_0_4V,single,0,20000,4.0,11.739999771118164,C,0,0.0001,F2813DB47EAE5394463090B79928CA875328E958E1E212ADF8FEA704BA3A4DFB,0.12678315764173573,0.09516074885874524,0.04269346120555247,2.9696153476834297,161,-0.008260551605790114,"[18.0, 28.5, 41.0, 52.5, 64.0, 76.0]","[6.0, 18.0, 29.5, 40.5, 52.0, 64.0, 76.0]",0,1,0.3333333333333333,"[6.5, 23.0, 35.5, 46.0, 58.0, 69.5]","[11.0, 22.5, 34.5, 46.0, 57.5, 69.5]",1,1,0.4
synthetic_single_0_4V,single,0,20000,4.0,11.739999771118164,d1,0,0.0,54C42E404C0D0056B802CC87AC3A011AA92DCA923EF1C2D06CFFABA439C43928,0.143837119813744,0.10524855161039448,0.04843627977810326,2.9696153476834297,161,0.07051803884588136,"[18.0, 28.5, 41.0, 52.5, 64.0, 76.0]","[6.0, 18.0, 29.5, 41.0, 52.5, 64.0, 76.0]",0,1,0.16666666666666666,"[6.5, 23.0, 35.5, 46.0, 58.0, 69.5]","[11.0, 22.5, 34.5, 46.0, 57.5, 69.5]",1,1,0.4
synthetic_single_0_4V,single,0,20000,4.0,11.739999771118164,g1,0,0.0,4FBD8AD352B7AEE994596AFB4BC30584F9942DD94C2C2075091F4AF27FE8BC5F,0.14864276685850702,0.1089990875070556,0.050054552342767865,2.9696153476834297,161,0.07750288718987418,"[18.0, 28.5, 41.0, 52.5, 64.0, 76.0]","[6.0, 18.0, 29.5, 41.0, 52.5, 64.0, 76.0]",0,1,0.16666666666666666,"[6.5, 23.0, 35.5, 46.0, 58.0, 69.5]","[11.0, 22.5, 34.5, 46.0, 57.5, 69.5]",1,1,0.4
synthetic_single_0_4V,single,0,20000,4.0,11.739999771118164,d2,0,0.0,F0A4718A541475BDBF8DDE1776AD3110A9135C4565B062F5954410B536C3D4D2,0.14815549279182255,0.10868538958049431,0.04989046574917432,2.9696153476834297,161,0.07696001268981129,"[18.0, 28.5, 41.0, 52.5, 64.0, 76.0]","[6.0, 18.0, 29.5, 41.0, 52.5, 64.0, 76.0]",0,1,0.16666666666666666,"[6.5, 23.0, 35.5, 46.0, 58.0, 69.5]","[11.0, 22.5, 34.5, 46.0, 57.5, 69.5]",1,1,0.4
synthetic_single_0_4V,single,0,20000,4.0,11.739999771118164,d3,0,0.0,8FCA2BF9F7B418AD68F4E8AFB9B40511E7F58B55E31D31EEDA36C9EC10AB89EA,0.14820334772088098,0.10873467084425299,0.04990658060697763,2.9696153476834297,161,0.07702817589981678,"[18.0, 28.5, 41.0, 52.5, 64.0, 76.0]","[6.0, 18.0, 29.5, 41.0, 52.5, 64.0, 76.0]",0,1,0.16666666666666666,"[6.5, 23.0, 35.5, 46.0, 58.0, 69.5]","[11.0, 22.5, 34.5, 46.0, 57.5, 69.5]",1,1,0.4
synthetic_single_0_4V,single,0,20000,4.0,11.739999771118164,d4,0,0.0,AF5FF1EBFBEF1DE8B97FA45ED710A1D74C4950907F19FCD2E864A5BBD62B08DD,0.1481673911832401,0.10863915796432158,0.04989447246049026,2.9696153476834297,161,0.07692915865549853,"[18.0, 28.5, 41.0, 52.5, 64.0, 76.0]","[6.0, 18.0, 29.5, 41.0, 52.5, 64.0, 76.0]",0,1,0.16666666666666666,"[6.5, 23.0, 35.5, 46.0, 58.0, 69.5]","[11.0, 22.5, 34.5, 46.0, 57.5, 69.5]",1,1,0.4
synthetic_single_0_4V,single,0,20000,4.0,11.739999771118164,h4s,0,0.0,BF2B711A7949BD34B3E83855D593497304E9479C80AD505D09C1E9A81BC959C4,0.14812054391928217,0.10864481286244085,0.049878696927812445,2.9696153476834297,161,0.07688977641360083,"[18.0, 28.5, 41.0, 52.5, 64.0, 76.0]","[6.0, 18.0, 29.5, 41.0, 52.5, 64.0, 76.0]",0,1,0.16666666666666666,"[6.5, 23.0, 35.5, 46.0, 58.0, 69.5]","[11.0, 22.5, 34.5, 46.0, 57.5, 69.5]",1,1,0.4
synthetic_single_0_4V,single,0,20000,4.0,11.739999771118164,equal4,0,0.0,6B901506E4CEAB97E6B5FEE445B798497238413E75B467E7E75E79568D7B4EE2,0.1481111393837276,0.10863420767825305,0.049875530007368725,2.9696153476834297,161,0.07687701305999241,"[18.0, 28.5, 41.0, 52.5, 64.0, 76.0]","[6.0, 18.0, 29.5, 41.0, 52.5, 64.0, 76.0]",0,1,0.16666666666666666,"[6.5, 23.0, 35.5, 46.0, 58.0, 69.5]","[11.0, 22.5, 34.5, 46.0, 57.5, 69.5]",1,1,0.4
synthetic_single_0_6V,single,0,20000,6.0,11.760000228881836,H1,0,0.0,C6F77B2CEAABDB08D026F8ADAE6B7EB9E0554715F1DDC4746663C6C69776D7EF,0.13661117545814988,0.11294514151371043,0.049301088761394836,2.770956562831998,161,-0.04109112818881592,"[16.0, 30.0, 42.0, 53.0, 64.0, 75.5]","[18.0, 29.0, 41.0, 52.5, 64.0, 76.0]",0,0,0.8333333333333334,"[11.5, 23.5, 34.5, 46.5, 57.5, 69.5]","[22.5, 34.0, 46.0, 58.0, 69.5]",1,0,0.5
synthetic_single_0_6V,single,0,20000,6.0,11.760000228881836,G1,0,0.0,E8CCD5E3CBFC46078685255F8576B28A0C962FF6DD5CFE0929B1CB05D5C74D7E,0.1372514029752048,0.11355167752282219,0.049532138040781805,2.770956562831998,161,-0.04111237546301776,"[16.0, 30.0, 42.0, 53.0, 64.0, 75.5]","[18.0, 29.0, 40.5, 52.5, 64.0, 76.0]",0,0,0.9166666666666666,"[11.5, 23.5, 34.5, 46.5, 57.5, 69.5]","[22.5, 34.0, 46.0, 58.0, 69.5]",1,0,0.5
synthetic_single_0_6V,single,0,20000,6.0,11.760000228881836,C,0,0.0001,72FCEE821C2B74FEC108A9C7DF171425C03EEC940C0C57E9C1F3C593E1029798,0.1689623101108214,0.13871592816590153,0.06097616699488679,2.770956562831998,161,-0.023753617595163933,"[16.0, 30.0, 42.0, 53.0, 64.0, 75.5]","[6.0, 18.0, 29.5, 40.5, 52.0, 64.0, 76.0]",0,1,0.9166666666666666,"[11.5, 23.5, 34.5, 46.5, 57.5, 69.5]","[10.5, 22.5, 34.0, 46.0, 57.5, 69.5]",0,0,0.5
synthetic_single_0_6V,single,0,20000,6.0,11.760000228881836,d1,0,0.0,49391066DB6C4ACFD1C1AC60C3E02F1EDC9086941B4526FFB0E81D52EE683E1E,0.1453727910955376,0.11066350019218758,0.0524630349841942,2.770956562831998,161,0.043336270411747584,"[16.0, 30.0, 42.0, 53.0, 64.0, 75.5]","[6.0, 18.0, 29.5, 40.5, 52.0, 64.0, 76.0]",0,1,0.9166666666666666,"[11.5, 23.5, 34.5, 46.5, 57.5, 69.5]","[11.0, 22.5, 34.0, 46.0, 57.5, 69.5]",0,0,0.4166666666666667
synthetic_single_0_6V,single,0,20000,6.0,11.760000228881836,g1,0,0.0,738C936324E127EB1162E9D054AAA9138D38CF59A50A994BDA81A177F02803A4,0.14862475427371927,0.11191149384523771,0.05363662363650351,2.770956562831998,161,0.05123585860551514,"[16.0, 30.0, 42.0, 53.0, 64.0, 75.5]","[6.0, 18.0, 29.5, 40.5, 52.0, 64.0, 76.0]",0,1,0.9166666666666666,"[11.5, 23.5, 34.5, 46.5, 57.5, 69.5]","[11.0, 22.5, 34.0, 46.0, 57.5, 69.5]",0,0,0.4166666666666667
synthetic_single_0_6V,single,0,20000,6.0,11.760000228881836,d2,0,0.0,C0F5790EA9F587154E057E4F0BA2D2A2FA0B8C27AC8CAC81435555183EFDAE6B,0.14835645811995657,0.11161883737637389,0.053539799255579806,2.770956562831998,161,0.05135337561831711,"[16.0, 30.0, 42.0, 53.0, 64.0, 75.5]","[6.0, 18.0, 29.5, 40.5, 52.0, 64.0, 76.0]",0,1,0.9166666666666666,"[11.5, 23.5, 34.5, 46.5, 57.5, 69.5]","[11.0, 22.5, 34.0, 46.0, 57.5, 69.5]",0,0,0.4166666666666667
synthetic_single_0_6V,single,0,20000,6.0,11.760000228881836,d3,0,0.0,9979965AF31D6C595A2D83EFD79C0F6B1B1F6F94032C6F1ECDA1618BAC7F7DB2,0.1483663842593961,0.11161913755147354,0.053543381462378956,2.770956562831998,161,0.051355820126044824,"[16.0, 30.0, 42.0, 53.0, 64.0, 75.5]","[6.0, 18.0, 29.5, 40.5, 52.0, 64.0, 76.0]",0,1,0.9166666666666666,"[11.5, 23.5, 34.5, 46.5, 57.5, 69.5]","[11.0, 22.5, 34.0, 46.0, 57.5, 69.5]",0,0,0.4166666666666667
synthetic_single_0_6V,single,0,20000,6.0,11.760000228881836,d4,0,0.0,D71A43688175F4A0E4F25FB7FD927D0BB459CEA15E16A45C453B56EA6CF4ECF7,0.14841921280608825,0.111676771309435,0.05356244655614504,2.770956562831998,161,0.051344593952161184,"[16.0, 30.0, 42.0, 53.0, 64.0, 75.5]","[6.0, 18.0, 29.5, 40.5, 52.0, 64.0, 76.0]",0,1,0.9166666666666666,"[11.5, 23.5, 34.5, 46.5, 57.5, 69.5]","[11.0, 22.5, 34.0, 46.0, 57.5, 69.5]",0,0,0.4166666666666667
synthetic_single_0_6V,single,0,20000,6.0,11.760000228881836,h4s,0,0.0,AC383DCEAED0337D176ECF70D1989AB254EF55E34D00A539296C5E92E3B08C19,0.1482048655603465,0.111473961160605,0.05348509159193634,2.770956562831998,161,0.051315211060439576,"[16.0, 30.0, 42.0, 53.0, 64.0, 75.5]","[6.0, 18.0, 29.5, 40.5, 52.0, 64.0, 76.0]",0,1,0.9166666666666666,"[11.5, 23.5, 34.5, 46.5, 57.5, 69.5]","[11.0, 22.5, 34.0, 46.0, 57.5, 69.5]",0,0,0.4166666666666667
synthetic_single_0_6V,single,0,20000,6.0,11.760000228881836,equal4,0,0.0,6440DE441808E471B14AFBC965648B0439E89FAD60053A2F717CE212249DC1D6,0.14820036840061962,0.11146843181171032,0.05348346862902627,2.770956562831998,161,0.05131604071266903,"[16.0, 30.0, 42.0, 53.0, 64.0, 75.5]","[6.0, 18.0, 29.5, 40.5, 52.0, 64.0, 76.0]",0,1,0.9166666666666666,"[11.5, 23.5, 34.5, 46.5, 57.5, 69.5]","[11.0, 22.5, 34.0, 46.0, 57.5, 69.5]",0,0,0.4166666666666667
synthetic_single_0_8V,single,0,20000,8.0,11.710000038146973,H1,0,0.0,F04A89B514D342B0C72121E1697D78A2A6D1B890516F5FB742C1B4E2942E88D1,0.17819631122259066,0.14032341725545824,0.06189556070618224,2.878983713686466,161,-0.04586752535925704,"[7.0, 17.0, 29.0, 41.0, 52.0, 63.5, 76.0]","[18.0, 29.5, 41.0, 52.5, 64.0, 75.5]",1,0,0.5,"[11.0, 21.5, 33.5, 45.5, 57.5, 69.0]","[23.0, 34.5, 46.5, 58.0, 69.5]",1,0,0.9
synthetic_single_0_8V,single,0,20000,8.0,11.710000038146973,G1,0,0.0,658461184ECDA9103C95BC64E364EFA8CB5DF79D8963EFF3B563E120C1E0A718,0.17925853336732497,0.14101260956608175,0.06226451803639727,2.878983713686466,161,-0.0464710019332189,"[7.0, 17.0, 29.0, 41.0, 52.0, 63.5, 76.0]","[18.0, 29.5, 41.0, 52.5, 64.0, 75.5]",1,0,0.5,"[11.0, 21.5, 33.5, 45.5, 57.5, 69.0]","[23.0, 34.5, 46.5, 58.0, 69.5]",1,0,0.9
synthetic_single_0_8V,single,0,20000,8.0,11.710000038146973,C,0,0.0001,EC4B6D4ECD084FB99C56536342BC84CCD626CA2F35A3781F468D0FC804CB4AAB,0.2186889454777638,0.16887547746185005,0.07596046634030384,2.878983713686466,161,-0.03120886282821805,"[7.0, 17.0, 29.0, 41.0, 52.0, 63.5, 76.0]","[6.5, 18.0, 29.5, 41.0, 52.5, 64.0, 76.0]",0,0,0.42857142857142855,"[11.0, 21.5, 33.5, 45.5, 57.5, 69.0]","[11.0, 22.5, 34.5, 46.0, 58.0, 69.5]",0,0,0.5833333333333334
synthetic_single_0_8V,single,0,20000,8.0,11.710000038146973,d1,0,0.0,6355AC552D614F2131720E0397B4BD70B67FC39E5070513F051C486649585B9E,0.17856762193040923,0.13441871033160027,0.0620245335468598,2.878983713686466,161,0.034740528109142126,"[7.0, 17.0, 29.0, 41.0, 52.0, 63.5, 76.0]","[6.5, 18.5, 29.5, 41.0, 52.5, 64.0, 76.0]",0,0,0.5,"[11.0, 21.5, 33.5, 45.5, 57.5, 69.0]","[11.5, 23.0, 34.5, 46.0, 58.0, 69.5]",0,0,0.75
synthetic_single_0_8V,single,0,20000,8.0,11.710000038146973,g1,0,0.0,16146DFBEC1C750180F1688B2D654E878AB0F70CF637A49E2F147ECE5553CAFE,0.17961603904128232,0.1339696055069936,0.06238869577045592,2.878983713686466,161,0.04189220578149424,"[7.0, 17.0, 29.0, 41.0, 52.0, 63.5, 76.0]","[6.5, 18.0, 29.5, 41.0, 52.5, 64.0, 76.0]",0,0,0.42857142857142855,"[11.0, 21.5, 33.5, 45.5, 57.5, 69.0]","[11.5, 23.0, 34.5, 46.0, 58.0, 69.5]",0,0,0.75
synthetic_single_0_8V,single,0,20000,8.0,11.710000038146973,d2,0,0.0,B9A64B760BF2774A266AD5D6310A5AD0A491D81AF57AE742CEC1BA2D63348749,0.1788618522503791,0.13330289321772246,0.0621267329162314,2.878983713686466,161,0.04259705782422553,"[7.0, 17.0, 29.0, 41.0, 52.0, 63.5, 76.0]","[6.5, 18.0, 29.5, 41.0, 52.5, 64.0, 76.0]",0,0,0.42857142857142855,"[11.0, 21.5, 33.5, 45.5, 57.5, 69.0]","[11.0, 23.0, 34.5, 46.0, 58.0, 69.5]",0,0,0.6666666666666666
synthetic_single_0_8V,single,0,20000,8.0,11.710000038146973,d3,0,0.0,5A3EC516A84BF5C695D9C3D5683BBF1449FED4C18B9A1E8F7D86CC9F9AD25433,0.17880560069790857,0.13331848101239213,0.06210719423242325,2.878983713686466,161,0.0424169287235933,"[7.0, 17.0, 29.0, 41.0, 52.0, 63.5, 76.0]","[6.5, 18.0, 29.5, 41.0, 52.5, 64.0, 76.0]",0,0,0.42857142857142855,"[11.0, 21.5, 33.5, 45.5, 57.5, 69.0]","[11.5, 23.0, 34.5, 46.0, 58.0, 69.5]",0,0,0.75
synthetic_single_0_8V,single,0,20000,8.0,11.710000038146973,d4,0,0.0,DD94A77F9E422A6334D52D2B9C9D0F9CB6B80F94A4D9540405A573AA96B02153,0.17886099284527335,0.13334539167652404,0.06212643440634346,2.878983713686466,161,0.04238396226457372,"[7.0, 17.0, 29.0, 41.0, 52.0, 63.5, 76.0]","[6.5, 18.0, 29.5, 41.0, 52.5, 64.0, 76.0]",0,0,0.42857142857142855,"[11.0, 21.5, 33.5, 45.5, 57.5, 69.0]","[11.5, 23.0, 34.5, 46.0, 58.0, 69.5]",0,0,0.75
synthetic_single_0_8V,single,0,20000,8.0,11.710000038146973,h4s,0,0.0,E04428604C9E7C3A933D9DD8109EE658358A123536ACD32D649E69DF1E07975A,0.1788420831272434,0.1333648441475093,0.062119866214262326,2.878983713686466,161,0.042280956854037245,"[7.0, 17.0, 29.0, 41.0, 52.0, 63.5, 76.0]","[6.5, 18.0, 29.5, 41.0, 52.5, 64.0, 76.0]",0,0,0.42857142857142855,"[11.0, 21.5, 33.5, 45.5, 57.5, 69.0]","[11.5, 23.0, 34.5, 46.0, 58.0, 69.5]",0,0,0.75
synthetic_single_0_8V,single,0,20000,8.0,11.710000038146973,equal4,0,0.0,E79543FC94B6CC1C37B81868E776869275BB645F435B570B030D90B07F37AC0D,0.17882672619383544,0.13335032939841474,0.06211453206341772,2.878983713686466,161,0.042298313189783825,"[7.0, 17.0, 29.0, 41.0, 52.0, 63.5, 76.0]","[6.5, 18.0, 29.5, 41.0, 52.5, 64.0, 76.0]",0,0,0.42857142857142855,"[11.0, 21.5, 33.5, 45.5, 57.5, 69.0]","[11.5, 23.0, 34.5, 46.0, 58.0, 69.5]",0,0,0.75
synthetic_single_1_0V,single,1,20001,0.0,11.670000076293945,H1,0,0.0,A9273AAAA930F8BF043B7141E6FEE23F11F979FF60D5ACCFCC9E16088F05405E,0.21389225747811644,0.1800082153994995,0.0673817044063267,3.1743372976779938,161,-0.10471168454513764,"[3.0, 19.5, 30.5, 41.5, 52.0, 63.5, 75.0]","[18.5, 29.5, 41.0, 52.5, 64.0, 76.0]",1,0,0.75,"[6.0, 23.5, 33.5, 46.0, 57.5, 70.0]","[23.0, 34.5, 46.0, 57.5, 69.5]",1,0,0.4
synthetic_single_1_0V,single,1,20001,0.0,11.670000076293945,G1,0,0.0,16CD5EBEABFD954C3ABB91A4DB2FA4CC3B1619E6B1F4595055EC4AC9BCC32A78,0.21192874949651047,0.17832506072970675,0.0667631475872255,3.1743372976779938,161,-0.10253428376456201,"[3.0, 19.5, 30.5, 41.5, 52.0, 63.5, 75.0]","[18.5, 29.5, 41.0, 52.5, 64.0, 76.0]",1,0,0.75,"[6.0, 23.5, 33.5, 46.0, 57.5, 70.0]","[23.0, 34.5, 46.0, 57.5, 69.5]",1,0,0.4
synthetic_single_1_0V,single,1,20001,0.0,11.670000076293945,C,0,0.0001,A99C63BA294280FF542E577E880DA5CE29CD8C31A4E09E5D190021794C33D70A,0.1725560971735088,0.13987704176493337,0.05435972330342224,3.1743372976779938,161,0.04098728752437609,"[3.0, 19.5, 30.5, 41.5, 52.0, 63.5, 75.0]","[18.5, 30.0, 41.0, 52.5, 64.0, 76.0]",1,0,0.6666666666666666,"[6.0, 23.5, 33.5, 46.0, 57.5, 70.0]","[22.5, 34.5, 46.0, 57.5, 69.0]",1,0,0.6
synthetic_single_1_0V,single,1,20001,0.0,11.670000076293945,d1,0,0.0,7A6C3B17A7183E69F7BA4C8AE7D8C663F6F3BEA65CA59F86D2C60DD82CEA7A79,0.17212786056231597,0.14220858480772638,0.054224817472367015,3.1743372976779938,161,0.07662739766463753,"[3.0, 19.5, 30.5, 41.5, 52.0, 63.5, 75.0]","[6.5, 18.5, 30.0, 41.0, 52.5, 64.0, 76.0]",1,1,0.6666666666666666,"[6.0, 23.5, 33.5, 46.0, 57.5, 70.0]","[11.0, 23.0, 34.5, 46.0, 57.5, 69.5]",1,1,0.4
synthetic_single_1_0V,single,1,20001,0.0,11.670000076293945,g1,0,0.0,7C1B3875824A39D9D66123250813637C5ED10B345194CB80E11291753C096A67,0.17769899152160448,0.14614225590604457,0.05597987071241298,3.1743372976779938,161,0.08918409438019977,"[3.0, 19.5, 30.5, 41.5, 52.0, 63.5, 75.0]","[7.0, 18.5, 30.0, 41.0, 52.5, 64.0, 76.0]",1,1,0.6666666666666666,"[6.0, 23.5, 33.5, 46.0, 57.5, 70.0]","[11.5, 23.0, 34.5, 46.0, 57.5, 69.5]",1,1,0.4
synthetic_single_1_0V,single,1,20001,0.0,11.670000076293945,d2,0,0.0,5791FE40C4AC8AEC995F53521BFF22AA24713E9D8CC2868F122795D77E3DDE87,0.176704252433731,0.14552323385763635,0.05566650165468835,3.1743372976779938,161,0.08736875528102359,"[3.0, 19.5, 30.5, 41.5, 52.0, 63.5, 75.0]","[7.0, 18.5, 30.0, 41.0, 52.5, 64.0, 76.0]",1,1,0.6666666666666666,"[6.0, 23.5, 33.5, 46.0, 57.5, 70.0]","[11.0, 23.0, 34.5, 46.0, 57.5, 69.5]",1,1,0.4
synthetic_single_1_0V,single,1,20001,0.0,11.670000076293945,d3,0,0.0,9E928F5AA5EA41FC3BDB2D6FCC0248615965C2DFC503AB6DBF899C567C425292,0.17671346235864116,0.1455292778981919,0.05566940302402831,3.1743372976779938,161,0.08737457663714539,"[3.0, 19.5, 30.5, 41.5, 52.0, 63.5, 75.0]","[7.0, 18.5, 30.0, 41.0, 52.5, 64.0, 76.0]",1,1,0.6666666666666666,"[6.0, 23.5, 33.5, 46.0, 57.5, 70.0]","[11.0, 23.0, 34.5, 46.0, 57.5, 69.5]",1,1,0.4
synthetic_single_1_0V,single,1,20001,0.0,11.670000076293945,d4,0,0.0,2716B31B3E79D0AA77598C998E221A0AC91AC8DACF1AAE9B8291714D24D75088,0.17662265769051277,0.1454547907880895,0.05564079715779135,3.1743372976779938,161,0.08727539821039099,"[3.0, 19.5, 30.5, 41.5, 52.0, 63.5, 75.0]","[7.0, 18.5, 30.0, 41.0, 52.5, 64.0, 76.0]",1,1,0.6666666666666666,"[6.0, 23.5, 33.5, 46.0, 57.5, 70.0]","[11.0, 23.0, 34.5, 46.0, 57.5, 69.5]",1,1,0.4
synthetic_single_1_0V,single,1,20001,0.0,11.670000076293945,h4s,0,0.0,9791EAFDFB886E37F4310D86401382A5CC0868125680886565C5B4EBBA8A6769,0.1766041816342402,0.14543467602527682,0.055634976712596027,3.1743372976779938,161,0.08726304852597484,"[3.0, 19.5, 30.5, 41.5, 52.0, 63.5, 75.0]","[7.0, 18.5, 30.0, 41.0, 52.5, 64.0, 76.0]",1,1,0.6666666666666666,"[6.0, 23.5, 33.5, 46.0, 57.5, 70.0]","[11.0, 23.0, 34.5, 46.0, 57.5, 69.5]",1,1,0.4
synthetic_single_1_0V,single,1,20001,0.0,11.670000076293945,equal4,0,0.0,0C988216B0B1AF3A1985990B1FFB772348F4FAB2514D4030A92554ECD861EC09,0.1765994772902115,0.1454343746238394,0.0556334947201083,3.1743372976779938,161,0.08725531005679474,"[3.0, 19.5, 30.5, 41.5, 52.0, 63.5, 75.0]","[7.0, 18.5, 30.0, 41.0, 52.5, 64.0, 76.0]",1,1,0.6666666666666666,"[6.0, 23.5, 33.5, 46.0, 57.5, 70.0]","[11.0, 23.0, 34.5, 46.0, 57.5, 69.5]",1,1,0.4
synthetic_single_1_4V,single,1,20001,4.0,11.649999618530273,H1,0,0.0,ADF19156C87DB8115488C6605DEE02B4AA521116502283E99DADD67B8B1E30F2,0.09199908116267237,0.07834925779043148,0.032604085245706925,2.8217041045427322,161,0.013979789020019288,"[19.5, 30.0, 42.0, 53.0, 64.0, 75.5]","[18.5, 29.5, 41.0, 52.5, 64.0, 75.5]",0,0,0.5,"[23.5, 34.0, 46.0, 58.0, 69.5]","[23.0, 34.5, 46.0, 58.0, 69.5]",0,0,0.2
synthetic_single_1_4V,single,1,20001,4.0,11.649999618530273,G1,0,0.0,F0A552DA9182FD5B7747FCA9013A2BB0241CDCE5A4A19F5980479ADBB0C07D43,0.09140997409275269,0.07777992063288733,0.03239530819180844,2.8217041045427322,161,0.013254811825311703,"[19.5, 30.0, 42.0, 53.0, 64.0, 75.5]","[18.5, 29.5, 41.0, 52.5, 64.0, 75.5]",0,0,0.5,"[23.5, 34.0, 46.0, 58.0, 69.5]","[23.0, 34.5, 46.0, 58.0, 69.5]",0,0,0.2
synthetic_single_1_4V,single,1,20001,4.0,11.649999618530273,C,0,0.0001,3D3E4F6F42DCC73792B9210ED87323E5B4C716A742304A7E10A0E11888E1238C,0.10995823360515937,0.08927664657048187,0.03896873291148241,2.8217041045427322,161,0.05109523298068446,"[19.5, 30.0, 42.0, 53.0, 64.0, 75.5]","[18.5, 30.0, 41.0, 52.0, 64.0, 76.0]",0,0,0.5833333333333334,"[23.5, 34.0, 46.0, 58.0, 69.5]","[23.0, 34.5, 46.0, 57.5, 69.5]",0,0,0.3
synthetic_single_1_4V,single,1,20001,4.0,11.649999618530273,d1,0,0.0,0583D33F63FD9ED346A39328952197D8EFAC5D2A25B9642BFCDE2254C41E31D9,0.15662417354432598,0.13146724218722455,0.055506944648155275,2.8217041045427322,161,0.12331060884717088,"[19.5, 30.0, 42.0, 53.0, 64.0, 75.5]","[7.0, 18.5, 30.0, 41.0, 52.5, 64.0, 75.5]",0,1,0.4166666666666667,"[23.5, 34.0, 46.0, 58.0, 69.5]","[11.5, 23.0, 34.5, 46.0, 57.5, 69.5]",0,1,0.3
synthetic_single_1_4V,single,1,20001,4.0,11.649999618530273,g1,0,0.0,EDD7E6A8A7D4142886632B6881C59D1029DD027919068DBD77B3F8D9D82CA26F,0.16763931400387083,0.14134660999504675,0.059410663837495964,2.8217041045427322,161,0.1352699482987016,"[19.5, 30.0, 42.0, 53.0, 64.0, 75.5]","[7.0, 18.5, 30.0, 41.0, 52.5, 64.0, 75.5]",0,1,0.4166666666666667,"[23.5, 34.0, 46.0, 58.0, 69.5]","[11.5, 23.0, 34.5, 46.0, 57.5, 69.5]",0,1,0.3
synthetic_single_1_4V,single,1,20001,4.0,11.649999618530273,d2,0,0.0,D69EA92C660C73753027378D5F8EFF8BD583780A1BB1A51BEC0CDC78E094140A,0.16764759643076105,0.1411474016003357,0.05941359909455459,2.8217041045427322,161,0.13516216361837358,"[19.5, 30.0, 42.0, 53.0, 64.0, 75.5]","[7.0, 18.5, 30.0, 41.0, 52.5, 64.0, 75.5]",0,1,0.4166666666666667,"[23.5, 34.0, 46.0, 58.0, 69.5]","[11.5, 23.0, 34.5, 46.0, 57.5, 69.5]",0,1,0.3
synthetic_single_1_4V,single,1,20001,4.0,11.649999618530273,d3,0,0.0,3AF0C906613FF704C63079D22DAA3839812094253E1FB7D3B6F4F08A964E2547,0.1676463836823795,0.1411404346133241,0.059413169301657597,2.8217041045427322,161,0.13515391920386635,"[19.5, 30.0, 42.0, 53.0, 64.0, 75.5]","[7.0, 18.5, 30.0, 41.0, 52.5, 64.0, 75.5]",0,1,0.4166666666666667,"[23.5, 34.0, 46.0, 58.0, 69.5]","[11.5, 23.0, 34.5, 46.0, 57.5, 69.5]",0,1,0.3
synthetic_single_1_4V,single,1,20001,4.0,11.649999618530273,d4,0,0.0,051CEECFBDF3C200AE875E103D5E2351D08DF2CB23A50CA694CB332E5C6C1D54,0.16763634785951548,0.14113986959553654,0.059409612648482,2.8217041045427322,161,0.13514124555802492,"[19.5, 30.0, 42.0, 53.0, 64.0, 75.5]","[7.0, 18.5, 30.0, 41.0, 52.5, 64.0, 75.5]",0,1,0.4166666666666667,"[23.5, 34.0, 46.0, 58.0, 69.5]","[11.5, 23.0, 34.5, 46.0, 57.5, 69.5]",0,1,0.3
synthetic_single_1_4V,single,1,20001,4.0,11.649999618530273,h4s,0,0.0,B673897569D55B715F0DAF81DB38C98F8484193F8B074FE5980C17FD388425F8,0.16760401858379156,0.14109240463061362,0.05939815528990501,2.8217041045427322,161,0.13510332122352553,"[19.5, 30.0, 42.0, 53.0, 64.0, 75.5]","[7.0, 18.5, 30.0, 41.0, 52.5, 64.0, 75.5]",0,1,0.4166666666666667,"[23.5, 34.0, 46.0, 58.0, 69.5]","[11.5, 23.0, 34.5, 46.0, 57.5, 69.5]",0,1,0.3
synthetic_single_1_4V,single,1,20001,4.0,11.649999618530273,equal4,0,0.0,3E207136B495DE1112C8D4C4A8F942C62AA9E0C22BC5EAA981AF3BE9E2FB0CFE,0.167606614063659,0.14109164774880645,0.05939907511699222,2.8217041045427322,161,0.13510372718761426,"[19.5, 30.0, 42.0, 53.0, 64.0, 75.5]","[7.0, 18.5, 30.0, 41.0, 52.5, 64.0, 75.5]",0,1,0.4166666666666667,"[23.5, 34.0, 46.0, 58.0, 69.5]","[11.5, 23.0, 34.5, 46.0, 57.5, 69.5]",0,1,0.3
synthetic_single_1_6V,single,1,20001,6.0,11.520000457763672,H1,0,0.0,0C8E48CE7373D3B2C0D7B57B37F4B6DF77421323B9E6A1253BD3496260460BAB,0.15028135777462714,0.12916707403680183,0.05251550456237336,2.8616569340229034,161,-0.04035150001739493,"[7.0, 19.5, 29.5, 41.0, 52.5, 64.0, 75.5]","[18.5, 30.0, 41.0, 52.5, 64.0, 75.5]",1,0,0.25,"[2.5, 11.5, 22.0, 34.0, 46.0, 57.5, 69.5]","[23.0, 34.5, 46.5, 58.0, 69.5]",2,0,0.5
synthetic_single_1_6V,single,1,20001,6.0,11.520000457763672,G1,0,0.0,13075D6E98689F5671BAF91B20BCCBA31B0034EC444351B5BC2B9745F5C1AC46,0.15121477907279743,0.130059322261292,0.05284168667283972,2.8616569340229034,161,-0.041898278831880284,"[7.0, 19.5, 29.5, 41.0, 52.5, 64.0, 75.5]","[18.5, 30.0, 41.0, 52.5, 64.0, 75.5]",1,0,0.25,"[2.5, 11.5, 22.0, 34.0, 46.0, 57.5, 69.5]","[23.0, 34.5, 46.5, 58.0, 69.5]",2,0,0.5
synthetic_single_1_6V,single,1,20001,6.0,11.520000457763672,C,0,0.0001,6F729CB4F7A941C350114F80DC27691DE4CE2A903C809A6155F04812276F21AF,0.19111756358174242,0.15818436470414912,0.06678563083837946,2.8616569340229034,161,-0.0362944107919191,"[7.0, 19.5, 29.5, 41.0, 52.5, 64.0, 75.5]","[7.5, 19.0, 30.0, 41.0, 52.0, 64.0, 75.5]",0,0,0.2857142857142857,"[2.5, 11.5, 22.0, 34.0, 46.0, 57.5, 69.5]","[11.5, 23.0, 34.5, 46.0, 57.5, 69.5]",1,0,0.25
synthetic_single_1_6V,single,1,20001,6.0,11.520000457763672,d1,0,0.0,DA9BFA2CABA6ECB60975EAFCAE32F3F9D663DA30BB52C96C77CBA8CC98932775,0.16108154845702305,0.12628264423251523,0.0562896084928585,2.8616569340229034,161,0.04411397854687635,"[7.0, 19.5, 29.5, 41.0, 52.5, 64.0, 75.5]","[7.0, 19.0, 30.5, 41.0, 52.5, 64.0, 75.5]",0,0,0.21428571428571427,"[2.5, 11.5, 22.0, 34.0, 46.0, 57.5, 69.5]","[12.0, 23.5, 34.5, 46.0, 57.5, 69.5]",1,0,0.4166666666666667
synthetic_single_1_6V,single,1,20001,6.0,11.520000457763672,g1,0,0.0,B6AABC8096C2BD78A0B5A7369B20DD9FECE1DFA94AF037F627CFC438948B5E03,0.16299890171356074,0.12692979597110557,0.056959623557816794,2.8616569340229034,161,0.051382017744161325,"[7.0, 19.5, 29.5, 41.0, 52.5, 64.0, 75.5]","[7.0, 19.0, 30.5, 41.0, 52.5, 64.0, 75.5]",0,0,0.21428571428571427,"[2.5, 11.5, 22.0, 34.0, 46.0, 57.5, 69.5]","[12.0, 23.5, 34.5, 46.0, 57.5, 69.5]",1,0,0.4166666666666667
synthetic_single_1_6V,single,1,20001,6.0,11.520000457763672,d2,0,0.0,82376EA496D9678B7EE69981ACC153626B891F1D9314B7473FF8CF7354E675AA,0.16256164372275175,0.12643245143688614,0.0568068246721047,2.8616569340229034,161,0.05146286348517267,"[7.0, 19.5, 29.5, 41.0, 52.5, 64.0, 75.5]","[7.0, 19.0, 30.5, 41.0, 52.5, 64.0, 75.5]",0,0,0.21428571428571427,"[2.5, 11.5, 22.0, 34.0, 46.0, 57.5, 69.5]","[12.0, 23.5, 34.5, 46.0, 57.5, 69.5]",1,0,0.4166666666666667
synthetic_single_1_6V,single,1,20001,6.0,11.520000457763672,d3,0,0.0,93A30794671A35A65A75E8B2ABF23A5C520AB3A5E291E3B8BAFBF488233372AC,0.16257824743255886,0.12646120028882663,0.05681262680359352,2.8616569340229034,161,0.05146816040834655,"[7.0, 19.5, 29.5, 41.0, 52.5, 64.0, 75.5]","[7.0, 19.0, 30.5, 41.0, 52.5, 64.0, 75.5]",0,0,0.21428571428571427,"[2.5, 11.5, 22.0, 34.0, 46.0, 57.5, 69.5]","[12.0, 23.5, 34.5, 46.0, 57.5, 69.5]",1,0,0.4166666666666667
synthetic_single_1_6V,single,1,20001,6.0,11.520000457763672,d4,0,0.0,F78BDB0AA11C638862C53A9927A5CC021F1A23A03E393E020C74138412F228C2,0.16261049811569553,0.12649433364547927,0.056823896737020284,2.8616569340229034,161,0.051501084732250395,"[7.0, 19.5, 29.5, 41.0, 52.5, 64.0, 75.5]","[7.0, 19.0, 30.5, 41.0, 52.5, 64.0, 75.5]",0,0,0.21428571428571427,"[2.5, 11.5, 22.0, 34.0, 46.0, 57.5, 69.5]","[12.0, 23.5, 34.5, 46.0, 57.5, 69.5]",1,0,0.4166666666666667
synthetic_single_1_6V,single,1,20001,6.0,11.520000457763672,h4s,0,0.0,AD481E4A75F9AE4F42B42DF2D74FBD0A146ABB9FD2E8B250B866B8964A2EF77E,0.16262931496868113,0.12649262211754086,0.0568304722467405,2.8616569340229034,161,0.05135239014020247,"[7.0, 19.5, 29.5, 41.0, 52.5, 64.0, 75.5]","[7.0, 19.0, 30.5, 41.0, 52.5, 64.0, 75.5]",0,0,0.21428571428571427,"[2.5, 11.5, 22.0, 34.0, 46.0, 57.5, 69.5]","[12.0, 23.5, 34.5, 46.0, 57.5, 69.5]",1,0,0.4166666666666667
synthetic_single_1_6V,single,1,20001,6.0,11.520000457763672,equal4,0,0.0,F964A117E302077FDE02008BB552A1DD393123FAEE588478E75E1BADFFBD0542,0.16260868053272537,0.1264726999823166,0.05682326158647217,2.8616569340229034,161,0.051363756972717944,"[7.0, 19.5, 29.5, 41.0, 52.5, 64.0, 75.5]","[7.0, 19.0, 30.5, 41.0, 52.5, 64.0, 75.5]",0,0,0.21428571428571427,"[2.5, 11.5, 22.0, 34.0, 46.0, 57.5, 69.5]","[12.0, 23.5, 34.5, 46.0, 57.5, 69.5]",1,0,0.4166666666666667
synthetic_single_1_8V,single,1,20001,8.0,11.579999923706055,H1,0,0.0,FB39282D592669427C9687F935624517A2BA30746FD72A80D34903D2AAC23D26,0.17671380479171658,0.14727022285972322,0.06476770952316918,2.7284244894981384,161,-0.03687728471730067,"[6.0, 18.0, 29.5, 41.5, 52.0, 63.5, 76.0]","[18.5, 29.5, 41.0, 52.5, 64.0, 75.5]",1,0,0.4166666666666667,"[4.0, 11.5, 22.0, 36.0, 46.5, 57.5, 69.5]","[23.0, 34.5, 46.0, 58.0, 69.5]",2,0,0.7
synthetic_single_1_8V,single,1,20001,8.0,11.579999923706055,G1,0,0.0,F05A7BC53A2421646962551A223B2842902BAC5D08A81FD1E4FD79B3C8037650,0.17809455908479457,0.14822863647425027,0.06527377238046744,2.7284244894981384,161,-0.037563017262897874,"[6.0, 18.0, 29.5, 41.5, 52.0, 63.5, 76.0]","[18.5, 29.5, 41.0, 52.5, 64.0, 75.5]",1,0,0.4166666666666667,"[4.0, 11.5, 22.0, 36.0, 46.5, 57.5, 69.5]","[23.0, 34.5, 46.0, 58.0, 69.5]",2,0,0.7
synthetic_single_1_8V,single,1,20001,8.0,11.579999923706055,C,0,0.0001,93F956BF367BCA4E7767905DEE9F5C17F9F899EA253FC25D4E346F2967CC7490,0.22052219406623416,0.1801983406246634,0.08082400481121492,2.7284244894981384,161,-0.04155112230305716,"[6.0, 18.0, 29.5, 41.5, 52.0, 63.5, 76.0]","[7.0, 18.5, 29.5, 40.5, 52.0, 64.0, 75.5]",0,0,0.5,"[4.0, 11.5, 22.0, 36.0, 46.5, 57.5, 69.5]","[11.5, 23.0, 34.5, 46.0, 57.5, 69.5]",1,0,0.5
synthetic_single_1_8V,single,1,20001,8.0,11.579999923706055,d1,0,0.0,A71DE5CFD7A20AE3192B0C80E9B7435381CCFFE2EAF4836B04354A2DEDB2CE74,0.17716918351613847,0.1381341594254008,0.06493461123739094,2.7284244894981384,161,0.019500561266767313,"[6.0, 18.0, 29.5, 41.5, 52.0, 63.5, 76.0]","[7.0, 18.5, 30.0, 41.0, 52.5, 64.0, 75.5]",0,0,0.5714285714285714,"[4.0, 11.5, 22.0, 36.0, 46.5, 57.5, 69.5]","[11.5, 23.0, 34.5, 46.0, 57.5, 69.5]",1,0,0.5
synthetic_single_1_8V,single,1,20001,8.0,11.579999923706055,g1,0,0.0,AAFE73A56FD821EF243EF94B89FDE7B7E20E72D1C62554C373BB6BAB8DA9F3D5,0.17842658232635486,0.13724047121424113,0.06539546284426377,2.7284244894981384,161,0.02630515621037957,"[6.0, 18.0, 29.5, 41.5, 52.0, 63.5, 76.0]","[7.0, 18.5, 30.0, 41.0, 52.5, 64.0, 75.5]",0,0,0.5714285714285714,"[4.0, 11.5, 22.0, 36.0, 46.5, 57.5, 69.5]","[11.5, 23.0, 34.5, 46.0, 57.5, 69.5]",1,0,0.5
synthetic_single_1_8V,single,1,20001,8.0,11.579999923706055,d2,0,0.0,F41DC82FFCDD37E7CEA46264FB2F164AB0E1B4D8966E9077C58B8990D6E7FFC9,0.17763647590882364,0.1366396681376681,0.06510587945261324,2.7284244894981384,161,0.026968204306426997,"[6.0, 18.0, 29.5, 41.5, 52.0, 63.5, 76.0]","[7.0, 18.5, 30.0, 41.0, 52.5, 64.0, 75.5]",0,0,0.5714285714285714,"[4.0, 11.5, 22.0, 36.0, 46.5, 57.5, 69.5]","[11.5, 23.0, 34.5, 46.0, 57.5, 69.5]",1,0,0.5
synthetic_single_1_8V,single,1,20001,8.0,11.579999923706055,d3,0,0.0,4D1DD4E317294AB3169438207B8C77B4C42AE7821F8BB3DEE9D6CDE89948087E,0.17765595337068657,0.13666084561473835,0.06511301817385619,2.7284244894981384,161,0.026929458360309185,"[6.0, 18.0, 29.5, 41.5, 52.0, 63.5, 76.0]","[7.0, 18.5, 30.0, 41.0, 52.5, 64.0, 75.5]",0,0,0.5714285714285714,"[4.0, 11.5, 22.0, 36.0, 46.5, 57.5, 69.5]","[11.5, 23.0, 34.5, 46.0, 57.5, 69.5]",1,0,0.5
synthetic_single_1_8V,single,1,20001,8.0,11.579999923706055,d4,0,0.0,8DB0CB1CB6E1E38F306261E099FF7F452A9F355E4C777EEA4BF4B9B59163692A,0.1777468687788428,0.13673121822269066,0.06514633975138423,2.7284244894981384,161,0.02689052710992209,"[6.0, 18.0, 29.5, 41.5, 52.0, 63.5, 76.0]","[7.0, 18.5, 30.0, 41.0, 52.5, 64.0, 75.5]",0,0,0.5714285714285714,"[4.0, 11.5, 22.0, 36.0, 46.5, 57.5, 69.5]","[11.5, 23.0, 34.5, 46.0, 57.5, 69.5]",1,0,0.5
synthetic_single_1_8V,single,1,20001,8.0,11.579999923706055,h4s,0,0.0,6414E35B919F4351146786D0FD105B99078C480108B899DC1F866EA80A1323D3,0.17760947374173724,0.13662203869880726,0.0650959828374823,2.7284244894981384,161,0.027003034035333936,"[6.0, 18.0, 29.5, 41.5, 52.0, 63.5, 76.0]","[7.0, 18.5, 30.0, 41.0, 52.5, 64.0, 75.5]",0,0,0.5714285714285714,"[4.0, 11.5, 22.0, 36.0, 46.5, 57.5, 69.5]","[11.5, 23.0, 34.5, 46.0, 57.5, 69.5]",1,0,0.5
synthetic_single_1_8V,single,1,20001,8.0,11.579999923706055,equal4,0,0.0,6CE44F5C442BA149C4FC15DD85193417EBE73E6C16E265392688E8CC025397F8,0.17759252235126005,0.13661316110064153,0.06508976995142207,2.7284244894981384,161,0.02700465643396659,"[6.0, 18.0, 29.5, 41.5, 52.0, 63.5, 76.0]","[7.0, 18.5, 30.0, 41.0, 52.5, 64.0, 75.5]",0,0,0.5714285714285714,"[4.0, 11.5, 22.0, 36.0, 46.5, 57.5, 69.5]","[11.5, 23.0, 34.5, 46.0, 57.5, 69.5]",1,0,0.5
synthetic_single_2_0V,single,2,20002,0.0,11.680000305175781,H1,0,0.0,83AECBC91BE295E036368013BDFE3A260C500E04BBA306CBD7EEB9D80A3A95FA,0.18974934281425115,0.15167606496743813,0.06708969071269899,2.828293599188328,161,-0.08243163855838942,"[19.5, 29.5, 41.5, 52.0, 63.0, 76.0]","[18.0, 29.5, 41.0, 52.5, 64.0, 75.5]",0,0,0.6666666666666666,"[7.0, 24.0, 33.0, 46.5, 58.0, 70.0]","[22.5, 34.5, 46.0, 57.5, 69.0]",1,0,1.0
synthetic_single_2_0V,single,2,20002,0.0,11.680000305175781,G1,0,0.0,77A67114D7F789B983599934E864663CE93F13F40B604B59CB7FFDEF4329CB47,0.18867178650602917,0.1512623314271386,0.06670869904035945,2.828293599188328,161,-0.08095610926436804,"[19.5, 29.5, 41.5, 52.0, 63.0, 76.0]","[18.0, 29.5, 41.0, 52.5, 64.0, 75.5]",0,0,0.6666666666666666,"[7.0, 24.0, 33.0, 46.5, 58.0, 70.0]","[22.5, 34.5, 46.0, 57.5, 69.0]",1,0,1.0
synthetic_single_2_0V,single,2,20002,0.0,11.680000305175781,C,0,0.0001,75486E613FC463AC038C67A40C344C60DE56B4F4ED30A54AE5C9AC73C6ABC010,0.1661244666599318,0.13393827620026025,0.058736641311781315,2.828293599188328,161,0.018187409923382983,"[19.5, 29.5, 41.5, 52.0, 63.0, 76.0]","[6.5, 18.0, 29.5, 41.0, 52.0, 64.0, 76.0]",0,1,0.5,"[7.0, 24.0, 33.0, 46.5, 58.0, 70.0]","[11.0, 22.5, 34.0, 45.5, 57.0, 69.0]",1,1,1.1
synthetic_single_2_0V,single,2,20002,0.0,11.680000305175781,d1,0,0.0,5CD1C61E5A2E813265C5AC44EAB6EAA8736B3A87FDD344C181C929E78036BD6A,0.1796036240750689,0.14603795022964014,0.06350246810536647,2.828293599188328,161,0.05513651784428436,"[19.5, 29.5, 41.5, 52.0, 63.0, 76.0]","[6.5, 18.0, 30.0, 41.0, 52.5, 64.0, 76.0]",0,1,0.6666666666666666,"[7.0, 24.0, 33.0, 46.5, 58.0, 70.0]","[11.0, 22.5, 34.5, 46.0, 57.5, 69.0]",1,1,1.0
synthetic_single_2_0V,single,2,20002,0.0,11.680000305175781,g1,0,0.0,B674F15883F6ADA3E5889DADCF4CCE1B59542A8AA461458C29924420B2500E57,0.1828311253257885,0.1475157260125422,0.06464361598748374,2.828293599188328,161,0.06310745360769378,"[19.5, 29.5, 41.5, 52.0, 63.0, 76.0]","[6.5, 18.0, 30.0, 41.0, 52.5, 64.0, 76.0]",0,1,0.6666666666666666,"[7.0, 24.0, 33.0, 46.5, 58.0, 70.0]","[11.0, 22.5, 34.5, 46.0, 57.5, 69.0]",1,1,1.0
synthetic_single_2_0V,single,2,20002,0.0,11.680000305175781,d2,0,0.0,00A686BDADEE887114E95E5B4CC3E4CD10F8272396082B3EA3C4EE240704999C,0.18249053223367204,0.14743651685403278,0.0645231924599496,2.828293599188328,161,0.06230806771908765,"[19.5, 29.5, 41.5, 52.0, 63.0, 76.0]","[6.5, 18.0, 30.0, 41.0, 52.5, 64.0, 76.0]",0,1,0.6666666666666666,"[7.0, 24.0, 33.0, 46.5, 58.0, 70.0]","[11.0, 22.5, 34.5, 46.0, 57.5, 69.0]",1,1,1.0
synthetic_single_2_0V,single,2,20002,0.0,11.680000305175781,d3,0,0.0,9B981CE41295655ADC9B741423063E9A1214DA7334FEA9C36529C7E696240BBD,0.18251157700628654,0.14744696340101385,0.06453063326193018,2.828293599188328,161,0.06236220946859406,"[19.5, 29.5, 41.5, 52.0, 63.0, 76.0]","[6.5, 18.0, 30.0, 41.0, 52.5, 64.0, 76.0]",0,1,0.6666666666666666,"[7.0, 24.0, 33.0, 46.5, 58.0, 70.0]","[11.0, 22.5, 34.5, 46.0, 57.5, 69.0]",1,1,1.0
synthetic_single_2_0V,single,2,20002,0.0,11.680000305175781,d4,0,0.0,798AEDBC3C081FA2A10709BF4EEEF97C09A139D331253B9CEB372EF23E77115F,0.18249786302209484,0.14743781820668475,0.06452578440741394,2.828293599188328,161,0.062347367310445316,"[19.5, 29.5, 41.5, 52.0, 63.0, 76.0]","[6.5, 18.0, 30.0, 41.0, 52.5, 64.0, 76.0]",0,1,0.6666666666666666,"[7.0, 24.0, 33.0, 46.5, 58.0, 70.0]","[11.0, 22.5, 34.5, 46.0, 57.5, 69.0]",1,1,1.0
synthetic_single_2_0V,single,2,20002,0.0,11.680000305175781,h4s,0,0.0,1E5376D3D73A5F841B6526CBD43DE6AF0C6BD80DB5D505A85EB571641C544D50,0.18246099576395902,0.1474573997208004,0.06451274924792894,2.828293599188328,161,0.06224027525645143,"[19.5, 29.5, 41.5, 52.0, 63.0, 76.0]","[6.5, 18.0, 30.0, 41.0, 52.5, 64.0, 76.0]",0,1,0.6666666666666666,"[7.0, 24.0, 33.0, 46.5, 58.0, 70.0]","[11.0, 22.5, 34.5, 46.0, 57.5, 69.0]",1,1,1.0
synthetic_single_2_0V,single,2,20002,0.0,11.680000305175781,equal4,0,0.0,384949C08EC1CEA1356B51FD0974F9C58941B80F80A0FAF7E0B0D41AD7395D9B,0.18245840864894491,0.1474557991880021,0.06451183452146106,2.828293599188328,161,0.062233970029082916,"[19.5, 29.5, 41.5, 52.0, 63.0, 76.0]","[6.5, 18.0, 30.0, 41.0, 52.5, 64.0, 76.0]",0,1,0.6666666666666666,"[7.0, 24.0, 33.0, 46.5, 58.0, 70.0]","[11.0, 22.5, 34.5, 46.0, 57.5, 69.0]",1,1,1.0
synthetic_single_2_4V,single,2,20002,4.0,11.699999809265137,H1,0,0.0,DAE4FBFCD2583A5643F5328EA19661D733BC513708DB9D1E861B677EA3168272,0.18361242353256416,0.1608962998349474,0.06113252961223863,3.0035142451524734,161,-0.11779988658909472,"[7.0, 18.5, 29.0, 42.0, 52.0, 64.0, 75.5]","[18.0, 29.5, 41.0, 52.5, 64.0, 75.5]",1,0,0.4166666666666667,"[10.5, 23.5, 35.0, 45.5, 57.0, 69.5]","[22.5, 34.5, 46.0, 57.5, 69.5]",1,0,0.5
synthetic_single_2_4V,single,2,20002,4.0,11.699999809265137,G1,0,0.0,AFE7D16CB440946D3B6DC87893CE3680A1F1395DB402BB1475341402BEA59A7B,0.18402316919463985,0.1612706188205051,0.061269284636037376,3.0035142451524734,161,-0.11789555263398967,"[7.0, 18.5, 29.0, 42.0, 52.0, 64.0, 75.5]","[18.0, 29.5, 41.0, 52.5, 64.0, 75.5]",1,0,0.4166666666666667,"[10.5, 23.5, 35.0, 45.5, 57.0, 69.5]","[22.5, 34.5, 46.0, 57.5, 69.5]",1,0,0.5
synthetic_single_2_4V,single,2,20002,4.0,11.699999809265137,C,0,0.0001,6369EEB49A1F353374F45FCE3DCA78DA568B5592B3B1978848016759016BAF7F,0.1825547365607429,0.15654569091448872,0.060780379801886206,3.0035142451524734,161,-0.09135387361234759,"[7.0, 18.5, 29.0, 42.0, 52.0, 64.0, 75.5]","[18.0, 29.5, 40.5, 52.0, 64.0, 76.0]",1,0,0.5,"[10.5, 23.5, 35.0, 45.5, 57.0, 69.5]","[22.5, 34.0, 46.0, 57.5, 69.5]",1,0,0.6
synthetic_single_2_4V,single,2,20002,4.0,11.699999809265137,d1,0,0.0,ABF89F4540D99722CDD640B70981298FE89ED1F0EBD12BE7DAE43CF0E0237E50,0.12992071614021686,0.10807614257524473,0.04325623437608215,3.0035142451524734,161,-0.025254616664248223,"[7.0, 18.5, 29.0, 42.0, 52.0, 64.0, 75.5]","[18.5, 29.5, 41.0, 52.5, 64.0, 75.5]",1,0,0.3333333333333333,"[10.5, 23.5, 35.0, 45.5, 57.0, 69.5]","[22.5, 34.5, 46.0, 57.5, 69.5]",1,0,0.5
synthetic_single_2_4V,single,2,20002,4.0,11.699999809265137,g1,0,0.0,53D3D492723767B6B7A1D84E0F59E996779BD2C480220537E575C64C2723DB93,0.12714460006308073,0.10336561507967688,0.042331945076766644,3.0035142451524734,161,-0.011506198656670056,"[7.0, 18.5, 29.0, 42.0, 52.0, 64.0, 75.5]","[6.5, 18.5, 29.5, 41.0, 52.5, 64.0, 75.5]",0,0,0.35714285714285715,"[10.5, 23.5, 35.0, 45.5, 57.0, 69.5]","[11.0, 22.5, 34.5, 46.0, 57.5, 69.5]",0,0,0.5
synthetic_single_2_4V,single,2,20002,4.0,11.699999809265137,d2,0,0.0,EEAE8CADAF415A37AFFE0A8DBF09BA32CFF26B08FE0C0708B33A4FB88D14C056,0.1268019508656282,0.10295959960044541,0.04221786231587894,3.0035142451524734,161,-0.011087409596635688,"[7.0, 18.5, 29.0, 42.0, 52.0, 64.0, 75.5]","[18.5, 29.5, 41.0, 52.5, 64.0, 75.5]",1,0,0.3333333333333333,"[10.5, 23.5, 35.0, 45.5, 57.0, 69.5]","[22.5, 34.5, 46.0, 57.5, 69.5]",1,0,0.5
synthetic_single_2_4V,single,2,20002,4.0,11.699999809265137,d3,0,0.0,2A50646CA52C11B1E06EA72F6CA8EA13AD8C03807C75F34D5C069DD0CC5EBEB3,0.12682078055795085,0.10297805957079674,0.042224131536127536,3.0035142451524734,161,-0.01108793564927504,"[7.0, 18.5, 29.0, 42.0, 52.0, 64.0, 75.5]","[18.5, 29.5, 41.0, 52.5, 64.0, 75.5]",1,0,0.3333333333333333,"[10.5, 23.5, 35.0, 45.5, 57.0, 69.5]","[22.5, 34.5, 46.0, 57.5, 69.5]",1,0,0.5
synthetic_single_2_4V,single,2,20002,4.0,11.699999809265137,d4,0,0.0,8A7771F5AE4893B31CDA6F582692B13DCEF7B94302576A1A8C3511D1D1DE7E12,0.12680746265398302,0.10299250684817385,0.04221969742898477,3.0035142451524734,161,-0.011140855411009759,"[7.0, 18.5, 29.0, 42.0, 52.0, 64.0, 75.5]","[18.5, 29.5, 41.0, 52.5, 64.0, 75.5]",1,0,0.3333333333333333,"[10.5, 23.5, 35.0, 45.5, 57.0, 69.5]","[22.5, 34.5, 46.0, 57.5, 69.5]",1,0,0.5
synthetic_single_2_4V,single,2,20002,4.0,11.699999809265137,h4s,0,0.0,8EEBE85B9F482247C2EB4AD1252163C9E8DA8457F39BA489B71737FCACE788BB,0.1267250701428796,0.1029130774116294,0.042192265392916886,3.0035142451524734,161,-0.01111935863491171,"[7.0, 18.5, 29.0, 42.0, 52.0, 64.0, 75.5]","[18.5, 29.5, 41.0, 52.5, 64.0, 75.5]",1,0,0.3333333333333333,"[10.5, 23.5, 35.0, 45.5, 57.0, 69.5]","[22.5, 34.5, 46.0, 57.5, 69.5]",1,0,0.5
synthetic_single_2_4V,single,2,20002,4.0,11.699999809265137,equal4,0,0.0,93379FC5F4CCE54357D52D1BA8A6BD09C073AB9D779CBCBF40C8E197CB8861BC,0.12672185150391554,0.10290866190139551,0.042191193768579084,3.0035142451524734,161,-0.011110555797074893,"[7.0, 18.5, 29.0, 42.0, 52.0, 64.0, 75.5]","[18.5, 29.5, 41.0, 52.5, 64.0, 75.5]",1,0,0.3333333333333333,"[10.5, 23.5, 35.0, 45.5, 57.0, 69.5]","[22.5, 34.5, 46.0, 57.5, 69.5]",1,0,0.5
synthetic_single_2_6V,single,2,20002,6.0,11.579999923706055,H1,0,0.0,DE1882930478A8F38F79D2C2EF664C7119BB4F3CC9A4CE92A1A57038A7C1FC6D,0.14042184001604185,0.11438349455375202,0.04868678419747413,2.884188026189804,161,-0.03425253778175445,"[2.5, 8.0, 17.5, 29.0, 41.5, 52.0, 64.0, 75.5]","[18.5, 29.5, 41.0, 52.5, 64.0, 75.5]",2,0,0.4166666666666667,"[6.0, 11.5, 22.0, 33.5, 45.5, 58.0, 69.5]","[23.0, 34.5, 46.0, 57.5, 69.5]",2,0,0.6
synthetic_single_2_6V,single,2,20002,6.0,11.579999923706055,G1,0,0.0,48137EAF81B63232C8AF651B0CEEC53B3111B1A05B83F4D0A179613B8E8FEF5D,0.14115655425602286,0.11485289002809188,0.04894152287377035,2.884188026189804,161,-0.0347697566124547,"[2.5, 8.0, 17.5, 29.0, 41.5, 52.0, 64.0, 75.5]","[18.5, 29.5, 41.0, 52.5, 64.0, 75.5]",2,0,0.4166666666666667,"[6.0, 11.5, 22.0, 33.5, 45.5, 58.0, 69.5]","[23.0, 34.5, 46.0, 57.5, 69.5]",2,0,0.6
synthetic_single_2_6V,single,2,20002,6.0,11.579999923706055,C,0,0.0001,06003EEC05975B2B6C0FCC80D8577CBC444F673D968B7731868E38BCE138E2CB,0.1782538988661039,0.13840584642317447,0.06180384123624168,2.884188026189804,161,-0.026587773458627256,"[2.5, 8.0, 17.5, 29.0, 41.5, 52.0, 64.0, 75.5]","[7.0, 18.5, 30.0, 40.5, 52.0, 64.0, 75.5]",1,0,0.5714285714285714,"[6.0, 11.5, 22.0, 33.5, 45.5, 58.0, 69.5]","[11.5, 23.0, 34.5, 46.0, 57.5, 69.5]",1,0,0.5
synthetic_single_2_6V,single,2,20002,6.0,11.579999923706055,d1,0,0.0,48C2F78A481A8794816980263DC3B8881AFF37E9CC7EFAFA7DEA3BD5D1723EE6,0.14635501801773976,0.10874150805927305,0.050743924005219605,2.884188026189804,161,0.050505137606090086,"[2.5, 8.0, 17.5, 29.0, 41.5, 52.0, 64.0, 75.5]","[7.0, 18.5, 30.0, 41.0, 52.0, 64.0, 75.5]",1,0,0.5,"[6.0, 11.5, 22.0, 33.5, 45.5, 58.0, 69.5]","[11.5, 23.0, 34.5, 46.0, 57.5, 69.5]",1,0,0.5
synthetic_single_2_6V,single,2,20002,6.0,11.579999923706055,g1,0,0.0,613B19EFBB6EEC04213BF224EC669ED2C091B05B8FDAC8D5F165DB2711979430,0.14874919036245407,0.11116944761622859,0.05157402673187061,2.884188026189804,161,0.061863850446429496,"[2.5, 8.0, 17.5, 29.0, 41.5, 52.0, 64.0, 75.5]","[7.0, 18.5, 30.0, 41.0, 52.0, 64.0, 75.5]",1,0,0.5,"[6.0, 11.5, 22.0, 33.5, 45.5, 58.0, 69.5]","[11.5, 23.0, 34.5, 46.0, 57.5, 69.5]",1,0,0.5
synthetic_single_2_6V,single,2,20002,6.0,11.579999923706055,d2,0,0.0,A05E84A8461B4DC80A605AB4C0ECC5F0C0721FC264FB9BB15E41A47AB87E2C6E,0.1482963104879073,0.11093540477236698,0.05141700511246355,2.884188026189804,161,0.06264408568197989,"[2.5, 8.0, 17.5, 29.0, 41.5, 52.0, 64.0, 75.5]","[7.0, 18.5, 30.0, 41.0, 52.0, 64.0, 75.5]",1,0,0.5,"[6.0, 11.5, 22.0, 33.5, 45.5, 58.0, 69.5]","[11.5, 23.0, 34.5, 46.0, 57.5, 69.5]",1,0,0.5
synthetic_single_2_6V,single,2,20002,6.0,11.579999923706055,d3,0,0.0,95F4C1CFF909B39AE7B76CF920A2B0DF10D2932DEFB60E06F670B79E39477B7A,0.1482827570627591,0.11093410422956074,0.051412305895552186,2.884188026189804,161,0.06260577250584405,"[2.5, 8.0, 17.5, 29.0, 41.5, 52.0, 64.0, 75.5]","[7.0, 18.5, 30.0, 41.0, 52.0, 64.0, 75.5]",1,0,0.5,"[6.0, 11.5, 22.0, 33.5, 45.5, 58.0, 69.5]","[11.5, 23.0, 34.5, 46.0, 57.5, 69.5]",1,0,0.5
synthetic_single_2_6V,single,2,20002,6.0,11.579999923706055,d4,0,0.0,4A2FEB522EC1D41295E368ABE839A2B9D931B96A885266125213919C556C36CD,0.14845110254993452,0.11103825080526634,0.05147067431177428,2.884188026189804,161,0.06258461614260855,"[2.5, 8.0, 17.5, 29.0, 41.5, 52.0, 64.0, 75.5]","[7.0, 18.5, 30.0, 41.0, 52.0, 64.0, 75.5]",1,0,0.5,"[6.0, 11.5, 22.0, 33.5, 45.5, 58.0, 69.5]","[11.5, 23.0, 34.5, 46.0, 57.5, 69.5]",1,0,0.5
synthetic_single_2_6V,single,2,20002,6.0,11.579999923706055,h4s,0,0.0,FC743591BA03AB867D49D7BEA2509EF31369548F7D995B96FD36F8132BD4A82C,0.1483559717582058,0.11099258068983692,0.05143769075076339,2.884188026189804,161,0.06262912461534142,"[2.5, 8.0, 17.5, 29.0, 41.5, 52.0, 64.0, 75.5]","[7.0, 18.5, 30.0, 41.0, 52.0, 64.0, 75.5]",1,0,0.5,"[6.0, 11.5, 22.0, 33.5, 45.5, 58.0, 69.5]","[11.5, 23.0, 34.5, 46.0, 57.5, 69.5]",1,0,0.5
synthetic_single_2_6V,single,2,20002,6.0,11.579999923706055,equal4,0,0.0,6B12B471FCB3E3E373B7AE7840363255AA1B00F43E6FC1C733A5FF97CE98D2D5,0.14835062556934006,0.11099111452201231,0.05143583713067441,2.884188026189804,161,0.06263622309815903,"[2.5, 8.0, 17.5, 29.0, 41.5, 52.0, 64.0, 75.5]","[7.0, 18.5, 30.0, 41.0, 52.0, 64.0, 75.5]",1,0,0.5,"[6.0, 11.5, 22.0, 33.5, 45.5, 58.0, 69.5]","[11.5, 23.0, 34.5, 46.0, 57.5, 69.5]",1,0,0.5
synthetic_single_2_8V,single,2,20002,8.0,11.609999656677246,H1,0,0.0,C1BF2DD5AE8E7D5BF6016ED90FC235E299DCD15380E2150361A02886B6E86A88,0.11998273825122895,0.09021964893670556,0.0453397989949054,2.646300621330738,161,-0.012783814360451255,"[17.5, 29.0, 41.5, 51.0, 64.5, 75.5]","[18.0, 29.5, 41.0, 52.5, 64.0, 75.5]",0,0,0.5833333333333334,"[22.5, 34.0, 46.0, 57.5, 69.5]","[22.5, 34.5, 46.0, 57.5, 69.5]",0,0,0.1
synthetic_single_2_8V,single,2,20002,8.0,11.609999656677246,G1,0,0.0,9D39807EA483C4DC3CAED9C2B72CFD97C4E46132FB9E31E2632332E38CB0AE20,0.12170159250464066,0.09124905919158681,0.045989329981504866,2.646300621330738,161,-0.01346766585426301,"[17.5, 29.0, 41.5, 51.0, 64.5, 75.5]","[18.0, 29.5, 41.0, 52.5, 64.0, 75.5]",0,0,0.5833333333333334,"[22.5, 34.0, 46.0, 57.5, 69.5]","[22.5, 34.5, 46.0, 57.5, 69.5]",0,0,0.1
synthetic_single_2_8V,single,2,20002,8.0,11.609999656677246,C,0,0.0001,32F54A11E0A3685415C9823F8ECD23CDDB6D574FA3119275F70E1ACCDCFCA54C,0.1811020538279354,0.12878244089089935,0.06843593368347739,2.646300621330738,161,0.007082091135360439,"[17.5, 29.0, 41.5, 51.0, 64.5, 75.5]","[7.0, 18.0, 29.5, 40.5, 52.0, 64.0, 75.5]",0,1,0.5833333333333334,"[22.5, 34.0, 46.0, 57.5, 69.5]","[11.0, 23.0, 34.5, 46.0, 57.5, 69.0]",0,1,0.3
synthetic_single_2_8V,single,2,20002,8.0,11.609999656677246,d1,0,0.0,9CC4DF1E122289F069D2B1D037ABA57D2DAF9854416A033FAFD79B417E94B1B3,0.14154378526513922,0.10968890315303521,0.053487417160474185,2.646300621330738,161,0.05015357571035068,"[17.5, 29.0, 41.5, 51.0, 64.5, 75.5]","[6.5, 18.5, 29.5, 40.5, 52.0, 64.0, 75.5]",0,1,0.6666666666666666,"[22.5, 34.0, 46.0, 57.5, 69.5]","[11.5, 23.0, 34.5, 46.0, 57.5, 69.5]",0,1,0.2
synthetic_single_2_8V,single,2,20002,8.0,11.609999656677246,g1,0,0.0,7F79C899BFBE7BE94603F087172A868ECCB57EBA91852036773C2C4E5115940F,0.14636228410376834,0.11251598413779128,0.055308260491647214,2.646300621330738,161,0.061685313094661846,"[17.5, 29.0, 41.5, 51.0, 64.5, 75.5]","[6.5, 18.5, 29.5, 40.5, 52.0, 64.0, 75.5]",0,1,0.6666666666666666,"[22.5, 34.0, 46.0, 57.5, 69.5]","[11.5, 23.0, 34.5, 46.0, 57.5, 69.5]",0,1,0.2
synthetic_single_2_8V,single,2,20002,8.0,11.609999656677246,d2,0,0.0,7E9093511FB49F41F9D781FC23DD61D7CB736A9F05D6B4968343B7CDD23DCE40,0.1455262457465432,0.1119673158742071,0.054992333287275125,2.646300621330738,161,0.0622849911567032,"[17.5, 29.0, 41.5, 51.0, 64.5, 75.5]","[6.5, 18.5, 29.5, 40.5, 52.0, 64.0, 75.5]",0,1,0.6666666666666666,"[22.5, 34.0, 46.0, 57.5, 69.5]","[11.5, 23.0, 34.5, 46.0, 57.5, 69.5]",0,1,0.2
synthetic_single_2_8V,single,2,20002,8.0,11.609999656677246,d3,0,0.0,56902C07108A8319E073350706D170178AD5A462F62E5240B7B3F8372628D323,0.14554393425826515,0.11198473280955175,0.054999017528505834,2.646300621330738,161,0.06226722682068437,"[17.5, 29.0, 41.5, 51.0, 64.5, 75.5]","[6.5, 18.5, 29.5, 40.5, 52.0, 64.0, 75.5]",0,1,0.6666666666666666,"[22.5, 34.0, 46.0, 57.5, 69.5]","[11.5, 23.0, 34.5, 46.0, 57.5, 69.5]",0,1,0.2
synthetic_single_2_8V,single,2,20002,8.0,11.609999656677246,d4,0,0.0,129B4475C453FE5DA4337223BB212D9B91F36EAEC6099139654317DC799CE3A0,0.1456210486985911,0.11202960101575214,0.05502815799716777,2.646300621330738,161,0.06243074362553795,"[17.5, 29.0, 41.5, 51.0, 64.5, 75.5]","[6.5, 18.5, 29.5, 40.5, 52.0, 64.0, 75.5]",0,1,0.6666666666666666,"[22.5, 34.0, 46.0, 57.5, 69.5]","[11.5, 23.0, 34.5, 46.0, 57.5, 69.5]",0,1,0.2
synthetic_single_2_8V,single,2,20002,8.0,11.609999656677246,h4s,0,0.0,AFFAD4BB61F6B8261C838CEEFB98A125DF6A0E1D6F3603D6EA066E2C4CB1E6C6,0.14551016975860986,0.11196728379274748,0.054986258396235256,2.646300621330738,161,0.06225712074441199,"[17.5, 29.0, 41.5, 51.0, 64.5, 75.5]","[6.5, 18.5, 29.5, 40.5, 52.0, 64.0, 75.5]",0,1,0.6666666666666666,"[22.5, 34.0, 46.0, 57.5, 69.5]","[11.5, 23.0, 34.5, 46.0, 57.5, 69.5]",0,1,0.2
synthetic_single_2_8V,single,2,20002,8.0,11.609999656677246,equal4,0,0.0,42293750A6A13DB228D6F84718718DA096E2AF17A8734836B563DB2BAF7F3940,0.14549964675123883,0.11196164925646337,0.054982281898899234,2.646300621330738,161,0.06225057260960526,"[17.5, 29.0, 41.5, 51.0, 64.5, 75.5]","[6.5, 18.5, 29.5, 40.5, 52.0, 64.0, 75.5]",0,1,0.6666666666666666,"[22.5, 34.0, 46.0, 57.5, 69.5]","[11.5, 23.0, 34.5, 46.0, 57.5, 69.5]",0,1,0.2
synthetic_single_3_0V,single,3,20003,0.0,11.770000457763672,H1,0,0.0,F91C3651BE1B3A9185750B8E9D2CE95B3768BB1DAD2012295F7906ABD2192878,0.19086063394028668,0.1538257588464651,0.07073883100839234,2.698102742433548,161,-0.13971598203415456,"[17.5, 30.0, 42.0, 52.5, 64.5, 75.5]","[18.0, 29.5, 41.0, 52.5, 64.0, 76.0]",0,0,0.5,"[21.5, 35.5, 46.0, 57.0, 69.5]","[22.5, 34.0, 46.0, 57.5, 69.5]",0,0,0.6
synthetic_single_3_0V,single,3,20003,0.0,11.770000457763672,G1,0,0.0,DCDD9AA94B2EB57A9B4C3353C2BF93FA3442084F2CE1E01F3DB88B8431D0B659,0.18853166125244764,0.15193463820293082,0.06987564197885285,2.698102742433548,161,-0.13651074112757391,"[17.5, 30.0, 42.0, 52.5, 64.5, 75.5]","[18.0, 29.0, 41.0, 52.5, 64.0, 76.0]",0,0,0.5833333333333334,"[21.5, 35.5, 46.0, 57.0, 69.5]","[22.5, 34.0, 46.0, 57.5, 69.5]",0,0,0.6
synthetic_single_3_0V,single,3,20003,0.0,11.770000457763672,C,0,0.0001,7439E77094CF3A0756D3D0B83FAD6C68E719859488FD754B9B659BF093DA7F8E,0.1500804315966973,0.11482529793374287,0.05562443165575399,2.698102742433548,161,-0.03534211965728991,"[17.5, 30.0, 42.0, 52.5, 64.5, 75.5]","[6.0, 17.5, 29.0, 41.0, 52.5, 64.0, 76.0]",0,1,0.5,"[21.5, 35.5, 46.0, 57.0, 69.5]","[10.5, 22.0, 34.0, 45.5, 57.5, 69.0]",0,1,0.7
synthetic_single_3_0V,single,3,20003,0.0,11.770000457763672,d1,0,0.0,73FDB09507659C0A9DE535033DE176DE2EFC0B90F0EDCCF7136149A249C00195,0.13954878532991793,0.11328556504308807,0.05172107908835681,2.698102742433548,161,0.0178709698389776,"[17.5, 30.0, 42.0, 52.5, 64.5, 75.5]","[6.0, 17.5, 29.5, 41.0, 52.5, 64.0, 76.0]",0,1,0.4166666666666667,"[21.5, 35.5, 46.0, 57.0, 69.5]","[10.5, 22.0, 34.0, 46.0, 57.5, 69.5]",0,1,0.5
synthetic_single_3_0V,single,3,20003,0.0,11.770000457763672,g1,0,0.0,A863513B29BB12B871638BA0A68BBB4C2BACC1A76DF88DEAACF03CA4EFCAF0DC,0.14430248305424073,0.11748984784628294,0.053482945917799785,2.698102742433548,161,0.029468454235458966,"[17.5, 30.0, 42.0, 52.5, 64.5, 75.5]","[6.0, 17.5, 29.5, 41.0, 52.5, 64.0, 76.0]",0,1,0.4166666666666667,"[21.5, 35.5, 46.0, 57.0, 69.5]","[10.5, 22.0, 34.0, 46.0, 57.5, 69.5]",0,1,0.5
synthetic_single_3_0V,single,3,20003,0.0,11.770000457763672,d2,0,0.0,2BE8950B6A9952D78BAF4A41EE14814FECC6601FDBB6AD529FCCF5C40B7BBE80,0.14297592280295596,0.11655982000672299,0.052991281819757215,2.698102742433548,161,0.02761189736749815,"[17.5, 30.0, 42.0, 52.5, 64.5, 75.5]","[6.0, 17.5, 29.5, 41.0, 52.5, 64.0, 76.0]",0,1,0.4166666666666667,"[21.5, 35.5, 46.0, 57.0, 69.5]","[10.5, 22.0, 34.0, 46.0, 57.5, 69.5]",0,1,0.5
synthetic_single_3_0V,single,3,20003,0.0,11.770000457763672,d3,0,0.0,F5B0E53FA102D30A55953C43EEFB1FC80D06C7EDA8F3C672E78D0AEC4C0B1098,0.14297804106652026,0.11655744683483373,0.05299206691349401,2.698102742433548,161,0.027610299611313744,"[17.5, 30.0, 42.0, 52.5, 64.5, 75.5]","[6.0, 17.5, 29.5, 41.0, 52.5, 64.0, 76.0]",0,1,0.4166666666666667,"[21.5, 35.5, 46.0, 57.0, 69.5]","[10.5, 22.0, 34.0, 46.0, 57.5, 69.5]",0,1,0.5
synthetic_single_3_0V,single,3,20003,0.0,11.770000457763672,d4,0,0.0,CCC84B0CBBD21833C84E63C510280383E886A19E4ADED1619E721C1FD5622F57,0.14311559485199707,0.11665984187622248,0.053043048584174475,2.698102742433548,161,0.02783688000455406,"[17.5, 30.0, 42.0, 52.5, 64.5, 75.5]","[6.0, 17.5, 29.5, 41.0, 52.5, 64.0, 76.0]",0,1,0.4166666666666667,"[21.5, 35.5, 46.0, 57.0, 69.5]","[10.5, 22.0, 34.0, 46.0, 57.5, 69.5]",0,1,0.5
synthetic_single_3_0V,single,3,20003,0.0,11.770000457763672,h4s,0,0.0,DF7DE1C32697309C7FD1F6C6C4E0FCBB16DB9758B9D92A01EC6B0EFDA0069286,0.14279273312091478,0.11644503987909104,0.052923386079850754,2.698102742433548,161,0.02731262105777397,"[17.5, 30.0, 42.0, 52.5, 64.5, 75.5]","[6.0, 17.5, 29.5, 41.0, 52.5, 64.0, 76.0]",0,1,0.4166666666666667,"[21.5, 35.5, 46.0, 57.0, 69.5]","[10.5, 22.0, 34.0, 46.0, 57.5, 69.5]",0,1,0.5
synthetic_single_3_0V,single,3,20003,0.0,11.770000457763672,equal4,0,0.0,F6232DFA38BFC4F8C3723955C077A5FE585011B82F12D22E45FDA33599F439BB,0.14277116373778928,0.11643016384625286,0.05291539180195085,2.698102742433548,161,0.02728053455397209,"[17.5, 30.0, 42.0, 52.5, 64.5, 75.5]","[6.0, 17.5, 29.5, 41.0, 52.5, 64.0, 76.0]",0,1,0.4166666666666667,"[21.5, 35.5, 46.0, 57.0, 69.5]","[10.5, 22.0, 34.0, 46.0, 57.5, 69.5]",0,1,0.5
synthetic_single_3_4V,single,3,20003,4.0,11.770000457763672,H1,0,0.0,551D28B67BE145E6F4883607047745A6E4C675AB6766390B6EC525F7E5F1D487,0.14004131299070324,0.11358421920619396,0.047685377765717386,2.936776839196682,161,-0.058114290422534354,"[18.0, 29.5, 41.5, 52.5, 63.5, 75.5]","[18.0, 29.0, 41.0, 52.5, 64.0, 75.5]",0,0,0.25,"[6.0, 22.5, 33.5, 46.0, 58.0, 69.5]","[22.5, 34.0, 46.0, 57.5, 69.5]",1,0,0.2
synthetic_single_3_4V,single,3,20003,4.0,11.770000457763672,G1,0,0.0,27AFE8E97DC613BE4DF91FE71C6B3B2DD2E52BCF40B8D55409A8D2097752FC3B,0.13939182319144566,0.11315331223958768,0.04746422041028304,2.936776839196682,161,-0.05734167706151927,"[18.0, 29.5, 41.5, 52.5, 63.5, 75.5]","[18.0, 29.0, 40.5, 52.5, 64.0, 75.5]",0,0,0.3333333333333333,"[6.0, 22.5, 33.5, 46.0, 58.0, 69.5]","[22.5, 34.0, 46.0, 57.5, 69.5]",1,0,0.2
synthetic_single_3_4V,single,3,20003,4.0,11.770000457763672,C,0,0.0001,591432B80C21EC51D738E400528B1BEA747F72D6D757A9CA887D1ACD16684BE3,0.1518346018342939,0.11809821697588292,0.05170110299420174,2.936776839196682,161,-0.028718007022734755,"[18.0, 29.5, 41.5, 52.5, 63.5, 75.5]","[5.5, 17.5, 29.0, 40.5, 52.0, 64.0, 76.0]",0,1,0.5833333333333334,"[6.0, 22.5, 33.5, 46.0, 58.0, 69.5]","[10.5, 22.0, 34.0, 46.0, 57.5, 69.5]",1,1,0.3
synthetic_single_3_4V,single,3,20003,4.0,11.770000457763672,d1,0,0.0,44080D618ADA86C56A031F13B6CB3841BCEC6995BA71CCFBB5B0C394A354D597,0.13220228667735287,0.10328642977690845,0.04501611593801425,2.936776839196682,161,0.05364924382348979,"[18.0, 29.5, 41.5, 52.5, 63.5, 75.5]","[6.0, 17.5, 29.5, 41.0, 52.5, 64.0, 76.0]",0,1,0.3333333333333333,"[6.0, 22.5, 33.5, 46.0, 58.0, 69.5]","[10.5, 22.5, 34.0, 46.0, 57.5, 69.5]",1,1,0.2
synthetic_single_3_4V,single,3,20003,4.0,11.770000457763672,g1,0,0.0,FFF61B507349EDD86439809C99D78E173ABE9F4868F439E41E2C09C750694771,0.1347748465702435,0.10422040399464762,0.04589209665897169,2.936776839196682,161,0.062151846979160486,"[18.0, 29.5, 41.5, 52.5, 63.5, 75.5]","[6.0, 17.5, 29.5, 40.5, 52.5, 64.0, 75.5]",0,1,0.3333333333333333,"[6.0, 22.5, 33.5, 46.0, 58.0, 69.5]","[10.5, 22.5, 34.0, 46.0, 57.5, 69.5]",1,1,0.2
synthetic_single_3_4V,single,3,20003,4.0,11.770000457763672,d2,0,0.0,3F28C820DF1C221DFCD961676A08591F3E5996AF0404FEB1209797E12BE1C975,0.13475158269089232,0.1042153033086602,0.04588417509031838,2.936776839196682,161,0.061943712974001905,"[18.0, 29.5, 41.5, 52.5, 63.5, 75.5]","[6.0, 17.5, 29.5, 41.0, 52.5, 64.0, 76.0]",0,1,0.3333333333333333,"[6.0, 22.5, 33.5, 46.0, 58.0, 69.5]","[10.5, 22.5, 34.0, 46.0, 57.5, 69.5]",1,1,0.2
synthetic_single_3_4V,single,3,20003,4.0,11.770000457763672,d3,0,0.0,B7A07E2CD6F2FF42A66A8C8DCFB23DB93D95C73B7BEBA591541DCB7EC9621D76,0.1347832944776615,0.10424108014251135,0.04589497325051425,2.936776839196682,161,0.06197595830011812,"[18.0, 29.5, 41.5, 52.5, 63.5, 75.5]","[6.0, 17.5, 29.5, 41.0, 52.5, 64.0, 76.0]",0,1,0.3333333333333333,"[6.0, 22.5, 33.5, 46.0, 58.0, 69.5]","[10.5, 22.5, 34.0, 46.0, 57.5, 69.5]",1,1,0.2
synthetic_single_3_4V,single,3,20003,4.0,11.770000457763672,d4,0,0.0,15BBAF38EAD9FC3B31A1395C3047BD053AB9B8BC0DE11C3CD0AD2BEA438E2635,0.134790801375932,0.10423421903704264,0.04589752941963486,2.936776839196682,161,0.06203382839419827,"[18.0, 29.5, 41.5, 52.5, 63.5, 75.5]","[6.0, 17.5, 29.5, 41.0, 52.5, 64.0, 76.0]",0,1,0.3333333333333333,"[6.0, 22.5, 33.5, 46.0, 58.0, 69.5]","[10.5, 22.5, 34.0, 46.0, 57.5, 69.5]",1,1,0.2
synthetic_single_3_4V,single,3,20003,4.0,11.770000457763672,h4s,0,0.0,B87179D511C45E6A062A166139D005039645FBE07C5F645C7CC68C7380C7D244,0.13469629429695792,0.10415611302723056,0.04586534887472157,2.936776839196682,161,0.06186735303783269,"[18.0, 29.5, 41.5, 52.5, 63.5, 75.5]","[6.0, 17.5, 29.5, 41.0, 52.5, 64.0, 76.0]",0,1,0.3333333333333333,"[6.0, 22.5, 33.5, 46.0, 58.0, 69.5]","[10.5, 22.5, 34.0, 46.0, 57.5, 69.5]",1,1,0.2
synthetic_single_3_4V,single,3,20003,4.0,11.770000457763672,equal4,0,0.0,7E9474724B9F97EC4F57D9146F7BE903D0DCDDCC90C5B4730FF4C870ED809E8D,0.13469349580377274,0.10415557531281287,0.04586439596160001,2.936776839196682,161,0.061859208465733145,"[18.0, 29.5, 41.5, 52.5, 63.5, 75.5]","[6.0, 17.5, 29.5, 41.0, 52.5, 64.0, 76.0]",0,1,0.3333333333333333,"[6.0, 22.5, 33.5, 46.0, 58.0, 69.5]","[10.5, 22.5, 34.0, 46.0, 57.5, 69.5]",1,1,0.2
synthetic_single_3_6V,single,3,20003,6.0,11.75,H1,0,0.0,DAA1F730F5F89C3DD65D76E89AB2322A855840055675EDCCB25F1A5F9D107678,0.13469048933639302,0.11155485299340687,0.04657142336963772,2.8921273946762085,161,-0.05721086515865711,"[3.0, 16.5, 28.5, 41.0, 52.5, 64.0, 75.5]","[18.0, 29.5, 41.0, 52.5, 64.0, 75.5]",1,0,0.4166666666666667,"[9.0, 23.0, 34.5, 47.0, 57.5, 69.5]","[22.5, 34.0, 46.0, 57.5, 69.5]",1,0,0.4
synthetic_single_3_6V,single,3,20003,6.0,11.75,G1,0,0.0,0DABC55F887DEA1E39370035CD88735ED318411085D5B22FDE2662AB908C22D2,0.13529937875612066,0.11243048719830395,0.04678195677174458,2.8921273946762085,161,-0.057126104947387804,"[3.0, 16.5, 28.5, 41.0, 52.5, 64.0, 75.5]","[18.0, 29.5, 41.0, 52.5, 64.0, 75.5]",1,0,0.4166666666666667,"[9.0, 23.0, 34.5, 47.0, 57.5, 69.5]","[22.5, 34.0, 46.0, 57.5, 69.5]",1,0,0.4
synthetic_single_3_6V,single,3,20003,6.0,11.75,C,0,0.0001,E52B8A401EA46E16ABE435414B8D8BDD84FAA1B6BA24E95565671C040163948F,0.17218537127968936,0.14011852564695088,0.05953588752578673,2.8921273946762085,161,-0.04264654639113394,"[3.0, 16.5, 28.5, 41.0, 52.5, 64.0, 75.5]","[6.0, 17.5, 29.5, 40.5, 52.0, 64.0, 76.0]",0,0,0.9285714285714286,"[9.0, 23.0, 34.5, 47.0, 57.5, 69.5]","[10.5, 22.5, 34.0, 46.0, 57.5, 69.5]",0,0,0.5833333333333334
synthetic_single_3_6V,single,3,20003,6.0,11.75,d1,0,0.0,461635EB703D044EBA14F52C92A53C1222833513FF278AAB9A359D5672941F5F,0.1338453680849072,0.10558504173937051,0.046279208976509154,2.8921273946762085,161,0.02474961645021942,"[3.0, 16.5, 28.5, 41.0, 52.5, 64.0, 75.5]","[6.0, 18.0, 29.5, 41.0, 52.5, 64.0, 75.5]",0,0,0.7857142857142857,"[9.0, 23.0, 34.5, 47.0, 57.5, 69.5]","[11.0, 22.5, 34.0, 46.0, 57.5, 69.5]",0,0,0.6666666666666666
synthetic_single_3_6V,single,3,20003,6.0,11.75,g1,0,0.0,0A032C054742C04C1D02D7E7A242FBB4432FCFBA47936EB97349E7FF47B32A7D,0.13689544007812932,0.10683028733137973,0.04733382088566524,2.8921273946762085,161,0.033994973214886946,"[3.0, 16.5, 28.5, 41.0, 52.5, 64.0, 75.5]","[6.0, 18.0, 29.5, 41.0, 52.5, 64.0, 75.5]",0,0,0.7857142857142857,"[9.0, 23.0, 34.5, 47.0, 57.5, 69.5]","[11.0, 22.5, 34.0, 46.0, 57.5, 69.5]",0,0,0.6666666666666666
synthetic_single_3_6V,single,3,20003,6.0,11.75,d2,0,0.0,6708AC3EDBF15C0F4BFF60EB7B36126F6F28AA8A911BD938DE3715D02AB52EE3,0.13657558916287954,0.10660392002011679,0.04722322723898199,2.8921273946762085,161,0.03443871968373749,"[3.0, 16.5, 28.5, 41.0, 52.5, 64.0, 75.5]","[6.0, 18.0, 29.5, 41.0, 52.5, 64.0, 75.5]",0,0,0.7857142857142857,"[9.0, 23.0, 34.5, 47.0, 57.5, 69.5]","[11.0, 22.5, 34.0, 46.0, 57.5, 69.5]",0,0,0.6666666666666666
synthetic_single_3_6V,single,3,20003,6.0,11.75,d3,0,0.0,3158F2DC6BB09E9B9A9D1E1A2FDA0A93C5B0D1FBB3320844AA701B74C0EF0370,0.13655814777762781,0.10658894560259322,0.047217196596872714,2.8921273946762085,161,0.034409002048073345,"[3.0, 16.5, 28.5, 41.0, 52.5, 64.0, 75.5]","[6.0, 18.0, 29.5, 41.0, 52.5, 64.0, 75.5]",0,0,0.7857142857142857,"[9.0, 23.0, 34.5, 47.0, 57.5, 69.5]","[11.0, 22.5, 34.0, 46.0, 57.5, 69.5]",0,0,0.6666666666666666
synthetic_single_3_6V,single,3,20003,6.0,11.75,d4,0,0.0,E29BEFD98009E4685979A936113EB736705597CCC27F96D981EB2A5259FC0E53,0.1365914535718042,0.10659130125867654,0.047228712615924186,2.8921273946762085,161,0.0343865525926122,"[3.0, 16.5, 28.5, 41.0, 52.5, 64.0, 75.5]","[6.0, 18.0, 29.5, 41.0, 52.5, 64.0, 75.5]",0,0,0.7857142857142857,"[9.0, 23.0, 34.5, 47.0, 57.5, 69.5]","[11.0, 22.5, 34.0, 46.0, 57.5, 69.5]",0,0,0.6666666666666666
synthetic_single_3_6V,single,3,20003,6.0,11.75,h4s,0,0.0,65CCB0C5DC8471306B9818477F4BCDF709B925EDF745DFBE7AC8F5995D07774D,0.1365511877331782,0.10659713654414467,0.04721479004850889,2.8921273946762085,161,0.03433287227005692,"[3.0, 16.5, 28.5, 41.0, 52.5, 64.0, 75.5]","[6.0, 18.0, 29.5, 41.0, 52.5, 64.0, 75.5]",0,0,0.7857142857142857,"[9.0, 23.0, 34.5, 47.0, 57.5, 69.5]","[11.0, 22.5, 34.0, 46.0, 57.5, 69.5]",0,0,0.6666666666666666
synthetic_single_3_6V,single,3,20003,6.0,11.75,equal4,0,0.0,4A22C2EFAE851A01D2E25C48FC5B93846042D64E4E6415DFBAC001B377062651,0.13654946968763956,0.10659451243577536,0.047214196006371674,2.8921273946762085,161,0.034338069281407764,"[3.0, 16.5, 28.5, 41.0, 52.5, 64.0, 75.5]","[6.0, 18.0, 29.5, 41.0, 52.5, 64.0, 75.5]",0,0,0.7857142857142857,"[9.0, 23.0, 34.5, 47.0, 57.5, 69.5]","[11.0, 22.5, 34.0, 46.0, 57.5, 69.5]",0,0,0.6666666666666666
synthetic_single_3_8V,single,3,20003,8.0,11.729999542236328,H1,0,0.0,AB3C6ED88F0CA7D4C483F498D5FC0F68EA2528F5716CDE4AC8C634A02B3A4995,0.18929881604691315,0.14146246832812795,0.059736992213796976,3.168870896100998,161,-0.056600034537707795,"[19.0, 27.5, 40.0, 51.5, 64.0, 76.0]","[18.0, 29.5, 41.0, 52.5, 64.0, 75.5]",0,0,0.9166666666666666,"[10.5, 22.0, 33.0, 46.0, 58.0, 69.5]","[22.5, 34.5, 46.0, 58.0, 69.5]",1,0,0.4
synthetic_single_3_8V,single,3,20003,8.0,11.729999542236328,G1,0,0.0,8F2711F1DC765662F4F73992DE97AD417187BFC760F4F26FDA7B6F756597A433,0.19057344166969628,0.14272266651810325,0.06013922558479086,3.168870896100998,161,-0.05707840063834783,"[19.0, 27.5, 40.0, 51.5, 64.0, 76.0]","[18.0, 29.5, 41.0, 52.5, 64.0, 75.5]",0,0,0.9166666666666666,"[10.5, 22.0, 33.0, 46.0, 58.0, 69.5]","[22.5, 34.5, 46.0, 58.0, 69.5]",1,0,0.4
synthetic_single_3_8V,single,3,20003,8.0,11.729999542236328,C,0,0.0001,DD1878DA238359F0B4F1680756110C4011C9612E7E5E31FBA09669202A3E6D1B,0.23556343124111265,0.17762974619587757,0.07433670823603183,3.168870896100998,161,-0.02555231113704095,"[19.0, 27.5, 40.0, 51.5, 64.0, 76.0]","[6.0, 17.5, 29.5, 41.0, 52.0, 64.0, 76.0]",0,1,0.8333333333333334,"[10.5, 22.0, 33.0, 46.0, 58.0, 69.5]","[10.5, 22.5, 34.0, 46.0, 57.5, 69.5]",0,0,0.3333333333333333
synthetic_single_3_8V,single,3,20003,8.0,11.729999542236328,d1,0,0.0,993C742D362DEEDDF186843F6444122EEE701435EEB11A070375D0A31CEBD3ED,0.19087690485223308,0.14492625706129192,0.0602349894049295,3.168870896100998,161,0.010363890378741743,"[19.0, 27.5, 40.0, 51.5, 64.0, 76.0]","[6.0, 18.0, 29.5, 41.0, 52.5, 64.0, 75.5]",0,1,0.9166666666666666,"[10.5, 22.0, 33.0, 46.0, 58.0, 69.5]","[11.0, 22.5, 34.5, 46.0, 57.5, 69.5]",0,0,0.5
synthetic_single_3_8V,single,3,20003,8.0,11.729999542236328,g1,0,0.0,AB71887FEDDA5A92E5087477FF115F550EC118EE4E6DEB5084B1679B7C389301,0.190161122572497,0.14402321284139377,0.06000911012388439,3.168870896100998,161,0.02034969315488146,"[19.0, 27.5, 40.0, 51.5, 64.0, 76.0]","[6.0, 18.0, 29.5, 41.0, 52.5, 64.0, 75.5]",0,1,0.9166666666666666,"[10.5, 22.0, 33.0, 46.0, 58.0, 69.5]","[11.0, 22.5, 34.5, 46.0, 57.5, 69.5]",0,0,0.5
synthetic_single_3_8V,single,3,20003,8.0,11.729999542236328,d2,0,0.0,A4A6F18C5A1A06369AB86A761FF95DBEB4494DFB3053D45107CBE579A3942644,0.189211789301085,0.14335481871081435,0.059709529199782986,3.168870896100998,161,0.02085525859494387,"[19.0, 27.5, 40.0, 51.5, 64.0, 76.0]","[6.0, 18.0, 29.5, 41.0, 52.5, 64.0, 75.5]",0,1,0.9166666666666666,"[10.5, 22.0, 33.0, 46.0, 58.0, 69.5]","[11.0, 22.5, 34.5, 46.0, 57.5, 69.5]",0,0,0.5
synthetic_single_3_8V,single,3,20003,8.0,11.729999542236328,d3,0,0.0,9E1FA8504EA1B7F43CF48497121E28D689C84A670063A5E40A1D71F4DD88C774,0.18922329027060714,0.14336484136140865,0.059713158558598545,3.168870896100998,161,0.020859174360954982,"[19.0, 27.5, 40.0, 51.5, 64.0, 76.0]","[6.0, 18.0, 29.5, 41.0, 52.5, 64.0, 75.5]",0,1,0.9166666666666666,"[10.5, 22.0, 33.0, 46.0, 58.0, 69.5]","[11.0, 22.5, 34.5, 46.0, 57.5, 69.5]",0,0,0.5
synthetic_single_3_8V,single,3,20003,8.0,11.729999542236328,d4,0,0.0,EA9CBBFFF337307B02B2CBE7BF98ACDF6B1AAEDC81D181FBDE8869A6DF844F60,0.18922978633060225,0.1433430985310433,0.059715208519044424,3.168870896100998,161,0.020846499303668182,"[19.0, 27.5, 40.0, 51.5, 64.0, 76.0]","[6.0, 18.0, 29.5, 41.0, 52.5, 64.0, 75.5]",0,1,0.9166666666666666,"[10.5, 22.0, 33.0, 46.0, 58.0, 69.5]","[11.0, 22.5, 34.5, 46.0, 57.5, 69.5]",0,0,0.5
synthetic_single_3_8V,single,3,20003,8.0,11.729999542236328,h4s,0,0.0,9DEC72F2F9EDD5D4B9F2746A2230713F6BC7501EC951D7DFA6581FDCFFEE39B2,0.18923126525959263,0.14337374841482003,0.05971567522439118,3.168870896100998,161,0.020790240617457385,"[19.0, 27.5, 40.0, 51.5, 64.0, 76.0]","[6.0, 18.0, 29.5, 41.0, 52.5, 64.0, 75.5]",0,1,0.9166666666666666,"[10.5, 22.0, 33.0, 46.0, 58.0, 69.5]","[11.0, 22.5, 34.5, 46.0, 57.5, 69.5]",0,0,0.5
synthetic_single_3_8V,single,3,20003,8.0,11.729999542236328,equal4,0,0.0,B9D0D1392A2B474DFE76917583C2EA6E618C1A8BC192CA02BA360A5EBAAB3297,0.18922605644298263,0.1433658270362001,0.059714031479101204,3.168870896100998,161,0.020796114983765976,"[19.0, 27.5, 40.0, 51.5, 64.0, 76.0]","[6.0, 18.0, 29.5, 41.0, 52.5, 64.0, 75.5]",0,1,0.9166666666666666,"[10.5, 22.0, 33.0, 46.0, 58.0, 69.5]","[11.0, 22.5, 34.5, 46.0, 57.5, 69.5]",0,0,0.5
synthetic_single_4_0V,single,4,20004,0.0,11.720000267028809,H1,0,0.0,C32BA6CB20A104C52E352251F659B280A3942237CB4AF1953C2F2B83B3513893,0.17606172501664288,0.13682769287539565,0.05557318554540141,3.168105684220791,161,-0.045738842106939105,"[19.5, 29.0, 41.0, 52.5, 64.0, 76.0]","[18.5, 29.5, 41.0, 52.5, 64.0, 76.0]",0,0,0.25,"[11.0, 23.5, 34.0, 46.0, 57.5, 68.0]","[22.5, 34.5, 46.0, 57.5, 69.5]",1,0,0.6
synthetic_single_4_0V,single,4,20004,0.0,11.720000267028809,G1,0,0.0,E6ECE348CB7FABCBCB1E632C7437A987FB0DC0E318220B5D21C08C12052D7D98,0.17449596931411787,0.13608557726285472,0.05507896096497674,3.168105684220791,161,-0.04438107391321881,"[19.5, 29.0, 41.0, 52.5, 64.0, 76.0]","[18.5, 29.5, 41.0, 52.5, 64.0, 76.0]",0,0,0.25,"[11.0, 23.5, 34.0, 46.0, 57.5, 68.0]","[22.5, 34.5, 46.0, 57.5, 69.5]",1,0,0.6
synthetic_single_4_0V,single,4,20004,0.0,11.720000267028809,C,0,0.0001,B7AC464CD9E024D35C6E6188B9A8DA4D9ECB2EA6020E7E4D852EAFC775E4F6EF,0.166260477293495,0.1449512101663566,0.05247946055637581,3.168105684220791,161,0.04471088871822594,"[19.5, 29.0, 41.0, 52.5, 64.0, 76.0]","[18.0, 29.5, 41.0, 52.5, 64.0, 76.0]",0,0,0.3333333333333333,"[11.0, 23.5, 34.0, 46.0, 57.5, 68.0]","[22.5, 34.0, 46.0, 57.5, 69.0]",1,0,0.4
synthetic_single_4_0V,single,4,20004,0.0,11.720000267028809,d1,0,0.0,0054F80CF3488BF6B6DFDC85F64442E41DCE4C8CE1AE3152D79B035CCAA34FDB,0.17147543564496143,0.1480759240409232,0.05412554148651658,3.168105684220791,161,0.07403860766417492,"[19.5, 29.0, 41.0, 52.5, 64.0, 76.0]","[18.0, 29.5, 41.0, 52.5, 64.0, 76.0]",0,0,0.3333333333333333,"[11.0, 23.5, 34.0, 46.0, 57.5, 68.0]","[22.5, 34.0, 46.0, 57.5, 69.0]",1,0,0.4
synthetic_single_4_0V,single,4,20004,0.0,11.720000267028809,g1,0,0.0,ECA96FBBDCFDB6F6E6C236F42250F1F179EF429F3D4AD65A2517C0D185D593F1,0.1763710865245598,0.15180145886651478,0.055670834278983033,3.168105684220791,161,0.08574035238497746,"[19.5, 29.0, 41.0, 52.5, 64.0, 76.0]","[18.0, 29.5, 41.0, 52.5, 64.0, 76.0]",0,0,0.3333333333333333,"[11.0, 23.5, 34.0, 46.0, 57.5, 68.0]","[22.5, 34.0, 46.0, 57.5, 69.0]",1,0,0.4
synthetic_single_4_0V,single,4,20004,0.0,11.720000267028809,d2,0,0.0,37F146F4F69E1155C2CB1611F564378034094F9F5457DB4BCA7D80512E52A03D,0.17627225954405001,0.15170774784702692,0.05563963993436189,3.168105684220791,161,0.08526287579573459,"[19.5, 29.0, 41.0, 52.5, 64.0, 76.0]","[18.0, 29.5, 41.0, 52.5, 64.0, 76.0]",0,0,0.3333333333333333,"[11.0, 23.5, 34.0, 46.0, 57.5, 68.0]","[22.5, 34.0, 46.0, 57.5, 69.0]",1,0,0.4
synthetic_single_4_0V,single,4,20004,0.0,11.720000267028809,d3,0,0.0,C81422719F7AA43060C56FC2C12C12C986606396CB8CA6D2DF1E477623C9FE76,0.17627738632842954,0.15171081262715855,0.05564125818352733,3.168105684220791,161,0.0852909446317957,"[19.5, 29.0, 41.0, 52.5, 64.0, 76.0]","[18.0, 29.5, 41.0, 52.5, 64.0, 76.0]",0,0,0.3333333333333333,"[11.0, 23.5, 34.0, 46.0, 57.5, 68.0]","[22.5, 34.0, 46.0, 57.5, 69.0]",1,0,0.4
synthetic_single_4_0V,single,4,20004,0.0,11.720000267028809,d4,0,0.0,A628DC6FF14AD71CC063325BB0F798F23B254584F9A3DA5566BF7DC26DDE59D1,0.17625240174745466,0.1516873950589888,0.05563337189958822,3.168105684220791,161,0.08525532324399267,"[19.5, 29.0, 41.0, 52.5, 64.0, 76.0]","[18.0, 29.5, 41.0, 52.5, 64.0, 76.0]",0,0,0.3333333333333333,"[11.0, 23.5, 34.0, 46.0, 57.5, 68.0]","[22.5, 34.0, 46.0, 57.5, 69.0]",1,0,0.4
synthetic_single_4_0V,single,4,20004,0.0,11.720000267028809,h4s,0,0.0,D5636ADA2CA934CB9FBEB781D3E04061EF2F693D3304B5FDBD46216800139075,0.17619792216240623,0.15162940765297192,0.05561617563453943,3.168105684220791,161,0.08513864960452044,"[19.5, 29.0, 41.0, 52.5, 64.0, 76.0]","[18.0, 29.5, 41.0, 52.5, 64.0, 76.0]",0,0,0.3333333333333333,"[11.0, 23.5, 34.0, 46.0, 57.5, 68.0]","[22.5, 34.0, 46.0, 57.5, 69.0]",1,0,0.4
synthetic_single_4_0V,single,4,20004,0.0,11.720000267028809,equal4,0,0.0,BCE46B80AE39BFA65887DB6576E2754A97A17694B3DA911698E5661790F2CBE4,0.17619684987016945,0.1516285172623137,0.055615837169745753,3.168105684220791,161,0.0851334157104818,"[19.5, 29.0, 41.0, 52.5, 64.0, 76.0]","[18.0, 29.5, 41.0, 52.5, 64.0, 76.0]",0,0,0.3333333333333333,"[11.0, 23.5, 34.0, 46.0, 57.5, 68.0]","[22.5, 34.0, 46.0, 57.5, 69.0]",1,0,0.4
synthetic_single_4_4V,single,4,20004,4.0,11.699999809265137,H1,0,0.0,CDEEB5C3B4C64A8D70BDE7ADEFD3F41A7C0A646681AB92D14C0252EA1D14B085,0.14196887131686134,0.11618167245239945,0.049981490279944585,2.840428937226534,161,-0.07701555199874854,"[18.0, 29.0, 41.5, 52.5, 65.0, 75.5]","[18.5, 29.5, 41.0, 52.5, 64.0, 75.5]",0,0,0.4166666666666667,"[22.0, 34.5, 46.0, 57.5, 69.5]","[22.5, 34.5, 46.0, 57.5, 69.5]",0,0,0.1
synthetic_single_4_4V,single,4,20004,4.0,11.699999809265137,G1,0,0.0,527C3689A34B535157776EF8EBB192ED150CD2625EE5052BD51CE4F164D3BC22,0.1420554821188841,0.11605266553367147,0.050011982435860775,2.840428937226534,161,-0.07688976484148399,"[18.0, 29.0, 41.5, 52.5, 65.0, 75.5]","[18.5, 29.5, 41.0, 52.5, 64.0, 75.5]",0,0,0.4166666666666667,"[22.0, 34.5, 46.0, 57.5, 69.5]","[22.5, 34.5, 46.0, 57.5, 69.5]",0,0,0.1
synthetic_single_4_4V,single,4,20004,4.0,11.699999809265137,C,0,0.0001,4BBD1D9E8B2218EA908E3A341FC48FC0EE2B6D73280C335A955FE35BD1B6564D,0.16037830238263112,0.12410853012979771,0.05646270543181711,2.840428937226534,161,-0.05964164700798737,"[18.0, 29.0, 41.5, 52.5, 65.0, 75.5]","[6.5, 18.0, 29.5, 40.5, 52.0, 64.0, 76.0]",0,1,0.5833333333333334,"[22.0, 34.5, 46.0, 57.5, 69.5]","[10.5, 22.5, 34.0, 46.0, 57.5, 69.5]",0,1,0.2
synthetic_single_4_4V,single,4,20004,4.0,11.699999809265137,d1,0,0.0,9FA854C53118B85AA173B697873C7117A7C35F18902C550954DD198A652E95AC,0.12248396144975125,0.09528033724575309,0.043121642595765015,2.840428937226534,161,0.005610632299451354,"[18.0, 29.0, 41.5, 52.5, 65.0, 75.5]","[6.5, 18.0, 29.5, 41.0, 52.5, 64.0, 75.5]",0,1,0.3333333333333333,"[22.0, 34.5, 46.0, 57.5, 69.5]","[11.0, 22.5, 34.5, 46.0, 57.5, 69.5]",0,1,0.1
synthetic_single_4_4V,single,4,20004,4.0,11.699999809265137,g1,0,0.0,5007341C6D3A8A239063C8D42642E41F3E78AEABCF1114CAB3A8E85D779B6894,0.12273150671732468,0.09524222500390889,0.043208793259641554,2.840428937226534,161,0.017810952820763084,"[18.0, 29.0, 41.5, 52.5, 65.0, 75.5]","[6.5, 18.0, 29.5, 41.0, 52.5, 64.0, 75.5]",0,1,0.3333333333333333,"[22.0, 34.5, 46.0, 57.5, 69.5]","[11.0, 22.5, 34.5, 46.0, 57.5, 69.5]",0,1,0.1
synthetic_single_4_4V,single,4,20004,4.0,11.699999809265137,d2,0,0.0,D771BE5541D47A5C9B2B00A7DEA171BD183F2EAEA5D7817469128712F58CAAA9,0.12245936790224689,0.0947704162471783,0.04311298420365316,2.840428937226534,161,0.018144231775532597,"[18.0, 29.0, 41.5, 52.5, 65.0, 75.5]","[6.5, 18.0, 29.5, 41.0, 52.5, 64.0, 75.5]",0,1,0.3333333333333333,"[22.0, 34.5, 46.0, 57.5, 69.5]","[11.0, 22.5, 34.5, 46.0, 57.5, 69.5]",0,1,0.1
synthetic_single_4_4V,single,4,20004,4.0,11.699999809265137,d3,0,0.0,37510590D21F44F6E6D4702A930A68850FF0FF5C5E82B8245C351A0B76D75C3C,0.12244799555338982,0.09475904443989629,0.04310898046016639,2.840428937226534,161,0.018169198809943585,"[18.0, 29.0, 41.5, 52.5, 65.0, 75.5]","[6.5, 18.0, 29.5, 41.0, 52.5, 64.0, 75.5]",0,1,0.3333333333333333,"[22.0, 34.5, 46.0, 57.5, 69.5]","[11.0, 22.5, 34.5, 46.0, 57.5, 69.5]",0,1,0.1
synthetic_single_4_4V,single,4,20004,4.0,11.699999809265137,d4,0,0.0,075139F82418C0E03D53A8BE1898C94B55549AA93613DA58AEF0B748BBA7F9DB,0.12241873115041346,0.09471490701533253,0.04309867764899839,2.840428937226534,161,0.018137232857461303,"[18.0, 29.0, 41.5, 52.5, 65.0, 75.5]","[6.5, 18.0, 29.5, 41.0, 52.5, 64.0, 75.5]",0,1,0.3333333333333333,"[22.0, 34.5, 46.0, 57.5, 69.5]","[11.0, 22.5, 34.5, 46.0, 57.5, 69.5]",0,1,0.1
synthetic_single_4_4V,single,4,20004,4.0,11.699999809265137,h4s,0,0.0,7390725D53A2424F0076E8E1C729A3E769511AE4A1B5D9C8CB68DFD07851480E,0.12238293392106203,0.09469674048679215,0.043086074894223475,2.840428937226534,161,0.018095516061745816,"[18.0, 29.0, 41.5, 52.5, 65.0, 75.5]","[6.5, 18.0, 29.5, 41.0, 52.5, 64.0, 75.5]",0,1,0.3333333333333333,"[22.0, 34.5, 46.0, 57.5, 69.5]","[11.0, 22.5, 34.5, 46.0, 57.5, 69.5]",0,1,0.1
synthetic_single_4_4V,single,4,20004,4.0,11.699999809265137,equal4,0,0.0,9BA3BC0069B4126F24B847F46FBAEC481FE0E524C8EE244CD579EB08ABC34A4B,0.12238179558549175,0.0946929079497823,0.043085674132368336,2.840428937226534,161,0.01809692850209171,"[18.0, 29.0, 41.5, 52.5, 65.0, 75.5]","[6.5, 18.0, 29.5, 41.0, 52.5, 64.0, 75.5]",0,1,0.3333333333333333,"[22.0, 34.5, 46.0, 57.5, 69.5]","[11.0, 22.5, 34.5, 46.0, 57.5, 69.5]",0,1,0.1
synthetic_single_4_6V,single,4,20004,6.0,11.65999984741211,H1,0,0.0,045416BF9E8677C223C8B20D17659B220D2880129868D7857C3679409AAF04E4,0.1596815384047592,0.1344557292528034,0.055080604655940585,2.8990520238876343,161,-0.09806949520333214,"[6.0, 17.5, 30.0, 40.5, 52.5, 63.5, 75.5]","[18.5, 29.5, 41.0, 52.5, 64.0, 75.5]",1,0,0.4166666666666667,"[9.0, 22.5, 34.0, 46.0, 57.5, 69.0]","[23.0, 34.5, 46.0, 58.0, 69.5]",1,0,0.4
synthetic_single_4_6V,single,4,20004,6.0,11.65999984741211,G1,0,0.0,24D0405B22F21B8D7A08574B72E0D32029D4667BEDCD887A187938C40629240A,0.16054213008135104,0.13557712865634736,0.055377457444197135,2.8990520238876343,161,-0.09850054977010496,"[6.0, 17.5, 30.0, 40.5, 52.5, 63.5, 75.5]","[18.5, 29.5, 41.0, 52.5, 64.0, 75.5]",1,0,0.4166666666666667,"[9.0, 22.5, 34.0, 46.0, 57.5, 69.0]","[23.0, 34.5, 46.0, 58.0, 69.5]",1,0,0.4
synthetic_single_4_6V,single,4,20004,6.0,11.65999984741211,C,0,0.0001,D32A0949A6C2A72264ED190C7B57515FFA436F6AFEC4E653CA1F5D6418FA8A3F,0.20508374298872398,0.16701062065288888,0.07074165668600396,2.8990520238876343,161,-0.10723060216777813,"[6.0, 17.5, 30.0, 40.5, 52.5, 63.5, 75.5]","[6.5, 18.0, 29.5, 41.0, 52.5, 64.0, 76.0]",0,0,0.42857142857142855,"[9.0, 22.5, 34.0, 46.0, 57.5, 69.0]","[11.0, 22.5, 34.5, 46.0, 57.5, 69.5]",0,0,0.5
synthetic_single_4_6V,single,4,20004,6.0,11.65999984741211,d1,0,0.0,EEBAD903372FCD98600C30AD852C1A04B00D3CED46377CA09D039AA7201400A5,0.1379093376018954,0.11432975994550293,0.047570494239340594,2.8990520238876343,161,-0.04980398731896226,"[6.0, 17.5, 30.0, 40.5, 52.5, 63.5, 75.5]","[6.5, 18.0, 29.5, 41.0, 52.5, 64.0, 75.5]",0,0,0.35714285714285715,"[9.0, 22.5, 34.0, 46.0, 57.5, 69.0]","[11.0, 23.0, 34.5, 46.0, 57.5, 69.5]",0,0,0.5833333333333334
synthetic_single_4_6V,single,4,20004,6.0,11.65999984741211,g1,0,0.0,72881F3033FCC36B35D5A292838DF8C52BBA42115409B903133F91B145CFB5A6,0.13278914466981193,0.1098319554574186,0.04580433313222901,2.8990520238876343,161,-0.03977060090079441,"[6.0, 17.5, 30.0, 40.5, 52.5, 63.5, 75.5]","[6.5, 18.0, 29.5, 41.0, 52.5, 64.0, 75.5]",0,0,0.35714285714285715,"[9.0, 22.5, 34.0, 46.0, 57.5, 69.0]","[11.0, 23.0, 34.5, 46.0, 57.5, 69.5]",0,0,0.5833333333333334
synthetic_single_4_6V,single,4,20004,6.0,11.65999984741211,d2,0,0.0,9D3E75D4FAA8664716972D36CE010BCCE7D29DBDA4B636880B60576F87EF86F5,0.13170091132664483,0.10883951977311825,0.04542895754938321,2.8990520238876343,161,-0.03883574881029796,"[6.0, 17.5, 30.0, 40.5, 52.5, 63.5, 75.5]","[6.5, 18.0, 29.5, 41.0, 52.5, 64.0, 75.5]",0,0,0.35714285714285715,"[9.0, 22.5, 34.0, 46.0, 57.5, 69.0]","[11.0, 23.0, 34.5, 46.0, 57.5, 69.5]",0,0,0.5833333333333334
synthetic_single_4_6V,single,4,20004,6.0,11.65999984741211,d3,0,0.0,D70BF108528F3B6DAC420CDD7CB36DF2A878D858B75012CED5B37CB479E8EA2E,0.13171519141377208,0.10884632731307738,0.04543388332753745,2.8990520238876343,161,-0.03884107220385756,"[6.0, 17.5, 30.0, 40.5, 52.5, 63.5, 75.5]","[6.5, 18.0, 29.5, 41.0, 52.5, 64.0, 75.5]",0,0,0.35714285714285715,"[9.0, 22.5, 34.0, 46.0, 57.5, 69.0]","[11.0, 23.0, 34.5, 46.0, 57.5, 69.5]",0,0,0.5833333333333334
synthetic_single_4_6V,single,4,20004,6.0,11.65999984741211,d4,0,0.0,D688DFC6F67E162607CD99DBD96F12609319B0E6E497ADCE8CB2267ED6EE53A2,0.13159665866699696,0.10877337902552964,0.045392996601187445,2.8990520238876343,161,-0.03876506820645021,"[6.0, 17.5, 30.0, 40.5, 52.5, 63.5, 75.5]","[6.5, 18.0, 29.5, 41.0, 52.5, 64.0, 75.5]",0,0,0.35714285714285715,"[9.0, 22.5, 34.0, 46.0, 57.5, 69.0]","[11.0, 23.0, 34.5, 46.0, 57.5, 69.5]",0,0,0.5833333333333334
synthetic_single_4_6V,single,4,20004,6.0,11.65999984741211,h4s,0,0.0,8B85AD6BC7DEF22ABB440150B65C734D6A25352B3A863E8F75B61AD607EDBABC,0.13163597934744584,0.10880240061036918,0.045406559890195326,2.8990520238876343,161,-0.03881045117372681,"[6.0, 17.5, 30.0, 40.5, 52.5, 63.5, 75.5]","[6.5, 18.0, 29.5, 41.0, 52.5, 64.0, 75.5]",0,0,0.35714285714285715,"[9.0, 22.5, 34.0, 46.0, 57.5, 69.0]","[11.0, 23.0, 34.5, 46.0, 57.5, 69.5]",0,0,0.5833333333333334
synthetic_single_4_6V,single,4,20004,6.0,11.65999984741211,equal4,0,0.0,FAAF48659DF00D3434B605FC633632B849F342AFD3E9BB2DD9F18AAE592EEE83,0.13160784316903704,0.1087779043277043,0.045396854587159384,2.8990520238876343,161,-0.03878552669092365,"[6.0, 17.5, 30.0, 40.5, 52.5, 63.5, 75.5]","[6.5, 18.0, 29.5, 41.0, 52.5, 64.0, 75.5]",0,0,0.35714285714285715,"[9.0, 22.5, 34.0, 46.0, 57.5, 69.0]","[11.0, 23.0, 34.5, 46.0, 57.5, 69.5]",0,0,0.5833333333333334
synthetic_single_4_8V,single,4,20004,8.0,11.649999618530273,H1,0,0.0,E9B896FB1028EEBEF5EE746F0BAC14FA75F65A14D30F0310494E50AACADC7C16,0.1352414820325076,0.11120006540408416,0.05036994515827047,2.684963853098452,161,-0.06425757700380702,"[16.0, 29.0, 40.5, 52.0, 65.0, 75.5]","[18.0, 29.5, 41.0, 52.5, 64.0, 75.5]",0,0,0.75,"[22.5, 34.5, 46.5, 58.0, 69.5]","[22.5, 34.5, 46.0, 57.5, 69.5]",0,0,0.2
synthetic_single_4_8V,single,4,20004,8.0,11.649999618530273,G1,0,0.0,C0ED07BF8DBC46B4DD466777DA4183B5FE3EB96E838672CBD7E1282B3FDF9A76,0.13647684144853592,0.11184398135783509,0.05083004796919014,2.684963853098452,161,-0.06473518250891881,"[16.0, 29.0, 40.5, 52.0, 65.0, 75.5]","[18.0, 29.5, 41.0, 52.5, 64.0, 75.5]",0,0,0.75,"[22.5, 34.5, 46.5, 58.0, 69.5]","[22.5, 34.5, 46.0, 57.5, 69.5]",0,0,0.2
synthetic_single_4_8V,single,4,20004,8.0,11.649999618530273,C,0,0.0001,D4930C29B6D713A3791612846C7ED3BBFF04F81E0888FADA3D370B9FC458E313,0.17981334033957724,0.13791504700130186,0.0669704883110707,2.684963853098452,161,-0.05167452867218056,"[16.0, 29.0, 40.5, 52.0, 65.0, 75.5]","[6.5, 18.0, 29.5, 40.5, 52.0, 64.0, 75.5]",0,1,0.5833333333333334,"[22.5, 34.5, 46.5, 58.0, 69.5]","[11.0, 22.5, 34.5, 46.0, 57.5, 69.5]",0,1,0.2
synthetic_single_4_8V,single,4,20004,8.0,11.649999618530273,d1,0,0.0,2376E1755D2F31547CC2A62023F355DBBDC22BE4A3FF2D75A31CFCB34827979E,0.1325587417328639,0.09942075585865456,0.04937077330850876,2.684963853098452,161,-0.0001923398039540889,"[16.0, 29.0, 40.5, 52.0, 65.0, 75.5]","[6.5, 18.0, 29.5, 41.0, 52.5, 64.0, 75.5]",0,1,0.75,"[22.5, 34.5, 46.5, 58.0, 69.5]","[11.0, 23.0, 34.5, 46.0, 57.5, 69.5]",0,1,0.3
synthetic_single_4_8V,single,4,20004,8.0,11.649999618530273,g1,0,0.0,20B556E3301992EC6E9E6465036D22B94803908E2A8A8296FA7AB09749AAF050,0.133902807398457,0.0984144927875966,0.04987136316339342,2.684963853098452,161,0.008971395584181968,"[16.0, 29.0, 40.5, 52.0, 65.0, 75.5]","[6.5, 18.0, 29.5, 41.0, 52.5, 64.0, 75.5]",0,1,0.75,"[22.5, 34.5, 46.5, 58.0, 69.5]","[11.0, 23.0, 34.5, 46.0, 57.5, 69.5]",0,1,0.3
synthetic_single_4_8V,single,4,20004,8.0,11.649999618530273,d2,0,0.0,939774997C1AD38CB86F68D3B141EC348BF97A7F9FAD6E9883DAF38F9F369D73,0.13312775317317194,0.09794020416758815,0.04958269848569556,2.684963853098452,161,0.009718734331382728,"[16.0, 29.0, 40.5, 52.0, 65.0, 75.5]","[6.5, 18.0, 29.5, 41.0, 52.5, 64.0, 75.5]",0,1,0.75,"[22.5, 34.5, 46.5, 58.0, 69.5]","[11.0, 23.0, 34.5, 46.0, 57.5, 69.5]",0,1,0.3
synthetic_single_4_8V,single,4,20004,8.0,11.649999618530273,d3,0,0.0,9FA79FF92E490EBE078F62757ED5997C77756F957A006599BD4378D07B24E809,0.1331105618492243,0.09792862959807704,0.04957629567177022,2.684963853098452,161,0.009699969257442107,"[16.0, 29.0, 40.5, 52.0, 65.0, 75.5]","[6.5, 18.0, 29.5, 41.0, 52.5, 64.0, 75.5]",0,1,0.75,"[22.5, 34.5, 46.5, 58.0, 69.5]","[11.0, 23.0, 34.5, 46.0, 57.5, 69.5]",0,1,0.3
synthetic_single_4_8V,single,4,20004,8.0,11.649999618530273,d4,0,0.0,427BB4A76561782C0B8B3192EC93536680BEF05556EEAC4AEC8B1EBCD4CD1000,0.13312548427385695,0.09793956560424026,0.04958185344664136,2.684963853098452,161,0.009702576440035927,"[16.0, 29.0, 40.5, 52.0, 65.0, 75.5]","[6.5, 18.0, 29.5, 41.0, 52.5, 64.0, 75.5]",0,1,0.75,"[22.5, 34.5, 46.5, 58.0, 69.5]","[11.0, 23.0, 34.5, 46.0, 57.5, 69.5]",0,1,0.3
synthetic_single_4_8V,single,4,20004,8.0,11.649999618530273,h4s,0,0.0,C9BFAE8DE9CFC09B8E65562A3D6AE8A980B0F007F5CED97784CDF7BF4CB80D3C,0.13309851154317107,0.09791902460805747,0.04957180760164618,2.684963853098452,161,0.00964621740237156,"[16.0, 29.0, 40.5, 52.0, 65.0, 75.5]","[6.5, 18.0, 29.5, 41.0, 52.5, 64.0, 75.5]",0,1,0.75,"[22.5, 34.5, 46.5, 58.0, 69.5]","[11.0, 23.0, 34.5, 46.0, 57.5, 69.5]",0,1,0.3
synthetic_single_4_8V,single,4,20004,8.0,11.649999618530273,equal4,0,0.0,6F593113EC34DE46DBCC7E40D5336037519343F070F7581745F3D7B1B0C89639,0.13309097665665814,0.097914913692367,0.04956900127466184,2.684963853098452,161,0.00965337824330937,"[16.0, 29.0, 40.5, 52.0, 65.0, 75.5]","[6.5, 18.0, 29.5, 41.0, 52.5, 64.0, 75.5]",0,1,0.75,"[22.5, 34.5, 46.5, 58.0, 69.5]","[11.0, 23.0, 34.5, 46.0, 57.5, 69.5]",0,1,0.3
synthetic_gaussian_0_0V,gaussian,0,20005,0.0,11.739999771118164,H1,0,0.0,E1D6666670402B68A43367033B81B5B73DA2B6C5E987FA682889175CD911A2D6,0.20924146726496567,0.163962943028219,0.07506454063273783,2.787487480789423,161,-0.14515223044045963,"[18.5, 29.5, 41.0, 54.0, 63.5, 74.5]","[18.0, 29.5, 41.0, 52.5, 64.0, 76.0]",0,0,0.6666666666666666,"[22.5, 33.0, 46.5, 58.0, 69.5]","[22.5, 34.0, 46.0, 57.5, 69.5]",0,0,0.4
synthetic_gaussian_0_0V,gaussian,0,20005,0.0,11.739999771118164,G1,0,0.0,14B8473D98692D12DEC30EEBE491EEBD5752F3FBFA5DC8EA46DAC2A8B96F96C8,0.20727250505379854,0.16241685509311488,0.07435818330387568,2.787487480789423,161,-0.14315789595523976,"[18.5, 29.5, 41.0, 54.0, 63.5, 74.5]","[18.0, 29.5, 41.0, 52.5, 64.0, 76.0]",0,0,0.6666666666666666,"[22.5, 33.0, 46.5, 58.0, 69.5]","[22.5, 34.0, 46.0, 57.5, 69.5]",0,0,0.4
synthetic_gaussian_0_0V,gaussian,0,20005,0.0,11.739999771118164,C,0,0.0001,0D1520EAB90A3F9E0D58694CBAEB6F2ECB175996D674108A38721272CD8C6E80,0.1593160651888047,0.12438410048529228,0.05715400204907325,2.787487480789423,161,-0.06931100063812659,"[18.5, 29.5, 41.0, 54.0, 63.5, 74.5]","[6.0, 17.5, 29.0, 41.0, 52.5, 64.0, 76.0]",0,1,0.8333333333333334,"[22.5, 33.0, 46.5, 58.0, 69.5]","[10.5, 22.0, 34.0, 46.0, 57.5, 69.0]",0,1,0.6
synthetic_gaussian_0_0V,gaussian,0,20005,0.0,11.739999771118164,d1,0,0.0,F6214E5DA60FA162BABE20163B2E82D034C89604C455AEB09B97874BF72AAD53,0.14283321879531877,0.11824969621085972,0.05124084674090377,2.787487480789423,161,-0.03433779124980387,"[18.5, 29.5, 41.0, 54.0, 63.5, 74.5]","[6.0, 17.5, 29.0, 41.0, 52.5, 64.0, 76.0]",0,1,0.8333333333333334,"[22.5, 33.0, 46.5, 58.0, 69.5]","[10.5, 22.5, 34.0, 46.0, 57.5, 69.5]",0,1,0.4
synthetic_gaussian_0_0V,gaussian,0,20005,0.0,11.739999771118164,g1,0,0.0,408996A15D3866C566F87C895B8ACB0D34F5432C2EE484E2774B6D0F7DD30A14,0.1397775228103722,0.1167828301141351,0.05014462801131106,2.787487480789423,161,-0.01887129837219019,"[18.5, 29.5, 41.0, 54.0, 63.5, 74.5]","[6.0, 17.5, 29.0, 41.0, 52.5, 64.0, 76.0]",0,1,0.8333333333333334,"[22.5, 33.0, 46.5, 58.0, 69.5]","[10.5, 22.5, 34.0, 46.0, 57.5, 69.5]",0,1,0.4
synthetic_gaussian_0_0V,gaussian,0,20005,0.0,11.739999771118164,d2,0,0.0,F3F96F77EC3888A8D324ACD4395550B114EF191B52A9BE44A306E23F74FC1002,0.1399074331290469,0.11715214410276147,0.050191232819250114,2.787487480789423,161,-0.01923246762674788,"[18.5, 29.5, 41.0, 54.0, 63.5, 74.5]","[6.0, 17.5, 29.0, 41.0, 52.5, 64.0, 76.0]",0,1,0.8333333333333334,"[22.5, 33.0, 46.5, 58.0, 69.5]","[10.5, 22.5, 34.0, 46.0, 57.5, 69.5]",0,1,0.4
synthetic_gaussian_0_0V,gaussian,0,20005,0.0,11.739999771118164,d3,0,0.0,5C480A7BB2EDF09811C65B7B8136022A4C9A56BDB04472040B73CC70EA8663CF,0.1399295640792884,0.11715718115801396,0.0501991722092542,2.787487480789423,161,-0.019336968914877555,"[18.5, 29.5, 41.0, 54.0, 63.5, 74.5]","[6.0, 17.5, 29.0, 41.0, 52.5, 64.0, 76.0]",0,1,0.8333333333333334,"[22.5, 33.0, 46.5, 58.0, 69.5]","[10.5, 22.5, 34.0, 46.0, 57.5, 69.5]",0,1,0.4
synthetic_gaussian_0_0V,gaussian,0,20005,0.0,11.739999771118164,d4,0,0.0,37D2E2B7D4875BA8FFDEAADDFD0A1B207B66237220182EDF95883EE207C37ED9,0.1399042517898406,0.1171412330282771,0.0501900915265167,2.787487480789423,161,-0.019396035451881635,"[18.5, 29.5, 41.0, 54.0, 63.5, 74.5]","[6.0, 17.5, 29.0, 41.0, 52.5, 64.0, 76.0]",0,1,0.8333333333333334,"[22.5, 33.0, 46.5, 58.0, 69.5]","[10.5, 22.5, 34.0, 46.0, 57.5, 69.5]",0,1,0.4
synthetic_gaussian_0_0V,gaussian,0,20005,0.0,11.739999771118164,h4s,0,0.0,CCD50D203A6CC20F680203CDFA21151FDD15902024FF8866F3F004466C9C3BAA,0.1398569445301493,0.11708900654075309,0.050173120236056266,2.787487480789423,161,-0.019404747772105733,"[18.5, 29.5, 41.0, 54.0, 63.5, 74.5]","[6.0, 17.5, 29.0, 41.0, 52.5, 64.0, 76.0]",0,1,0.8333333333333334,"[22.5, 33.0, 46.5, 58.0, 69.5]","[10.5, 22.5, 34.0, 46.0, 57.5, 69.5]",0,1,0.4
synthetic_gaussian_0_0V,gaussian,0,20005,0.0,11.739999771118164,equal4,0,0.0,C22577D0009F71D37FCB082B4E6D03FBF5A1CD73E74AE1BDF01D02A319E80C45,0.1398520443389103,0.11709321385122234,0.05017136231202153,2.787487480789423,161,-0.019365313931466628,"[18.5, 29.5, 41.0, 54.0, 63.5, 74.5]","[6.0, 17.5, 29.0, 41.0, 52.5, 64.0, 76.0]",0,1,0.8333333333333334,"[22.5, 33.0, 46.5, 58.0, 69.5]","[10.5, 22.5, 34.0, 46.0, 57.5, 69.5]",0,1,0.4
synthetic_gaussian_0_4V,gaussian,0,20005,4.0,11.720000267028809,H1,0,0.0,4458A9855F5FD5DC0A8264BF19843893C0965F59796CBE1A2C537FBFC8EA99F8,0.14672436257375407,0.11555672397761843,0.048301218951592506,3.0376948192715645,161,-0.07333372725225892,"[5.0, 18.5, 29.5, 40.0, 53.5, 64.0, 75.5]","[18.0, 29.5, 41.0, 52.5, 64.0, 75.5]",1,0,0.4166666666666667,"[9.5, 22.5, 34.0, 45.5, 58.0, 69.5]","[22.5, 34.5, 46.0, 57.5, 69.5]",1,0,0.3
synthetic_gaussian_0_4V,gaussian,0,20005,4.0,11.720000267028809,G1,0,0.0,18E421800261E2FDB306BFEB1ED9A415EED8FBA828F9EB25A65B48BD8C291D1C,0.14720709636812887,0.11543640489863544,0.0484601334650954,3.0376948192715645,161,-0.0737099747002842,"[5.0, 18.5, 29.5, 40.0, 53.5, 64.0, 75.5]","[18.0, 29.5, 41.0, 52.5, 64.0, 75.5]",1,0,0.4166666666666667,"[9.5, 22.5, 34.0, 45.5, 58.0, 69.5]","[22.5, 34.5, 46.0, 57.5, 69.5]",1,0,0.3
synthetic_gaussian_0_4V,gaussian,0,20005,4.0,11.720000267028809,C,0,0.0001,EB0925924DDAF6355AB18B8A044D3D3686F16ACE7A5CBA9813BE02645211D2DA,0.16463068113908852,0.12141484378617234,0.05419592517808183,3.0376948192715645,161,-0.06191175282782418,"[5.0, 18.5, 29.5, 40.0, 53.5, 64.0, 75.5]","[6.0, 17.5, 29.0, 41.0, 52.5, 64.0, 76.0]",0,0,0.7142857142857143,"[9.5, 22.5, 34.0, 45.5, 58.0, 69.5]","[10.5, 22.5, 34.0, 46.0, 57.5, 69.5]",0,0,0.3333333333333333
synthetic_gaussian_0_4V,gaussian,0,20005,4.0,11.720000267028809,d1,0,0.0,2402DA1E72173D6BA4FCB4D53A0EB404269CB4BDF973A063363E98EEDEE81518,0.11538936104499843,0.08975842067688379,0.03798583067428368,3.0376948192715645,161,0.00256306756872059,"[5.0, 18.5, 29.5, 40.0, 53.5, 64.0, 75.5]","[6.0, 18.0, 29.5, 41.0, 52.5, 64.0, 75.5]",0,0,0.5,"[9.5, 22.5, 34.0, 45.5, 58.0, 69.5]","[11.0, 22.5, 34.5, 46.0, 57.5, 69.5]",0,0,0.5
synthetic_gaussian_0_4V,gaussian,0,20005,4.0,11.720000267028809,g1,0,0.0,DB8C8BE7DADC5FBC195AF2C071FFF3DB87EC1C15A65D3EC173682ABB4EB71B0A,0.11398276610839649,0.08908708113743143,0.03752278385085748,3.0376948192715645,161,0.015268605944312971,"[5.0, 18.5, 29.5, 40.0, 53.5, 64.0, 75.5]","[6.0, 18.0, 29.5, 41.0, 52.5, 64.0, 75.5]",0,0,0.5,"[9.5, 22.5, 34.0, 45.5, 58.0, 69.5]","[11.0, 22.5, 34.5, 46.0, 57.5, 69.5]",0,0,0.5
synthetic_gaussian_0_4V,gaussian,0,20005,4.0,11.720000267028809,d2,0,0.0,6C83CFDFE6F3679921D6D18F49995FEE4BCCB84F9AF0135E06BF46E7E8DE0E27,0.1137762962184835,0.08886916153508916,0.03745481458396367,3.0376948192715645,161,0.01591381379865943,"[5.0, 18.5, 29.5, 40.0, 53.5, 64.0, 75.5]","[6.0, 18.0, 29.5, 41.0, 52.5, 64.0, 75.5]",0,0,0.5,"[9.5, 22.5, 34.0, 45.5, 58.0, 69.5]","[11.0, 22.5, 34.5, 46.0, 57.5, 69.5]",0,0,0.5
synthetic_gaussian_0_4V,gaussian,0,20005,4.0,11.720000267028809,d3,0,0.0,88C825B0ED3EC6D4149BF2D0AE8FA63664F542E88FFA55DB44ABF0BBD8FC5847,0.11377303466562662,0.08887033463131798,0.037453740890570845,3.0376948192715645,161,0.015891092651529434,"[5.0, 18.5, 29.5, 40.0, 53.5, 64.0, 75.5]","[6.0, 18.0, 29.5, 41.0, 52.5, 64.0, 75.5]",0,0,0.5,"[9.5, 22.5, 34.0, 45.5, 58.0, 69.5]","[11.0, 22.5, 34.5, 46.0, 57.5, 69.5]",0,0,0.5
synthetic_gaussian_0_4V,gaussian,0,20005,4.0,11.720000267028809,d4,0,0.0,8EB2EA9EE60203DD8C564BBAB96254F3A9942B24B93F0E12769EE6A9F4CFB438,0.11379779623217538,0.08888946837016745,0.0374618923238194,3.0376948192715645,161,0.015879558689996416,"[5.0, 18.5, 29.5, 40.0, 53.5, 64.0, 75.5]","[6.0, 18.0, 29.5, 41.0, 52.5, 64.0, 75.5]",0,0,0.5,"[9.5, 22.5, 34.0, 45.5, 58.0, 69.5]","[11.0, 22.5, 34.5, 46.0, 57.5, 69.5]",0,0,0.5
synthetic_gaussian_0_4V,gaussian,0,20005,4.0,11.720000267028809,h4s,0,0.0,40F658BA1D70F78D2C9553663A2DD4024AA179864AF1DE8791B89DA1E2165FF7,0.11376931128515365,0.08884933857125757,0.037452515164915545,3.0376948192715645,161,0.015844055655360314,"[5.0, 18.5, 29.5, 40.0, 53.5, 64.0, 75.5]","[6.0, 18.0, 29.5, 41.0, 52.5, 64.0, 75.5]",0,0,0.5,"[9.5, 22.5, 34.0, 45.5, 58.0, 69.5]","[11.0, 22.5, 34.5, 46.0, 57.5, 69.5]",0,0,0.5
synthetic_gaussian_0_4V,gaussian,0,20005,4.0,11.720000267028809,equal4,0,0.0,A6BBB69C169B07C6B4ED7252D3D7276DFE7DFC8CD745854491328E22CD1074DE,0.11376675687880992,0.08884518422469821,0.03745167426202842,3.0376948192715645,161,0.01584030947104235,"[5.0, 18.5, 29.5, 40.0, 53.5, 64.0, 75.5]","[6.0, 18.0, 29.5, 41.0, 52.5, 64.0, 75.5]",0,0,0.5,"[9.5, 22.5, 34.0, 45.5, 58.0, 69.5]","[11.0, 22.5, 34.5, 46.0, 57.5, 69.5]",0,0,0.5
synthetic_gaussian_0_6V,gaussian,0,20005,6.0,11.65999984741211,H1,0,0.0,CC7FB55379EF062693F8BB6036B4E3AA743B3E627A03F497AB17D9BBBA9E4DAE,0.14190445733354928,0.11764134949373996,0.04952462511409166,2.8653312772512436,161,-0.0034613810011087367,"[4.5, 16.5, 29.0, 40.5, 52.0, 64.0, 75.5]","[18.5, 29.5, 41.0, 52.5, 64.0, 75.5]",1,0,0.5833333333333334,"[9.0, 21.5, 34.5, 46.0, 58.0, 69.5]","[23.0, 34.5, 46.0, 58.0, 69.5]",1,0,0.3
synthetic_gaussian_0_6V,gaussian,0,20005,6.0,11.65999984741211,G1,0,0.0,D432E6467953ABE16A0D552B40C86973257C8C2ED7E5D7C59B19C5A547519611,0.14206225109278872,0.11796805791568404,0.0495796951021563,2.8653312772512436,161,-0.004177781073550075,"[4.5, 16.5, 29.0, 40.5, 52.0, 64.0, 75.5]","[18.5, 29.5, 41.0, 52.5, 64.0, 75.5]",1,0,0.5833333333333334,"[9.0, 21.5, 34.5, 46.0, 58.0, 69.5]","[23.0, 34.5, 46.0, 58.0, 69.5]",1,0,0.3
synthetic_gaussian_0_6V,gaussian,0,20005,6.0,11.65999984741211,C,0,0.0001,5CAE95A35768BD21273ABAA702102C1641BBE776FCD4B342A9A575761CA64541,0.17459933722978951,0.14422968254708077,0.06093513117173849,2.8653312772512436,161,-0.011361690293071987,"[4.5, 16.5, 29.0, 40.5, 52.0, 64.0, 75.5]","[6.5, 18.0, 29.5, 41.0, 52.5, 64.0, 75.5]",0,0,0.7142857142857143,"[9.0, 21.5, 34.5, 46.0, 58.0, 69.5]","[11.0, 22.5, 34.5, 46.0, 57.5, 69.5]",0,0,0.5833333333333334
synthetic_gaussian_0_6V,gaussian,0,20005,6.0,11.65999984741211,d1,0,0.0,12DBC29414FAF4DAE8298CF27696CC0B9ECF3BF1C3136158FF1892FD2799092D,0.15188233965696382,0.11911647821493122,0.05300690390071297,2.8653312772512436,161,0.058407217301775394,"[4.5, 16.5, 29.0, 40.5, 52.0, 64.0, 75.5]","[6.5, 18.0, 29.5, 41.0, 52.5, 64.0, 75.5]",0,0,0.7142857142857143,"[9.0, 21.5, 34.5, 46.0, 58.0, 69.5]","[11.0, 23.0, 34.5, 46.0, 57.5, 69.5]",0,0,0.6666666666666666
synthetic_gaussian_0_6V,gaussian,0,20005,6.0,11.65999984741211,g1,0,0.0,767BF44F446B49693216D1A20DCC0A0ADBC48B31319CAC86BD6F891166A3A9AC,0.15435541725455934,0.11928561588124552,0.053870007450808575,2.8653312772512436,161,0.06829932358937327,"[4.5, 16.5, 29.0, 40.5, 52.0, 64.0, 75.5]","[6.5, 18.0, 29.5, 41.0, 52.5, 64.0, 75.5]",0,0,0.7142857142857143,"[9.0, 21.5, 34.5, 46.0, 58.0, 69.5]","[11.0, 23.0, 34.5, 46.0, 57.5, 69.5]",0,0,0.6666666666666666
synthetic_gaussian_0_6V,gaussian,0,20005,6.0,11.65999984741211,d2,0,0.0,560DE7096EC4D48508DA6E12EF8605E06FDA9CF5C74793695415AB34EB534089,0.1545265007378354,0.11927514626523075,0.05392971554970601,2.8653312772512436,161,0.06952448870975131,"[4.5, 16.5, 29.0, 40.5, 52.0, 64.0, 75.5]","[6.5, 18.0, 29.5, 41.0, 52.5, 64.0, 75.5]",0,0,0.7142857142857143,"[9.0, 21.5, 34.5, 46.0, 58.0, 69.5]","[11.0, 23.0, 34.5, 46.0, 57.5, 69.5]",0,0,0.6666666666666666
synthetic_gaussian_0_6V,gaussian,0,20005,6.0,11.65999984741211,d3,0,0.0,E324AFBAC2DA42472C59276166B032AA090D1938C57B77868C2C15111D21E6B3,0.15451596399333775,0.11927632308674987,0.05392603822814069,2.8653312772512436,161,0.06947131359209277,"[4.5, 16.5, 29.0, 40.5, 52.0, 64.0, 75.5]","[6.5, 18.0, 29.5, 41.0, 52.5, 64.0, 75.5]",0,0,0.7142857142857143,"[9.0, 21.5, 34.5, 46.0, 58.0, 69.5]","[11.0, 23.0, 34.5, 46.0, 57.5, 69.5]",0,0,0.6666666666666666
synthetic_gaussian_0_6V,gaussian,0,20005,6.0,11.65999984741211,d4,0,0.0,C33264BE660C3EC4F58A3D88D83B15FD9D36A0D5C5FDBEB93A4A2A647B2FD007,0.15458559749286027,0.11933062951259824,0.053950340304509785,2.8653312772512436,161,0.06951705166514709,"[4.5, 16.5, 29.0, 40.5, 52.0, 64.0, 75.5]","[6.5, 18.0, 29.5, 41.0, 52.5, 64.0, 75.5]",0,0,0.7142857142857143,"[9.0, 21.5, 34.5, 46.0, 58.0, 69.5]","[11.0, 23.0, 34.5, 46.0, 57.5, 69.5]",0,0,0.6666666666666666
synthetic_gaussian_0_6V,gaussian,0,20005,6.0,11.65999984741211,h4s,0,0.0,006765A1C89DCF937E918599FEA363F6F1971C5719D72D1A0E31204B56C4EA56,0.15467723490215488,0.11940953467816393,0.05398232174066069,2.8653312772512436,161,0.06951908951463259,"[4.5, 16.5, 29.0, 40.5, 52.0, 64.0, 75.5]","[6.5, 18.0, 29.5, 41.0, 52.5, 64.0, 75.5]",0,0,0.7142857142857143,"[9.0, 21.5, 34.5, 46.0, 58.0, 69.5]","[11.0, 23.0, 34.5, 46.0, 57.5, 69.5]",0,0,0.6666666666666666
synthetic_gaussian_0_6V,gaussian,0,20005,6.0,11.65999984741211,equal4,0,0.0,75BBED3E9F22A245D1AB6D742C4DB4AA930C9A582C8A6FB2C79A922F791416A9,0.1546618306069013,0.11940369060008514,0.05397694564492758,2.8653312772512436,161,0.06945376685004889,"[4.5, 16.5, 29.0, 40.5, 52.0, 64.0, 75.5]","[6.5, 18.0, 29.5, 41.0, 52.5, 64.0, 75.5]",0,0,0.7142857142857143,"[9.0, 21.5, 34.5, 46.0, 58.0, 69.5]","[11.0, 23.0, 34.5, 46.0, 57.5, 69.5]",0,0,0.6666666666666666
synthetic_gaussian_0_8V,gaussian,0,20005,8.0,11.729999542236328,H1,0,0.0,B85842848D4672F2E6321110448DD78393731DEF23D43DC5FAC9EC220C0FE3EA,0.11797714391249027,0.09340890977092041,0.04362664960688763,2.7042448818683624,161,-0.03345589280730079,"[4.0, 18.5, 29.0, 41.0, 52.5, 64.0, 76.0]","[18.0, 29.5, 41.0, 52.5, 64.0, 75.5]",1,0,0.25,"[7.0, 22.5, 35.0, 46.5, 58.0, 69.5]","[22.5, 34.5, 46.0, 57.5, 69.5]",1,0,0.3
synthetic_gaussian_0_8V,gaussian,0,20005,8.0,11.729999542236328,G1,0,0.0,B84FA3BCF7D1F4F2BE2B2FF88DF9AFDDB0F8731AAAA57BC1196A08F6A5F3D804,0.1181513809593439,0.09376485622632577,0.04369108054952225,2.7042448818683624,161,-0.034588512010085656,"[4.0, 18.5, 29.0, 41.0, 52.5, 64.0, 76.0]","[18.0, 29.5, 41.0, 52.5, 64.0, 75.5]",1,0,0.25,"[7.0, 22.5, 35.0, 46.5, 58.0, 69.5]","[22.5, 34.5, 46.0, 57.5, 69.5]",1,0,0.3
synthetic_gaussian_0_8V,gaussian,0,20005,8.0,11.729999542236328,C,0,0.0001,E14F90FF65EFCAD049878C9B9ECD75DCC8EE3B229A765A862F00A9DB57FA2C83,0.15934556646563233,0.12623245621921483,0.05892423705191244,2.7042448818683624,161,-0.031093937674572008,"[4.0, 18.5, 29.0, 41.0, 52.5, 64.0, 76.0]","[6.0, 17.5, 29.0, 40.5, 52.5, 64.0, 75.5]",0,0,0.5714285714285714,"[7.0, 22.5, 35.0, 46.5, 58.0, 69.5]","[10.5, 22.5, 34.0, 46.0, 57.5, 69.5]",1,1,0.4
synthetic_gaussian_0_8V,gaussian,0,20005,8.0,11.729999542236328,d1,0,0.0,F1220CBD5EDF89894B779C25D300F0897B85F7E0E4A426FED6503E1802D2AFAE,0.12559490483326752,0.0897384405321216,0.04644361377010133,2.7042448818683624,161,0.024019088896905412,"[4.0, 18.5, 29.0, 41.0, 52.5, 64.0, 76.0]","[6.0, 18.0, 29.5, 41.0, 52.5, 64.0, 75.5]",0,0,0.5,"[7.0, 22.5, 35.0, 46.5, 58.0, 69.5]","[11.0, 22.5, 34.5, 46.0, 57.5, 69.5]",1,1,0.3
synthetic_gaussian_0_8V,gaussian,0,20005,8.0,11.729999542236328,g1,0,0.0,25107DA0E1F18A658900577C3D20B6EA377453653D41CAB3B819785EC3C0C413,0.12728804371121633,0.08912882845131506,0.04706971789598915,2.7042448818683624,161,0.03513934437810264,"[4.0, 18.5, 29.0, 41.0, 52.5, 64.0, 76.0]","[6.0, 18.0, 29.5, 41.0, 52.5, 64.0, 75.5]",0,0,0.5,"[7.0, 22.5, 35.0, 46.5, 58.0, 69.5]","[11.0, 22.5, 34.5, 46.0, 57.5, 69.5]",1,1,0.3
synthetic_gaussian_0_8V,gaussian,0,20005,8.0,11.729999542236328,d2,0,0.0,80890C35F9987137987D747544758F2A79BBB05D576706FCA7D7943CD7813C57,0.1274058841336682,0.0891638466428896,0.04711329398750438,2.7042448818683624,161,0.03616616636607217,"[4.0, 18.5, 29.0, 41.0, 52.5, 64.0, 76.0]","[6.0, 18.0, 29.5, 41.0, 52.5, 64.0, 75.5]",0,0,0.5,"[7.0, 22.5, 35.0, 46.5, 58.0, 69.5]","[11.0, 22.5, 34.5, 46.0, 57.5, 69.5]",1,1,0.3
synthetic_gaussian_0_8V,gaussian,0,20005,8.0,11.729999542236328,d3,0,0.0,EB6A52A63395D219E6A4A13B8FE524B9CCFCE9BA9CD5E8833F786AD184E106A7,0.12741015541286882,0.08916985137122017,0.04711487345955192,2.7042448818683624,161,0.03616829003606524,"[4.0, 18.5, 29.0, 41.0, 52.5, 64.0, 76.0]","[6.0, 18.0, 29.5, 41.0, 52.5, 64.0, 75.5]",0,0,0.5,"[7.0, 22.5, 35.0, 46.5, 58.0, 69.5]","[11.0, 22.5, 34.5, 46.0, 57.5, 69.5]",1,1,0.3
synthetic_gaussian_0_8V,gaussian,0,20005,8.0,11.729999542236328,d4,0,0.0,137755DC0CEEB4F53FF23EE25BCC99A0025E96C7DBD1593278A7E2BD49E3922B,0.12736608642104807,0.08914009847255967,0.0470985772313086,2.7042448818683624,161,0.036171916849124505,"[4.0, 18.5, 29.0, 41.0, 52.5, 64.0, 76.0]","[6.0, 18.0, 29.5, 41.0, 52.5, 64.0, 75.5]",0,0,0.5,"[7.0, 22.5, 35.0, 46.5, 58.0, 69.5]","[11.0, 22.5, 34.5, 46.0, 57.5, 69.5]",1,1,0.3
synthetic_gaussian_0_8V,gaussian,0,20005,8.0,11.729999542236328,h4s,0,0.0,33007A6B505803DD6B74FBBECB83253D3581039A45EB05D32C45F0872C149C8D,0.12748261022940136,0.08927040278726484,0.047141666453418093,2.7042448818683624,161,0.03629560162376913,"[4.0, 18.5, 29.0, 41.0, 52.5, 64.0, 76.0]","[6.0, 18.0, 29.5, 41.0, 52.5, 64.0, 75.5]",0,0,0.5,"[7.0, 22.5, 35.0, 46.5, 58.0, 69.5]","[11.0, 22.5, 34.5, 46.0, 57.5, 69.5]",1,1,0.3
synthetic_gaussian_0_8V,gaussian,0,20005,8.0,11.729999542236328,equal4,0,0.0,05C55A542F91F822A43373B12A0AEE3A961D635A6EA0A6562F5FA6DD658B5884,0.1274577475750358,0.08925223355152592,0.04713247251742056,2.7042448818683624,161,0.03619178736246891,"[4.0, 18.5, 29.0, 41.0, 52.5, 64.0, 76.0]","[6.0, 18.0, 29.5, 41.0, 52.5, 64.0, 75.5]",0,0,0.5,"[7.0, 22.5, 35.0, 46.5, 58.0, 69.5]","[11.0, 22.5, 34.5, 46.0, 57.5, 69.5]",1,1,0.3
synthetic_gaussian_1_0V,gaussian,1,20006,0.0,11.739999771118164,H1,0,0.0,523D5E48F704979C5B4270B3790566B6DDC54669B0C886FC4DFB40545956C1D6,0.20354603652052797,0.1702235854051498,0.06839226780237322,2.9761556833982468,161,-0.13780963649938566,"[11.5, 28.5, 41.5, 52.5, 63.5, 76.5]","[18.0, 29.5, 41.0, 52.5, 64.0, 75.5]",1,1,0.6,"[14.5, 35.0, 46.0, 57.5, 69.5]","[22.5, 34.0, 46.0, 57.5, 69.5]",1,1,0.25
synthetic_gaussian_1_0V,gaussian,1,20006,0.0,11.739999771118164,G1,0,0.0,37595EDEEF3A858DEC33697BD3543BE35F573D749E66990271F767F7B8767A8C,0.20140231504993525,0.1682844855446623,0.06767196896768828,2.9761556833982468,161,-0.13543447109390488,"[11.5, 28.5, 41.5, 52.5, 63.5, 76.5]","[18.0, 29.5, 41.0, 52.5, 64.0, 75.5]",1,1,0.6,"[14.5, 35.0, 46.0, 57.5, 69.5]","[22.5, 34.0, 46.0, 57.5, 69.5]",1,1,0.25
synthetic_gaussian_1_0V,gaussian,1,20006,0.0,11.739999771118164,C,0,0.0001,21680C7E1DFD73FC8DEA87846067C31C11D390166D6A8E7C4C835FFB34635100,0.14215490464125022,0.10963155484255056,0.04776460634577231,2.9761556833982468,161,-0.045805469826326606,"[11.5, 28.5, 41.5, 52.5, 63.5, 76.5]","[17.5, 29.0, 41.0, 52.5, 64.0, 76.0]",1,1,0.4,"[14.5, 35.0, 46.0, 57.5, 69.5]","[22.0, 34.0, 46.0, 57.5, 69.0]",1,1,0.375
synthetic_gaussian_1_0V,gaussian,1,20006,0.0,11.739999771118164,d1,0,0.0,A75187C0806184C8CBB97A0A76FE2B52A51E57D8FC87FDF884CFEA48C56F83A3,0.14036726777424802,0.11338980084065325,0.04716395333659873,2.9761556833982468,161,0.006060270280201243,"[11.5, 28.5, 41.5, 52.5, 63.5, 76.5]","[6.0, 17.5, 29.5, 41.0, 52.5, 64.0, 75.5]",1,2,0.6,"[14.5, 35.0, 46.0, 57.5, 69.5]","[10.5, 22.5, 34.0, 46.0, 57.5, 69.0]",1,2,0.375
synthetic_gaussian_1_0V,gaussian,1,20006,0.0,11.739999771118164,g1,0,0.0,B4771978AAF1EA7E77D4ACEF1EB4D41B5EAA9FF9C2B0944E4566DE87E1456F0A,0.1419989607170594,0.11465572403824847,0.04771220857469443,2.9761556833982468,161,0.015521079672049291,"[11.5, 28.5, 41.5, 52.5, 63.5, 76.5]","[6.0, 17.5, 29.5, 41.0, 52.5, 64.0, 75.5]",1,2,0.6,"[14.5, 35.0, 46.0, 57.5, 69.5]","[10.5, 22.5, 34.0, 46.0, 57.5, 69.0]",1,2,0.375
synthetic_gaussian_1_0V,gaussian,1,20006,0.0,11.739999771118164,d2,0,0.0,3E42B3F974222EE70BC8D866D88270854E231E51F64876E9A8903249DEFC0CBD,0.14178432117130615,0.11433988115432099,0.04764008884421442,2.9761556833982468,161,0.014653186157623434,"[11.5, 28.5, 41.5, 52.5, 63.5, 76.5]","[6.0, 17.5, 29.5, 41.0, 52.5, 64.0, 75.5]",1,2,0.6,"[14.5, 35.0, 46.0, 57.5, 69.5]","[10.5, 22.5, 34.0, 46.0, 57.5, 69.0]",1,2,0.375
synthetic_gaussian_1_0V,gaussian,1,20006,0.0,11.739999771118164,d3,0,0.0,95506B7DE16BB2F14AD8DA5835D9A282EA491C673279FEC9CF7CCF0A22362196,0.1417827717445446,0.11434328810583731,0.04763956823073637,2.9761556833982468,161,0.014676939210166101,"[11.5, 28.5, 41.5, 52.5, 63.5, 76.5]","[6.0, 17.5, 29.5, 41.0, 52.5, 64.0, 75.5]",1,2,0.6,"[14.5, 35.0, 46.0, 57.5, 69.5]","[10.5, 22.5, 34.0, 46.0, 57.5, 69.0]",1,2,0.375
synthetic_gaussian_1_0V,gaussian,1,20006,0.0,11.739999771118164,d4,0,0.0,CF275839B9481B7A3E11A2995315C5A2780C699D0315BB9C3EE0B78904C406EE,0.1417874678349657,0.11432814857234126,0.047641146135564166,2.9761556833982468,161,0.014540022759704115,"[11.5, 28.5, 41.5, 52.5, 63.5, 76.5]","[6.0, 17.5, 29.5, 41.0, 52.5, 64.0, 75.5]",1,2,0.6,"[14.5, 35.0, 46.0, 57.5, 69.5]","[10.5, 22.5, 34.0, 46.0, 57.5, 69.0]",1,2,0.375
synthetic_gaussian_1_0V,gaussian,1,20006,0.0,11.739999771118164,h4s,0,0.0,69AC096702346ABB69854617073550CF449F5189ACDB0B9F1E83C44301262995,0.14177705607481308,0.11433754130179838,0.04763764774325535,2.9761556833982468,161,0.014587058228735598,"[11.5, 28.5, 41.5, 52.5, 63.5, 76.5]","[6.0, 17.5, 29.5, 41.0, 52.5, 64.0, 75.5]",1,2,0.6,"[14.5, 35.0, 46.0, 57.5, 69.5]","[10.5, 22.5, 34.0, 46.0, 57.5, 69.0]",1,2,0.375
synthetic_gaussian_1_0V,gaussian,1,20006,0.0,11.739999771118164,equal4,0,0.0,FC9F049267AA0DD69B8DF5C1F1A54E1C1B1E4AE873000D1EFAB7A153F63EBEB4,0.14177456647938222,0.11433457786807362,0.04763681122941142,2.9761556833982468,161,0.014577009246586272,"[11.5, 28.5, 41.5, 52.5, 63.5, 76.5]","[6.0, 17.5, 29.5, 41.0, 52.5, 64.0, 75.5]",1,2,0.6,"[14.5, 35.0, 46.0, 57.5, 69.5]","[10.5, 22.5, 34.0, 46.0, 57.5, 69.0]",1,2,0.375
synthetic_gaussian_1_4V,gaussian,1,20006,4.0,11.720000267028809,H1,0,0.0,678B4FD8E759B7B44757ED0760066D456F4CE1A3FDD94CC7E5BBD280D1DF8B5E,0.15536150032587398,0.13198593608248307,0.056111511906510675,2.768799040466547,161,-0.0556885559134972,"[16.0, 28.5, 40.5, 53.5, 64.5, 75.5]","[18.0, 29.5, 41.0, 52.5, 64.0, 75.5]",0,0,0.8333333333333334,"[21.0, 34.0, 46.5, 58.0, 69.5]","[22.5, 34.0, 46.0, 57.5, 69.5]",0,0,0.5
synthetic_gaussian_1_4V,gaussian,1,20006,4.0,11.720000267028809,G1,0,0.0,9783740F479740F182E9C8F416D900C0D4B58EDC0AF8ECBFE859E84B3A8B8F0C,0.15538390219060452,0.13181650247540533,0.0561196027301505,2.768799040466547,161,-0.055438064432107144,"[16.0, 28.5, 40.5, 53.5, 64.5, 75.5]","[18.0, 29.5, 41.0, 52.5, 64.0, 75.5]",0,0,0.8333333333333334,"[21.0, 34.0, 46.5, 58.0, 69.5]","[22.5, 34.5, 46.0, 57.5, 69.5]",0,0,0.6
synthetic_gaussian_1_4V,gaussian,1,20006,4.0,11.720000267028809,C,0,0.0001,08AD588A9E48B33F55F07E937D6106DFFFF919AED4239485BA4864E7504FF22B,0.17462812580647039,0.14280912534605641,0.0630699892820843,2.768799040466547,161,-0.024742111424851863,"[16.0, 28.5, 40.5, 53.5, 64.5, 75.5]","[18.0, 29.5, 40.5, 52.0, 64.0, 76.0]",0,0,0.9166666666666666,"[21.0, 34.0, 46.5, 58.0, 69.5]","[22.5, 34.0, 46.0, 57.5, 69.0]",0,0,0.6
synthetic_gaussian_1_4V,gaussian,1,20006,4.0,11.720000267028809,d1,0,0.0,52A5002309285A1F3C2929BD78C35F8EA7474C9543CA143F12BCCF206E0EE231,0.16166339109177302,0.12522964424783398,0.05838754952202399,2.768799040466547,161,0.049788910826170665,"[16.0, 28.5, 40.5, 53.5, 64.5, 75.5]","[6.5, 18.0, 29.5, 41.0, 52.5, 64.0, 75.5]",0,1,0.8333333333333334,"[21.0, 34.0, 46.5, 58.0, 69.5]","[11.0, 22.5, 34.5, 46.0, 57.5, 69.0]",0,1,0.7
synthetic_gaussian_1_4V,gaussian,1,20006,4.0,11.720000267028809,g1,0,0.0,B9E315C275124744EF8B023552E9EDC3801C5699C2A0BC9068EE1D27CB391CCB,0.16644843097647682,0.12711619164632715,0.06011575002150752,2.768799040466547,161,0.062290039862164796,"[16.0, 28.5, 40.5, 53.5, 64.5, 75.5]","[6.5, 18.0, 29.5, 41.0, 52.5, 64.0, 75.5]",0,1,0.8333333333333334,"[21.0, 34.0, 46.5, 58.0, 69.5]","[11.0, 22.5, 34.5, 46.0, 57.5, 69.0]",0,1,0.7
synthetic_gaussian_1_4V,gaussian,1,20006,4.0,11.720000267028809,d2,0,0.0,CDA3CAFAB6FAC4C732E6097A6825433DEB730712B165CE135C37E53E84A46B01,0.16620916133515493,0.12683225976106544,0.0600293336229806,2.768799040466547,161,0.062451268552067854,"[16.0, 28.5, 40.5, 53.5, 64.5, 75.5]","[6.5, 18.0, 29.5, 41.0, 52.5, 64.0, 75.5]",0,1,0.8333333333333334,"[21.0, 34.0, 46.5, 58.0, 69.5]","[11.0, 22.5, 34.5, 46.0, 57.5, 69.0]",0,1,0.7
synthetic_gaussian_1_4V,gaussian,1,20006,4.0,11.720000267028809,d3,0,0.0,B712C0A67E8D28A53DBFF83D08E6BB5B3E6959155E2110A4F76D35E20F7CB522,0.1662754690655259,0.1268641472279285,0.0600532818147424,2.768799040466547,161,0.0626228459827278,"[16.0, 28.5, 40.5, 53.5, 64.5, 75.5]","[6.5, 18.0, 29.5, 41.0, 52.5, 64.0, 75.5]",0,1,0.8333333333333334,"[21.0, 34.0, 46.5, 58.0, 69.5]","[11.0, 22.5, 34.5, 46.0, 57.5, 69.0]",0,1,0.7
synthetic_gaussian_1_4V,gaussian,1,20006,4.0,11.720000267028809,d4,0,0.0,DBA81743E396E8C865E23FCF61513058FCCAC2FD18CDBD9B13AF9726238842E7,0.1662240098577134,0.12684296164083184,0.06003469642553199,2.768799040466547,161,0.06244115003887911,"[16.0, 28.5, 40.5, 53.5, 64.5, 75.5]","[6.5, 18.0, 29.5, 41.0, 52.5, 64.0, 75.5]",0,1,0.8333333333333334,"[21.0, 34.0, 46.5, 58.0, 69.5]","[11.0, 22.5, 34.5, 46.0, 57.5, 69.0]",0,1,0.7
synthetic_gaussian_1_4V,gaussian,1,20006,4.0,11.720000267028809,h4s,0,0.0,D2B74AB8C42B1B9717DC8491C9CF5D5BAC6E21ECB2472A93235FC8BE2A024A6B,0.16622701376831336,0.12685981469217295,0.060035781340166836,2.768799040466547,161,0.06238355702772644,"[16.0, 28.5, 40.5, 53.5, 64.5, 75.5]","[6.5, 18.0, 29.5, 41.0, 52.5, 64.0, 75.5]",0,1,0.8333333333333334,"[21.0, 34.0, 46.5, 58.0, 69.5]","[11.0, 22.5, 34.5, 46.0, 57.5, 69.0]",0,1,0.7
synthetic_gaussian_1_4V,gaussian,1,20006,4.0,11.720000267028809,equal4,0,0.0,BE9EDC9630DEDEB493D53C442E98A8BD86306DB15A61602791DC38A369F935FE,0.16623073534017885,0.12686264355267798,0.06003712545066785,2.768799040466547,161,0.06237967101776082,"[16.0, 28.5, 40.5, 53.5, 64.5, 75.5]","[6.5, 18.0, 29.5, 41.0, 52.5, 64.0, 75.5]",0,1,0.8333333333333334,"[21.0, 34.0, 46.5, 58.0, 69.5]","[11.0, 22.5, 34.5, 46.0, 57.5, 69.0]",0,1,0.7
synthetic_gaussian_1_6V,gaussian,1,20006,6.0,11.760000228881836,H1,0,0.0,423BF189BC8C5CDF5686FAF930E67C562AAF9A2B8EA5FD34BD652BD2770D95AC,0.13220081804238687,0.10483797261511664,0.04654704562874904,2.8401548638939857,161,-0.07482577215732648,"[6.0, 18.0, 29.0, 40.5, 52.5, 63.5, 76.0]","[18.0, 29.0, 40.5, 52.5, 64.0, 75.5]",1,0,0.16666666666666666,"[10.0, 23.0, 35.0, 46.0, 58.0, 69.5]","[22.5, 34.0, 46.0, 57.5, 69.5]",1,0,0.4
synthetic_gaussian_1_6V,gaussian,1,20006,6.0,11.760000228881836,G1,0,0.0,BB77402B46B4222115CA60F6A7F98AF30F9400B8B686B094AB292775C6F58205,0.13270356042927858,0.10506531551280725,0.0467240579435643,2.8401548638939857,161,-0.07529971437161406,"[6.0, 18.0, 29.0, 40.5, 52.5, 63.5, 76.0]","[18.0, 29.0, 40.5, 52.5, 64.0, 75.5]",1,0,0.16666666666666666,"[10.0, 23.0, 35.0, 46.0, 58.0, 69.5]","[22.5, 34.0, 46.0, 57.5, 69.5]",1,0,0.4
synthetic_gaussian_1_6V,gaussian,1,20006,6.0,11.760000228881836,C,0,0.0001,76AC87C13E2CD7876BD0C4BCB2F908495236AFE6D012C9331A218F8A2FD48C3A,0.15649019514047433,0.12019192565287469,0.05509917685471521,2.8401548638939857,161,-0.061357078308048686,"[6.0, 18.0, 29.0, 40.5, 52.5, 63.5, 76.0]","[6.0, 17.5, 29.0, 40.5, 52.5, 64.0, 75.5]",0,0,0.21428571428571427,"[10.0, 23.0, 35.0, 46.0, 58.0, 69.5]","[10.5, 22.0, 34.0, 46.0, 57.5, 69.5]",0,0,0.5
synthetic_gaussian_1_6V,gaussian,1,20006,6.0,11.760000228881836,d1,0,0.0,F1DFD07A31D601EEEEF670DA9BBF748C157F1ACEE36AA7F908DE48679CE09DA4,0.09832849196519897,0.0755657873583541,0.03462082058102493,2.8401548638939857,161,0.018300991403430653,"[6.0, 18.0, 29.0, 40.5, 52.5, 63.5, 76.0]","[6.0, 17.5, 29.5, 41.0, 52.5, 64.0, 75.5]",0,0,0.35714285714285715,"[10.0, 23.0, 35.0, 46.0, 58.0, 69.5]","[10.5, 22.5, 34.0, 46.0, 57.5, 69.5]",0,0,0.4166666666666667
synthetic_gaussian_1_6V,gaussian,1,20006,6.0,11.760000228881836,g1,0,0.0,9575693709F7C0D7591A02F83EA1C42F5B5D051A2EAB13F6AD79B133850D14DB,0.09838835809350614,0.07461908523511049,0.03464189905426885,2.8401548638939857,161,0.028802412720426038,"[6.0, 18.0, 29.0, 40.5, 52.5, 63.5, 76.0]","[6.0, 17.5, 29.5, 41.0, 52.5, 64.0, 75.5]",0,0,0.35714285714285715,"[10.0, 23.0, 35.0, 46.0, 58.0, 69.5]","[10.5, 22.5, 34.0, 46.0, 57.5, 69.5]",0,0,0.4166666666666667
synthetic_gaussian_1_6V,gaussian,1,20006,6.0,11.760000228881836,d2,0,0.0,C4061C3E8D06301254742CA7E2DB36FF319E018176C7611B991114D4F3E1C24D,0.09819915599820826,0.07455656440532332,0.0345752822307628,2.8401548638939857,161,0.029379353658238322,"[6.0, 18.0, 29.0, 40.5, 52.5, 63.5, 76.0]","[6.0, 17.5, 29.5, 41.0, 52.5, 64.0, 75.5]",0,0,0.35714285714285715,"[10.0, 23.0, 35.0, 46.0, 58.0, 69.5]","[10.5, 22.5, 34.0, 46.0, 57.5, 69.5]",0,0,0.4166666666666667
synthetic_gaussian_1_6V,gaussian,1,20006,6.0,11.760000228881836,d3,0,0.0,1AEA047EFCB97BDC490E5E2E9A3B0B9FA4D1B822A81DB1C24C1B48EBA28B7AD0,0.09818039890854527,0.07458259402673044,0.03456867798185319,2.8401548638939857,161,0.02915015674603999,"[6.0, 18.0, 29.0, 40.5, 52.5, 63.5, 76.0]","[6.0, 17.5, 29.5, 41.0, 52.5, 64.0, 75.5]",0,0,0.35714285714285715,"[10.0, 23.0, 35.0, 46.0, 58.0, 69.5]","[10.5, 22.5, 34.0, 46.0, 57.5, 69.5]",0,0,0.4166666666666667
synthetic_gaussian_1_6V,gaussian,1,20006,6.0,11.760000228881836,d4,0,0.0,F2BBB1D17630AF55807C631239EA36AE7EDA6F2530D338CF25576E63B476C4CF,0.09818250944156802,0.07453209718455045,0.034569421086762565,2.8401548638939857,161,0.02936269964383603,"[6.0, 18.0, 29.0, 40.5, 52.5, 63.5, 76.0]","[6.0, 17.5, 29.5, 41.0, 52.5, 64.0, 75.5]",0,0,0.35714285714285715,"[10.0, 23.0, 35.0, 46.0, 58.0, 69.5]","[10.5, 22.5, 34.0, 46.0, 57.5, 69.5]",0,0,0.4166666666666667
synthetic_gaussian_1_6V,gaussian,1,20006,6.0,11.760000228881836,h4s,0,0.0,56F78C3AC55D5B156ED82F2CA067740AFB6BB22BFBE6A0E5E99C6AB7EB4927DD,0.0981281900313214,0.07446190926769852,0.03455029557676409,2.8401548638939857,161,0.02935051241447073,"[6.0, 18.0, 29.0, 40.5, 52.5, 63.5, 76.0]","[6.0, 17.5, 29.5, 41.0, 52.5, 64.0, 75.5]",0,0,0.35714285714285715,"[10.0, 23.0, 35.0, 46.0, 58.0, 69.5]","[10.5, 22.5, 34.0, 46.0, 57.5, 69.5]",0,0,0.4166666666666667
synthetic_gaussian_1_6V,gaussian,1,20006,6.0,11.760000228881836,equal4,0,0.0,BEA2BDF1EA8EF1DECA3471E9D537C99765CB4D9055A96E94DD0D8FBF4BD15588,0.09813415448138363,0.07448673920679884,0.03455239562072228,2.8401548638939857,161,0.02929865320354862,"[6.0, 18.0, 29.0, 40.5, 52.5, 63.5, 76.0]","[6.0, 17.5, 29.5, 41.0, 52.5, 64.0, 75.5]",0,0,0.35714285714285715,"[10.0, 23.0, 35.0, 46.0, 58.0, 69.5]","[10.5, 22.5, 34.0, 46.0, 57.5, 69.5]",0,0,0.4166666666666667
synthetic_gaussian_1_8V,gaussian,1,20006,8.0,11.770000457763672,H1,0,0.0,16A4C3C9746BF54D3981C507158B2799C21F0806A6855FCFC33B282AF963C621,0.16651324545506532,0.13661664393470155,0.05810348430577067,2.865804821252823,161,-0.03638099754078788,"[8.0, 17.0, 29.0, 41.5, 52.0, 64.0, 75.5]","[18.0, 29.5, 41.0, 52.5, 64.0, 75.5]",1,0,0.4166666666666667,"[5.5, 11.5, 20.5, 35.0, 46.5, 57.0, 69.5]","[22.5, 34.5, 46.0, 57.5, 69.5]",2,0,0.7
synthetic_gaussian_1_8V,gaussian,1,20006,8.0,11.770000457763672,G1,0,0.0,DAD25AA060DE457529C1464AEE37BD6B17E3A1848123584BAB1944162FC110E7,0.1672674165380706,0.13724539253097143,0.05836664635972924,2.865804821252823,161,-0.037521001275466835,"[8.0, 17.0, 29.0, 41.5, 52.0, 64.0, 75.5]","[18.0, 29.5, 41.0, 52.5, 64.0, 75.5]",1,0,0.4166666666666667,"[5.5, 11.5, 20.5, 35.0, 46.5, 57.0, 69.5]","[22.5, 34.5, 46.0, 58.0, 69.5]",2,0,0.8
synthetic_gaussian_1_8V,gaussian,1,20006,8.0,11.770000457763672,C,0,0.0001,F3D94C44898E8219E55641CAAD80E3C2915EA1C7ECAD566FDDA5A2CA62AFFC43,0.20726281350555095,0.17099354187061327,0.07232272483055681,2.865804821252823,161,-0.031132651735907017,"[8.0, 17.0, 29.0, 41.5, 52.0, 64.0, 75.5]","[6.0, 17.5, 29.0, 40.5, 52.5, 64.0, 76.0]",0,0,0.6428571428571429,"[5.5, 11.5, 20.5, 35.0, 46.5, 57.0, 69.5]","[10.5, 22.0, 34.0, 46.0, 57.5, 69.5]",1,0,0.75
synthetic_gaussian_1_8V,gaussian,1,20006,8.0,11.770000457763672,d1,0,0.0,D06DA2257B3A475738BD70A807B0E7A5550ADEA5732B0C9896188AE1468F718F,0.16678996500444127,0.13641033549532758,0.058200043411025776,2.865804821252823,161,0.028915765134166486,"[8.0, 17.0, 29.0, 41.5, 52.0, 64.0, 75.5]","[6.0, 17.5, 29.0, 41.0, 52.5, 64.0, 75.5]",0,0,0.5,"[5.5, 11.5, 20.5, 35.0, 46.5, 57.0, 69.5]","[10.5, 22.5, 34.5, 46.0, 57.5, 69.5]",1,0,0.75
synthetic_gaussian_1_8V,gaussian,1,20006,8.0,11.770000457763672,g1,0,0.0,02405520071883F3175E90D81C3727960347C52347764C4C2FE4D9670F61138A,0.16784954289718604,0.136339947777968,0.058569774763589266,2.865804821252823,161,0.039000069051518205,"[8.0, 17.0, 29.0, 41.5, 52.0, 64.0, 75.5]","[6.0, 17.5, 29.0, 41.0, 52.5, 64.0, 75.5]",0,0,0.5,"[5.5, 11.5, 20.5, 35.0, 46.5, 57.0, 69.5]","[10.5, 22.5, 34.5, 46.0, 57.5, 69.5]",1,0,0.75
synthetic_gaussian_1_8V,gaussian,1,20006,8.0,11.770000457763672,d2,0,0.0,0FF6639A5EA4409355B6FAD5DB676DC47B68B2FEFF4A9DD89CF76923B45E9C7B,0.16756670778639687,0.13605798078666193,0.058471081681390626,2.865804821252823,161,0.03990658535766676,"[8.0, 17.0, 29.0, 41.5, 52.0, 64.0, 75.5]","[6.0, 17.5, 29.0, 41.0, 52.5, 64.0, 75.5]",0,0,0.5,"[5.5, 11.5, 20.5, 35.0, 46.5, 57.0, 69.5]","[10.5, 22.5, 34.5, 46.0, 57.5, 69.5]",1,0,0.75
synthetic_gaussian_1_8V,gaussian,1,20006,8.0,11.770000457763672,d3,0,0.0,3B5FEDB93D92A5625B7E5DF27CE74A17846D8B8D879AFFB4E0213A2BB78FDFE6,0.1675686973956185,0.13605779327267076,0.05847177593984357,2.865804821252823,161,0.03990916214790774,"[8.0, 17.0, 29.0, 41.5, 52.0, 64.0, 75.5]","[6.0, 17.5, 29.0, 41.0, 52.5, 64.0, 75.5]",0,0,0.5,"[5.5, 11.5, 20.5, 35.0, 46.5, 57.0, 69.5]","[10.5, 22.5, 34.5, 46.0, 57.5, 69.5]",1,0,0.75
synthetic_gaussian_1_8V,gaussian,1,20006,8.0,11.770000457763672,d4,0,0.0,DEA19C26A05A8D0B9EEE440CA58746CE46BF6A3503F51A60F4C7C9AD62BFCAA4,0.16755928215253907,0.13603481343768029,0.05846849056499542,2.865804821252823,161,0.03991170823342682,"[8.0, 17.0, 29.0, 41.5, 52.0, 64.0, 75.5]","[6.0, 17.5, 29.0, 41.0, 52.5, 64.0, 75.5]",0,0,0.5,"[5.5, 11.5, 20.5, 35.0, 46.5, 57.0, 69.5]","[10.5, 22.5, 34.5, 46.0, 57.5, 69.5]",1,0,0.75
synthetic_gaussian_1_8V,gaussian,1,20006,8.0,11.770000457763672,h4s,0,0.0,E30CCA30C64A78FE4EB45426815C8A0B99A30975C32547F58872B378782F4ECA,0.1675290065011395,0.1359896373512767,0.05845792611511557,2.865804821252823,161,0.03993687937209695,"[8.0, 17.0, 29.0, 41.5, 52.0, 64.0, 75.5]","[6.0, 17.5, 29.0, 41.0, 52.5, 64.0, 75.5]",0,0,0.5,"[5.5, 11.5, 20.5, 35.0, 46.5, 57.0, 69.5]","[10.5, 22.5, 34.5, 46.0, 57.5, 69.5]",1,0,0.75
synthetic_gaussian_1_8V,gaussian,1,20006,8.0,11.770000457763672,equal4,0,0.0,6283D055C6D3058372C218013DD7C79B83E512943495F00A074799FFC6679875,0.16751984413044962,0.13597934388827462,0.05845472897809426,2.865804821252823,161,0.039969716440909395,"[8.0, 17.0, 29.0, 41.5, 52.0, 64.0, 75.5]","[6.0, 17.5, 29.0, 41.0, 52.5, 64.0, 75.5]",0,0,0.5,"[5.5, 11.5, 20.5, 35.0, 46.5, 57.0, 69.5]","[10.5, 22.5, 34.5, 46.0, 57.5, 69.5]",1,0,0.75
synthetic_gaussian_2_0V,gaussian,2,20007,0.0,11.670000076293945,H1,0,0.0,1D3C502B6E871940B53C180683A6A5041140A5FDA437DEA0494986912D590C94,0.18690195326788353,0.15984609373700545,0.06181233352451776,3.0237000063061714,161,-0.06792125635728333,"[19.5, 28.5, 41.0, 52.5, 65.0, 76.5]","[18.0, 29.5, 41.0, 52.5, 64.0, 76.0]",0,0,0.6666666666666666,"[6.0, 24.0, 33.0, 46.5, 57.5, 69.0]","[22.5, 34.0, 46.0, 57.5, 69.0]",1,0,0.6
synthetic_gaussian_2_0V,gaussian,2,20007,0.0,11.670000076293945,G1,0,0.0,71F27A097937379A568F4317B895E4846FDEC8108032DB5F4AB23A47E8C39FA8,0.1859018927949981,0.15904232531045534,0.061481592885301,3.0237000063061714,161,-0.06702513738263467,"[19.5, 28.5, 41.0, 52.5, 65.0, 76.5]","[18.0, 29.5, 41.0, 52.5, 64.0, 76.0]",0,0,0.6666666666666666,"[6.0, 24.0, 33.0, 46.5, 57.5, 69.0]","[22.5, 34.0, 46.0, 57.5, 69.0]",1,0,0.6
synthetic_gaussian_2_0V,gaussian,2,20007,0.0,11.670000076293945,C,0,0.0001,AF9E868EB5E9CEAC255FEF6609169344ADB062C4F86D199B689671CAF574C51F,0.17973616602001974,0.15482639727292594,0.05944245978277124,3.0237000063061714,161,0.011247524771816241,"[19.5, 28.5, 41.0, 52.5, 65.0, 76.5]","[18.0, 29.5, 40.5, 52.0, 64.0, 76.5]",0,0,0.75,"[6.0, 24.0, 33.0, 46.5, 57.5, 69.0]","[22.5, 34.0, 45.5, 57.0, 69.0]",1,0,0.8
synthetic_gaussian_2_0V,gaussian,2,20007,0.0,11.670000076293945,d1,0,0.0,64436ACED40A3FCA2C7B6525606220BE5E834B0CD514677D028A482245272E37,0.17542487369719495,0.1468378926702538,0.05801662642832694,3.0237000063061714,161,0.04546470789713149,"[19.5, 28.5, 41.0, 52.5, 65.0, 76.5]","[18.5, 29.5, 41.0, 52.5, 64.0, 76.0]",0,0,0.5833333333333334,"[6.0, 24.0, 33.0, 46.5, 57.5, 69.0]","[22.5, 34.0, 45.5, 57.5, 69.0]",1,0,0.7
synthetic_gaussian_2_0V,gaussian,2,20007,0.0,11.670000076293945,g1,0,0.0,CEAEC5E0F15909E3B333531860B1DC5E14BA3D0A20F3F7AB05A0B834373A614D,0.17875396928303638,0.14944859628814347,0.059117627049717396,3.0237000063061714,161,0.05864807877759015,"[19.5, 28.5, 41.0, 52.5, 65.0, 76.5]","[18.5, 29.5, 41.0, 52.5, 64.0, 76.0]",0,0,0.5833333333333334,"[6.0, 24.0, 33.0, 46.5, 57.5, 69.0]","[22.5, 34.0, 45.5, 57.5, 69.0]",1,0,0.7
synthetic_gaussian_2_0V,gaussian,2,20007,0.0,11.670000076293945,d2,0,0.0,1831BC1043CACB0E8EDA2E2F22CB8B626A54C577AD3B0398861D219FAE8AB18C,0.17845396653944495,0.1492477582987421,0.05901840995047946,3.0237000063061714,161,0.05798644274010421,"[19.5, 28.5, 41.0, 52.5, 65.0, 76.5]","[18.5, 29.5, 41.0, 52.5, 64.0, 76.0]",0,0,0.5833333333333334,"[6.0, 24.0, 33.0, 46.5, 57.5, 69.0]","[22.5, 34.0, 45.5, 57.5, 69.0]",1,0,0.7
synthetic_gaussian_2_0V,gaussian,2,20007,0.0,11.670000076293945,d3,0,0.0,F80B50FE2CD958778CED58C5A502FD883388E3E697590EC04F93A5BD6743DC90,0.1784646591988962,0.1492543435707596,0.05902194623365205,3.0237000063061714,161,0.05800715102727369,"[19.5, 28.5, 41.0, 52.5, 65.0, 76.5]","[18.5, 29.5, 41.0, 52.5, 64.0, 76.0]",0,0,0.5833333333333334,"[6.0, 24.0, 33.0, 46.5, 57.5, 69.0]","[22.5, 34.0, 45.5, 57.5, 69.0]",1,0,0.7
synthetic_gaussian_2_0V,gaussian,2,20007,0.0,11.670000076293945,d4,0,0.0,1E58CE170FF83059F4BCF7596CE5454C9C19F87A9F2DEC35F79D57BB3BAE591A,0.17849440357491939,0.14926474286902766,0.059031783312714504,3.0237000063061714,161,0.0581211086755954,"[19.5, 28.5, 41.0, 52.5, 65.0, 76.5]","[18.5, 29.5, 41.0, 52.5, 64.0, 76.0]",0,0,0.5833333333333334,"[6.0, 24.0, 33.0, 46.5, 57.5, 69.0]","[22.5, 34.0, 45.5, 57.5, 69.0]",1,0,0.7
synthetic_gaussian_2_0V,gaussian,2,20007,0.0,11.670000076293945,h4s,0,0.0,D0E66DFBD2E28426FDD08106538E27F65B561B03BAE23723526BE6EE33FB8D98,0.1783773332155306,0.1492152705048182,0.05899306572858094,3.0237000063061714,161,0.05787135739319073,"[19.5, 28.5, 41.0, 52.5, 65.0, 76.5]","[18.5, 29.5, 41.0, 52.5, 64.0, 76.0]",0,0,0.5833333333333334,"[6.0, 24.0, 33.0, 46.5, 57.5, 69.0]","[22.5, 34.0, 45.5, 57.5, 69.0]",1,0,0.7
synthetic_gaussian_2_0V,gaussian,2,20007,0.0,11.670000076293945,equal4,0,0.0,E1433D17779020D4365E55EC65304F2BF31BE25B2D6873DC2C358E0CA7C4A873,0.1783778990749262,0.1492137217558689,0.05899325286996218,3.0237000063061714,161,0.0578713456851355,"[19.5, 28.5, 41.0, 52.5, 65.0, 76.5]","[18.5, 29.5, 41.0, 52.5, 64.0, 76.0]",0,0,0.5833333333333334,"[6.0, 24.0, 33.0, 46.5, 57.5, 69.0]","[22.5, 34.0, 45.5, 57.5, 69.0]",1,0,0.7
synthetic_gaussian_2_4V,gaussian,2,20007,4.0,11.6899995803833,H1,0,0.0,B1B4643BC06BF6634815950687EC02C51396804EFEAB6B16429FB9DA8F2BC59F,0.16432995494467525,0.13482385098801128,0.05246798650166114,3.132004216313362,161,-0.06450849657976618,"[6.5, 18.0, 28.5, 39.5, 53.0, 63.5, 75.5]","[18.0, 29.5, 41.0, 52.5, 64.0, 76.0]",1,0,0.6666666666666666,"[10.5, 22.5, 33.0, 46.5, 57.5, 69.0]","[22.5, 34.0, 46.0, 57.5, 69.5]",1,0,0.4
synthetic_gaussian_2_4V,gaussian,2,20007,4.0,11.6899995803833,G1,0,0.0,624E3737D11E9F0651CE764FF5E31F89341F3C4FDDAC9196BBF52999EBE0913A,0.16485852331171402,0.1351721141941452,0.052636750120907135,3.132004216313362,161,-0.06520478806736076,"[6.5, 18.0, 28.5, 39.5, 53.0, 63.5, 75.5]","[18.0, 29.5, 41.0, 52.5, 64.0, 76.0]",1,0,0.6666666666666666,"[10.5, 22.5, 33.0, 46.5, 57.5, 69.0]","[22.5, 34.0, 46.0, 57.5, 69.5]",1,0,0.4
synthetic_gaussian_2_4V,gaussian,2,20007,4.0,11.6899995803833,C,0,0.0001,0700DBC84C03279AED172D6580FEE17A6A376383DF902F749C1FCAE47D58E348,0.18556955949523626,0.1416456197397147,0.05924946030681516,3.132004216313362,161,-0.0619638373031171,"[6.5, 18.0, 28.5, 39.5, 53.0, 63.5, 75.5]","[18.0, 29.5, 40.5, 52.0, 64.0, 76.5]",1,0,0.75,"[10.5, 22.5, 33.0, 46.5, 57.5, 69.0]","[22.5, 34.0, 45.5, 57.5, 69.5]",1,0,0.5
synthetic_gaussian_2_4V,gaussian,2,20007,4.0,11.6899995803833,d1,0,0.0,496231E85C73AE7CD8B1E6D70B14DC9E3B9A80D815A15DD7D554AC8533BA0D57,0.14174098531501217,0.11843563910278705,0.0452556815143287,3.132004216313362,161,0.01590271939824318,"[6.5, 18.0, 28.5, 39.5, 53.0, 63.5, 75.5]","[6.5, 18.0, 29.5, 40.5, 52.5, 64.0, 76.0]",0,0,0.5,"[10.5, 22.5, 33.0, 46.5, 57.5, 69.0]","[11.0, 22.5, 34.0, 46.0, 57.5, 69.5]",0,0,0.4166666666666667
synthetic_gaussian_2_4V,gaussian,2,20007,4.0,11.6899995803833,g1,0,0.0,CEDAFB7151DEECE8CB4EB189CFB5E69BAA742CF6D59AC878EE626544BA4D2EC6,0.1404711808565255,0.11798213533507602,0.044850252794957,3.132004216313362,161,0.026677681331274024,"[6.5, 18.0, 28.5, 39.5, 53.0, 63.5, 75.5]","[6.5, 18.0, 29.5, 40.5, 52.5, 64.0, 76.0]",0,0,0.5,"[10.5, 22.5, 33.0, 46.5, 57.5, 69.0]","[11.0, 22.5, 34.0, 46.0, 57.5, 69.5]",0,0,0.4166666666666667
synthetic_gaussian_2_4V,gaussian,2,20007,4.0,11.6899995803833,d2,0,0.0,02F0EB686D0238B5CD99DA0B9EECBE65293846D5DDF52C13F28BE674499833B5,0.14030110843444463,0.11790655215664171,0.04479595132844076,3.132004216313362,161,0.02730704265681344,"[6.5, 18.0, 28.5, 39.5, 53.0, 63.5, 75.5]","[6.5, 18.0, 29.5, 40.5, 52.5, 64.0, 76.0]",0,0,0.5,"[10.5, 22.5, 33.0, 46.5, 57.5, 69.0]","[11.0, 22.5, 34.0, 46.0, 57.5, 69.5]",0,0,0.4166666666666667
synthetic_gaussian_2_4V,gaussian,2,20007,4.0,11.6899995803833,d3,0,0.0,2FA26D1C34C2809634F19CF9BC9A6C513709A499E0A71793AA19A6E80AF622BC,0.14030708314270016,0.11790607386176122,0.044797858959415335,3.132004216313362,161,0.02732058107904997,"[6.5, 18.0, 28.5, 39.5, 53.0, 63.5, 75.5]","[6.5, 18.0, 29.5, 40.5, 52.5, 64.0, 76.0]",0,0,0.5,"[10.5, 22.5, 33.0, 46.5, 57.5, 69.0]","[11.0, 22.5, 34.0, 46.0, 57.5, 69.5]",0,0,0.4166666666666667
synthetic_gaussian_2_4V,gaussian,2,20007,4.0,11.6899995803833,d4,0,0.0,637A9DB2BECA9A8201BFE24EAA7C573A9DEA76520A249B944BD96EDE2B58D3F0,0.1402787108101813,0.11786430977105586,0.044788800117038605,3.132004216313362,161,0.027263575229180617,"[6.5, 18.0, 28.5, 39.5, 53.0, 63.5, 75.5]","[6.5, 18.0, 29.5, 40.5, 52.5, 64.0, 76.0]",0,0,0.5,"[10.5, 22.5, 33.0, 46.5, 57.5, 69.0]","[11.0, 22.5, 34.0, 46.0, 57.5, 69.5]",0,0,0.4166666666666667
synthetic_gaussian_2_4V,gaussian,2,20007,4.0,11.6899995803833,h4s,0,0.0,22D5023718EF7BD4ADBAE653FA0D9D8D1C90FF7416D24ADC61D48B15B61123EB,0.140208690609262,0.11785468982202897,0.044766443761145275,3.132004216313362,161,0.02729822968433594,"[6.5, 18.0, 28.5, 39.5, 53.0, 63.5, 75.5]","[6.5, 18.0, 29.5, 40.5, 52.5, 64.0, 76.0]",0,0,0.5,"[10.5, 22.5, 33.0, 46.5, 57.5, 69.0]","[11.0, 22.5, 34.0, 46.0, 57.5, 69.5]",0,0,0.4166666666666667
synthetic_gaussian_2_4V,gaussian,2,20007,4.0,11.6899995803833,equal4,0,0.0,038313C4CC8C4053A0427ACAC4B8C957F1A64352657510D4E659ACAD54DE4EB6,0.14020299325673505,0.11785062705745099,0.04476462468552038,3.132004216313362,161,0.027306953782030605,"[6.5, 18.0, 28.5, 39.5, 53.0, 63.5, 75.5]","[6.5, 18.0, 29.5, 40.5, 52.5, 64.0, 76.0]",0,0,0.5,"[10.5, 22.5, 33.0, 46.5, 57.5, 69.0]","[11.0, 22.5, 34.0, 46.0, 57.5, 69.5]",0,0,0.4166666666666667
synthetic_gaussian_2_6V,gaussian,2,20007,6.0,11.710000038146973,H1,0,0.0,D245F1221E1099B850BA5EE20E1EC2B2626D3F1AA146EE1F0FED7D9D15B9354A,0.1257030676167723,0.09851400751146193,0.041364804945266745,3.0388894081115723,161,-0.024241632160077,"[2.5, 20.0, 28.5, 40.5, 52.5, 64.0, 75.5]","[18.0, 29.5, 41.0, 52.5, 64.0, 76.0]",1,0,0.6666666666666666,"[6.0, 23.5, 34.5, 45.5, 57.5, 69.5]","[22.0, 34.0, 46.0, 57.5, 69.5]",1,0,0.5
synthetic_gaussian_2_6V,gaussian,2,20007,6.0,11.710000038146973,G1,0,0.0,1CFE5092C9FBCD00DE85F3AA19BA693BD484746BEC185EB4E82F678CFED9611D,0.1263673014229541,0.09940739753742858,0.04158338276004631,3.0388894081115723,161,-0.025176374528048016,"[2.5, 20.0, 28.5, 40.5, 52.5, 64.0, 75.5]","[18.0, 29.5, 41.0, 52.5, 64.0, 76.0]",1,0,0.6666666666666666,"[6.0, 23.5, 34.5, 45.5, 57.5, 69.5]","[22.5, 34.0, 46.0, 57.5, 69.5]",1,0,0.4
synthetic_gaussian_2_6V,gaussian,2,20007,6.0,11.710000038146973,C,0,0.0001,4C54E44EADAE978235044B8192DF2D9D50EF24BF9F86126F5B759962B4CEF79E,0.16572235615744194,0.13081920649335713,0.05453385559707656,3.0388894081115723,161,-0.032270196498435294,"[2.5, 20.0, 28.5, 40.5, 52.5, 64.0, 75.5]","[18.0, 29.5, 40.5, 52.0, 64.0, 76.0]",1,0,0.6666666666666666,"[6.0, 23.5, 34.5, 45.5, 57.5, 69.5]","[22.5, 34.0, 45.5, 57.5, 69.5]",1,0,0.3
synthetic_gaussian_2_6V,gaussian,2,20007,6.0,11.710000038146973,d1,0,0.0,29DD92A533ECBDBA094DDFF33A3612F6784B6405194C359B56F98831DB4F26A6,0.13325279595373843,0.1058153770892933,0.043849175819973135,3.0388894081115723,161,0.04085813719860237,"[2.5, 20.0, 28.5, 40.5, 52.5, 64.0, 75.5]","[6.0, 18.0, 29.5, 40.5, 52.0, 64.0, 76.0]",1,1,0.6666666666666666,"[6.0, 23.5, 34.5, 45.5, 57.5, 69.5]","[11.0, 22.5, 34.0, 45.5, 57.5, 69.5]",1,1,0.3
synthetic_gaussian_2_6V,gaussian,2,20007,6.0,11.710000038146973,g1,0,0.0,BD38EF938D8B694C13EA9B56A5B051AB5F24302CE54C7D34B49A2AA5808E2680,0.135645209475913,0.10806110196151071,0.04463644156113127,3.0388894081115723,161,0.04969911148008075,"[2.5, 20.0, 28.5, 40.5, 52.5, 64.0, 75.5]","[6.0, 18.0, 29.5, 40.5, 52.0, 64.0, 76.0]",1,1,0.6666666666666666,"[6.0, 23.5, 34.5, 45.5, 57.5, 69.5]","[11.0, 22.5, 34.0, 45.5, 57.5, 69.5]",1,1,0.3
synthetic_gaussian_2_6V,gaussian,2,20007,6.0,11.710000038146973,d2,0,0.0,0A447E0993112DEE37F3462D7F51147EB0FC37D7A75E956FA2838E706148CC28,0.1354435134880694,0.1079323059497459,0.04457006994941509,3.0388894081115723,161,0.04999239706023602,"[2.5, 20.0, 28.5, 40.5, 52.5, 64.0, 75.5]","[6.0, 18.0, 29.5, 40.5, 52.0, 64.0, 76.0]",1,1,0.6666666666666666,"[6.0, 23.5, 34.5, 45.5, 57.5, 69.5]","[11.0, 22.5, 34.0, 45.5, 57.5, 69.5]",1,1,0.3
synthetic_gaussian_2_6V,gaussian,2,20007,6.0,11.710000038146973,d3,0,0.0,EA67CBF5D0899F263C0F51AF180B92E1C67F3E3959C6C369DB244BA880626A14,0.13545744230297987,0.10794398036166471,0.044574653470905966,3.0388894081115723,161,0.049967104282739185,"[2.5, 20.0, 28.5, 40.5, 52.5, 64.0, 75.5]","[6.0, 18.0, 29.5, 40.5, 52.0, 64.0, 76.0]",1,1,0.6666666666666666,"[6.0, 23.5, 34.5, 45.5, 57.5, 69.5]","[11.0, 22.5, 34.0, 45.5, 57.5, 69.5]",1,1,0.3
synthetic_gaussian_2_6V,gaussian,2,20007,6.0,11.710000038146973,d4,0,0.0,60093245FA48276D2FBED2B241BEBA03AD595F2EF7402C30BDCDC81E4403B897,0.135447634861482,0.10791650782657429,0.04457142615981275,3.0388894081115723,161,0.0498945648978632,"[2.5, 20.0, 28.5, 40.5, 52.5, 64.0, 75.5]","[6.0, 18.0, 29.5, 40.5, 52.0, 64.0, 76.0]",1,1,0.6666666666666666,"[6.0, 23.5, 34.5, 45.5, 57.5, 69.5]","[11.0, 22.5, 34.0, 45.5, 57.5, 69.5]",1,1,0.3
synthetic_gaussian_2_6V,gaussian,2,20007,6.0,11.710000038146973,h4s,0,0.0,A455F4D03DA60ADA40EF5EF203164D7E7ED2553CA2E500E62F14FDCD139A31BA,0.1353804264702711,0.10798091397719076,0.04454931005679448,3.0388894081115723,161,0.05052237127334898,"[2.5, 20.0, 28.5, 40.5, 52.5, 64.0, 75.5]","[6.0, 18.0, 29.5, 40.5, 52.0, 64.0, 76.0]",1,1,0.6666666666666666,"[6.0, 23.5, 34.5, 45.5, 57.5, 69.5]","[11.0, 22.5, 34.0, 45.5, 57.5, 69.5]",1,1,0.3
synthetic_gaussian_2_6V,gaussian,2,20007,6.0,11.710000038146973,equal4,0,0.0,CD4ECA8BB49E0DB525B2C44CFEC99251D6C889D6B7EDBE1C04139A0C33F7D875,0.13537738623788512,0.10798198709218121,0.044548309614863994,3.0388894081115723,161,0.050543700712183434,"[2.5, 20.0, 28.5, 40.5, 52.5, 64.0, 75.5]","[6.0, 18.0, 29.5, 40.5, 52.0, 64.0, 76.0]",1,1,0.6666666666666666,"[6.0, 23.5, 34.5, 45.5, 57.5, 69.5]","[11.0, 22.5, 34.0, 45.5, 57.5, 69.5]",1,1,0.3
synthetic_gaussian_2_8V,gaussian,2,20007,8.0,11.649999618530273,H1,0,0.0,18F265922A37C85310D6DC84C251C25A9C460FEB4B7C8CB2E401AF1B152D4C66,0.1681539277472918,0.12070905940132852,0.060225542467578,2.7920699566602707,161,0.042662154258408164,"[18.0, 28.0, 41.0, 53.0, 63.5, 76.5]","[18.0, 29.5, 41.0, 52.5, 64.0, 75.5]",0,0,0.5833333333333334,"[23.0, 34.5, 46.0, 57.5, 70.0]","[22.5, 34.0, 46.0, 57.5, 69.5]",0,0,0.3
synthetic_gaussian_2_8V,gaussian,2,20007,8.0,11.649999618530273,G1,0,0.0,152EC1A9607D49809D289EFF9FCB3E076ECEB6667CCC657A24DB783010317676,0.1678067249308606,0.1205237325604843,0.06010118927377533,2.7920699566602707,161,0.04198355203413445,"[18.0, 28.0, 41.0, 53.0, 63.5, 76.5]","[18.0, 29.5, 41.0, 52.5, 64.0, 75.5]",0,0,0.5833333333333334,"[23.0, 34.5, 46.0, 57.5, 70.0]","[22.5, 34.0, 46.0, 57.5, 69.5]",0,0,0.3
synthetic_gaussian_2_8V,gaussian,2,20007,8.0,11.649999618530273,C,0,0.0001,3A2778538F35AD02BAFA8AE2CA635E5A5D6AE2BBE2E5591CAD05C6FBA3168272,0.19485432955224177,0.13908512086277794,0.06978848401968997,2.7920699566602707,161,0.06686935475477891,"[18.0, 28.0, 41.0, 53.0, 63.5, 76.5]","[18.5, 29.5, 40.5, 52.0, 64.0, 76.0]",0,0,0.75,"[23.0, 34.5, 46.0, 57.5, 70.0]","[22.5, 34.0, 45.5, 57.5, 69.5]",0,0,0.4
synthetic_gaussian_2_8V,gaussian,2,20007,8.0,11.649999618530273,d1,0,0.0,C4F74689DE2100641C01018D91D39D07BCB7E26EC44FFAE79C5462B0BDE7482C,0.20316177816292885,0.15286386445720004,0.07276385667855559,2.7920699566602707,161,0.11164471194703386,"[18.0, 28.0, 41.0, 53.0, 63.5, 76.5]","[6.5, 18.5, 30.0, 41.0, 52.5, 64.0, 75.5]",0,1,0.75,"[23.0, 34.5, 46.0, 57.5, 70.0]","[11.0, 22.5, 34.5, 46.0, 57.5, 69.5]",0,1,0.2
synthetic_gaussian_2_8V,gaussian,2,20007,8.0,11.649999618530273,g1,0,0.0,2124D44E665ACA97520ACAB2417CD73021C9CD6AF34463163E778F0021D3EC7C,0.21024685797271714,0.15854851238614653,0.07530142913188448,2.7920699566602707,161,0.1217532760076086,"[18.0, 28.0, 41.0, 53.0, 63.5, 76.5]","[6.5, 18.5, 30.0, 41.0, 52.5, 64.0, 75.5]",0,1,0.75,"[23.0, 34.5, 46.0, 57.5, 70.0]","[11.0, 22.5, 34.5, 46.0, 57.5, 69.5]",0,1,0.2
synthetic_gaussian_2_8V,gaussian,2,20007,8.0,11.649999618530273,d2,0,0.0,C4BEE0A04F5955C6B30C7FEB214C900F3992F15B4A566BDFD433379A02FCC320,0.21177426249718373,0.15996148181581718,0.0758484800826757,2.7920699566602707,161,0.12456997739648597,"[18.0, 28.0, 41.0, 53.0, 63.5, 76.5]","[6.5, 18.5, 30.0, 41.0, 52.5, 64.0, 75.5]",0,1,0.75,"[23.0, 34.5, 46.0, 57.5, 70.0]","[11.0, 22.5, 34.5, 46.0, 57.5, 69.5]",0,1,0.2
synthetic_gaussian_2_8V,gaussian,2,20007,8.0,11.649999618530273,d3,0,0.0,A288137BC3DE4D29CDC65E3458E63700B2786E580067F57C109D9268309562F3,0.21176961886687404,0.15995009669235774,0.0758468169329761,2.7920699566602707,161,0.1245798950795061,"[18.0, 28.0, 41.0, 53.0, 63.5, 76.5]","[6.5, 18.5, 30.0, 41.0, 52.5, 64.0, 75.5]",0,1,0.75,"[23.0, 34.5, 46.0, 57.5, 70.0]","[11.0, 22.5, 34.5, 46.0, 57.5, 69.5]",0,1,0.2
synthetic_gaussian_2_8V,gaussian,2,20007,8.0,11.649999618530273,d4,0,0.0,87156CA3C36C0DBB560360EEB5C529B83BDA57C3F1676420D080882E53FBFC7C,0.21173940236332836,0.15994271899787535,0.07583599467421656,2.7920699566602707,161,0.12459189583611044,"[18.0, 28.0, 41.0, 53.0, 63.5, 76.5]","[6.5, 18.5, 30.0, 41.0, 52.5, 64.0, 75.5]",0,1,0.75,"[23.0, 34.5, 46.0, 57.5, 70.0]","[11.0, 22.5, 34.5, 46.0, 57.5, 69.5]",0,1,0.2
synthetic_gaussian_2_8V,gaussian,2,20007,8.0,11.649999618530273,h4s,0,0.0,695C943AB220C32D091653B7AF63F15145042A1D838D67E37E8B58BBA8C887F7,0.21045942382724409,0.15868531655728446,0.07537756112636401,2.7920699566602707,161,0.12218776791825058,"[18.0, 28.0, 41.0, 53.0, 63.5, 76.5]","[6.5, 18.5, 30.0, 41.0, 52.5, 64.0, 75.5]",0,1,0.75,"[23.0, 34.5, 46.0, 57.5, 70.0]","[11.0, 22.5, 34.5, 46.0, 57.5, 69.5]",0,1,0.2
synthetic_gaussian_2_8V,gaussian,2,20007,8.0,11.649999618530273,equal4,0,0.0,277EC04CA0D6D39D218E10EFB943748B899EA4B82DDA69C024C57E7C025D57F0,0.21045914264328877,0.15868631063133293,0.07537746041830165,2.7920699566602707,161,0.12219991759391305,"[18.0, 28.0, 41.0, 53.0, 63.5, 76.5]","[6.5, 18.5, 30.0, 41.0, 52.5, 64.0, 75.5]",0,1,0.75,"[23.0, 34.5, 46.0, 57.5, 70.0]","[11.0, 22.5, 34.5, 46.0, 57.5, 69.5]",0,1,0.2
synthetic_gaussian_3_0V,gaussian,3,20008,0.0,11.720000267028809,H1,0,0.0,E5F7FFD3FB17198E85312FE7053EEB6DC937095DF70167070E9C952F03D46430,0.23001841771915457,0.18940271820977145,0.07807417774320735,2.9461522921919823,161,-0.142369069717246,"[4.5, 18.5, 29.5, 41.0, 53.0, 63.5, 75.0]","[18.0, 29.5, 41.0, 52.5, 64.0, 75.5]",1,0,0.3333333333333333,"[8.5, 23.0, 33.5, 45.5, 58.5, 69.5]","[22.5, 34.0, 46.0, 57.5, 69.0]",1,0,0.6
synthetic_gaussian_3_0V,gaussian,3,20008,0.0,11.720000267028809,G1,0,0.0,C55770CB89BD0A2991FA4F3D451ED71A240B1BFBF95E3DEE30E6E431C37D41EA,0.2276478504906082,0.18747062136286072,0.07726954614462063,2.9461522921919823,161,-0.14018631146017532,"[4.5, 18.5, 29.5, 41.0, 53.0, 63.5, 75.0]","[18.0, 29.5, 41.0, 52.5, 64.0, 75.5]",1,0,0.3333333333333333,"[8.5, 23.0, 33.5, 45.5, 58.5, 69.5]","[22.5, 34.0, 46.0, 57.5, 69.0]",1,0,0.6
synthetic_gaussian_3_0V,gaussian,3,20008,0.0,11.720000267028809,C,0,0.0001,8BB3715A4D0C68D8192918AE33A9B37F666A396097D2F334EAF4EACF026285A3,0.17392419478306997,0.13541384267776926,0.05903435312696199,2.9461522921919823,161,-0.07029322044553686,"[4.5, 18.5, 29.5, 41.0, 53.0, 63.5, 75.0]","[6.0, 17.5, 29.0, 40.5, 52.5, 64.0, 76.0]",0,0,0.7857142857142857,"[8.5, 23.0, 33.5, 45.5, 58.5, 69.5]","[10.5, 22.0, 34.0, 46.0, 57.5, 69.0]",0,0,0.9166666666666666
synthetic_gaussian_3_0V,gaussian,3,20008,0.0,11.720000267028809,d1,0,0.0,84AFE1D37C25F48E8F456427C090E8842AA9AE04F4A1916DE0B48843EEDA9040,0.15042964287358462,0.11585294290717622,0.051059696836534774,2.9461522921919823,161,-0.026993607723310314,"[4.5, 18.5, 29.5, 41.0, 53.0, 63.5, 75.0]","[6.0, 17.5, 29.0, 41.0, 52.5, 64.0, 75.5]",0,0,0.6428571428571429,"[8.5, 23.0, 33.5, 45.5, 58.5, 69.5]","[10.5, 22.5, 34.0, 46.0, 57.5, 69.0]",0,0,0.8333333333333334
synthetic_gaussian_3_0V,gaussian,3,20008,0.0,11.720000267028809,g1,0,0.0,CEF0070D3C5105A9DB71EB2E0201694E4F810EE65FC87F01CBFCDDAE58D1C198,0.14368173148533483,0.10793291983015327,0.048769281841310866,2.9461522921919823,161,-0.010139295244184525,"[4.5, 18.5, 29.5, 41.0, 53.0, 63.5, 75.0]","[6.0, 17.5, 29.0, 41.0, 52.5, 64.0, 75.5]",0,0,0.6428571428571429,"[8.5, 23.0, 33.5, 45.5, 58.5, 69.5]","[10.5, 22.5, 34.0, 46.0, 57.5, 69.0]",0,0,0.8333333333333334
synthetic_gaussian_3_0V,gaussian,3,20008,0.0,11.720000267028809,d2,0,0.0,F7777C2597A43056130AED9EE8A23CA07B3BD824A39CDD52C460C2449B0832EA,0.14411820153169483,0.10837352189946897,0.04891743102135045,2.9461522921919823,161,-0.010692608030802159,"[4.5, 18.5, 29.5, 41.0, 53.0, 63.5, 75.0]","[6.0, 17.5, 29.0, 41.0, 52.5, 64.0, 75.5]",0,0,0.6428571428571429,"[8.5, 23.0, 33.5, 45.5, 58.5, 69.5]","[10.5, 22.5, 34.0, 46.0, 57.5, 69.0]",0,0,0.8333333333333334
synthetic_gaussian_3_0V,gaussian,3,20008,0.0,11.720000267028809,d3,0,0.0,B837EDACA02D7961DF87AF2F153CA0DC8EECE2080D8BCD59E1B3AB1CDA6D0416,0.14411201871902077,0.10835644498363323,0.04891533241541944,2.9461522921919823,161,-0.010672369477287027,"[4.5, 18.5, 29.5, 41.0, 53.0, 63.5, 75.0]","[6.0, 17.5, 29.0, 41.0, 52.5, 64.0, 75.5]",0,0,0.6428571428571429,"[8.5, 23.0, 33.5, 45.5, 58.5, 69.5]","[10.5, 22.5, 34.0, 46.0, 57.5, 69.0]",0,0,0.8333333333333334
synthetic_gaussian_3_0V,gaussian,3,20008,0.0,11.720000267028809,d4,0,0.0,EAD250CFF5770791D63EABD62E0FE8C12951785BDB123A4397F31DC9442E3882,0.1440947736928756,0.10833930309503252,0.048909479009201826,2.9461522921919823,161,-0.01071758700465286,"[4.5, 18.5, 29.5, 41.0, 53.0, 63.5, 75.0]","[6.0, 17.5, 29.0, 41.0, 52.5, 64.0, 75.5]",0,0,0.6428571428571429,"[8.5, 23.0, 33.5, 45.5, 58.5, 69.5]","[10.5, 22.5, 34.0, 46.0, 57.5, 69.0]",0,0,0.8333333333333334
synthetic_gaussian_3_0V,gaussian,3,20008,0.0,11.720000267028809,h4s,0,0.0,F2A3FC7AAB78F0804F1311A43BD6E2D79956C63367D2C8924B535C77F1756232,0.1440793866308762,0.10830830326535223,0.04890425624388851,2.9461522921919823,161,-0.010694902670795318,"[4.5, 18.5, 29.5, 41.0, 53.0, 63.5, 75.0]","[6.0, 17.5, 29.0, 41.0, 52.5, 64.0, 75.5]",0,0,0.6428571428571429,"[8.5, 23.0, 33.5, 45.5, 58.5, 69.5]","[10.5, 22.5, 34.0, 46.0, 57.5, 69.0]",0,0,0.8333333333333334
synthetic_gaussian_3_0V,gaussian,3,20008,0.0,11.720000267028809,equal4,0,0.0,15AF2E9602D836298BB24F27EDB9D083F3BE1F133346C3BE91928ABE9E1D092A,0.14408139108665483,0.10831534050069518,0.04890493660782758,2.9461522921919823,161,-0.010701645585066227,"[4.5, 18.5, 29.5, 41.0, 53.0, 63.5, 75.0]","[6.0, 17.5, 29.0, 41.0, 52.5, 64.0, 75.5]",0,0,0.6428571428571429,"[8.5, 23.0, 33.5, 45.5, 58.5, 69.5]","[10.5, 22.5, 34.0, 46.0, 57.5, 69.0]",0,0,0.8333333333333334
synthetic_gaussian_3_4V,gaussian,3,20008,4.0,11.680000305175781,H1,0,0.0,71A73442B8F07743BB7DAD880315DCD8F30146E309410D40A7F1A033A02E2C28,0.11338356730262109,0.09612708256481597,0.04216050067394199,2.6893316134810448,161,-0.05107214908051935,"[18.0, 29.0, 40.0, 52.5, 64.5, 75.5]","[18.0, 29.5, 41.0, 52.5, 64.0, 75.5]",0,0,0.3333333333333333,"[7.0, 22.0, 34.0, 46.0, 58.0, 69.5]","[22.5, 34.5, 46.0, 57.5, 69.0]",1,0,0.4
synthetic_gaussian_3_4V,gaussian,3,20008,4.0,11.680000305175781,G1,0,0.0,A88FB56B525F41BE778CA47B934F0E14B9FE0E767D1C9FE6DC4AB4F760DC6277,0.11355096589769621,0.09625133101521811,0.04222274610110909,2.6893316134810448,161,-0.051909250756783515,"[18.0, 29.0, 40.0, 52.5, 64.5, 75.5]","[18.0, 29.5, 41.0, 52.5, 64.0, 75.5]",0,0,0.3333333333333333,"[7.0, 22.0, 34.0, 46.0, 58.0, 69.5]","[22.5, 34.5, 46.0, 57.5, 69.0]",1,0,0.4
synthetic_gaussian_3_4V,gaussian,3,20008,4.0,11.680000305175781,C,0,0.0001,4502818774A7A17C2D0C113920641BFB24FDC138F949576992F770AEE6110904,0.13840886225847313,0.10554071990136775,0.05146589642000974,2.6893316134810448,161,-0.05447200614010325,"[18.0, 29.0, 40.0, 52.5, 64.5, 75.5]","[6.0, 17.5, 29.0, 40.5, 52.0, 64.0, 75.5]",0,1,0.3333333333333333,"[7.0, 22.0, 34.0, 46.0, 58.0, 69.5]","[10.5, 22.5, 34.0, 46.0, 57.5, 69.0]",1,1,0.3
synthetic_gaussian_3_4V,gaussian,3,20008,4.0,11.680000305175781,d1,0,0.0,443C80E0C0BE319FB54AC6654C4CFE5C7383E75C8B94F75F9667D4FFAA63A2D3,0.1079571264254583,0.08007814494534309,0.040142735051450065,2.6893316134810448,161,0.02187099835332136,"[18.0, 29.0, 40.0, 52.5, 64.5, 75.5]","[6.0, 18.0, 29.5, 41.0, 52.5, 64.0, 75.5]",0,1,0.3333333333333333,"[7.0, 22.0, 34.0, 46.0, 58.0, 69.5]","[11.0, 22.5, 34.5, 46.0, 57.5, 69.0]",1,1,0.4
synthetic_gaussian_3_4V,gaussian,3,20008,4.0,11.680000305175781,g1,0,0.0,1B6F2F3A03C2847D5627F8C7E5D3E2AABB31A0FAFAF137EB5D1076081CF94326,0.11025298064768446,0.08031602752227221,0.04099642457442207,2.6893316134810448,161,0.03188247485838321,"[18.0, 29.0, 40.0, 52.5, 64.5, 75.5]","[6.0, 18.0, 29.5, 41.0, 52.5, 64.0, 75.5]",0,1,0.3333333333333333,"[7.0, 22.0, 34.0, 46.0, 58.0, 69.5]","[11.0, 22.5, 34.5, 46.0, 57.5, 69.0]",1,1,0.4
synthetic_gaussian_3_4V,gaussian,3,20008,4.0,11.680000305175781,d2,0,0.0,6B1E5F9A77A34B380A1DCC23977911E61058FBCC9FD2F0FB4EBB4950C68E1D2F,0.1103016005012948,0.08001920240728752,0.04101450336149564,2.6893316134810448,161,0.03294186773044722,"[18.0, 29.0, 40.0, 52.5, 64.5, 75.5]","[6.0, 18.0, 29.5, 41.0, 52.5, 64.0, 75.5]",0,1,0.3333333333333333,"[7.0, 22.0, 34.0, 46.0, 58.0, 69.5]","[11.0, 22.5, 34.0, 46.0, 57.5, 69.0]",1,1,0.3
synthetic_gaussian_3_4V,gaussian,3,20008,4.0,11.680000305175781,d3,0,0.0,2CF5BEE4AD8BC42E173750924A3998B45C78F75460F6D1CDF2E9B300212B044C,0.11030161707774445,0.08003027991663596,0.0410145095252761,2.6893316134810448,161,0.03304916171368605,"[18.0, 29.0, 40.0, 52.5, 64.5, 75.5]","[6.0, 18.0, 29.5, 41.0, 52.5, 64.0, 75.5]",0,1,0.3333333333333333,"[7.0, 22.0, 34.0, 46.0, 58.0, 69.5]","[11.0, 22.5, 34.0, 46.0, 57.5, 69.0]",1,1,0.3
synthetic_gaussian_3_4V,gaussian,3,20008,4.0,11.680000305175781,d4,0,0.0,E2892FDBF5FEFA9FE7B68FFCB4D64518A19E67947FB0A3412251AB567ED0D799,0.11031501048812348,0.08004043614549666,0.04101948972567678,2.6893316134810448,161,0.03284567485777488,"[18.0, 29.0, 40.0, 52.5, 64.5, 75.5]","[6.0, 18.0, 29.5, 41.0, 52.5, 64.0, 75.5]",0,1,0.3333333333333333,"[7.0, 22.0, 34.0, 46.0, 58.0, 69.5]","[11.0, 22.5, 34.0, 46.0, 57.5, 69.0]",1,1,0.3
synthetic_gaussian_3_4V,gaussian,3,20008,4.0,11.680000305175781,h4s,0,0.0,630E46901FB221EF7284BD74DA72D266ACCE28187AE98C0AF8BCE198F7A7D0A2,0.11037072790097169,0.0801486249851144,0.04104020766636097,2.6893316134810448,161,0.03291630957807813,"[18.0, 29.0, 40.0, 52.5, 64.5, 75.5]","[6.0, 18.0, 29.5, 41.0, 52.5, 64.0, 75.5]",0,1,0.3333333333333333,"[7.0, 22.0, 34.0, 46.0, 58.0, 69.5]","[11.0, 22.5, 34.5, 46.0, 57.5, 69.0]",1,1,0.4
synthetic_gaussian_3_4V,gaussian,3,20008,4.0,11.680000305175781,equal4,0,0.0,94CF32CB1C3D7DDC9C1FBB23DD741C19238D6DC70546F196BAAF484E7059A82F,0.11037716406390298,0.08015000343507861,0.0410426008866314,2.6893316134810448,161,0.03293220000052304,"[18.0, 29.0, 40.0, 52.5, 64.5, 75.5]","[6.0, 18.0, 29.5, 41.0, 52.5, 64.0, 75.5]",0,1,0.3333333333333333,"[7.0, 22.0, 34.0, 46.0, 58.0, 69.5]","[11.0, 22.5, 34.5, 46.0, 57.5, 69.0]",1,1,0.4
synthetic_gaussian_3_6V,gaussian,3,20008,6.0,11.6899995803833,H1,0,0.0,4BC9B11DCD02956C98C522EA99E653325A1AA465F42C661DB65E6B0894249236,0.1250917497581163,0.09414198497159881,0.04669842950730527,2.6787142753601074,161,-0.018269809113341088,"[17.0, 29.0, 41.0, 52.0, 63.5, 75.5]","[6.5, 18.0, 29.5, 41.0, 52.5, 64.0, 75.5]",0,1,0.4166666666666667,"[20.5, 34.0, 46.0, 57.5, 69.0]","[11.0, 22.5, 34.5, 46.0, 57.5, 69.5]",0,1,0.6
synthetic_gaussian_3_6V,gaussian,3,20008,6.0,11.6899995803833,G1,0,0.0,3D65B20A72AA17060EE03454F58FB01F762F215B976979B908DDFF90C0712F63,0.1256712763520809,0.09486847289878389,0.046914774564818615,2.6787142753601074,161,-0.01917028605290081,"[17.0, 29.0, 41.0, 52.0, 63.5, 75.5]","[6.5, 18.0, 29.5, 41.0, 52.5, 64.0, 75.5]",0,1,0.4166666666666667,"[20.5, 34.0, 46.0, 57.5, 69.0]","[11.0, 22.5, 34.5, 46.0, 57.5, 69.5]",0,1,0.6
synthetic_gaussian_3_6V,gaussian,3,20008,6.0,11.6899995803833,C,0,0.0001,42D5ABD4966CE6C9AF43B9C5A759B45AFF0DF7BC6BBB08E24AE45CBD6C89E332,0.16341069189444388,0.127481334894803,0.06100340502813653,2.6787142753601074,161,-0.040396443608662354,"[17.0, 29.0, 41.0, 52.0, 63.5, 75.5]","[6.0, 17.5, 29.0, 40.5, 52.5, 64.0, 76.0]",0,1,0.4166666666666667,"[20.5, 34.0, 46.0, 57.5, 69.0]","[10.5, 22.5, 34.0, 46.0, 57.5, 69.5]",0,1,0.5
synthetic_gaussian_3_6V,gaussian,3,20008,6.0,11.6899995803833,d1,0,0.0,953E625631881C417B77F34C7459E5106ECE5BBA0FB76133DB94B397EC33B21C,0.13314640649831308,0.1016386697612564,0.04970534099998919,2.6787142753601074,161,0.040305861057887166,"[17.0, 29.0, 41.0, 52.0, 63.5, 75.5]","[6.0, 18.0, 29.5, 41.0, 52.5, 64.0, 75.5]",0,1,0.4166666666666667,"[20.5, 34.0, 46.0, 57.5, 69.0]","[11.0, 22.5, 34.5, 46.0, 57.5, 69.5]",0,1,0.6
synthetic_gaussian_3_6V,gaussian,3,20008,6.0,11.6899995803833,g1,0,0.0,164CCC95A02B8C16CA5CE007E7B8C3A4494B23C0D64FDB1D5F90DCA83EE2BE47,0.13574152946424078,0.10354190037487457,0.05067413524198756,2.6787142753601074,161,0.04727066738635116,"[17.0, 29.0, 41.0, 52.0, 63.5, 75.5]","[6.0, 18.0, 29.5, 41.0, 52.5, 64.0, 75.5]",0,1,0.4166666666666667,"[20.5, 34.0, 46.0, 57.5, 69.0]","[11.0, 22.5, 34.5, 46.0, 57.5, 69.5]",0,1,0.6
synthetic_gaussian_3_6V,gaussian,3,20008,6.0,11.6899995803833,d2,0,0.0,2E57A983DCDC044C882D47900DB0D85BCF7AF86ADA39EC942EBCA0EA0DBBC4BE,0.13572833481293786,0.10363305822847793,0.05066920950152159,2.6787142753601074,161,0.04837811386548214,"[17.0, 29.0, 41.0, 52.0, 63.5, 75.5]","[6.0, 18.0, 29.5, 41.0, 52.5, 64.0, 75.5]",0,1,0.4166666666666667,"[20.5, 34.0, 46.0, 57.5, 69.0]","[11.0, 22.5, 34.5, 46.0, 57.5, 69.5]",0,1,0.6
synthetic_gaussian_3_6V,gaussian,3,20008,6.0,11.6899995803833,d3,0,0.0,AAB7B88C6D3DCF759681CE8E42E3C19793F820BA7380CA352D9EF0A3FC7FDDFC,0.13566171797415333,0.10358705459544378,0.05064434054129044,2.6787142753601074,161,0.04827731024034275,"[17.0, 29.0, 41.0, 52.0, 63.5, 75.5]","[6.0, 18.0, 29.5, 41.0, 52.5, 64.0, 75.5]",0,1,0.4166666666666667,"[20.5, 34.0, 46.0, 57.5, 69.0]","[11.0, 22.5, 34.5, 46.0, 57.5, 69.5]",0,1,0.6
synthetic_gaussian_3_6V,gaussian,3,20008,6.0,11.6899995803833,d4,0,0.0,BFE2234FE0D7F110251B5F8418F8FA0BDEAAE75009F6112DC4B5561D70FF52F2,0.1357633638777397,0.10364425025001076,0.05068228632166775,2.6787142753601074,161,0.04841797933074998,"[17.0, 29.0, 41.0, 52.0, 63.5, 75.5]","[6.0, 18.0, 29.5, 41.0, 52.5, 64.0, 75.5]",0,1,0.4166666666666667,"[20.5, 34.0, 46.0, 57.5, 69.0]","[11.0, 22.5, 34.5, 46.0, 57.5, 69.5]",0,1,0.6
synthetic_gaussian_3_6V,gaussian,3,20008,6.0,11.6899995803833,h4s,0,0.0,D9C49C437AAD749A5BDE343999C006E10FA27F28A2186140B5C77DF64CAFA77B,0.13566966787645607,0.10362172571028241,0.05064730834654532,2.6787142753601074,161,0.048377357284474815,"[17.0, 29.0, 41.0, 52.0, 63.5, 75.5]","[6.0, 18.0, 29.5, 41.0, 52.5, 64.0, 75.5]",0,1,0.4166666666666667,"[20.5, 34.0, 46.0, 57.5, 69.0]","[11.0, 22.5, 34.5, 46.0, 57.5, 69.5]",0,1,0.6
synthetic_gaussian_3_6V,gaussian,3,20008,6.0,11.6899995803833,equal4,0,0.0,DE23DDBBA5754EF5BD8EDFB1FFC5AA2925E4F2E801B001A29326800088585274,0.1356694228164493,0.10361692890154649,0.05064721686235493,2.6787142753601074,161,0.048384013730361594,"[17.0, 29.0, 41.0, 52.0, 63.5, 75.5]","[6.0, 18.0, 29.5, 41.0, 52.5, 64.0, 75.5]",0,1,0.4166666666666667,"[20.5, 34.0, 46.0, 57.5, 69.0]","[11.0, 22.5, 34.5, 46.0, 57.5, 69.5]",0,1,0.6
synthetic_gaussian_3_8V,gaussian,3,20008,8.0,11.720000267028809,H1,0,0.0,1DE11A9FF2B4D0F234515BF213A1B661EDF2BC7D6EDF7B46704FECC1447659A2,0.15461675153875395,0.11977453703373116,0.05389289077937345,2.8689637780189514,161,0.004322387578879825,"[4.0, 19.5, 28.5, 41.0, 51.0, 64.0, 76.0]","[18.0, 29.0, 40.5, 52.5, 64.0, 75.5]",1,0,0.75,"[11.5, 23.0, 34.5, 46.5, 58.0, 69.5]","[22.5, 34.0, 46.0, 57.5, 69.5]",1,0,0.4
synthetic_gaussian_3_8V,gaussian,3,20008,8.0,11.720000267028809,G1,0,0.0,54BFBB5F01E636ECF0B044816E603693B38A6A1438AF88585E72A4BEB26DE0BB,0.1543125724893385,0.11975441679867528,0.05378686676758704,2.8689637780189514,161,0.0029645976003097453,"[4.0, 19.5, 28.5, 41.0, 51.0, 64.0, 76.0]","[18.0, 29.0, 40.5, 52.5, 64.0, 75.5]",1,0,0.75,"[11.5, 23.0, 34.5, 46.5, 58.0, 69.5]","[22.5, 34.0, 46.0, 57.5, 69.5]",1,0,0.4
synthetic_gaussian_3_8V,gaussian,3,20008,8.0,11.720000267028809,C,0,0.0001,51FBE7161644F85AA04E8F3E9309450187F8A31B348CB06B2530ACB64895E7A7,0.1844464988736488,0.1428958284928932,0.06429028497564754,2.8689637780189514,161,-0.007218801364395189,"[4.0, 19.5, 28.5, 41.0, 51.0, 64.0, 76.0]","[6.0, 17.5, 29.0, 40.5, 52.0, 64.0, 75.5]",0,0,0.9285714285714286,"[11.5, 23.0, 34.5, 46.5, 58.0, 69.5]","[10.5, 22.0, 34.0, 46.0, 57.5, 69.5]",0,0,0.5833333333333334
synthetic_gaussian_3_8V,gaussian,3,20008,8.0,11.720000267028809,d1,0,0.0,D2D08DE93010D5F4B832415F712169C2E054B46233C46304735674F5931E9000,0.16943647020035194,0.12395712518081162,0.05905842084815359,2.8689637780189514,161,0.05883434181165251,"[4.0, 19.5, 28.5, 41.0, 51.0, 64.0, 76.0]","[6.0, 17.5, 29.0, 40.5, 52.5, 64.0, 75.5]",0,0,1.0,"[11.5, 23.0, 34.5, 46.5, 58.0, 69.5]","[10.5, 22.5, 34.0, 46.0, 57.5, 69.5]",0,0,0.5
synthetic_gaussian_3_8V,gaussian,3,20008,8.0,11.720000267028809,g1,0,0.0,35AFA75BAB5F48C05588CC3AEDD16C7177B8634555C13230B8A5BE5FE8A8851B,0.1719278560861606,0.12500789789309413,0.0599268130895952,2.8689637780189514,161,0.06778648986209253,"[4.0, 19.5, 28.5, 41.0, 51.0, 64.0, 76.0]","[6.0, 17.5, 29.0, 40.5, 52.5, 64.0, 75.5]",0,0,1.0,"[11.5, 23.0, 34.5, 46.5, 58.0, 69.5]","[10.5, 22.5, 34.0, 46.0, 57.5, 69.5]",0,0,0.5
synthetic_gaussian_3_8V,gaussian,3,20008,8.0,11.720000267028809,d2,0,0.0,E613D5DF36ADCF17DF7F6522024C6C86773F62DE9EFE4F7E9D60C8CE82AF3D8F,0.17220562194292985,0.12516617073868372,0.06002363057432519,2.8689637780189514,161,0.06884719609566357,"[4.0, 19.5, 28.5, 41.0, 51.0, 64.0, 76.0]","[6.0, 17.5, 29.0, 40.5, 52.5, 64.0, 75.5]",0,0,1.0,"[11.5, 23.0, 34.5, 46.5, 58.0, 69.5]","[10.5, 22.5, 34.0, 46.0, 57.5, 69.5]",0,0,0.5
synthetic_gaussian_3_8V,gaussian,3,20008,8.0,11.720000267028809,d3,0,0.0,5A54DEA706BBA1A50D1F822462745F55F6DE474D36CAA7C023E141A3710CAE9A,0.17218016273633704,0.12514147435471137,0.06001475656664763,2.8689637780189514,161,0.06890154139410636,"[4.0, 19.5, 28.5, 41.0, 51.0, 64.0, 76.0]","[6.0, 17.5, 29.0, 40.5, 52.5, 64.0, 75.5]",0,0,1.0,"[11.5, 23.0, 34.5, 46.5, 58.0, 69.5]","[10.5, 22.5, 34.0, 46.0, 57.5, 69.5]",0,0,0.5
synthetic_gaussian_3_8V,gaussian,3,20008,8.0,11.720000267028809,d4,0,0.0,437E767795A98DCCEA37EB972E38756CF39E1175B889F552CEE9A53A154073E2,0.1721865868336616,0.12517488481742994,0.060016995736543656,2.8689637780189514,161,0.06884621127699472,"[4.0, 19.5, 28.5, 41.0, 51.0, 64.0, 76.0]","[6.0, 17.5, 29.0, 40.5, 52.5, 64.0, 75.5]",0,0,1.0,"[11.5, 23.0, 34.5, 46.5, 58.0, 69.5]","[10.5, 22.5, 34.0, 46.0, 57.5, 69.5]",0,0,0.5
synthetic_gaussian_3_8V,gaussian,3,20008,8.0,11.720000267028809,h4s,0,0.0,81649EB20E5549752595B2BAE69D5CAED00C9FB49C38949549B0DA1D961EF0D5,0.17218570633133268,0.1251393117195701,0.060016688830497766,2.8689637780189514,161,0.06891927227192784,"[4.0, 19.5, 28.5, 41.0, 51.0, 64.0, 76.0]","[6.0, 17.5, 29.0, 40.5, 52.5, 64.0, 75.5]",0,0,1.0,"[11.5, 23.0, 34.5, 46.5, 58.0, 69.5]","[10.5, 22.5, 34.0, 46.0, 57.5, 69.5]",0,0,0.5
synthetic_gaussian_3_8V,gaussian,3,20008,8.0,11.720000267028809,equal4,0,0.0,17E3F6CA0D889000403B69024FBAEDA585ACE1B65D72A67C9FBA7761F3465678,0.17216924388122415,0.1251101216405445,0.06001095071339965,2.8689637780189514,161,0.06889591474803339,"[4.0, 19.5, 28.5, 41.0, 51.0, 64.0, 76.0]","[6.0, 17.5, 29.0, 40.5, 52.5, 64.0, 75.5]",0,0,1.0,"[11.5, 23.0, 34.5, 46.5, 58.0, 69.5]","[10.5, 22.5, 34.0, 46.0, 57.5, 69.5]",0,0,0.5
synthetic_gaussian_4_0V,gaussian,4,20009,0.0,11.630000114440918,H1,0,0.0,711AF3A32460F07E15871C92FA866F73CDE3C81574CA67136D7D78BC57E4BB1B,0.17401941167140558,0.14274288329833784,0.052444332343280005,3.3181738406419754,161,-0.07045101383643121,"[6.0, 17.0, 29.0, 40.5, 53.0, 63.5, 75.5]","[18.0, 29.5, 41.0, 52.5, 64.0, 76.0]",1,0,0.5833333333333334,"[10.5, 20.0, 34.0, 45.5, 58.0, 68.5]","[22.5, 34.5, 46.0, 57.5, 69.5]",1,0,1.0
synthetic_gaussian_4_0V,gaussian,4,20009,0.0,11.630000114440918,G1,0,0.0,255ACE6DA10E9AAB78A62EED0C62D205D5BA84A7C40D28CBCD3BDF4B37D742A8,0.17243160942180524,0.14167489231743427,0.05196581544637953,3.3181738406419754,161,-0.06804271125645371,"[6.0, 17.0, 29.0, 40.5, 53.0, 63.5, 75.5]","[18.0, 29.5, 41.0, 52.5, 64.0, 75.5]",1,0,0.5,"[10.5, 20.0, 34.0, 45.5, 58.0, 68.5]","[22.5, 34.5, 46.0, 57.5, 69.5]",1,0,1.0
synthetic_gaussian_4_0V,gaussian,4,20009,0.0,11.630000114440918,C,0,0.0001,574C3395E0B349C57E08A0BB26E789259FB6788B580A7DBAC4BF7962F5216FEA,0.15959937711009559,0.12419563122325061,0.04809855805481773,3.3181738406419754,161,0.01627257741663767,"[6.0, 17.0, 29.0, 40.5, 53.0, 63.5, 75.5]","[6.5, 18.0, 29.5, 41.0, 52.5, 64.0, 76.0]",0,0,0.5714285714285714,"[10.5, 20.0, 34.0, 45.5, 58.0, 68.5]","[11.0, 22.5, 34.5, 46.0, 57.5, 69.0]",0,0,0.8333333333333334
synthetic_gaussian_4_0V,gaussian,4,20009,0.0,11.630000114440918,d1,0,0.0,0BD69729D13ACFC0651932DCF3992059A131E5B029345FAB462885AC3DEDC5C7,0.15877346672881162,0.12351417282353276,0.047849652957933426,3.3181738406419754,161,0.05967165150257371,"[6.0, 17.0, 29.0, 40.5, 53.0, 63.5, 75.5]","[6.5, 18.0, 29.5, 41.0, 52.5, 64.0, 76.0]",0,0,0.5714285714285714,"[10.5, 20.0, 34.0, 45.5, 58.0, 68.5]","[11.0, 23.0, 34.5, 46.0, 57.5, 69.0]",0,0,0.9166666666666666
synthetic_gaussian_4_0V,gaussian,4,20009,0.0,11.630000114440918,g1,0,0.0,B6B23D62E73F1C03A06C94BCF507E8922E6DA3408E9885B4C1CD61947E476BB0,0.16270922445582894,0.12707162643811717,0.049035774576641586,3.3181738406419754,161,0.07165578396424004,"[6.0, 17.0, 29.0, 40.5, 53.0, 63.5, 75.5]","[6.5, 18.0, 29.5, 41.0, 52.5, 64.0, 76.0]",0,0,0.5714285714285714,"[10.5, 20.0, 34.0, 45.5, 58.0, 68.5]","[11.0, 23.0, 34.5, 46.0, 57.5, 69.0]",0,0,0.9166666666666666
synthetic_gaussian_4_0V,gaussian,4,20009,0.0,11.630000114440918,d2,0,0.0,695B12C1DE0121D7460DA65070EE8A54B72759E9DEC63597E3362387D51FF137,0.16213397258556264,0.12656795932269244,0.048862410582501056,3.3181738406419754,161,0.0706127418309265,"[6.0, 17.0, 29.0, 40.5, 53.0, 63.5, 75.5]","[6.5, 18.0, 29.5, 41.0, 52.5, 64.0, 76.0]",0,0,0.5714285714285714,"[10.5, 20.0, 34.0, 45.5, 58.0, 68.5]","[11.0, 23.0, 34.5, 46.0, 57.5, 69.0]",0,0,0.9166666666666666
synthetic_gaussian_4_0V,gaussian,4,20009,0.0,11.630000114440918,d3,0,0.0,C1C9C0461957D3AB62039069A45C294BFBF8BE7A5A82F3F286F337DAEE87B4FF,0.16251235075503453,0.12698084458431103,0.0489764426337569,3.3181738406419754,161,0.07167708957047196,"[6.0, 17.0, 29.0, 40.5, 53.0, 63.5, 75.5]","[6.5, 18.0, 29.5, 41.0, 52.5, 64.0, 76.0]",0,0,0.5714285714285714,"[10.5, 20.0, 34.0, 45.5, 58.0, 68.5]","[11.0, 23.0, 34.5, 46.0, 57.5, 69.0]",0,0,0.9166666666666666
synthetic_gaussian_4_0V,gaussian,4,20009,0.0,11.630000114440918,d4,0,0.0,15BCB0579D1E21D3407BF6D06393CACC80E7F8D2287429F784CB5C38C1AE3BB5,0.16252488932130082,0.1269676316969143,0.04898022138883981,3.3181738406419754,161,0.07178794467671318,"[6.0, 17.0, 29.0, 40.5, 53.0, 63.5, 75.5]","[6.5, 18.0, 29.5, 41.0, 52.5, 64.0, 76.0]",0,0,0.5714285714285714,"[10.5, 20.0, 34.0, 45.5, 58.0, 68.5]","[11.0, 23.0, 34.5, 46.0, 57.5, 69.0]",0,0,0.9166666666666666
synthetic_gaussian_4_0V,gaussian,4,20009,0.0,11.630000114440918,h4s,0,0.0,44C137CB0BC8874875229B6F376C2D544FAFC9078B6187015AB5B8EA066E585D,0.16209781785921348,0.12655716667079037,0.04885151461137793,3.3181738406419754,161,0.07050724073041299,"[6.0, 17.0, 29.0, 40.5, 53.0, 63.5, 75.5]","[6.5, 18.0, 29.5, 41.0, 52.5, 64.0, 76.0]",0,0,0.5714285714285714,"[10.5, 20.0, 34.0, 45.5, 58.0, 68.5]","[11.0, 23.0, 34.5, 46.0, 57.5, 69.0]",0,0,0.9166666666666666
synthetic_gaussian_4_0V,gaussian,4,20009,0.0,11.630000114440918,equal4,0,0.0,21C2139513F7D6D2F28E4D9E781CF406D49F50EB7D659F45CEFCA6B46C34D5E3,0.16253053876255882,0.12691774908800302,0.04898192396427115,3.3181738406419754,161,0.0713782036526603,"[6.0, 17.0, 29.0, 40.5, 53.0, 63.5, 75.5]","[6.5, 18.0, 29.5, 41.0, 52.5, 64.0, 76.0]",0,0,0.5714285714285714,"[10.5, 20.0, 34.0, 45.5, 58.0, 68.5]","[11.0, 23.0, 34.5, 46.0, 57.5, 69.0]",0,0,0.9166666666666666
synthetic_gaussian_4_4V,gaussian,4,20009,4.0,11.680000305175781,H1,0,0.0,6C1F1F9ED7768D3206CFC9B9A55805606A4BE696A0AE8BF7062B3E0FEF30036C,0.14942963525085037,0.12378640553873518,0.05525858912673615,2.7041883915662766,161,-0.061083960213831494,"[10.5, 19.0, 29.5, 41.0, 52.0, 63.5, 75.5]","[6.5, 18.0, 29.5, 41.0, 52.5, 64.0, 75.5]",1,1,0.3333333333333333,"[13.5, 23.0, 34.0, 46.0, 58.0, 69.5]","[11.0, 22.5, 34.5, 46.0, 57.5, 69.5]",0,0,0.6666666666666666
synthetic_gaussian_4_4V,gaussian,4,20009,4.0,11.680000305175781,G1,0,0.0,B9C5705123A0B7F8CD8D701893C11485B3437E605404E8A48DC17928F64A04F7,0.1491496405767174,0.12378755885159007,0.055155048014361656,2.7041883915662766,161,-0.06136045311085926,"[10.5, 19.0, 29.5, 41.0, 52.0, 63.5, 75.5]","[6.5, 18.0, 29.5, 41.0, 52.5, 64.0, 75.5]",1,1,0.3333333333333333,"[13.5, 23.0, 34.0, 46.0, 58.0, 69.5]","[11.0, 22.5, 34.5, 46.0, 57.5, 69.5]",0,0,0.6666666666666666
synthetic_gaussian_4_4V,gaussian,4,20009,4.0,11.680000305175781,C,0,0.0001,E0D9506DDD2CD944F829ADD25DBE20D392D7151331129E9E24ED1076B3199F38,0.16682598592067954,0.1366505709864338,0.06169170256072776,2.7041883915662766,161,-0.0407556896994573,"[10.5, 19.0, 29.5, 41.0, 52.0, 63.5, 75.5]","[6.5, 18.0, 29.5, 40.5, 52.5, 64.0, 76.0]",1,1,0.5,"[13.5, 23.0, 34.0, 46.0, 58.0, 69.5]","[11.0, 22.5, 34.5, 46.0, 57.5, 69.5]",0,0,0.6666666666666666
synthetic_gaussian_4_4V,gaussian,4,20009,4.0,11.680000305175781,d1,0,0.0,D8E7D2C0809FD6E081F341D7634E7D9CADF31F2DD712967368EB85E71C1B8CA2,0.1455277342957819,0.12164423582346542,0.05381567894812671,2.7041883915662766,161,0.026639243923359035,"[10.5, 19.0, 29.5, 41.0, 52.0, 63.5, 75.5]","[6.5, 18.0, 29.5, 41.0, 52.5, 64.0, 76.0]",1,1,0.4166666666666667,"[13.5, 23.0, 34.0, 46.0, 58.0, 69.5]","[11.0, 23.0, 34.5, 46.0, 57.5, 69.5]",0,0,0.5833333333333334
synthetic_gaussian_4_4V,gaussian,4,20009,4.0,11.680000305175781,g1,0,0.0,1300735080D6A1216C1FE83EBAF3A866F4C3CB33FB572053306812229D509F65,0.14654667804709978,0.1204665368480712,0.0541924810061844,2.7041883915662766,161,0.03841465188664679,"[10.5, 19.0, 29.5, 41.0, 52.0, 63.5, 75.5]","[6.5, 18.0, 29.5, 41.0, 52.5, 64.0, 76.0]",1,1,0.4166666666666667,"[13.5, 23.0, 34.0, 46.0, 58.0, 69.5]","[11.0, 23.0, 34.5, 46.0, 57.5, 69.5]",0,0,0.5833333333333334
synthetic_gaussian_4_4V,gaussian,4,20009,4.0,11.680000305175781,d2,0,0.0,0DCC83B05CC7AA637D8621DA54F5AA75C29C359BDEF11BC9EBE2B1C69AE6AEDC,0.14662180854249124,0.12060147019461816,0.05422026401702261,2.7041883915662766,161,0.038592536303197374,"[10.5, 19.0, 29.5, 41.0, 52.0, 63.5, 75.5]","[6.5, 18.0, 29.5, 41.0, 52.5, 64.0, 76.0]",1,1,0.4166666666666667,"[13.5, 23.0, 34.0, 46.0, 58.0, 69.5]","[11.0, 23.0, 34.5, 46.0, 57.5, 69.5]",0,0,0.5833333333333334
synthetic_gaussian_4_4V,gaussian,4,20009,4.0,11.680000305175781,d3,0,0.0,C23094597109EDB0A8FA741B2BA6B3A1AF5A279BA8F67A9D3FE50B768EF37446,0.1466243232683742,0.12060734356597344,0.05422119395440819,2.7041883915662766,161,0.03858968796011824,"[10.5, 19.0, 29.5, 41.0, 52.0, 63.5, 75.5]","[6.5, 18.0, 29.5, 41.0, 52.5, 64.0, 76.0]",1,1,0.4166666666666667,"[13.5, 23.0, 34.0, 46.0, 58.0, 69.5]","[11.0, 23.0, 34.5, 46.0, 57.5, 69.5]",0,0,0.5833333333333334
synthetic_gaussian_4_4V,gaussian,4,20009,4.0,11.680000305175781,d4,0,0.0,39771627E5D726591CE782CEA87172EE4B30B311A7028E37BA250B8DCD93F7AA,0.14662060233059362,0.12059608553044544,0.05421981796381812,2.7041883915662766,161,0.038631321966462996,"[10.5, 19.0, 29.5, 41.0, 52.0, 63.5, 75.5]","[6.5, 18.0, 29.5, 41.0, 52.5, 64.0, 76.0]",1,1,0.4166666666666667,"[13.5, 23.0, 34.0, 46.0, 58.0, 69.5]","[11.0, 23.0, 34.5, 46.0, 57.5, 69.5]",0,0,0.5833333333333334
synthetic_gaussian_4_4V,gaussian,4,20009,4.0,11.680000305175781,h4s,0,0.0,DE56A711868AE729FBE83823E54B56CB6677189D009D7F13C1D73A90C663B3E3,0.14658590610330496,0.12057109362220172,0.05420698741273785,2.7041883915662766,161,0.03859397796740443,"[10.5, 19.0, 29.5, 41.0, 52.0, 63.5, 75.5]","[6.5, 18.0, 29.5, 41.0, 52.5, 64.0, 76.0]",1,1,0.4166666666666667,"[13.5, 23.0, 34.0, 46.0, 58.0, 69.5]","[11.0, 23.0, 34.5, 46.0, 57.5, 69.5]",0,0,0.5833333333333334
synthetic_gaussian_4_4V,gaussian,4,20009,4.0,11.680000305175781,equal4,0,0.0,93903A2E226A557A960983BC64219421F5BD1EB93A1577C95A8AB74C00248451,0.14659158088558305,0.12057583443589093,0.05420908592861633,2.7041883915662766,161,0.03860107311828536,"[10.5, 19.0, 29.5, 41.0, 52.0, 63.5, 75.5]","[6.5, 18.0, 29.5, 41.0, 52.5, 64.0, 76.0]",1,1,0.4166666666666667,"[13.5, 23.0, 34.0, 46.0, 58.0, 69.5]","[11.0, 23.0, 34.5, 46.0, 57.5, 69.5]",0,0,0.5833333333333334
synthetic_gaussian_4_6V,gaussian,4,20009,6.0,11.619999885559082,H1,0,0.0,4F8C44B8EFD574203FE952378FFA7D74727FDF37D1559BECC442AFAF0711C415,0.13972385134832932,0.1086419788507386,0.04527248723844869,3.086286172270775,161,-0.07112949756870729,"[4.0, 18.0, 30.0, 41.0, 52.0, 64.0, 75.5]","[18.0, 29.5, 41.0, 52.5, 64.0, 75.5]",1,0,0.16666666666666666,"[11.5, 22.5, 34.5, 46.0, 57.5, 69.5]","[22.5, 34.5, 46.0, 57.5, 69.5]",1,0,0.0
synthetic_gaussian_4_6V,gaussian,4,20009,6.0,11.619999885559082,G1,0,0.0,99CB62A6B411A0EA4F1D0F37B2A21C0B283BBDDEE17608C8B5E02689352952DB,0.140867185987632,0.1095419769632335,0.04564294369500647,3.086286172270775,161,-0.07222666141363035,"[4.0, 18.0, 30.0, 41.0, 52.0, 64.0, 75.5]","[18.0, 29.5, 41.0, 52.5, 64.0, 75.5]",1,0,0.16666666666666666,"[11.5, 22.5, 34.5, 46.0, 57.5, 69.5]","[22.5, 34.5, 46.0, 57.5, 69.5]",1,0,0.0
synthetic_gaussian_4_6V,gaussian,4,20009,6.0,11.619999885559082,C,0,0.0001,40FA131268E24543720EDE40EC450A322460093D334E9BCB0F4DCB3ED0031AD8,0.16804792323398882,0.11220041626590009,0.05444988372881358,3.086286172270775,161,-0.07293215189244806,"[4.0, 18.0, 30.0, 41.0, 52.0, 64.0, 75.5]","[6.5, 18.0, 29.5, 40.5, 52.0, 64.0, 75.5]",0,0,0.5,"[11.5, 22.5, 34.5, 46.0, 57.5, 69.5]","[11.0, 22.5, 34.5, 46.0, 57.5, 69.5]",0,0,0.08333333333333333
synthetic_gaussian_4_6V,gaussian,4,20009,6.0,11.619999885559082,d1,0,0.0,40685E7F72047CFB0C554990A7A740A2CBCD89AC8843823BFA3B948AAA9D1EA7,0.11216528796688001,0.07945960863082675,0.036343126238469636,3.086286172270775,161,0.0033996843889077997,"[4.0, 18.0, 30.0, 41.0, 52.0, 64.0, 75.5]","[6.5, 18.0, 29.5, 41.0, 52.5, 64.0, 75.5]",0,0,0.5,"[11.5, 22.5, 34.5, 46.0, 57.5, 69.5]","[11.0, 23.0, 34.5, 46.0, 57.5, 69.5]",0,0,0.16666666666666666
synthetic_gaussian_4_6V,gaussian,4,20009,6.0,11.619999885559082,g1,0,0.0,E8AD3AD9123A371644E9EC849EB6DCD092366D4CDE3BE377B1E706A689CBDCD4,0.11098959054758402,0.08024079767952425,0.03596218378735825,3.086286172270775,161,0.012079115089329873,"[4.0, 18.0, 30.0, 41.0, 52.0, 64.0, 75.5]","[6.5, 18.0, 29.5, 41.0, 52.5, 64.0, 75.5]",0,0,0.5,"[11.5, 22.5, 34.5, 46.0, 57.5, 69.5]","[11.0, 23.0, 34.5, 46.0, 57.5, 69.5]",0,0,0.16666666666666666
synthetic_gaussian_4_6V,gaussian,4,20009,6.0,11.619999885559082,d2,0,0.0,BCB84A2AAC595465DB14560BA892A84CA7B08D2D8E22E2F5566A972017E7DADE,0.11050955986603805,0.08013898852680411,0.03580664711488152,3.086286172270775,161,0.012990452916077946,"[4.0, 18.0, 30.0, 41.0, 52.0, 64.0, 75.5]","[6.5, 18.0, 29.5, 41.0, 52.5, 64.0, 75.5]",0,0,0.5,"[11.5, 22.5, 34.5, 46.0, 57.5, 69.5]","[11.0, 23.0, 34.5, 46.0, 57.5, 69.5]",0,0,0.16666666666666666
synthetic_gaussian_4_6V,gaussian,4,20009,6.0,11.619999885559082,d3,0,0.0,98E4E1C20A4DF1B19C329C659AAB872290C7A15DF8CBCD1F5F51A6480F31EE01,0.11053052358782997,0.08013958293042198,0.03581343965472447,3.086286172270775,161,0.013018628165866276,"[4.0, 18.0, 30.0, 41.0, 52.0, 64.0, 75.5]","[6.5, 18.0, 29.5, 41.0, 52.5, 64.0, 75.5]",0,0,0.5,"[11.5, 22.5, 34.5, 46.0, 57.5, 69.5]","[11.0, 23.0, 34.5, 46.0, 57.5, 69.5]",0,0,0.16666666666666666
synthetic_gaussian_4_6V,gaussian,4,20009,6.0,11.619999885559082,d4,0,0.0,36C3E9C2E8C6DC3D8880DBF175B411D6C4A6768A8E49B5C678D00B1AFA524F27,0.11049209849910166,0.0801066348201925,0.03580098938712662,3.086286172270775,161,0.01293205540418995,"[4.0, 18.0, 30.0, 41.0, 52.0, 64.0, 75.5]","[6.5, 18.0, 29.5, 41.0, 52.5, 64.0, 75.5]",0,0,0.5,"[11.5, 22.5, 34.5, 46.0, 57.5, 69.5]","[11.0, 23.0, 34.5, 46.0, 57.5, 69.5]",0,0,0.16666666666666666
synthetic_gaussian_4_6V,gaussian,4,20009,6.0,11.619999885559082,h4s,0,0.0,E0807503B9EB5818E1622D1C830CC837CD2C731A5BF4381131776A5AA5E12DC9,0.1105032415337661,0.08017385828522791,0.035804599886620984,3.086286172270775,161,0.013065291013314117,"[4.0, 18.0, 30.0, 41.0, 52.0, 64.0, 75.5]","[6.5, 18.0, 29.5, 41.0, 52.5, 64.0, 75.5]",0,0,0.5,"[11.5, 22.5, 34.5, 46.0, 57.5, 69.5]","[11.0, 23.0, 34.5, 46.0, 57.5, 69.5]",0,0,0.16666666666666666
synthetic_gaussian_4_6V,gaussian,4,20009,6.0,11.619999885559082,equal4,0,0.0,7AA1CD27D25C4CEE47FA8EED4556EBEF12EF874AC2DD69EFA84CA30B65AF100B,0.1104561999309316,0.08013787184211409,0.03578935774762002,3.086286172270775,161,0.013078182044884434,"[4.0, 18.0, 30.0, 41.0, 52.0, 64.0, 75.5]","[6.5, 18.0, 29.5, 41.0, 52.5, 64.0, 75.5]",0,0,0.5,"[11.5, 22.5, 34.5, 46.0, 57.5, 69.5]","[11.0, 23.0, 34.5, 46.0, 57.5, 69.5]",0,0,0.16666666666666666
synthetic_gaussian_4_8V,gaussian,4,20009,8.0,11.640000343322754,H1,0,0.0,96BE5620E4DBD969E5DFE6A0CABCA8AC0B0B2A646DA2278C0F3982D34491B15B,0.1839504710641325,0.12785304695807442,0.06401804090055283,2.8734161257743835,161,0.026715123568956525,"[3.0, 17.5, 29.0, 41.0, 53.0, 63.5, 75.5]","[18.0, 29.5, 41.0, 52.5, 64.0, 75.5]",1,0,0.3333333333333333,"[11.5, 23.0, 35.5, 45.5, 57.5, 70.0]","[22.5, 34.5, 46.0, 57.5, 69.5]",1,0,0.5
synthetic_gaussian_4_8V,gaussian,4,20009,8.0,11.640000343322754,G1,0,0.0,2244BE94020983E2F71AD95D87EB11AC0B94BA67F742622D083FAB3DC2F4AFEF,0.18416519797804456,0.1279739645824577,0.06409276969182881,2.8734161257743835,161,0.02635609917921124,"[3.0, 17.5, 29.0, 41.0, 53.0, 63.5, 75.5]","[18.0, 29.5, 41.0, 52.5, 64.0, 75.5]",1,0,0.3333333333333333,"[11.5, 23.0, 35.5, 45.5, 57.5, 70.0]","[22.5, 34.5, 46.0, 57.5, 69.5]",1,0,0.5
synthetic_gaussian_4_8V,gaussian,4,20009,8.0,11.640000343322754,C,0,0.0001,B30F8D873136561BD9FE7369339F98BCF5B05245A94A7A60944CF194455BA3BF,0.22503651263385635,0.16067410149952824,0.07831671529065745,2.8734161257743835,161,0.04539173189550638,"[3.0, 17.5, 29.0, 41.0, 53.0, 63.5, 75.5]","[6.5, 18.0, 29.5, 40.5, 52.0, 64.0, 75.5]",1,1,0.5,"[11.5, 23.0, 35.5, 45.5, 57.5, 70.0]","[11.0, 22.5, 34.0, 46.0, 57.5, 69.0]",0,0,0.6666666666666666
synthetic_gaussian_4_8V,gaussian,4,20009,8.0,11.640000343322754,d1,0,0.0,6FFE728844F716E9F9C22DD48157D47A69235464F920AE979BB0CF91C2DE793F,0.22333144967621826,0.15573264051645253,0.07772332300669837,2.8734161257743835,161,0.11186888170145128,"[3.0, 17.5, 29.0, 41.0, 53.0, 63.5, 75.5]","[6.5, 18.0, 29.5, 41.0, 52.5, 64.0, 75.5]",1,1,0.3333333333333333,"[11.5, 23.0, 35.5, 45.5, 57.5, 70.0]","[11.0, 22.5, 34.5, 46.0, 57.5, 69.5]",0,0,0.5
synthetic_gaussian_4_8V,gaussian,4,20009,8.0,11.640000343322754,g1,0,0.0,73A22C9378A804A58C0E5211812CAC52DCD24D999E08348BB7A8676C88C1C258,0.22820985001584188,0.16029477671876272,0.07942109323074098,2.8734161257743835,161,0.11972190395159565,"[3.0, 17.5, 29.0, 41.0, 53.0, 63.5, 75.5]","[6.5, 18.0, 29.5, 41.0, 52.5, 64.0, 75.5]",1,1,0.3333333333333333,"[11.5, 23.0, 35.5, 45.5, 57.5, 70.0]","[11.0, 22.5, 34.5, 46.0, 57.5, 69.5]",0,0,0.5
synthetic_gaussian_4_8V,gaussian,4,20009,8.0,11.640000343322754,d2,0,0.0,42BE070BF1FAE53E449DA24BC038FB433E9632EA083AE0F228CEDCA0087ECA7B,0.22812255559476824,0.16051568636404617,0.07939071321710822,2.8734161257743835,161,0.12023237971762507,"[3.0, 17.5, 29.0, 41.0, 53.0, 63.5, 75.5]","[6.5, 18.0, 29.5, 41.0, 52.5, 64.0, 75.5]",1,1,0.3333333333333333,"[11.5, 23.0, 35.5, 45.5, 57.5, 70.0]","[11.0, 22.5, 34.5, 46.0, 57.5, 69.5]",0,0,0.5
synthetic_gaussian_4_8V,gaussian,4,20009,8.0,11.640000343322754,d3,0,0.0,D0753FDD072521EEA55DFDF62CA5691038B57C909E9BB85486EABDFA6A215AEC,0.22812740200007478,0.16050962374331604,0.07939239985249077,2.8734161257743835,161,0.12023677960940585,"[3.0, 17.5, 29.0, 41.0, 53.0, 63.5, 75.5]","[6.5, 18.0, 29.5, 41.0, 52.5, 64.0, 75.5]",1,1,0.3333333333333333,"[11.5, 23.0, 35.5, 45.5, 57.5, 70.0]","[11.0, 22.5, 34.5, 46.0, 57.5, 69.5]",0,0,0.5
synthetic_gaussian_4_8V,gaussian,4,20009,8.0,11.640000343322754,d4,0,0.0,E4764E0352D005C86C23D048E7AE0210275E2831E8D7BDD44032E7984638E7FF,0.2281590940655828,0.16047796643460574,0.0794034292558632,2.8734161257743835,161,0.12023552923075716,"[3.0, 17.5, 29.0, 41.0, 53.0, 63.5, 75.5]","[6.5, 18.0, 29.5, 41.0, 52.5, 64.0, 75.5]",1,1,0.3333333333333333,"[11.5, 23.0, 35.5, 45.5, 57.5, 70.0]","[11.0, 22.5, 34.5, 46.0, 57.5, 69.5]",0,0,0.5
synthetic_gaussian_4_8V,gaussian,4,20009,8.0,11.640000343322754,h4s,0,0.0,4E02EEBCBD50BBDF3B1A2C300DDCBF300AC33834E6413768B3932326B382D48D,0.2281688511493427,0.16053479573810878,0.0794068248948284,2.8734161257743835,161,0.12025600932654201,"[3.0, 17.5, 29.0, 41.0, 53.0, 63.5, 75.5]","[6.5, 18.0, 29.5, 41.0, 52.5, 64.0, 75.5]",1,1,0.3333333333333333,"[11.5, 23.0, 35.5, 45.5, 57.5, 70.0]","[11.0, 22.5, 34.5, 46.0, 57.5, 69.5]",0,0,0.5
synthetic_gaussian_4_8V,gaussian,4,20009,8.0,11.640000343322754,equal4,0,0.0,5D2006DCEE48DCC2389BF3A53A4597CDC322E8BB04903F61722393C0EA39FF5D,0.22816538805041323,0.1605357846522831,0.07940561967470786,2.8734161257743835,161,0.12026298249151951,"[3.0, 17.5, 29.0, 41.0, 53.0, 63.5, 75.5]","[6.5, 18.0, 29.5, 41.0, 52.5, 64.0, 75.5]",1,1,0.3333333333333333,"[11.5, 23.0, 35.5, 45.5, 57.5, 70.0]","[11.0, 22.5, 34.5, 46.0, 57.5, 69.5]",0,0,0.5
synthetic_nist4_0_0V,nist4,0,20010,0.0,11.670000076293945,H1,0,0.0,67F14BD60E5384083F19881C4EFDE9CD44D0983B11C19DE692DCA71E8E7A8731,0.18318908432540307,0.15470574222077033,0.0598384829544968,3.0613925233483315,161,-0.09309671541837894,"[8.5, 17.0, 30.5, 42.0, 52.0, 63.0, 76.0]","[18.5, 29.5, 41.0, 52.5, 64.0, 75.5]",1,0,0.9166666666666666,"[4.0, 12.5, 20.5, 34.5, 46.5, 57.5, 69.5]","[22.5, 34.5, 46.0, 57.5, 69.5]",2,0,0.5
synthetic_nist4_0_0V,nist4,0,20010,0.0,11.670000076293945,G1,0,0.0,4E113AB1A7B106F8AABB561E46F331345B3EB30A32E3F617BFA00F589898E9F7,0.18172865981063518,0.15381799890191195,0.05936143713184267,3.0613925233483315,161,-0.0908331805579827,"[8.5, 17.0, 30.5, 42.0, 52.0, 63.0, 76.0]","[18.5, 29.5, 41.0, 52.5, 64.0, 75.5]",1,0,0.9166666666666666,"[4.0, 12.5, 20.5, 34.5, 46.5, 57.5, 69.5]","[22.5, 34.5, 46.0, 57.5, 69.5]",2,0,0.5
synthetic_nist4_0_0V,nist4,0,20010,0.0,11.670000076293945,C,0,0.0001,7F23D7DE78E3E9863506278B6C377CC65312D11D375F2CA0BB87B5E838ED83BA,0.17037004895319743,0.14007605167730533,0.05565116124568662,3.0613925233483315,161,0.017246458745960678,"[8.5, 17.0, 30.5, 42.0, 52.0, 63.0, 76.0]","[18.0, 29.5, 41.0, 52.5, 64.0, 76.0]",1,0,0.75,"[4.0, 12.5, 20.5, 34.5, 46.5, 57.5, 69.5]","[22.5, 34.0, 45.5, 57.5, 69.0]",2,0,0.8
synthetic_nist4_0_0V,nist4,0,20010,0.0,11.670000076293945,d1,0,0.0,E2D35E798A24A919534DDCD9E4DFCC7D0865D1CCA22B2418C44F358B9B2C5F1B,0.17392927116382328,0.13571372937977963,0.05681377668407968,3.0613925233483315,161,0.07226620674399394,"[8.5, 17.0, 30.5, 42.0, 52.0, 63.0, 76.0]","[6.5, 18.5, 30.0, 41.0, 52.5, 64.0, 76.0]",0,0,0.9285714285714286,"[4.0, 12.5, 20.5, 34.5, 46.5, 57.5, 69.5]","[11.0, 23.0, 34.5, 46.0, 57.5, 69.0]",1,0,0.8333333333333334
synthetic_nist4_0_0V,nist4,0,20010,0.0,11.670000076293945,g1,0,0.0,1A75A76BB9DF3C1E602612C417755E29D97698CE82550F7465E9CE19A03D6479,0.180439992424142,0.13994133259279665,0.058940495558142174,3.0613925233483315,161,0.084669456715979,"[8.5, 17.0, 30.5, 42.0, 52.0, 63.0, 76.0]","[6.5, 18.5, 30.0, 41.0, 52.5, 64.0, 76.0]",0,0,0.9285714285714286,"[4.0, 12.5, 20.5, 34.5, 46.5, 57.5, 69.5]","[11.0, 23.0, 34.5, 46.0, 57.5, 69.0]",1,0,0.8333333333333334
synthetic_nist4_0_0V,nist4,0,20010,0.0,11.670000076293945,d2,0,0.0,9CFC4DA73A2556B28265CDB7C8201798A4607CAFE25ED3E4456F5A80DF65DADB,0.17922641500691872,0.13924264162489625,0.05854408202803531,3.0613925233483315,161,0.08312884838210408,"[8.5, 17.0, 30.5, 42.0, 52.0, 63.0, 76.0]","[6.5, 18.5, 30.0, 41.0, 52.5, 64.0, 76.0]",0,0,0.9285714285714286,"[4.0, 12.5, 20.5, 34.5, 46.5, 57.5, 69.5]","[11.0, 23.0, 34.5, 46.0, 57.5, 69.0]",1,0,0.8333333333333334
synthetic_nist4_0_0V,nist4,0,20010,0.0,11.670000076293945,d3,0,0.0,3FF184FE42AF82871663908F35B94DC71F5A340FE6F6B9BE7AAA132D94591C72,0.17929019642599148,0.1392865114764351,0.05856491614799422,3.0613925233483315,161,0.08324380806410071,"[8.5, 17.0, 30.5, 42.0, 52.0, 63.0, 76.0]","[6.5, 18.5, 30.0, 41.0, 52.5, 64.0, 76.0]",0,0,0.9285714285714286,"[4.0, 12.5, 20.5, 34.5, 46.5, 57.5, 69.5]","[11.0, 23.0, 34.5, 46.0, 57.5, 69.0]",1,0,0.8333333333333334
synthetic_nist4_0_0V,nist4,0,20010,0.0,11.670000076293945,d4,0,0.0,24F92E4A855E90F1CF48448927FA8089F6D578BA4E87A6C7B05833C2F17E7365,0.1792470753047904,0.13931769391475535,0.05855083068823295,3.0613925233483315,161,0.08319251942419395,"[8.5, 17.0, 30.5, 42.0, 52.0, 63.0, 76.0]","[6.5, 18.5, 30.0, 41.0, 52.5, 64.0, 76.0]",0,0,0.9285714285714286,"[4.0, 12.5, 20.5, 34.5, 46.5, 57.5, 69.5]","[11.0, 23.0, 34.5, 46.0, 57.5, 69.0]",1,0,0.8333333333333334
synthetic_nist4_0_0V,nist4,0,20010,0.0,11.670000076293945,h4s,0,0.0,51C3FE908FF3ACD45B540A7C151FE3A99CAEF9F7D347827869BBE5B1E011A378,0.17919291341690083,0.13921232604543152,0.05853313877598175,3.0613925233483315,161,0.08307493889634932,"[8.5, 17.0, 30.5, 42.0, 52.0, 63.0, 76.0]","[6.5, 18.5, 30.0, 41.0, 52.5, 64.0, 76.0]",0,0,0.9285714285714286,"[4.0, 12.5, 20.5, 34.5, 46.5, 57.5, 69.5]","[11.0, 23.0, 34.5, 46.0, 57.5, 69.0]",1,0,0.8333333333333334
synthetic_nist4_0_0V,nist4,0,20010,0.0,11.670000076293945,equal4,0,0.0,747017F27498DFB54D6011E5FD7EA5FF5FD03EAB24F84D4966A1D02C60791BC3,0.1791887739988958,0.13921025510796387,0.058531786640320126,3.0613925233483315,161,0.08306950797841693,"[8.5, 17.0, 30.5, 42.0, 52.0, 63.0, 76.0]","[6.5, 18.5, 30.0, 41.0, 52.5, 64.0, 76.0]",0,0,0.9285714285714286,"[4.0, 12.5, 20.5, 34.5, 46.5, 57.5, 69.5]","[11.0, 23.0, 34.5, 46.0, 57.5, 69.0]",1,0,0.8333333333333334
synthetic_nist4_0_4V,nist4,0,20010,4.0,11.65999984741211,H1,0,0.0,2352A43F357CF6632B15042DF314D41533C671829CDC642DB198356B729C299A,0.1436108241150768,0.11464488871904634,0.0518653863578567,2.768914572894573,161,-0.08099933486917744,"[18.5, 28.0, 41.5, 52.5, 63.5, 76.0]","[18.0, 29.5, 41.0, 52.5, 64.0, 75.5]",0,0,0.5833333333333334,"[6.0, 22.5, 34.5, 46.0, 57.5, 69.5]","[23.0, 34.5, 46.0, 57.5, 69.5]",1,0,0.1
synthetic_nist4_0_4V,nist4,0,20010,4.0,11.65999984741211,G1,0,0.0,50795FD84F41FB456BBF485578A55725D13A4FACDB1408C5BAEDA25A902A452D,0.14359187641967502,0.11500277745057337,0.05185854335316913,2.768914572894573,161,-0.08083324916429402,"[18.5, 28.0, 41.5, 52.5, 63.5, 76.0]","[18.0, 29.5, 41.0, 52.5, 64.0, 75.5]",0,0,0.5833333333333334,"[6.0, 22.5, 34.5, 46.0, 57.5, 69.5]","[23.0, 34.5, 46.0, 57.5, 69.5]",1,0,0.1
synthetic_nist4_0_4V,nist4,0,20010,4.0,11.65999984741211,C,0,0.0001,A7784D7CC0E290FDD2B1E7BC03D43B46182025AC79AB0E180506A3B7C28F9027,0.14023427230094831,0.10819633841884803,0.05064593674132385,2.768914572894573,161,-0.048036228101816236,"[18.5, 28.0, 41.5, 52.5, 63.5, 76.0]","[6.5, 18.0, 29.5, 40.5, 52.0, 64.0, 76.0]",0,1,0.6666666666666666,"[6.0, 22.5, 34.5, 46.0, 57.5, 69.5]","[11.0, 22.5, 34.5, 46.0, 57.5, 69.5]",1,1,0.0
synthetic_nist4_0_4V,nist4,0,20010,4.0,11.65999984741211,d1,0,0.0,DDD101004C796D48A7AAE878A0D2A81D687BF2C4719D93287FFDE3E2506BBEE4,0.11911230833940234,0.09071342501303424,0.04301768985775697,2.768914572894573,161,0.027522865405178957,"[18.5, 28.0, 41.5, 52.5, 63.5, 76.0]","[6.5, 18.5, 30.0, 41.0, 52.5, 64.0, 75.5]",0,1,0.5833333333333334,"[6.0, 22.5, 34.5, 46.0, 57.5, 69.5]","[11.5, 23.0, 34.5, 46.0, 57.5, 69.5]",1,1,0.1
synthetic_nist4_0_4V,nist4,0,20010,4.0,11.65999984741211,g1,0,0.0,A49E4BF22A6FB7D5C2CA210A153F126B9407741AF701B9196F7B454D2B00ADAD,0.12159494435615359,0.09313874668586328,0.04391429968496299,2.768914572894573,161,0.038658920050778006,"[18.5, 28.0, 41.5, 52.5, 63.5, 76.0]","[6.5, 18.5, 30.0, 41.0, 52.5, 64.0, 75.5]",0,1,0.5833333333333334,"[6.0, 22.5, 34.5, 46.0, 57.5, 69.5]","[11.5, 23.0, 34.5, 46.0, 57.5, 69.5]",1,1,0.1
synthetic_nist4_0_4V,nist4,0,20010,4.0,11.65999984741211,d2,0,0.0,3D566DA024314B653AAA09C5FBBFF73B2356DD548638B870019931D3CC1D75F0,0.12143693973444979,0.0930787424169342,0.043857235944806276,2.768914572894573,161,0.03860942947660914,"[18.5, 28.0, 41.5, 52.5, 63.5, 76.0]","[6.5, 18.5, 30.0, 41.0, 52.5, 64.0, 75.5]",0,1,0.5833333333333334,"[6.0, 22.5, 34.5, 46.0, 57.5, 69.5]","[11.5, 23.0, 34.5, 46.0, 57.5, 69.5]",1,1,0.1
synthetic_nist4_0_4V,nist4,0,20010,4.0,11.65999984741211,d3,0,0.0,1F334039F9897B5D86C21A27E31F61AC3249D47B76971F4B4D1061C01317FC7B,0.12145312423443623,0.09309627657166179,0.04386308101498102,2.768914572894573,161,0.038627943544654375,"[18.5, 28.0, 41.5, 52.5, 63.5, 76.0]","[6.5, 18.5, 30.0, 41.0, 52.5, 64.0, 75.5]",0,1,0.5833333333333334,"[6.0, 22.5, 34.5, 46.0, 57.5, 69.5]","[11.5, 23.0, 34.5, 46.0, 57.5, 69.5]",1,1,0.1
synthetic_nist4_0_4V,nist4,0,20010,4.0,11.65999984741211,d4,0,0.0,CF19CC083D058C0EA76BC5678186BBB5204DF08295FB056731B75434D629C8D1,0.12140794603297901,0.09306742903423605,0.04384676480143674,2.768914572894573,161,0.03864939066564074,"[18.5, 28.0, 41.5, 52.5, 63.5, 76.0]","[6.5, 18.5, 30.0, 41.0, 52.5, 64.0, 75.5]",0,1,0.5833333333333334,"[6.0, 22.5, 34.5, 46.0, 57.5, 69.5]","[11.5, 23.0, 34.5, 46.0, 57.5, 69.5]",1,1,0.1
synthetic_nist4_0_4V,nist4,0,20010,4.0,11.65999984741211,h4s,0,0.0,B8A109608AD403913897FF76377C39D7A05C9D87DEA6A487F26BD60DAB6234D7,0.12143244690823653,0.09307315751262334,0.043855613350069246,2.768914572894573,161,0.038533016715360725,"[18.5, 28.0, 41.5, 52.5, 63.5, 76.0]","[6.5, 18.5, 30.0, 41.0, 52.5, 64.0, 75.5]",0,1,0.5833333333333334,"[6.0, 22.5, 34.5, 46.0, 57.5, 69.5]","[11.5, 23.0, 34.5, 46.0, 57.5, 69.5]",1,1,0.1
synthetic_nist4_0_4V,nist4,0,20010,4.0,11.65999984741211,equal4,0,0.0,025B65653D5ED4081E1009EFD4B89255A07E432D4EE83974356796C06CB2CA9E,0.12142875253456238,0.09306999610632843,0.04385427911834165,2.768914572894573,161,0.0385380053187009,"[18.5, 28.0, 41.5, 52.5, 63.5, 76.0]","[6.5, 18.5, 30.0, 41.0, 52.5, 64.0, 75.5]",0,1,0.5833333333333334,"[6.0, 22.5, 34.5, 46.0, 57.5, 69.5]","[11.5, 23.0, 34.5, 46.0, 57.5, 69.5]",1,1,0.1
synthetic_nist4_0_6V,nist4,0,20010,6.0,11.5600004196167,H1,0,0.0,973FA5053728DAC1749CC8961BF4C14390C632B15DBC654CB2A537CC0C50AE7E,0.14081187051337754,0.10746913071235885,0.048864900660633474,2.8816567435860634,161,-0.059098375081923435,"[3.5, 17.0, 29.0, 40.0, 52.5, 64.5, 75.5]","[18.5, 29.5, 41.0, 52.5, 64.0, 75.5]",1,0,0.5833333333333334,"[10.5, 22.0, 34.5, 46.0, 57.5, 69.5]","[23.0, 34.5, 46.0, 58.0, 69.5]",1,0,0.3
synthetic_nist4_0_6V,nist4,0,20010,6.0,11.5600004196167,G1,0,0.0,DE55630CCC31A975CFD33B7AB39B1CCD0F6A9BDEEC4CAAF7EE9038DD035B2E38,0.14136059635415474,0.10752817155411525,0.04905532092564198,2.8816567435860634,161,-0.059545658667635476,"[3.5, 17.0, 29.0, 40.0, 52.5, 64.5, 75.5]","[18.5, 29.5, 41.0, 52.5, 64.0, 75.5]",1,0,0.5833333333333334,"[10.5, 22.0, 34.5, 46.0, 57.5, 69.5]","[23.0, 34.5, 46.0, 58.0, 69.5]",1,0,0.3
synthetic_nist4_0_6V,nist4,0,20010,6.0,11.5600004196167,C,0,0.0001,408F555DCA4383BADD68FA9A1000411FE576F573269BC4CFCB81344FE544B292,0.1622217357442993,0.1169395815257145,0.05629460764380398,2.8816567435860634,161,-0.048424401765932205,"[3.5, 17.0, 29.0, 40.0, 52.5, 64.5, 75.5]","[7.0, 18.5, 30.0, 41.0, 52.0, 64.0, 75.5]",1,1,0.75,"[10.5, 22.0, 34.5, 46.0, 57.5, 69.5]","[11.5, 23.0, 34.5, 46.0, 57.5, 69.5]",0,0,0.3333333333333333
synthetic_nist4_0_6V,nist4,0,20010,6.0,11.5600004196167,d1,0,0.0,FE7336C22DB7E5235C14C388D73EA65AB397297273D8EF59B7DE461DE3A21EEF,0.12987333428205217,0.10081015073734781,0.04506898143615535,2.8816567435860634,161,0.026879401171799773,"[3.5, 17.0, 29.0, 40.0, 52.5, 64.5, 75.5]","[7.0, 18.5, 30.0, 41.0, 52.5, 64.0, 75.5]",1,1,0.6666666666666666,"[10.5, 22.0, 34.5, 46.0, 57.5, 69.5]","[11.5, 23.0, 34.5, 46.0, 57.5, 69.5]",0,0,0.3333333333333333
synthetic_nist4_0_6V,nist4,0,20010,6.0,11.5600004196167,g1,0,0.0,6324DE146E0F27D15272235866B27F7231AF635B53EB169ABD316B36D1E3B0AF,0.13235760997696316,0.10358426215485757,0.045931081233586274,2.8816567435860634,161,0.03790316119882631,"[3.5, 17.0, 29.0, 40.0, 52.5, 64.5, 75.5]","[7.0, 18.5, 30.0, 41.0, 52.5, 64.0, 75.5]",1,1,0.6666666666666666,"[10.5, 22.0, 34.5, 46.0, 57.5, 69.5]","[11.5, 23.0, 34.5, 46.0, 57.5, 69.5]",0,0,0.3333333333333333
synthetic_nist4_0_6V,nist4,0,20010,6.0,11.5600004196167,d2,0,0.0,67F9300F9E6DB1E55D29A91B7F704302FE17E993B53CC7BF8EC2DF4CD6CD4641,0.13200016785363558,0.10317179805928876,0.04580704074051812,2.8816567435860634,161,0.0384602337520315,"[3.5, 17.0, 29.0, 40.0, 52.5, 64.5, 75.5]","[7.0, 18.5, 30.0, 41.0, 52.5, 64.0, 75.5]",1,1,0.6666666666666666,"[10.5, 22.0, 34.5, 46.0, 57.5, 69.5]","[11.5, 23.0, 34.5, 46.0, 57.5, 69.5]",0,0,0.3333333333333333
synthetic_nist4_0_6V,nist4,0,20010,6.0,11.5600004196167,d3,0,0.0,03B39054A017232283A3F31133EB9B67F1A8B9980932E792150B64E15139D84D,0.13321514139981142,0.10420873645484818,0.046228664012922124,2.8816567435860634,161,0.041735862630494634,"[3.5, 17.0, 29.0, 40.0, 52.5, 64.5, 75.5]","[7.0, 18.5, 30.0, 41.0, 52.5, 64.0, 75.5]",1,1,0.6666666666666666,"[10.5, 22.0, 34.5, 46.0, 57.5, 69.5]","[11.5, 23.0, 34.5, 46.0, 57.5, 69.5]",0,0,0.3333333333333333
synthetic_nist4_0_6V,nist4,0,20010,6.0,11.5600004196167,d4,0,0.0,B40BCD9F36AC158F074FA4A1DC1861D835443DF2FA516107D7CF05837E0F9D0F,0.13319133202794506,0.10419626938907997,0.04622040162292049,2.8816567435860634,161,0.041697141107009804,"[3.5, 17.0, 29.0, 40.0, 52.5, 64.5, 75.5]","[7.0, 18.5, 30.0, 41.0, 52.5, 64.0, 75.5]",1,1,0.6666666666666666,"[10.5, 22.0, 34.5, 46.0, 57.5, 69.5]","[11.5, 23.0, 34.5, 46.0, 57.5, 69.5]",0,0,0.3333333333333333
synthetic_nist4_0_6V,nist4,0,20010,6.0,11.5600004196167,h4s,0,0.0,5A62C0F579EEA2025BC927C378C3B5F5BFD1CD1AE33C4A845D0DCBB271DCB3BF,0.13212087370748918,0.1032804105407703,0.04584892839910975,2.8816567435860634,161,0.038431080555693706,"[3.5, 17.0, 29.0, 40.0, 52.5, 64.5, 75.5]","[7.0, 18.5, 30.0, 41.0, 52.5, 64.0, 75.5]",1,1,0.6666666666666666,"[10.5, 22.0, 34.5, 46.0, 57.5, 69.5]","[11.5, 23.0, 34.5, 46.0, 57.5, 69.5]",0,0,0.3333333333333333
synthetic_nist4_0_6V,nist4,0,20010,6.0,11.5600004196167,equal4,0,0.0,6286FC6EBFF4558E4E909E4BF4376D95FF6B55CF28F2AF60753A8CBA1BAC0608,0.1321077024144951,0.10326490153251967,0.04584435766284028,2.8816567435860634,161,0.03844889734657655,"[3.5, 17.0, 29.0, 40.0, 52.5, 64.5, 75.5]","[7.0, 18.5, 30.0, 41.0, 52.5, 64.0, 75.5]",1,1,0.6666666666666666,"[10.5, 22.0, 34.5, 46.0, 57.5, 69.5]","[11.5, 23.0, 34.5, 46.0, 57.5, 69.5]",0,0,0.3333333333333333
synthetic_nist4_0_8V,nist4,0,20010,8.0,11.720000267028809,H1,0,0.0,55277B4C50BE7090905F0F7E1819C67EB18F3AB92313023F8CB2E25B2B3C6405,0.18529396181490326,0.15162557902635995,0.06400463998422538,2.8950082659721375,161,-0.03393581076901152,"[3.0, 19.0, 30.0, 40.5, 52.5, 64.0, 75.5]","[18.0, 29.5, 41.0, 52.5, 64.0, 75.5]",1,0,0.3333333333333333,"[12.0, 23.0, 35.0, 45.5, 57.5, 69.5]","[22.5, 34.5, 46.0, 58.0, 69.5]",1,0,0.4
synthetic_nist4_0_8V,nist4,0,20010,8.0,11.720000267028809,G1,0,0.0,8CF99211336F52E080015DFC8810C0CCA899C65C8CC797B028475A7F8ED24947,0.18618807650797256,0.15210568745221412,0.06431348701018337,2.8950082659721375,161,-0.034206016671768626,"[3.0, 19.0, 30.0, 40.5, 52.5, 64.0, 75.5]","[18.0, 29.5, 41.0, 52.5, 64.0, 75.5]",1,0,0.3333333333333333,"[12.0, 23.0, 35.0, 45.5, 57.5, 69.5]","[22.5, 34.5, 46.0, 58.0, 69.5]",1,0,0.4
synthetic_nist4_0_8V,nist4,0,20010,8.0,11.720000267028809,C,0,0.0001,02610D63E54F7F239FE9B39F1BADF69372B06805F64A2A38CEA197956F485E28,0.2219684456403391,0.1755023433346741,0.07667281929704702,2.8950082659721375,161,-0.009689081448668278,"[3.0, 19.0, 30.0, 40.5, 52.5, 64.0, 75.5]","[18.0, 29.5, 40.5, 52.0, 64.0, 76.0]",1,0,0.4166666666666667,"[12.0, 23.0, 35.0, 45.5, 57.5, 69.5]","[22.5, 34.5, 46.0, 57.5, 69.5]",1,0,0.3
synthetic_nist4_0_8V,nist4,0,20010,8.0,11.720000267028809,d1,0,0.0,E2106BDC339F55AD2BBACC764A565EB85352165DBD890921BFAD69BCAA895C3C,0.18828595823006433,0.14498084943209374,0.06503814183992954,2.8950082659721375,161,0.0394627008332599,"[3.0, 19.0, 30.0, 40.5, 52.5, 64.0, 75.5]","[6.5, 18.0, 29.5, 41.0, 52.5, 64.0, 75.5]",1,1,0.3333333333333333,"[12.0, 23.0, 35.0, 45.5, 57.5, 69.5]","[11.0, 22.5, 34.5, 46.0, 57.5, 69.5]",0,0,0.4166666666666667
synthetic_nist4_0_8V,nist4,0,20010,8.0,11.720000267028809,g1,0,0.0,59B88F0C7FB36B8777C67353ECCB261C1600218674E10EA66C466C83C12638C3,0.19083536819742253,0.1442150254936322,0.06591876453013872,2.8950082659721375,161,0.04872422755597541,"[3.0, 19.0, 30.0, 40.5, 52.5, 64.0, 75.5]","[6.5, 18.0, 29.5, 41.0, 52.5, 64.0, 75.5]",1,1,0.3333333333333333,"[12.0, 23.0, 35.0, 45.5, 57.5, 69.5]","[11.0, 22.5, 34.5, 46.0, 57.5, 69.5]",0,0,0.4166666666666667
synthetic_nist4_0_8V,nist4,0,20010,8.0,11.720000267028809,d2,0,0.0,EAB305DD2BB147CE775BA8C43D6AC5EC102028DD9D7B21CF165A6CCCC5A4D246,0.19036752583909544,0.14402023455278473,0.06575716141355142,2.8950082659721375,161,0.049276485877192536,"[3.0, 19.0, 30.0, 40.5, 52.5, 64.0, 75.5]","[6.5, 18.0, 29.5, 41.0, 52.5, 64.0, 75.5]",1,1,0.3333333333333333,"[12.0, 23.0, 35.0, 45.5, 57.5, 69.5]","[11.0, 22.5, 34.5, 46.0, 57.5, 69.5]",0,0,0.4166666666666667
synthetic_nist4_0_8V,nist4,0,20010,8.0,11.720000267028809,d3,0,0.0,FC578ECF537FF9445D3929DF0BEBF6F20B4BAC0B17E563E118D394A21A8BCBC8,0.19037276793162208,0.14402576346204887,0.06575897214845959,2.8950082659721375,161,0.0493023446905687,"[3.0, 19.0, 30.0, 40.5, 52.5, 64.0, 75.5]","[6.5, 18.0, 29.5, 41.0, 52.5, 64.0, 75.5]",1,1,0.3333333333333333,"[12.0, 23.0, 35.0, 45.5, 57.5, 69.5]","[11.0, 22.5, 34.5, 46.0, 57.5, 69.5]",0,0,0.4166666666666667
synthetic_nist4_0_8V,nist4,0,20010,8.0,11.720000267028809,d4,0,0.0,5AB43CBDA7F2901A84B458F822C39C50475CC5479D9CEA63C8381702706E1038,0.19035893824629074,0.14403644840447058,0.06575419506872068,2.8950082659721375,161,0.0492895061138624,"[3.0, 19.0, 30.0, 40.5, 52.5, 64.0, 75.5]","[6.5, 18.0, 29.5, 41.0, 52.5, 64.0, 75.5]",1,1,0.3333333333333333,"[12.0, 23.0, 35.0, 45.5, 57.5, 69.5]","[11.0, 22.5, 34.5, 46.0, 57.5, 69.5]",0,0,0.4166666666666667
synthetic_nist4_0_8V,nist4,0,20010,8.0,11.720000267028809,h4s,0,0.0,DBCFAD7D1EC3F329E959F9C005E466868FC4DF4EF668551EBC3281D1A0A6C396,0.19023602026323563,0.14398638617177928,0.06571173647386971,2.8950082659721375,161,0.049215856222262294,"[3.0, 19.0, 30.0, 40.5, 52.5, 64.0, 75.5]","[6.5, 18.0, 29.5, 41.0, 52.5, 64.0, 75.5]",1,1,0.3333333333333333,"[12.0, 23.0, 35.0, 45.5, 57.5, 69.5]","[11.0, 22.5, 34.5, 46.0, 57.5, 69.5]",0,0,0.4166666666666667
synthetic_nist4_0_8V,nist4,0,20010,8.0,11.720000267028809,equal4,0,0.0,27236D5B52DB32FF838EDF4A0FBFC6E30D27B4DC5EE0238B1643C419CD9AC61A,0.1902306228894161,0.1439858040778163,0.06570987210136241,2.8950082659721375,161,0.049225512290408155,"[3.0, 19.0, 30.0, 40.5, 52.5, 64.0, 75.5]","[6.5, 18.0, 29.5, 41.0, 52.5, 64.0, 75.5]",1,1,0.3333333333333333,"[12.0, 23.0, 35.0, 45.5, 57.5, 69.5]","[11.0, 22.5, 34.5, 46.0, 57.5, 69.5]",0,0,0.4166666666666667
synthetic_nist4_1_0V,nist4,1,20011,0.0,11.630000114440918,H1,0,0.0,D6661D9F76734278581607F1A1184BFA15AE1254352EBBCEF883FC491E2D5DE1,0.19374846474763374,0.15908545838533003,0.061028312503824456,3.174730822443962,161,-0.10108617013132327,"[18.5, 29.0, 42.0, 52.0, 64.5, 74.5]","[18.0, 29.5, 41.0, 52.5, 64.0, 75.5]",0,0,0.6666666666666666,"[4.5, 23.5, 34.0, 46.5, 57.0, 69.0]","[22.5, 34.5, 46.0, 57.5, 69.0]",1,0,0.5
synthetic_nist4_1_0V,nist4,1,20011,0.0,11.630000114440918,G1,0,0.0,8C9F8E76DE64DCDF61FD2A396D0ADB6BAA81103894F0EE8D2EA02A87345018F1,0.19103602023646157,0.15747523997109153,0.06017392683685818,3.174730822443962,161,-0.09874749799354453,"[18.5, 29.0, 42.0, 52.0, 64.5, 74.5]","[18.0, 29.5, 41.0, 52.5, 64.0, 75.5]",0,0,0.6666666666666666,"[4.5, 23.5, 34.0, 46.5, 57.0, 69.0]","[22.5, 34.5, 46.0, 57.5, 69.0]",1,0,0.5
synthetic_nist4_1_0V,nist4,1,20011,0.0,11.630000114440918,C,0,0.0001,1260D6650B3CE4DD7684C39BCE82C32F7DA1BA6C56E17DC5FC6A7F1EFFF14E31,0.15415870260369016,0.12697229943721214,0.048558038846586736,3.174730822443962,161,0.009100938178974881,"[18.5, 29.0, 42.0, 52.0, 64.5, 74.5]","[6.5, 18.0, 29.5, 41.0, 52.5, 64.0, 76.0]",0,1,0.75,"[4.5, 23.5, 34.0, 46.5, 57.0, 69.0]","[11.0, 22.5, 34.0, 45.5, 57.0, 69.0]",1,1,0.4
synthetic_nist4_1_0V,nist4,1,20011,0.0,11.630000114440918,d1,0,0.0,A913DC7413E6C2D32346EFE0B16A5F8F11E653AC37C2A826AE82BD5032C488BC,0.15321170749213647,0.12196696035763514,0.04825974738046972,3.174730822443962,161,0.03312142119057453,"[18.5, 29.0, 42.0, 52.0, 64.5, 74.5]","[6.5, 18.0, 29.5, 41.0, 52.5, 64.0, 75.5]",0,1,0.6666666666666666,"[4.5, 23.5, 34.0, 46.5, 57.0, 69.0]","[11.0, 22.5, 34.5, 46.0, 57.5, 69.0]",1,1,0.5
synthetic_nist4_1_0V,nist4,1,20011,0.0,11.630000114440918,g1,0,0.0,EB544780DB803E0697D432A656244421F278723936917063F7E4563818C56F75,0.15509639364668298,0.12223633054588916,0.04885339964894634,3.174730822443962,161,0.04502292685225166,"[18.5, 29.0, 42.0, 52.0, 64.5, 74.5]","[6.5, 18.0, 29.5, 41.0, 52.5, 64.0, 75.5]",0,1,0.6666666666666666,"[4.5, 23.5, 34.0, 46.5, 57.0, 69.0]","[11.0, 22.5, 34.5, 46.0, 57.5, 69.0]",1,1,0.5
synthetic_nist4_1_0V,nist4,1,20011,0.0,11.630000114440918,d2,0,0.0,4E59DD82D09CFA39D40A81E3C8573884A258B7047B47FC4FCF9C6813B6F9FAB4,0.155050593126565,0.12220951294459935,0.04883897306518869,3.174730822443962,161,0.04380383522767481,"[18.5, 29.0, 42.0, 52.0, 64.5, 74.5]","[6.5, 18.0, 29.5, 41.0, 52.5, 64.0, 75.5]",0,1,0.6666666666666666,"[4.5, 23.5, 34.0, 46.5, 57.0, 69.0]","[11.0, 22.5, 34.5, 46.0, 57.5, 69.0]",1,1,0.5
synthetic_nist4_1_0V,nist4,1,20011,0.0,11.630000114440918,d3,0,0.0,344C38FAA59C4038F6E222ED2F6E784BEC5D141FEC7A623F0585B0ECA95C983E,0.15506396158352223,0.12221404988541389,0.04884318395981406,3.174730822443962,161,0.043835341696835686,"[18.5, 29.0, 42.0, 52.0, 64.5, 74.5]","[6.5, 18.0, 29.5, 41.0, 52.5, 64.0, 75.5]",0,1,0.6666666666666666,"[4.5, 23.5, 34.0, 46.5, 57.0, 69.0]","[11.0, 22.5, 34.5, 46.0, 57.5, 69.0]",1,1,0.5
synthetic_nist4_1_0V,nist4,1,20011,0.0,11.630000114440918,d4,0,0.0,E3917DC3B089BCFB3BABFA209FAC3AC2D9866282A16551F1074754F40D7AF102,0.15504657006042918,0.12218708748370988,0.048837705850309436,3.174730822443962,161,0.0438471263866027,"[18.5, 29.0, 42.0, 52.0, 64.5, 74.5]","[6.5, 18.0, 29.5, 41.0, 52.5, 64.0, 75.5]",0,1,0.6666666666666666,"[4.5, 23.5, 34.0, 46.5, 57.0, 69.0]","[11.0, 22.5, 34.5, 46.0, 57.5, 69.0]",1,1,0.5
synthetic_nist4_1_0V,nist4,1,20011,0.0,11.630000114440918,h4s,0,0.0,8C657DF510197C3512A59979860CFF5BD625874128E975542C2B28D38E223356,0.1550053759843103,0.12217728677711895,0.04882473023806929,3.174730822443962,161,0.04359819906436902,"[18.5, 29.0, 42.0, 52.0, 64.5, 74.5]","[6.5, 18.0, 29.5, 41.0, 52.5, 64.0, 75.5]",0,1,0.6666666666666666,"[4.5, 23.5, 34.0, 46.5, 57.0, 69.0]","[11.0, 22.5, 34.5, 46.0, 57.5, 69.0]",1,1,0.5
synthetic_nist4_1_0V,nist4,1,20011,0.0,11.630000114440918,equal4,0,0.0,2588A7DAC8AC01936043D6E26F280DB5AD39933BC9F0AF9ED1F03DB1149FC771,0.15500522446788442,0.12217684219495874,0.048824682512314144,3.174730822443962,161,0.043594754721119025,"[18.5, 29.0, 42.0, 52.0, 64.5, 74.5]","[6.5, 18.0, 29.5, 41.0, 52.5, 64.0, 75.5]",0,1,0.6666666666666666,"[4.5, 23.5, 34.0, 46.5, 57.0, 69.0]","[11.0, 22.5, 34.5, 46.0, 57.5, 69.0]",1,1,0.5
synthetic_nist4_1_4V,nist4,1,20011,4.0,11.579999923706055,H1,0,0.0,175E9A7BDCE8B4D06FD84767D6413890AD23B26EDC3D42E2B60D73F9DC70C45A,0.17378803886892816,0.1345012895531536,0.06011476675374849,2.890937589108944,161,-0.11150140935404701,"[18.0, 28.5, 41.0, 53.0, 64.5, 75.5]","[6.5, 18.0, 29.5, 41.0, 52.5, 64.0, 75.5]",0,1,0.3333333333333333,"[23.0, 33.5, 46.5, 58.0, 69.0]","[11.0, 22.5, 34.5, 46.0, 57.5, 69.0]",0,1,0.5
synthetic_nist4_1_4V,nist4,1,20011,4.0,11.579999923706055,G1,0,0.0,E39B4DEE9D3195514D5B537DD1E0933CEF0CBC860C78884BCFE530DD1287837D,0.1744009603327903,0.13485134300422966,0.06032678152230358,2.890937589108944,161,-0.1121112645505378,"[18.0, 28.5, 41.0, 53.0, 64.5, 75.5]","[6.5, 18.0, 29.5, 41.0, 52.5, 64.0, 75.5]",0,1,0.3333333333333333,"[23.0, 33.5, 46.5, 58.0, 69.0]","[11.0, 22.5, 34.5, 46.0, 57.5, 69.0]",0,1,0.5
synthetic_nist4_1_4V,nist4,1,20011,4.0,11.579999923706055,C,0,0.0001,070FAF24EB100C91539CEB3FE573BC935638739A624DC5EB0E22FBD632B15B88,0.1796948317913164,0.13213634740862046,0.062157976868225176,2.890937589108944,161,-0.08154256419735666,"[18.0, 28.5, 41.0, 53.0, 64.5, 75.5]","[6.5, 18.0, 29.5, 40.5, 52.0, 64.0, 75.5]",0,1,0.5,"[23.0, 33.5, 46.5, 58.0, 69.0]","[11.0, 22.5, 34.5, 46.0, 57.5, 69.0]",0,1,0.5
synthetic_nist4_1_4V,nist4,1,20011,4.0,11.579999923706055,d1,0,0.0,A17CF61E46E65F2C4E61EF98049D8FC0F1D5BFB4B3329CB6F4F0273AC2B4FAED,0.13374492699171217,0.11048072916658028,0.04626351239666006,2.890937589108944,161,-0.017134888086074627,"[18.0, 28.5, 41.0, 53.0, 64.5, 75.5]","[6.5, 18.0, 29.5, 41.0, 52.0, 64.0, 75.5]",0,1,0.4166666666666667,"[23.0, 33.5, 46.5, 58.0, 69.0]","[11.5, 23.0, 34.5, 46.0, 57.5, 69.0]",0,1,0.4
synthetic_nist4_1_4V,nist4,1,20011,4.0,11.579999923706055,g1,0,0.0,BF0F57EA6E564AC1163C15F08B66DFCF722EA7F90DE081EA6BEA99B07C95ADBC,0.13174026021460727,0.10947738974268392,0.04557008103907659,2.890937589108944,161,-0.009643998459814498,"[18.0, 28.5, 41.0, 53.0, 64.5, 75.5]","[6.5, 18.0, 29.5, 41.0, 52.0, 64.0, 75.5]",0,1,0.4166666666666667,"[23.0, 33.5, 46.5, 58.0, 69.0]","[11.5, 23.0, 34.5, 46.0, 57.5, 69.0]",0,1,0.4
synthetic_nist4_1_4V,nist4,1,20011,4.0,11.579999923706055,d2,0,0.0,7A00D1F94F231780A388DC6D4CEAB8F4E4F423FC4EE1A0DDF45EF4632D83F2E2,0.1314228496021169,0.10915889838560028,0.045460285997604176,2.890937589108944,161,-0.009545369015902467,"[18.0, 28.5, 41.0, 53.0, 64.5, 75.5]","[6.5, 18.0, 29.5, 41.0, 52.0, 64.0, 75.5]",0,1,0.4166666666666667,"[23.0, 33.5, 46.5, 58.0, 69.0]","[11.5, 23.0, 34.5, 46.0, 57.5, 69.0]",0,1,0.4
synthetic_nist4_1_4V,nist4,1,20011,4.0,11.579999923706055,d3,0,0.0,F4F7F12A4C94E3ABAD18E69499FB699D5B539FE2E01C6F1105CC966014A97A9E,0.13140178469047864,0.10913306308088835,0.04545299946477911,2.890937589108944,161,-0.009521668371946915,"[18.0, 28.5, 41.0, 53.0, 64.5, 75.5]","[6.5, 18.0, 29.5, 41.0, 52.0, 64.0, 75.5]",0,1,0.4166666666666667,"[23.0, 33.5, 46.5, 58.0, 69.0]","[11.5, 23.0, 34.5, 46.0, 57.5, 69.0]",0,1,0.4
synthetic_nist4_1_4V,nist4,1,20011,4.0,11.579999923706055,d4,0,0.0,AFC83CC1847E47FDD21AA1FFCF9F747627A50D703E274CC3A469885E4E92B53E,0.1315336985080669,0.10926152582957137,0.04549862958079587,2.890937589108944,161,-0.009685948514234946,"[18.0, 28.5, 41.0, 53.0, 64.5, 75.5]","[6.5, 18.0, 29.5, 41.0, 52.0, 64.0, 75.5]",0,1,0.4166666666666667,"[23.0, 33.5, 46.5, 58.0, 69.0]","[11.5, 23.0, 34.5, 46.0, 57.5, 69.0]",0,1,0.4
synthetic_nist4_1_4V,nist4,1,20011,4.0,11.579999923706055,h4s,0,0.0,B06088758CB8441496D22A864BD8188AFEFD289B6B14EC2A15F361155197A959,0.13154941629949962,0.10930418491548632,0.04550406649907869,2.890937589108944,161,-0.009737938873886322,"[18.0, 28.5, 41.0, 53.0, 64.5, 75.5]","[6.5, 18.0, 29.5, 41.0, 52.0, 64.0, 75.5]",0,1,0.4166666666666667,"[23.0, 33.5, 46.5, 58.0, 69.0]","[11.5, 23.0, 34.5, 46.0, 57.5, 69.0]",0,1,0.4
synthetic_nist4_1_4V,nist4,1,20011,4.0,11.579999923706055,equal4,0,0.0,DE8E90287DE1963FFE7E2180EC41966B73B76431A40D22FEBDC28AC6C5F983EC,0.13154511389460474,0.109298797127623,0.04550257826048403,2.890937589108944,161,-0.009734444181371179,"[18.0, 28.5, 41.0, 53.0, 64.5, 75.5]","[6.5, 18.0, 29.5, 41.0, 52.0, 64.0, 75.5]",0,1,0.4166666666666667,"[23.0, 33.5, 46.5, 58.0, 69.0]","[11.5, 23.0, 34.5, 46.0, 57.5, 69.0]",0,1,0.4
synthetic_nist4_1_6V,nist4,1,20011,6.0,11.619999885559082,H1,0,0.0,88E43AB0946292865FCAE674E21DA160E009A3BB0A2C3E4772C82203E58B56F1,0.12882990790451634,0.10161540071879115,0.04730429673112884,2.7234293036162853,161,-0.07987798771225148,"[2.5, 18.0, 29.5, 41.5, 52.5, 63.5, 75.5]","[6.5, 18.0, 29.5, 41.0, 52.5, 64.0, 75.5]",1,1,0.16666666666666666,"[11.5, 23.0, 33.0, 46.0, 57.5, 69.5]","[11.0, 23.0, 34.5, 46.0, 57.5, 69.0]",0,0,0.4166666666666667
synthetic_nist4_1_6V,nist4,1,20011,6.0,11.619999885559082,G1,0,0.0,4BCA96E1F384CABAE2A7E9D638C0C69259BC3E99BF6803774ECF4AA3C47DE373,0.13010155827199463,0.10282957977297143,0.047771226555886816,2.7234293036162853,161,-0.08102898880469132,"[2.5, 18.0, 29.5, 41.5, 52.5, 63.5, 75.5]","[6.5, 18.0, 29.5, 41.0, 52.5, 64.0, 75.5]",1,1,0.16666666666666666,"[11.5, 23.0, 33.0, 46.0, 57.5, 69.5]","[11.0, 23.0, 34.5, 46.0, 57.5, 69.0]",0,0,0.4166666666666667
synthetic_nist4_1_6V,nist4,1,20011,6.0,11.619999885559082,C,0,0.0001,27806A6B08133E6D97EAD1198D12D026FB500EF1FE22E652955339FFF4CD8669,0.16990249153425158,0.12629872643799514,0.06238549732451208,2.7234293036162853,161,-0.0788023111798008,"[2.5, 18.0, 29.5, 41.5, 52.5, 63.5, 75.5]","[6.5, 18.0, 29.5, 40.5, 52.0, 64.0, 75.5]",1,1,0.3333333333333333,"[11.5, 23.0, 33.0, 46.0, 57.5, 69.5]","[11.0, 22.5, 34.5, 46.0, 57.5, 69.0]",0,0,0.5
synthetic_nist4_1_6V,nist4,1,20011,6.0,11.619999885559082,d1,0,0.0,A91FEAC53DD7358B47A1F34CCB311F6CDC5FF41D2990450899EE0E6CE12D775A,0.10865008547854312,0.08917270061669882,0.03989458633432229,2.7234293036162853,161,-0.008330375673422902,"[2.5, 18.0, 29.5, 41.5, 52.5, 63.5, 75.5]","[6.5, 18.0, 29.5, 41.0, 52.5, 64.0, 75.5]",1,1,0.16666666666666666,"[11.5, 23.0, 33.0, 46.0, 57.5, 69.5]","[11.5, 23.0, 34.5, 46.0, 57.5, 69.0]",0,0,0.3333333333333333
synthetic_nist4_1_6V,nist4,1,20011,6.0,11.619999885559082,g1,0,0.0,3401518CAC0A4FD4130CE86D017BF7C0BBE6C5FE6BC83F2F7CCD4571A86B4A5F,0.10892243096146983,0.0894939940399635,0.039994587271583656,2.7234293036162853,161,-0.007379116316944916,"[2.5, 18.0, 29.5, 41.5, 52.5, 63.5, 75.5]","[6.5, 18.0, 29.5, 41.0, 52.5, 64.0, 75.5]",1,1,0.16666666666666666,"[11.5, 23.0, 33.0, 46.0, 57.5, 69.5]","[11.5, 23.0, 34.5, 46.0, 57.5, 69.0]",0,0,0.3333333333333333
synthetic_nist4_1_6V,nist4,1,20011,6.0,11.619999885559082,d2,0,0.0,AFB022FBCFFF2EEEAD6A2157538C9177191940BBF09843DFA58F1F377F59C388,0.108288458450516,0.0889695088917054,0.03976180263123628,2.7234293036162853,161,-0.006269649897488008,"[2.5, 18.0, 29.5, 41.5, 52.5, 63.5, 75.5]","[6.5, 18.0, 29.5, 41.0, 52.5, 64.0, 75.5]",1,1,0.16666666666666666,"[11.5, 23.0, 33.0, 46.0, 57.5, 69.5]","[11.5, 23.0, 34.5, 46.0, 57.5, 69.0]",0,0,0.3333333333333333
synthetic_nist4_1_6V,nist4,1,20011,6.0,11.619999885559082,d3,0,0.0,FF4CA717193354A7D0B969D3C1F87D3EDF41800B6889D4FFB48A8CEA650FFCEE,0.10827847160901476,0.08895561115249344,0.03975813562159958,2.7234293036162853,161,-0.006269192496627014,"[2.5, 18.0, 29.5, 41.5, 52.5, 63.5, 75.5]","[6.5, 18.0, 29.5, 41.0, 52.5, 64.0, 75.5]",1,1,0.16666666666666666,"[11.5, 23.0, 33.0, 46.0, 57.5, 69.5]","[11.5, 23.0, 34.5, 46.0, 57.5, 69.0]",0,0,0.3333333333333333
synthetic_nist4_1_6V,nist4,1,20011,6.0,11.619999885559082,d4,0,0.0,D8FB2433B5A7D8B06FC11218ACB80EBE3CF05D6B775AD377F22B275C5386D271,0.10828430412446002,0.08896816787975174,0.03976027722866737,2.7234293036162853,161,-0.006262069093699781,"[2.5, 18.0, 29.5, 41.5, 52.5, 63.5, 75.5]","[6.5, 18.0, 29.5, 41.0, 52.5, 64.0, 75.5]",1,1,0.16666666666666666,"[11.5, 23.0, 33.0, 46.0, 57.5, 69.5]","[11.5, 23.0, 34.5, 46.0, 57.5, 69.0]",0,0,0.3333333333333333
synthetic_nist4_1_6V,nist4,1,20011,6.0,11.619999885559082,h4s,0,0.0,9EC03051781BFC10EA4D7D8F146C74F5D29650100C5C81F92D25EB13D3B8CE8A,0.10824748573783019,0.08888828173649978,0.03974675810166784,2.7234293036162853,161,-0.00623177572714616,"[2.5, 18.0, 29.5, 41.5, 52.5, 63.5, 75.5]","[6.5, 18.0, 29.5, 41.0, 52.5, 64.0, 75.5]",1,1,0.16666666666666666,"[11.5, 23.0, 33.0, 46.0, 57.5, 69.5]","[11.5, 23.0, 34.5, 46.0, 57.5, 69.0]",0,0,0.3333333333333333
synthetic_nist4_1_6V,nist4,1,20011,6.0,11.619999885559082,equal4,0,0.0,65AB9C1C3A6E41D5D71C8E37DB118F07F256B17E2FDECEBBE55D3C725B8CD308,0.10824492670727585,0.088886745690559,0.03974581846627839,2.7234293036162853,161,-0.006260856014230977,"[2.5, 18.0, 29.5, 41.5, 52.5, 63.5, 75.5]","[6.5, 18.0, 29.5, 41.0, 52.5, 64.0, 75.5]",1,1,0.16666666666666666,"[11.5, 23.0, 33.0, 46.0, 57.5, 69.5]","[11.5, 23.0, 34.5, 46.0, 57.5, 69.0]",0,0,0.3333333333333333
synthetic_nist4_1_8V,nist4,1,20011,8.0,11.65999984741211,H1,0,0.0,460E303C36AD84CD86BA99AFAC258D8F121E1FD904A6BA8694439DAC9CF82024,0.17671927996647932,0.14431787602117527,0.059526160565060236,2.9687666445970535,161,-0.03782019509083551,"[6.0, 20.0, 28.5, 41.0, 52.5, 63.5, 75.0]","[6.5, 18.0, 29.5, 41.0, 52.5, 64.0, 75.5]",0,0,0.6428571428571429,"[9.5, 23.5, 34.5, 46.0, 58.0, 69.0]","[11.0, 23.0, 34.5, 46.0, 57.5, 69.5]",0,0,0.5
synthetic_nist4_1_8V,nist4,1,20011,8.0,11.65999984741211,G1,0,0.0,27B4D8D1A09337A6BF1F564A478D442BEC9EA443E45D9AA1116F5DEFE81181E2,0.1773809263239814,0.14501666904120528,0.059749029667522775,2.9687666445970535,161,-0.038418366747289344,"[6.0, 20.0, 28.5, 41.0, 52.5, 63.5, 75.0]","[6.5, 18.0, 29.5, 41.0, 52.5, 64.0, 75.5]",0,0,0.6428571428571429,"[9.5, 23.5, 34.5, 46.0, 58.0, 69.0]","[11.0, 23.0, 34.5, 46.0, 57.5, 69.5]",0,0,0.5
synthetic_nist4_1_8V,nist4,1,20011,8.0,11.65999984741211,C,0,0.0001,BF78DCD62E37BAE4F653CEE6BBFF02ECFCD936AAA4D6CB3A73865AC45E937989,0.21868660141304883,0.17293815878769442,0.07366244221688595,2.9687666445970535,161,-0.022056829028109216,"[6.0, 20.0, 28.5, 41.0, 52.5, 63.5, 75.0]","[6.0, 18.0, 29.5, 40.5, 52.0, 64.0, 75.5]",0,0,0.7142857142857143,"[9.5, 23.5, 34.5, 46.0, 58.0, 69.0]","[11.0, 22.5, 34.5, 46.0, 57.5, 69.5]",0,0,0.5833333333333334
synthetic_nist4_1_8V,nist4,1,20011,8.0,11.65999984741211,d1,0,0.0,C0C3B5B655A7C2F46DDC7A54F920FAE084841638D96BBB01089AB3FA274D7796,0.18087157974155282,0.14282318080272177,0.06092482212124229,2.9687666445970535,161,0.02464019817803402,"[6.0, 20.0, 28.5, 41.0, 52.5, 63.5, 75.0]","[6.5, 18.0, 29.5, 41.0, 52.5, 64.0, 75.5]",0,0,0.6428571428571429,"[9.5, 23.5, 34.5, 46.0, 58.0, 69.0]","[11.5, 23.0, 34.5, 46.0, 57.5, 69.0]",0,0,0.5
synthetic_nist4_1_8V,nist4,1,20011,8.0,11.65999984741211,g1,0,0.0,FB812C7A05F339BF48D67BC163C555E035E9BA784F0FFE2D333869A5E0C88062,0.18225472866872167,0.14290338102728128,0.06139072230564583,2.9687666445970535,161,0.029596479372439546,"[6.0, 20.0, 28.5, 41.0, 52.5, 63.5, 75.0]","[6.5, 18.0, 29.5, 41.0, 52.5, 64.0, 75.5]",0,0,0.6428571428571429,"[9.5, 23.5, 34.5, 46.0, 58.0, 69.0]","[11.5, 23.0, 34.5, 46.0, 57.5, 69.0]",0,0,0.5
synthetic_nist4_1_8V,nist4,1,20011,8.0,11.65999984741211,d2,0,0.0,2C818024A47697E44D2CEE3FF8ACAFA7C490CCF0D2923772B7DBB63B3157002C,0.18189062139730686,0.14249590211056218,0.06126807633342789,2.9687666445970535,161,0.03050875872581827,"[6.0, 20.0, 28.5, 41.0, 52.5, 63.5, 75.0]","[6.5, 18.0, 29.5, 41.0, 52.5, 64.0, 75.5]",0,0,0.6428571428571429,"[9.5, 23.5, 34.5, 46.0, 58.0, 69.0]","[11.5, 23.0, 34.5, 46.0, 57.5, 69.0]",0,0,0.5
synthetic_nist4_1_8V,nist4,1,20011,8.0,11.65999984741211,d3,0,0.0,BF8568DFCDD888D5DCD1320A4A22892D60B517DE503B74C06BF0C77DC18C6C28,0.18189946039570873,0.142498780579902,0.06127105366356529,2.9687666445970535,161,0.030498603306803273,"[6.0, 20.0, 28.5, 41.0, 52.5, 63.5, 75.0]","[6.5, 18.0, 29.5, 41.0, 52.5, 64.0, 75.5]",0,0,0.6428571428571429,"[9.5, 23.5, 34.5, 46.0, 58.0, 69.0]","[11.5, 23.0, 34.5, 46.0, 57.5, 69.0]",0,0,0.5
synthetic_nist4_1_8V,nist4,1,20011,8.0,11.65999984741211,d4,0,0.0,27E1DBEE488AE3EB91216B9CCCF140E3A59A3DBE02C5A47C40873441D91F4D0A,0.1818809904773146,0.14251966006845607,0.061264832252250344,2.9687666445970535,161,0.030412330951611076,"[6.0, 20.0, 28.5, 41.0, 52.5, 63.5, 75.0]","[6.5, 18.0, 29.5, 41.0, 52.5, 64.0, 75.5]",0,0,0.6428571428571429,"[9.5, 23.5, 34.5, 46.0, 58.0, 69.0]","[11.5, 23.0, 34.5, 46.0, 57.5, 69.0]",0,0,0.5
synthetic_nist4_1_8V,nist4,1,20011,8.0,11.65999984741211,h4s,0,0.0,CF2CE25D964A6C42C70A0C12C4C8F7E57E99B9C9D15E03EC1793D843B710995E,0.1818495722230604,0.14248983981377034,0.06125424932067794,2.9687666445970535,161,0.030433077278390803,"[6.0, 20.0, 28.5, 41.0, 52.5, 63.5, 75.0]","[6.5, 18.0, 29.5, 41.0, 52.5, 64.0, 75.5]",0,0,0.6428571428571429,"[9.5, 23.5, 34.5, 46.0, 58.0, 69.0]","[11.5, 23.0, 34.5, 46.0, 57.5, 69.0]",0,0,0.5
synthetic_nist4_1_8V,nist4,1,20011,8.0,11.65999984741211,equal4,0,0.0,3BCC3B977806542FD8048F3362AC9D1772FFE0AC0E710BB38AE606E628061CF0,0.18186505497713115,0.142491020268026,0.06125946453491478,2.9687666445970535,161,0.030442821550304474,"[6.0, 20.0, 28.5, 41.0, 52.5, 63.5, 75.0]","[6.5, 18.0, 29.5, 41.0, 52.5, 64.0, 75.5]",0,0,0.6428571428571429,"[9.5, 23.5, 34.5, 46.0, 58.0, 69.0]","[11.5, 23.0, 34.5, 46.0, 57.5, 69.0]",0,0,0.5
synthetic_nist4_2_0V,nist4,2,20012,0.0,11.699999809265137,H1,0,0.0,FC3D17CA9216D5B69C4D500D43E29F3004DC098CA9270AFB4D1F753DC224F292,0.190038695320166,0.1560866190178424,0.06344960535681807,2.995112329721451,161,-0.05539406144193241,"[3.0, 10.5, 18.0, 28.5, 41.5, 52.0, 63.5, 76.5]","[18.0, 29.5, 41.0, 52.5, 64.0, 75.5]",2,0,0.5833333333333334,"[7.0, 11.5, 21.5, 34.0, 46.0, 57.5, 68.5]","[22.5, 34.0, 46.0, 57.5, 69.0]",2,0,0.3
synthetic_nist4_2_0V,nist4,2,20012,0.0,11.699999809265137,G1,0,0.0,9E46995B63EF3430109F9F7E34BB7DE62400C4224659A5CD92BB6CC4FE9AC7C0,0.18716228310016494,0.15432413107489948,0.06248923662825403,2.995112329721451,161,-0.052511927966745746,"[3.0, 10.5, 18.0, 28.5, 41.5, 52.0, 63.5, 76.5]","[18.0, 29.5, 41.0, 52.5, 64.0, 75.5]",2,0,0.5833333333333334,"[7.0, 11.5, 21.5, 34.0, 46.0, 57.5, 68.5]","[22.5, 34.0, 46.0, 57.5, 69.0]",2,0,0.3
synthetic_nist4_2_0V,nist4,2,20012,0.0,11.699999809265137,C,0,0.0001,BA2EE89AC0DF85B7BC570EBDBB846502A49B7F07CE07210A8AB5A4D6A9D2532F,0.16060350334288212,0.13322756342265918,0.05362186310982815,2.995112329721451,161,0.06037179672199747,"[3.0, 10.5, 18.0, 28.5, 41.5, 52.0, 63.5, 76.5]","[6.0, 17.5, 29.0, 41.0, 52.5, 64.0, 75.5]",1,0,0.9285714285714286,"[7.0, 11.5, 21.5, 34.0, 46.0, 57.5, 68.5]","[10.5, 22.0, 34.0, 45.5, 57.0, 69.0]",1,0,0.5
synthetic_nist4_2_0V,nist4,2,20012,0.0,11.699999809265137,d1,0,0.0,096C7E5C1D317F6DAC1B0E15F823935D445137CEEE12DA334F9219EDA47D16AC,0.18378554914363415,0.15369389548620083,0.061361821832146925,2.995112329721451,161,0.10058287170177661,"[3.0, 10.5, 18.0, 28.5, 41.5, 52.0, 63.5, 76.5]","[6.0, 18.0, 29.5, 41.0, 52.5, 64.0, 75.5]",1,0,0.9285714285714286,"[7.0, 11.5, 21.5, 34.0, 46.0, 57.5, 68.5]","[10.5, 22.5, 34.0, 45.5, 57.5, 69.0]",1,0,0.5
synthetic_nist4_2_0V,nist4,2,20012,0.0,11.699999809265137,g1,0,0.0,5CF765400E51B4A959C96A656A36249F19F0FE9E64DA28B2D00CAC10EED7F823,0.19011053842353876,0.15883543731077857,0.06347359213776776,2.995112329721451,161,0.11311447060441379,"[3.0, 10.5, 18.0, 28.5, 41.5, 52.0, 63.5, 76.5]","[6.0, 18.0, 29.5, 41.0, 52.5, 64.0, 75.5]",1,0,0.9285714285714286,"[7.0, 11.5, 21.5, 34.0, 46.0, 57.5, 68.5]","[10.5, 22.5, 34.0, 45.5, 57.5, 69.0]",1,0,0.5
synthetic_nist4_2_0V,nist4,2,20012,0.0,11.699999809265137,d2,0,0.0,8AA7BF4485729B9C573DBD255EA1FB69E4BDC2A33B4D3B35FDA4A9DDE9F8B0D6,0.1893792185642559,0.15843318541597876,0.06322942104207104,2.995112329721451,161,0.11135248793578297,"[3.0, 10.5, 18.0, 28.5, 41.5, 52.0, 63.5, 76.5]","[6.0, 18.0, 29.5, 41.0, 52.5, 64.0, 75.5]",1,0,0.9285714285714286,"[7.0, 11.5, 21.5, 34.0, 46.0, 57.5, 68.5]","[10.5, 22.5, 34.0, 45.5, 57.5, 69.0]",1,0,0.5
synthetic_nist4_2_0V,nist4,2,20012,0.0,11.699999809265137,d3,0,0.0,C16A5771546A7007D26D348FE47C7E47BFC16B1D5B928085536C0F7D0886294E,0.1893753794582427,0.15844591711618886,0.06322813925174381,2.995112329721451,161,0.11133982361473652,"[3.0, 10.5, 18.0, 28.5, 41.5, 52.0, 63.5, 76.5]","[6.0, 18.0, 29.5, 41.0, 52.5, 64.0, 75.5]",1,0,0.9285714285714286,"[7.0, 11.5, 21.5, 34.0, 46.0, 57.5, 68.5]","[10.5, 22.5, 34.0, 45.5, 57.5, 69.0]",1,0,0.5
synthetic_nist4_2_0V,nist4,2,20012,0.0,11.699999809265137,d4,0,0.0,8CFB198B3272F7810005687D5ACCB251478CF14BFE64D5D6E76913AC57A69FD0,0.18933185498639885,0.15830827087904356,0.06321360741885997,2.995112329721451,161,0.11136311954407958,"[3.0, 10.5, 18.0, 28.5, 41.5, 52.0, 63.5, 76.5]","[6.0, 18.0, 29.5, 41.0, 52.5, 64.0, 75.5]",1,0,0.9285714285714286,"[7.0, 11.5, 21.5, 34.0, 46.0, 57.5, 68.5]","[10.5, 22.5, 34.0, 45.5, 57.5, 69.0]",1,0,0.5
synthetic_nist4_2_0V,nist4,2,20012,0.0,11.699999809265137,h4s,0,0.0,64244167C367070D07F04D5F11D59855D9169AD05BE0FAFB6494BE2B6ABF1D88,0.1892080506037997,0.15820417543931037,0.06317227194660718,2.995112329721451,161,0.11100474624715237,"[3.0, 10.5, 18.0, 28.5, 41.5, 52.0, 63.5, 76.5]","[6.0, 18.0, 29.5, 41.0, 52.5, 64.0, 75.5]",1,0,0.9285714285714286,"[7.0, 11.5, 21.5, 34.0, 46.0, 57.5, 68.5]","[10.5, 22.5, 34.0, 45.5, 57.5, 69.0]",1,0,0.5
synthetic_nist4_2_0V,nist4,2,20012,0.0,11.699999809265137,equal4,0,0.0,8A211373DBDF68CCB24D1E0352410F5F8A65C5AC1E62080BE2BBE00DD23D454A,0.18918303574806467,0.15818226365199,0.06316392005426351,2.995112329721451,161,0.1109504485907762,"[3.0, 10.5, 18.0, 28.5, 41.5, 52.0, 63.5, 76.5]","[6.0, 18.0, 29.5, 41.0, 52.5, 64.0, 75.5]",1,0,0.9285714285714286,"[7.0, 11.5, 21.5, 34.0, 46.0, 57.5, 68.5]","[10.5, 22.5, 34.0, 45.5, 57.5, 69.0]",1,0,0.5
synthetic_nist4_2_4V,nist4,2,20012,4.0,11.699999809265137,H1,0,0.0,A1058A13AC273534BEC30B0E5662BE9F5BB74D0CC501B6339076FADEA0896A70,0.16153692432657465,0.1279895032599846,0.058960971885834865,2.739726282656193,161,-0.10037884393834179,"[7.0, 16.0, 30.5, 41.0, 52.5, 63.0, 75.5]","[18.0, 29.5, 41.0, 52.5, 64.0, 75.5]",1,0,0.6666666666666666,"[11.0, 19.5, 34.5, 45.5, 57.5, 69.5]","[22.5, 34.0, 46.0, 57.5, 69.0]",1,0,0.9
synthetic_nist4_2_4V,nist4,2,20012,4.0,11.699999809265137,G1,0,0.0,43CD5AD065281DAB2C50A7C90A89AE31EB0EAEDAD0F6D7AE7DB586AD96348897,0.16155669879568801,0.12832227983274816,0.05896818956638877,2.739726282656193,161,-0.10004977636640856,"[7.0, 16.0, 30.5, 41.0, 52.5, 63.0, 75.5]","[18.0, 29.5, 40.5, 52.5, 64.0, 75.5]",1,0,0.75,"[11.0, 19.5, 34.5, 45.5, 57.5, 69.5]","[22.5, 34.0, 46.0, 57.5, 69.0]",1,0,0.9
synthetic_nist4_2_4V,nist4,2,20012,4.0,11.699999809265137,C,0,0.0001,81EB5823D9F085FEA97E98BEF09BB37BE5FAE67260D54A1C0633279A4378C4DB,0.16521941759846337,0.12981483682712414,0.06030508180484419,2.739726282656193,161,-0.0801917460764417,"[7.0, 16.0, 30.5, 41.0, 52.5, 63.0, 75.5]","[6.0, 17.5, 29.0, 40.5, 52.0, 64.0, 75.5]",0,0,0.8571428571428571,"[11.0, 19.5, 34.5, 45.5, 57.5, 69.5]","[10.5, 22.5, 34.0, 46.0, 57.5, 69.0]",0,0,0.8333333333333334
synthetic_nist4_2_4V,nist4,2,20012,4.0,11.699999809265137,d1,0,0.0,095C5F3DE063EEA7895D08319AF0AC4D00BFA2742ABA2F64E657BCBB53D86CAD,0.11268272323722271,0.09138885304701995,0.04112919014959978,2.739726282656193,161,-0.005690464946609106,"[7.0, 16.0, 30.5, 41.0, 52.5, 63.0, 75.5]","[6.0, 18.0, 29.0, 40.5, 52.5, 64.0, 75.5]",0,0,0.8571428571428571,"[11.0, 19.5, 34.5, 45.5, 57.5, 69.5]","[11.0, 22.5, 34.0, 46.0, 57.5, 69.0]",0,0,0.75
synthetic_nist4_2_4V,nist4,2,20012,4.0,11.699999809265137,g1,0,0.0,CB9C2B2CEC8272A90CD744AEF23BC67EE2DA017117A59608823BE3AE2589F977,0.11184979166986,0.08964990808264069,0.04082517015583779,2.739726282656193,161,0.005729998606517448,"[7.0, 16.0, 30.5, 41.0, 52.5, 63.0, 75.5]","[6.0, 18.0, 29.0, 40.5, 52.5, 64.0, 75.5]",0,0,0.8571428571428571,"[11.0, 19.5, 34.5, 45.5, 57.5, 69.5]","[11.0, 22.5, 34.0, 46.0, 57.5, 69.0]",0,0,0.75
synthetic_nist4_2_4V,nist4,2,20012,4.0,11.699999809265137,d2,0,0.0,804676879A70F5AE66FF2405DD15958824F098A9A0EEBBFCEDECA53D408C8996,0.11160851098461648,0.08961741892354828,0.0407371027139291,2.739726282656193,161,0.005183323315396812,"[7.0, 16.0, 30.5, 41.0, 52.5, 63.0, 75.5]","[6.0, 17.5, 29.0, 40.5, 52.5, 64.0, 75.5]",0,0,0.7857142857142857,"[11.0, 19.5, 34.5, 45.5, 57.5, 69.5]","[10.5, 22.5, 34.0, 46.0, 57.5, 69.0]",0,0,0.8333333333333334
synthetic_nist4_2_4V,nist4,2,20012,4.0,11.699999809265137,d3,0,0.0,683E587DD6FA7A50D4236724EB69DDDAE305BD9F94C55AFEBD55A0CF82D6ABC2,0.11161859229769126,0.08962074373357044,0.04074078239285856,2.739726282656193,161,0.00518995248105215,"[7.0, 16.0, 30.5, 41.0, 52.5, 63.0, 75.5]","[6.0, 17.5, 29.0, 40.5, 52.5, 64.0, 75.5]",0,0,0.7857142857142857,"[11.0, 19.5, 34.5, 45.5, 57.5, 69.5]","[10.5, 22.5, 34.0, 46.0, 57.5, 69.0]",0,0,0.8333333333333334
synthetic_nist4_2_4V,nist4,2,20012,4.0,11.699999809265137,d4,0,0.0,9A592CD28A837BE9EE825E7D501B7099AE97EFEC0991572ADA0AA55ECFAD7792,0.11152284645127392,0.0896124282840246,0.04070583516217225,2.739726282656193,161,0.005092335853332318,"[7.0, 16.0, 30.5, 41.0, 52.5, 63.0, 75.5]","[6.0, 18.0, 29.0, 40.5, 52.5, 64.0, 75.5]",0,0,0.8571428571428571,"[11.0, 19.5, 34.5, 45.5, 57.5, 69.5]","[11.0, 22.5, 34.0, 46.0, 57.5, 69.0]",0,0,0.75
synthetic_nist4_2_4V,nist4,2,20012,4.0,11.699999809265137,h4s,0,0.0,D71A47B15A360AB499ECF8DA6D0F8E001B871BF57F06C93FA095443FDEC39689,0.11150842493148858,0.08963616851786649,0.04070057130794103,2.739726282656193,161,0.004988535845316715,"[7.0, 16.0, 30.5, 41.0, 52.5, 63.0, 75.5]","[6.0, 18.0, 29.0, 40.5, 52.5, 64.0, 75.5]",0,0,0.8571428571428571,"[11.0, 19.5, 34.5, 45.5, 57.5, 69.5]","[11.0, 22.5, 34.0, 46.0, 57.5, 69.0]",0,0,0.75
synthetic_nist4_2_4V,nist4,2,20012,4.0,11.699999809265137,equal4,0,0.0,101466E3EC149419E91D6366065E3654B9169D9481EABB1590B62CA514FC8C3B,0.11149501462760004,0.08963461243402884,0.04069567654747776,2.739726282656193,161,0.00496235290854614,"[7.0, 16.0, 30.5, 41.0, 52.5, 63.0, 75.5]","[6.0, 18.0, 29.0, 40.5, 52.5, 64.0, 75.5]",0,0,0.8571428571428571,"[11.0, 19.5, 34.5, 45.5, 57.5, 69.5]","[11.0, 22.5, 34.0, 46.0, 57.5, 69.0]",0,0,0.75
synthetic_nist4_2_6V,nist4,2,20012,6.0,11.710000038146973,H1,0,0.0,D1AF8ABB5CBFB24568198FB563AA0E78CC14532B12C363D104C0767B229C6466,0.135487955739287,0.11614133660560069,0.04980980762156662,2.7201059833168983,161,-0.07248338975984117,"[6.5, 18.0, 29.0, 40.5, 53.0, 64.0, 75.5]","[18.0, 29.5, 41.0, 52.5, 64.0, 75.5]",1,0,0.25,"[10.5, 22.0, 34.5, 45.5, 58.0, 69.0]","[22.5, 34.0, 46.0, 57.5, 69.0]",1,0,0.4
synthetic_nist4_2_6V,nist4,2,20012,6.0,11.710000038146973,G1,0,0.0,9933A8FF5170390AD680E8E5D2CCF838EC54FCBB02A3809177226E9B29B4F3CE,0.13629829502118782,0.11676789508982105,0.05010771486741322,2.7201059833168983,161,-0.0733114278626553,"[6.5, 18.0, 29.0, 40.5, 53.0, 64.0, 75.5]","[18.0, 29.5, 40.5, 52.5, 64.0, 75.5]",1,0,0.16666666666666666,"[10.5, 22.0, 34.5, 45.5, 58.0, 69.0]","[22.5, 34.0, 46.0, 57.5, 69.0]",1,0,0.4
synthetic_nist4_2_6V,nist4,2,20012,6.0,11.710000038146973,C,0,0.0001,ACD77C8814E469B080C7E0A66966151106301244FC147653055E7FDB9A7F6179,0.17551197718037106,0.1388487600090896,0.06452394805821195,2.7201059833168983,161,-0.06724209610303367,"[6.5, 18.0, 29.0, 40.5, 53.0, 64.0, 75.5]","[6.0, 17.5, 29.0, 40.5, 52.0, 63.5, 75.5]",0,0,0.35714285714285715,"[10.5, 22.0, 34.5, 45.5, 58.0, 69.0]","[10.5, 22.5, 34.0, 46.0, 57.5, 69.0]",0,0,0.3333333333333333
synthetic_nist4_2_6V,nist4,2,20012,6.0,11.710000038146973,d1,0,0.0,1DF43A463A971E76850EC762B98BA2DFB11366323E3FDA9629ED82ABAE438E49,0.1303539301463868,0.09593958060563722,0.04792237175532152,2.7201059833168983,161,0.007971764258716417,"[6.5, 18.0, 29.0, 40.5, 53.0, 64.0, 75.5]","[6.0, 18.0, 29.5, 40.5, 52.0, 64.0, 75.5]",0,0,0.2857142857142857,"[10.5, 22.0, 34.5, 45.5, 58.0, 69.0]","[11.0, 22.5, 34.0, 46.0, 57.5, 69.0]",0,0,0.4166666666666667
synthetic_nist4_2_6V,nist4,2,20012,6.0,11.710000038146973,g1,0,0.0,9E0673C18304FFE322AB631D6BCD36883CBC11401E70BB14DA4F54B4EF211296,0.13229545282408048,0.09631989496002286,0.0486361390458615,2.7201059833168983,161,0.015624350295488879,"[6.5, 18.0, 29.0, 40.5, 53.0, 64.0, 75.5]","[6.0, 18.0, 29.5, 40.5, 52.0, 63.5, 75.5]",0,0,0.35714285714285715,"[10.5, 22.0, 34.5, 45.5, 58.0, 69.0]","[11.0, 22.5, 34.0, 46.0, 57.5, 69.0]",0,0,0.4166666666666667
synthetic_nist4_2_6V,nist4,2,20012,6.0,11.710000038146973,d2,0,0.0,C9CD4C696F8BF2A1C98468F2769538830984A1E7B727DB086EEF99563441A694,0.1318888376027667,0.09597079041674271,0.048486653980276684,2.7201059833168983,161,0.015995003213608486,"[6.5, 18.0, 29.0, 40.5, 53.0, 64.0, 75.5]","[6.0, 18.0, 29.5, 40.5, 52.0, 64.0, 75.5]",0,0,0.2857142857142857,"[10.5, 22.0, 34.5, 45.5, 58.0, 69.0]","[11.0, 22.5, 34.0, 46.0, 57.5, 69.0]",0,0,0.4166666666666667
synthetic_nist4_2_6V,nist4,2,20012,6.0,11.710000038146973,d3,0,0.0,7ED4DDEE008B0428E7F716523CE3B2CF64202BAEF564C924A5D31138DF92F37B,0.1318991046303753,0.0959819623309633,0.04849042847570868,2.7201059833168983,161,0.015999605983310603,"[6.5, 18.0, 29.0, 40.5, 53.0, 64.0, 75.5]","[6.0, 18.0, 29.5, 40.5, 52.0, 64.0, 75.5]",0,0,0.2857142857142857,"[10.5, 22.0, 34.5, 45.5, 58.0, 69.0]","[11.0, 22.5, 34.0, 46.0, 57.5, 69.0]",0,0,0.4166666666666667
synthetic_nist4_2_6V,nist4,2,20012,6.0,11.710000038146973,d4,0,0.0,08BCD6F34BB1CD1FBF4D82A16D943C6883DB61AD86E115BA52470ABF9421A345,0.13191407556982965,0.09593612392959387,0.048495932283114045,2.7201059833168983,161,0.01592615697972523,"[6.5, 18.0, 29.0, 40.5, 53.0, 64.0, 75.5]","[6.0, 18.0, 29.5, 40.5, 52.0, 64.0, 75.5]",0,0,0.2857142857142857,"[10.5, 22.0, 34.5, 45.5, 58.0, 69.0]","[11.0, 22.5, 34.0, 46.0, 57.5, 69.0]",0,0,0.4166666666666667
synthetic_nist4_2_6V,nist4,2,20012,6.0,11.710000038146973,h4s,0,0.0,5064FDE63B134D9204CF568A269653B41BC729F81B7309532A9B580E5F6AC88B,0.13187039047582885,0.09593909240750052,0.048479872212562114,2.7201059833168983,161,0.015910685409485183,"[6.5, 18.0, 29.0, 40.5, 53.0, 64.0, 75.5]","[6.0, 18.0, 29.5, 40.5, 52.0, 64.0, 75.5]",0,0,0.2857142857142857,"[10.5, 22.0, 34.5, 45.5, 58.0, 69.0]","[11.0, 22.5, 34.0, 46.0, 57.5, 69.0]",0,0,0.4166666666666667
synthetic_nist4_2_6V,nist4,2,20012,6.0,11.710000038146973,equal4,0,0.0,387C99071971E3B7FDD2F7045F89440AC12F294752F153017D51167528E817DB,0.13186967612304126,0.0959348376169338,0.04847960959309362,2.7201059833168983,161,0.015912204124727606,"[6.5, 18.0, 29.0, 40.5, 53.0, 64.0, 75.5]","[6.0, 18.0, 29.5, 40.5, 52.0, 64.0, 75.5]",0,0,0.2857142857142857,"[10.5, 22.0, 34.5, 45.5, 58.0, 69.0]","[11.0, 22.5, 34.0, 46.0, 57.5, 69.0]",0,0,0.4166666666666667
synthetic_nist4_2_8V,nist4,2,20012,8.0,11.720000267028809,H1,0,0.0,7A6352BB1B7C93CEF4B8DA5F341EDC8D45074C97477361315C8D5E0F031B4B07,0.19218781211153352,0.15394149410613575,0.06613982185158053,2.905780613422394,161,-0.03619280480635092,"[18.0, 29.5, 40.5, 51.0, 63.0, 75.0]","[6.0, 18.0, 29.0, 40.5, 52.0, 64.0, 75.5]",0,1,0.5,"[6.5, 22.5, 34.5, 46.5, 58.0, 69.0]","[10.5, 22.5, 34.0, 46.0, 57.5, 69.5]",1,1,0.4
synthetic_nist4_2_8V,nist4,2,20012,8.0,11.720000267028809,G1,0,0.0,52BB4944AE19727A3EF2478A29BEA26C1D899B6C3A2DFDB970E879CDD177C31C,0.1929934926120386,0.15428483368169446,0.06641709003101,2.905780613422394,161,-0.03712456347131581,"[18.0, 29.5, 40.5, 51.0, 63.0, 75.0]","[6.0, 18.0, 29.0, 40.5, 52.0, 64.0, 75.5]",0,1,0.5,"[6.5, 22.5, 34.5, 46.5, 58.0, 69.0]","[10.5, 22.5, 34.0, 46.0, 57.5, 69.5]",1,1,0.4
synthetic_nist4_2_8V,nist4,2,20012,8.0,11.720000267028809,C,0,0.0001,C60591097E16D6EF8C9A8DA29FBC548095928FB59099EFED9C25DD4631CF38E3,0.24568138609583356,0.190949693750243,0.08454918618459394,2.905780613422394,161,-0.03292279571341061,"[18.0, 29.5, 40.5, 51.0, 63.0, 75.0]","[6.0, 17.5, 29.0, 40.5, 52.0, 63.5, 75.5]",0,1,0.5,"[6.5, 22.5, 34.5, 46.5, 58.0, 69.0]","[10.5, 22.5, 34.0, 46.0, 57.5, 69.0]",1,1,0.3
synthetic_nist4_2_8V,nist4,2,20012,8.0,11.720000267028809,d1,0,0.0,D39B018A912072CA3993AB2CB0EF93719175862FAA154E03BF4F3659B50C4D26,0.20447670523240774,0.16315406468344032,0.07036894123661232,2.905780613422394,161,0.016259698856691394,"[18.0, 29.5, 40.5, 51.0, 63.0, 75.0]","[6.0, 17.5, 29.0, 40.5, 52.0, 64.0, 75.5]",0,1,0.5833333333333334,"[6.5, 22.5, 34.5, 46.5, 58.0, 69.0]","[11.0, 22.5, 34.0, 46.0, 57.5, 69.0]",1,1,0.3
synthetic_nist4_2_8V,nist4,2,20012,8.0,11.720000267028809,g1,0,0.0,A1475540F3BECEBDCEB53CC09A35EC3ABE65F9534C44CC33C4E79C4E46DC9F3C,0.20501124463913595,0.16373019771916525,0.07055289848522878,2.905780613422394,161,0.022699221320774243,"[18.0, 29.5, 40.5, 51.0, 63.0, 75.0]","[6.0, 17.5, 29.0, 40.5, 52.0, 64.0, 75.5]",0,1,0.5833333333333334,"[6.5, 22.5, 34.5, 46.5, 58.0, 69.0]","[11.0, 22.5, 34.0, 46.0, 57.5, 69.0]",1,1,0.3
synthetic_nist4_2_8V,nist4,2,20012,8.0,11.720000267028809,d2,0,0.0,CDB99629A66B3A8EDAABDD9569AA4581CFFC3ACB32EFC314DFE164D0133078F3,0.20446641373889465,0.16343474080381187,0.07036539950553133,2.905780613422394,161,0.023518049406894247,"[18.0, 29.5, 40.5, 51.0, 63.0, 75.0]","[6.0, 17.5, 29.0, 40.5, 52.0, 64.0, 75.5]",0,1,0.5833333333333334,"[6.5, 22.5, 34.5, 46.5, 58.0, 69.0]","[11.0, 22.5, 34.0, 46.0, 57.5, 69.0]",1,1,0.3
synthetic_nist4_2_8V,nist4,2,20012,8.0,11.720000267028809,d3,0,0.0,8EF40E7A0F454717272EC956CB65AE1C8807E9AF45DC0930651CE41B37C1B61F,0.2044610647292302,0.16343463566269933,0.07036355868876776,2.905780613422394,161,0.02359345113361104,"[18.0, 29.5, 40.5, 51.0, 63.0, 75.0]","[6.0, 17.5, 29.0, 40.5, 52.0, 64.0, 75.5]",0,1,0.5833333333333334,"[6.5, 22.5, 34.5, 46.5, 58.0, 69.0]","[11.0, 22.5, 34.0, 46.0, 57.5, 69.0]",1,1,0.3
synthetic_nist4_2_8V,nist4,2,20012,8.0,11.720000267028809,d4,0,0.0,9EC0E550C6DCD501ED096ABDBA0082039C35A6D38BEB0159E16DF4C233CE3939,0.2044357110098388,0.1633911477575391,0.07035483341911929,2.905780613422394,161,0.0233920604823539,"[18.0, 29.5, 40.5, 51.0, 63.0, 75.0]","[6.0, 17.5, 29.0, 40.5, 52.0, 64.0, 75.5]",0,1,0.5833333333333334,"[6.5, 22.5, 34.5, 46.5, 58.0, 69.0]","[11.0, 22.5, 34.0, 46.0, 57.5, 69.5]",1,1,0.4
synthetic_nist4_2_8V,nist4,2,20012,8.0,11.720000267028809,h4s,0,0.0,EFD5CED631E6B80CD6B01BEBE841A0EF71E8E8A96E37A27BE35570C7D6F6BB42,0.20433674219095702,0.16334419007997336,0.07032077413108337,2.905780613422394,161,0.023459506516130813,"[18.0, 29.5, 40.5, 51.0, 63.0, 75.0]","[6.0, 17.5, 29.0, 40.5, 52.0, 64.0, 75.5]",0,1,0.5833333333333334,"[6.5, 22.5, 34.5, 46.5, 58.0, 69.0]","[11.0, 22.5, 34.0, 46.0, 57.5, 69.0]",1,1,0.3
synthetic_nist4_2_8V,nist4,2,20012,8.0,11.720000267028809,equal4,0,0.0,BF676E0EEE1D070A497717B1CF6E3B397DA17385185045FACF7C8294B10424D0,0.20433454139329307,0.16334176355082056,0.07032001674504611,2.905780613422394,161,0.02345666553107848,"[18.0, 29.5, 40.5, 51.0, 63.0, 75.0]","[6.0, 17.5, 29.0, 40.5, 52.0, 64.0, 75.5]",0,1,0.5833333333333334,"[6.5, 22.5, 34.5, 46.5, 58.0, 69.0]","[11.0, 22.5, 34.0, 46.0, 57.5, 69.0]",1,1,0.3
synthetic_nist4_3_0V,nist4,3,20013,0.0,11.739999771118164,H1,0,0.0,D2F5B96C91D6F72970FD8B51CB229EA6F5DE83F3350A1CE6030F35D6D488C39B,0.16790487605045562,0.1447562084342382,0.05596099400484954,3.000391237437725,161,-0.0658734139540921,"[19.5, 29.0, 42.0, 52.0, 65.0, 76.5]","[18.0, 29.5, 41.0, 52.5, 64.0, 76.0]",0,0,0.8333333333333334,"[6.5, 23.5, 34.5, 46.0, 57.0, 69.0]","[22.5, 34.0, 46.0, 57.5, 69.5]",1,0,0.5
synthetic_nist4_3_0V,nist4,3,20013,0.0,11.739999771118164,G1,0,0.0,E7F169437073194CF5EAE686D91D64A8EE5E8D3FCEE5A08E788096EB6BF9095C,0.16659005662522364,0.14398005287747206,0.055522778011939625,3.000391237437725,161,-0.06419808679023144,"[19.5, 29.0, 42.0, 52.0, 65.0, 76.5]","[18.0, 29.0, 41.0, 52.5, 64.0, 75.5]",0,0,0.8333333333333334,"[6.5, 23.5, 34.5, 46.0, 57.0, 69.0]","[22.5, 34.0, 46.0, 57.5, 69.5]",1,0,0.5
synthetic_nist4_3_0V,nist4,3,20013,0.0,11.739999771118164,C,0,0.0001,D8EAB1172E7A610DACAEF2FF12BD1A43272938C33CC8FE2973DE86FC6E0F36DA,0.14458435240698053,0.11817361009509667,0.048188499753936326,3.000391237437725,161,0.0109239027875921,"[19.5, 29.0, 42.0, 52.0, 65.0, 76.5]","[17.5, 29.0, 40.5, 52.5, 64.0, 76.0]",0,0,0.9166666666666666,"[6.5, 23.5, 34.5, 46.0, 57.0, 69.0]","[22.0, 34.0, 46.0, 57.5, 69.0]",1,0,0.5
synthetic_nist4_3_0V,nist4,3,20013,0.0,11.739999771118164,d1,0,0.0,E2B825A2560340D605CDAD4DBB477D84D5BFFB90161EA8F12551770D2ED0AB0D,0.14850494668062336,0.11308127650933236,0.049495194102567655,3.000391237437725,161,0.04798776244524843,"[19.5, 29.0, 42.0, 52.0, 65.0, 76.5]","[6.0, 18.0, 29.5, 41.0, 52.5, 64.0, 76.0]",0,1,0.8333333333333334,"[6.5, 23.5, 34.5, 46.0, 57.0, 69.0]","[10.5, 22.5, 34.0, 46.0, 57.5, 69.5]",1,1,0.5
synthetic_nist4_3_0V,nist4,3,20013,0.0,11.739999771118164,g1,0,0.0,8830119A3FECBBCC782C7086AC90487C43D0AFFC2FB028E5FD9C8ED3AD5477C4,0.1529750901054197,0.1146120710865311,0.050985047615342796,3.000391237437725,161,0.061282637372890615,"[19.5, 29.0, 42.0, 52.0, 65.0, 76.5]","[6.0, 17.5, 29.5, 41.0, 52.5, 64.0, 76.0]",0,1,0.9166666666666666,"[6.5, 23.5, 34.5, 46.0, 57.0, 69.0]","[10.5, 22.5, 34.0, 46.0, 57.5, 69.5]",1,1,0.5
synthetic_nist4_3_0V,nist4,3,20013,0.0,11.739999771118164,d2,0,0.0,C984CB04D9154E81C5447DFCDC0185C50229B7341E509CCCB89721F3799A8C7A,0.15283852049551552,0.11453673363842579,0.05093953034806108,3.000391237437725,161,0.06084526695820115,"[19.5, 29.0, 42.0, 52.0, 65.0, 76.5]","[6.0, 17.5, 29.5, 41.0, 52.5, 64.0, 76.0]",0,1,0.9166666666666666,"[6.5, 23.5, 34.5, 46.0, 57.0, 69.0]","[10.5, 22.5, 34.0, 46.0, 57.5, 69.5]",1,1,0.5
synthetic_nist4_3_0V,nist4,3,20013,0.0,11.739999771118164,d3,0,0.0,38C88F61B172141F5FC088A6EF3C446A7FB7802FCCC24E617679ADDA590B9713,0.1528508153837164,0.11454353092805199,0.05094362810972877,3.000391237437725,161,0.060914177748357286,"[19.5, 29.0, 42.0, 52.0, 65.0, 76.5]","[6.0, 17.5, 29.5, 41.0, 52.5, 64.0, 76.0]",0,1,0.9166666666666666,"[6.5, 23.5, 34.5, 46.0, 57.0, 69.0]","[10.5, 22.5, 34.0, 46.0, 57.5, 69.5]",1,1,0.5
synthetic_nist4_3_0V,nist4,3,20013,0.0,11.739999771118164,d4,0,0.0,F9C7E4D366868A576A8619BA92D215FBFA7780EE06A49BAA35068D14735E5219,0.1528352586254098,0.11455485099776191,0.050938443199803535,3.000391237437725,161,0.060842638661772565,"[19.5, 29.0, 42.0, 52.0, 65.0, 76.5]","[6.0, 17.5, 29.5, 41.0, 52.5, 64.0, 76.0]",0,1,0.9166666666666666,"[6.5, 23.5, 34.5, 46.0, 57.0, 69.0]","[10.5, 22.5, 34.0, 46.0, 57.5, 69.5]",1,1,0.5
synthetic_nist4_3_0V,nist4,3,20013,0.0,11.739999771118164,h4s,0,0.0,29CB8FB94A2C012A4500AF507160447328419A9CFD29752209C7C4F0743AEBD5,0.1527785702767648,0.1144975182710227,0.05091954954755657,3.000391237437725,161,0.06079473087321157,"[19.5, 29.0, 42.0, 52.0, 65.0, 76.5]","[6.0, 17.5, 29.5, 41.0, 52.5, 64.0, 76.0]",0,1,0.9166666666666666,"[6.5, 23.5, 34.5, 46.0, 57.0, 69.0]","[10.5, 22.5, 34.0, 46.0, 57.5, 69.5]",1,1,0.5
synthetic_nist4_3_0V,nist4,3,20013,0.0,11.739999771118164,equal4,0,0.0,7C628DAE8E4F20418D3548D3E3B921B0D80252FE0B3683FA8DD30E32637AAD1A,0.15277705564459262,0.11449641988884589,0.05091904473599957,3.000391237437725,161,0.06078493530335634,"[19.5, 29.0, 42.0, 52.0, 65.0, 76.5]","[6.0, 17.5, 29.5, 41.0, 52.5, 64.0, 76.0]",0,1,0.9166666666666666,"[6.5, 23.5, 34.5, 46.0, 57.0, 69.0]","[10.5, 22.5, 34.0, 46.0, 57.5, 69.5]",1,1,0.5
synthetic_nist4_3_4V,nist4,3,20013,4.0,11.710000038146973,H1,0,0.0,BC498E26D682837A6C375F65C2171816C5962927368D2CD21CD5B09F9DFC84AF,0.17874532411112326,0.14081926440230066,0.062082629419438776,2.8791519589722157,161,-0.08588072393806825,"[16.5, 28.5, 41.0, 52.0, 64.0, 75.5]","[18.0, 29.5, 41.0, 52.5, 64.0, 75.5]",0,0,0.5,"[21.0, 33.5, 46.5, 57.0, 69.5]","[22.5, 34.5, 46.0, 57.5, 69.5]",0,0,0.7
synthetic_nist4_3_4V,nist4,3,20013,4.0,11.710000038146973,G1,0,0.0,AC70930EA423D3070653CB197EA470769BC5DBE5859A5CD47EC68B581C2E6E25,0.1792167069049894,0.14119234340994255,0.06224635221024083,2.8791519589722157,161,-0.0861179171280461,"[16.5, 28.5, 41.0, 52.0, 64.0, 75.5]","[18.0, 29.5, 41.0, 52.5, 64.0, 75.5]",0,0,0.5,"[21.0, 33.5, 46.5, 57.0, 69.5]","[22.5, 34.5, 46.0, 57.5, 69.5]",0,0,0.7
synthetic_nist4_3_4V,nist4,3,20013,4.0,11.710000038146973,C,0,0.0001,724DB46990107C141B7F90B0491AE82C57DC9BEEC281730C7CB850A3F1D0A08A,0.1940597376943739,0.15327725864900565,0.06740170038251413,2.8791519589722157,161,-0.06795272175569712,"[16.5, 28.5, 41.0, 52.0, 64.0, 75.5]","[18.0, 29.5, 40.5, 52.5, 64.0, 76.0]",0,0,0.6666666666666666,"[21.0, 33.5, 46.5, 57.0, 69.5]","[22.5, 34.0, 46.0, 57.5, 69.5]",0,0,0.6
synthetic_nist4_3_4V,nist4,3,20013,4.0,11.710000038146973,d1,0,0.0,45C42484258556FB40A34AAB8CA21633A1AB8F9A97EF53463FF216A24F1CC871,0.14971510543138145,0.12925654714522156,0.05199972337855552,2.8791519589722157,161,0.005626987735306995,"[16.5, 28.5, 41.0, 52.0, 64.0, 75.5]","[6.5, 18.0, 29.5, 41.0, 52.5, 64.0, 76.0]",0,1,0.5833333333333334,"[21.0, 33.5, 46.5, 57.0, 69.5]","[11.0, 22.5, 34.5, 46.0, 57.5, 69.5]",0,1,0.7
synthetic_nist4_3_4V,nist4,3,20013,4.0,11.710000038146973,g1,0,0.0,82C3BDABC6BB8AA11A4ADCF04DE5B141DFD3C6838AE455E7E5C8194E5D7752E1,0.14864607273337932,0.12786052332068823,0.05162842213664964,2.8791519589722157,161,0.019375878901029965,"[16.5, 28.5, 41.0, 52.0, 64.0, 75.5]","[6.5, 18.0, 29.5, 41.0, 52.5, 64.0, 76.0]",0,1,0.5833333333333334,"[21.0, 33.5, 46.5, 57.0, 69.5]","[11.0, 22.5, 34.5, 46.0, 57.5, 69.5]",0,1,0.7
synthetic_nist4_3_4V,nist4,3,20013,4.0,11.710000038146973,d2,0,0.0,FAF4632CFDF3AFC535EEF4E6C0F1627327FA87BF57EFF35DC351F8606A04317E,0.1483017616550591,0.12766613487316214,0.051508834465270485,2.8791519589722157,161,0.019543542532446962,"[16.5, 28.5, 41.0, 52.0, 64.0, 75.5]","[6.5, 18.0, 29.5, 41.0, 52.5, 64.0, 76.0]",0,1,0.5833333333333334,"[21.0, 33.5, 46.5, 57.0, 69.5]","[11.0, 22.5, 34.5, 46.0, 57.5, 69.5]",0,1,0.7
synthetic_nist4_3_4V,nist4,3,20013,4.0,11.710000038146973,d3,0,0.0,7FD8779CED3F2FFE86646882325C98AB955A58BAFE054008C42336CAC1B6E42E,0.1483124293583561,0.1276691502758435,0.05151253961993026,2.8791519589722157,161,0.01972897711747922,"[16.5, 28.5, 41.0, 52.0, 64.0, 75.5]","[6.5, 18.0, 29.5, 41.0, 52.5, 64.0, 76.0]",0,1,0.5833333333333334,"[21.0, 33.5, 46.5, 57.0, 69.5]","[11.0, 22.5, 34.5, 46.0, 57.5, 69.5]",0,1,0.7
synthetic_nist4_3_4V,nist4,3,20013,4.0,11.710000038146973,d4,0,0.0,698B182259B7BD69EC26C76671C8393E80788681E384BC992181F862CBED231C,0.1482973027709598,0.12767178847552826,0.05150728578560271,2.8791519589722157,161,0.019742477800905333,"[16.5, 28.5, 41.0, 52.0, 64.0, 75.5]","[6.5, 18.0, 29.5, 41.0, 52.5, 64.0, 76.0]",0,1,0.5833333333333334,"[21.0, 33.5, 46.5, 57.0, 69.5]","[11.0, 22.5, 34.5, 46.0, 57.5, 69.5]",0,1,0.7
synthetic_nist4_3_4V,nist4,3,20013,4.0,11.710000038146973,h4s,0,0.0,A9B14C9C9382E8C4675CEE0D2D22A3D2EB9A5480E586BBA4820C7D35BE2A5934,0.14832945012086832,0.12766396152491896,0.051518451347673286,2.8791519589722157,161,0.019652305367570486,"[16.5, 28.5, 41.0, 52.0, 64.0, 75.5]","[6.5, 18.0, 29.5, 41.0, 52.5, 64.0, 76.0]",0,1,0.5833333333333334,"[21.0, 33.5, 46.5, 57.0, 69.5]","[11.0, 22.5, 34.5, 46.0, 57.5, 69.5]",0,1,0.7
synthetic_nist4_3_4V,nist4,3,20013,4.0,11.710000038146973,equal4,0,0.0,3B83E3160BA098B884600A0694D690E5E0726F932FD119FE6406DBC2D01D2FCA,0.1483316466818403,0.12766469989596688,0.05151921426710347,2.8791519589722157,161,0.01964686702219596,"[16.5, 28.5, 41.0, 52.0, 64.0, 75.5]","[6.5, 18.0, 29.5, 41.0, 52.5, 64.0, 76.0]",0,1,0.5833333333333334,"[21.0, 33.5, 46.5, 57.0, 69.5]","[11.0, 22.5, 34.5, 46.0, 57.5, 69.5]",0,1,0.7
synthetic_nist4_3_6V,nist4,3,20013,6.0,11.710000038146973,H1,0,0.0,A74EADD39CB71732C72CCAEF90DD82F463F572DBFE0A00F2B16585584C8D8516,0.12234546133286002,0.09736439436442734,0.04027804704214484,3.037522181868553,161,-0.04235550179290846,"[17.5, 29.0, 40.5, 52.5, 64.0, 76.0]","[18.0, 29.5, 41.0, 52.5, 64.0, 75.5]",0,0,0.3333333333333333,"[22.5, 34.5, 45.5, 58.0, 70.0]","[22.5, 34.5, 46.0, 57.5, 69.5]",0,0,0.3
synthetic_nist4_3_6V,nist4,3,20013,6.0,11.710000038146973,G1,0,0.0,886CFE24ED3039F0857839BCDCD93A84BC78C4ACD9CD0688943755EB64EB35B2,0.12301530790171858,0.09787838400474616,0.04049857105110747,3.037522181868553,161,-0.04315327414490792,"[17.5, 29.0, 40.5, 52.5, 64.0, 76.0]","[18.0, 29.5, 41.0, 52.5, 64.0, 75.5]",0,0,0.3333333333333333,"[22.5, 34.5, 45.5, 58.0, 70.0]","[22.5, 34.5, 46.0, 57.5, 69.5]",0,0,0.3
synthetic_nist4_3_6V,nist4,3,20013,6.0,11.710000038146973,C,0,0.0001,B59EAEF2FEA5CAE9374ED416EE3A55FF713106EBEBA745A98F73B354ABC37795,0.14807721709254576,0.11137462414292075,0.04874934509991134,3.037522181868553,161,-0.040146602953998196,"[17.5, 29.0, 40.5, 52.5, 64.0, 76.0]","[18.0, 29.0, 40.5, 52.0, 64.0, 76.0]",0,0,0.16666666666666666,"[22.5, 34.5, 45.5, 58.0, 70.0]","[22.5, 34.0, 46.0, 57.5, 69.5]",0,0,0.4
synthetic_nist4_3_6V,nist4,3,20013,6.0,11.710000038146973,d1,0,0.0,69F3CAD04CF0E616CC09B3421416215F12CD21BFE06CA0007CC6A721FF83E64E,0.1183592930379246,0.08850881725734805,0.03896573784528383,3.037522181868553,161,0.02425961538871623,"[17.5, 29.0, 40.5, 52.5, 64.0, 76.0]","[6.0, 18.0, 29.5, 41.0, 52.5, 64.0, 75.5]",0,1,0.3333333333333333,"[22.5, 34.5, 45.5, 58.0, 70.0]","[11.0, 22.5, 34.5, 46.0, 57.5, 69.5]",0,1,0.3
synthetic_nist4_3_6V,nist4,3,20013,6.0,11.710000038146973,g1,0,0.0,C789A072F58A11A184DB0D4B82FC9C182F09E24A917AF44702B3772557C0BD92,0.12086472305246354,0.08984553170685443,0.03979056474844005,3.037522181868553,161,0.03492616667695667,"[17.5, 29.0, 40.5, 52.5, 64.0, 76.0]","[6.0, 18.0, 29.5, 41.0, 52.5, 64.0, 75.5]",0,1,0.3333333333333333,"[22.5, 34.5, 45.5, 58.0, 70.0]","[11.0, 22.5, 34.5, 46.0, 57.5, 69.5]",0,1,0.3
synthetic_nist4_3_6V,nist4,3,20013,6.0,11.710000038146973,d2,0,0.0,AEF9E138A04FA70A48824D3F6B3573B367DFE3662A0C6A8BFEFE057F504C3C41,0.12076076275899966,0.08969291685993627,0.03975633938735974,3.037522181868553,161,0.03587338691635161,"[17.5, 29.0, 40.5, 52.5, 64.0, 76.0]","[6.0, 18.0, 29.5, 41.0, 52.5, 64.0, 75.5]",0,1,0.3333333333333333,"[22.5, 34.5, 45.5, 58.0, 70.0]","[11.0, 22.5, 34.5, 46.0, 57.5, 69.5]",0,1,0.3
synthetic_nist4_3_6V,nist4,3,20013,6.0,11.710000038146973,d3,0,0.0,16AD77FAA47EA4C349EBEAF0EFABD57EFB8A3116E2A9117A4B14007157AC749E,0.12076546419899221,0.08969083719927332,0.03975788717523126,3.037522181868553,161,0.035860682542649853,"[17.5, 29.0, 40.5, 52.5, 64.0, 76.0]","[6.0, 18.0, 29.5, 41.0, 52.5, 64.0, 75.5]",0,1,0.3333333333333333,"[22.5, 34.5, 45.5, 58.0, 70.0]","[11.0, 22.5, 34.5, 46.0, 57.5, 69.5]",0,1,0.3
synthetic_nist4_3_6V,nist4,3,20013,6.0,11.710000038146973,d4,0,0.0,B7E3FA4117799FF91A7136234302A4513540C50E2E71FCF8FAB9AC04547EEB37,0.12082453521777715,0.08972147634680967,0.039777334282198096,3.037522181868553,161,0.035886973512839086,"[17.5, 29.0, 40.5, 52.5, 64.0, 76.0]","[6.0, 18.0, 29.5, 41.0, 52.5, 64.0, 75.5]",0,1,0.3333333333333333,"[22.5, 34.5, 45.5, 58.0, 70.0]","[11.0, 22.5, 34.5, 46.0, 57.5, 69.5]",0,1,0.3
synthetic_nist4_3_6V,nist4,3,20013,6.0,11.710000038146973,h4s,0,0.0,1FFB00ABC7543EA0FA165A0F0069BAF075B97EF84B7B7128FE07998EA6B48641,0.12078365190328191,0.08968856794215878,0.03976387485308206,3.037522181868553,161,0.03575649341533643,"[17.5, 29.0, 40.5, 52.5, 64.0, 76.0]","[6.0, 18.0, 29.5, 41.0, 52.5, 64.0, 75.5]",0,1,0.3333333333333333,"[22.5, 34.5, 45.5, 58.0, 70.0]","[11.0, 22.5, 34.5, 46.0, 57.5, 69.5]",0,1,0.3
synthetic_nist4_3_6V,nist4,3,20013,6.0,11.710000038146973,equal4,0,0.0,5AE401145379FD3B8975210603F6BCED5FE33EFAB0B730905959DB9C3F7318BF,0.12078163455378596,0.08968967645897628,0.03976321070994988,3.037522181868553,161,0.03574286468373322,"[17.5, 29.0, 40.5, 52.5, 64.0, 76.0]","[6.0, 18.0, 29.5, 41.0, 52.5, 64.0, 75.5]",0,1,0.3333333333333333,"[22.5, 34.5, 45.5, 58.0, 70.0]","[11.0, 22.5, 34.5, 46.0, 57.5, 69.5]",0,1,0.3
synthetic_nist4_3_8V,nist4,3,20013,8.0,11.739999771118164,H1,0,0.0,5691F140E880F09793AD3FB6CE1C0DA8A2CA81FDA09CE98A20B640C4B9DBE5BF,0.12613146299295114,0.09797008550777939,0.048867685044502875,2.581081196665764,161,-0.039592656868029825,"[17.0, 28.0, 41.0, 52.0, 64.0, 75.0]","[18.0, 29.5, 41.0, 52.5, 64.0, 75.5]",0,0,0.5833333333333334,"[22.5, 34.5, 47.0, 57.5, 69.0]","[22.5, 34.5, 46.0, 58.0, 69.5]",0,0,0.4
synthetic_nist4_3_8V,nist4,3,20013,8.0,11.739999771118164,G1,0,0.0,6BA9D5E4040DB8F8CFC3A1E4EF24DF987C77A6C365313B0D9F06FCB284C44088,0.1263524351617266,0.0980859632771578,0.04895329729454015,2.581081196665764,161,-0.04062962890689417,"[17.0, 28.0, 41.0, 52.0, 64.0, 75.0]","[18.0, 29.5, 41.0, 52.5, 64.0, 75.5]",0,0,0.5833333333333334,"[22.5, 34.5, 47.0, 57.5, 69.0]","[22.5, 34.5, 46.0, 58.0, 69.5]",0,0,0.4
synthetic_nist4_3_8V,nist4,3,20013,8.0,11.739999771118164,C,0,0.0001,0CCC937EEF545BA119759180DC9EA494055B3A25CE7F621A21DEA3D3D0CD656F,0.16147243614378023,0.12714661102487435,0.06255999863637379,2.581081196665764,161,-0.018642895617840452,"[17.0, 28.0, 41.0, 52.0, 64.0, 75.0]","[18.0, 29.5, 40.5, 52.0, 64.0, 76.0]",0,0,0.6666666666666666,"[22.5, 34.5, 47.0, 57.5, 69.0]","[22.5, 34.0, 46.0, 57.5, 69.5]",0,0,0.4
synthetic_nist4_3_8V,nist4,3,20013,8.0,11.739999771118164,d1,0,0.0,10DDAAD8A22C98D7A7E52F472D42A6AC63A789B6FE093640DC5C09CF43207CDB,0.13343166496296285,0.10132422514537477,0.05169603541931561,2.581081196665764,161,0.026562124409753342,"[17.0, 28.0, 41.0, 52.0, 64.0, 75.0]","[6.5, 18.0, 29.5, 40.5, 52.0, 64.0, 76.0]",0,1,0.6666666666666666,"[22.5, 34.5, 47.0, 57.5, 69.0]","[11.0, 22.5, 34.5, 46.0, 57.5, 69.5]",0,1,0.3
synthetic_nist4_3_8V,nist4,3,20013,8.0,11.739999771118164,g1,0,0.0,D1F6EE862D61F1FEA833CEA97784AC33E2C3F8D3C89DDA2B4102D0142F0A5028,0.13506359584427935,0.10167821503666617,0.05232830180575267,2.581081196665764,161,0.035731925148956525,"[17.0, 28.0, 41.0, 52.0, 64.0, 75.0]","[6.5, 18.0, 29.5, 40.5, 52.0, 64.0, 76.0]",0,1,0.6666666666666666,"[22.5, 34.5, 47.0, 57.5, 69.0]","[11.0, 22.5, 34.5, 46.0, 57.5, 69.5]",0,1,0.3
synthetic_nist4_3_8V,nist4,3,20013,8.0,11.739999771118164,d2,0,0.0,846DEB7A88745A713A4BA0210705B0492938603DC58D4ACBE8B545C3EA0C7E39,0.13507079889923174,0.10161241570846265,0.052331092518017625,2.581081196665764,161,0.03653817520887585,"[17.0, 28.0, 41.0, 52.0, 64.0, 75.0]","[6.5, 18.0, 29.5, 40.5, 52.0, 64.0, 76.0]",0,1,0.6666666666666666,"[22.5, 34.5, 47.0, 57.5, 69.0]","[11.0, 22.5, 34.5, 46.0, 57.5, 69.5]",0,1,0.3
synthetic_nist4_3_8V,nist4,3,20013,8.0,11.739999771118164,d3,0,0.0,8D796578FC2C03C3CC3EDB4B49350CFD5061E06ABC505C599139D01C9A7A1283,0.13510510236493892,0.10164629652957369,0.05234438286539279,2.581081196665764,161,0.036612952544544795,"[17.0, 28.0, 41.0, 52.0, 64.0, 75.0]","[6.5, 18.0, 29.5, 40.5, 52.0, 64.0, 76.0]",0,1,0.6666666666666666,"[22.5, 34.5, 47.0, 57.5, 69.0]","[11.0, 22.5, 34.5, 46.0, 57.5, 69.5]",0,1,0.3
synthetic_nist4_3_8V,nist4,3,20013,8.0,11.739999771118164,d4,0,0.0,C76EFD0A11088D04978B948D352F95EDF299853831F83D3C933FDF86E36607B0,0.13504329630725703,0.10160833443312542,0.052320437064012446,2.581081196665764,161,0.03654186923912964,"[17.0, 28.0, 41.0, 52.0, 64.0, 75.0]","[6.5, 18.0, 29.5, 40.5, 52.0, 64.0, 76.0]",0,1,0.6666666666666666,"[22.5, 34.5, 47.0, 57.5, 69.0]","[11.0, 22.5, 34.5, 46.0, 57.5, 69.5]",0,1,0.3
synthetic_nist4_3_8V,nist4,3,20013,8.0,11.739999771118164,h4s,0,0.0,93BE5D9343F713FB6E08676EB9699A3AC765716A6EEA7145827D06879C6388A6,0.13500686236013038,0.1015990237294702,0.052306321294553614,2.581081196665764,161,0.03644118086660501,"[17.0, 28.0, 41.0, 52.0, 64.0, 75.0]","[6.5, 18.0, 29.5, 40.5, 52.0, 64.0, 76.0]",0,1,0.6666666666666666,"[22.5, 34.5, 47.0, 57.5, 69.0]","[11.0, 22.5, 34.5, 46.0, 57.5, 69.5]",0,1,0.3
synthetic_nist4_3_8V,nist4,3,20013,8.0,11.739999771118164,equal4,0,0.0,F0DF29A2B43608C04747F99958FCFC925AF7D525AE460EC919A8EEA9CC04EDFB,0.13500529381393384,0.10160238657910262,0.05230571358558322,2.581081196665764,161,0.03641455684158002,"[17.0, 28.0, 41.0, 52.0, 64.0, 75.0]","[6.5, 18.0, 29.5, 40.5, 52.0, 64.0, 76.0]",0,1,0.6666666666666666,"[22.5, 34.5, 47.0, 57.5, 69.0]","[11.0, 22.5, 34.5, 46.0, 57.5, 69.5]",0,1,0.3
synthetic_nist4_4_0V,nist4,4,20014,0.0,11.569999694824219,H1,0,0.0,317BB66D5E2EA509B816C60265506B8CA90B260865A05B73B75B8E0E72217C64,0.19339462783621844,0.16249041960383795,0.06452903025927902,2.9970174208283424,161,-0.11631307998521728,"[10.0, 18.0, 30.5, 41.5, 52.5, 64.5, 75.0]","[18.0, 29.5, 41.0, 52.5, 64.0, 75.5]",1,0,0.4166666666666667,"[4.5, 12.5, 22.5, 34.5, 46.0, 58.0, 68.5]","[22.5, 34.5, 46.0, 57.5, 69.0]",2,0,0.2
synthetic_nist4_4_0V,nist4,4,20014,0.0,11.569999694824219,G1,0,0.0,496E0F64DA861810BB8989CE558C7A9EAC2A2DB6106AB3ACA556539E722805A3,0.19116553665647304,0.16142396832475012,0.0637852604152154,2.9970174208283424,161,-0.11389217622902083,"[10.0, 18.0, 30.5, 41.5, 52.5, 64.5, 75.0]","[18.0, 29.5, 41.0, 52.5, 64.0, 75.5]",1,0,0.4166666666666667,"[4.5, 12.5, 22.5, 34.5, 46.0, 58.0, 68.5]","[22.5, 34.5, 46.0, 57.5, 69.0]",2,0,0.2
synthetic_nist4_4_0V,nist4,4,20014,0.0,11.569999694824219,C,0,0.0001,71F7D8404A9DBF483EEEFF83B680902467F5CF32DA12194C0198C833562BE96E,0.15538518300234502,0.12088162181262645,0.05184660653704118,2.9970174208283424,161,-0.020619232901690168,"[10.0, 18.0, 30.5, 41.5, 52.5, 64.5, 75.0]","[18.0, 29.5, 41.0, 52.5, 64.0, 75.5]",1,0,0.4166666666666667,"[4.5, 12.5, 22.5, 34.5, 46.0, 58.0, 68.5]","[22.5, 34.0, 46.0, 57.5, 69.0]",2,0,0.3
synthetic_nist4_4_0V,nist4,4,20014,0.0,11.569999694824219,d1,0,0.0,CC413D130563A799BE087F0CDB9F00977DD690125F85FCB506966CD51541AAFB,0.14689960357788423,0.10968983321456435,0.04901526516228351,2.9970174208283424,161,0.0009006844914477805,"[10.0, 18.0, 30.5, 41.5, 52.5, 64.5, 75.0]","[6.5, 18.5, 29.5, 41.0, 52.5, 64.0, 75.5]",1,1,0.5,"[4.5, 12.5, 22.5, 34.5, 46.0, 58.0, 68.5]","[11.0, 22.5, 34.5, 46.0, 57.5, 69.0]",1,0,0.4166666666666667
synthetic_nist4_4_0V,nist4,4,20014,0.0,11.569999694824219,g1,0,0.0,FC449ED0AAE87B9274E06045ECAFAE1917E55EC18A7AB7F5D27EA64F2295A738,0.1472903016246052,0.10759860591858811,0.04914562744980502,2.9970174208283424,161,0.012751190743831374,"[10.0, 18.0, 30.5, 41.5, 52.5, 64.5, 75.0]","[6.5, 18.5, 29.5, 41.0, 52.5, 64.0, 75.5]",1,1,0.5,"[4.5, 12.5, 22.5, 34.5, 46.0, 58.0, 68.5]","[11.0, 22.5, 34.5, 46.0, 57.5, 69.0]",1,0,0.4166666666666667
synthetic_nist4_4_0V,nist4,4,20014,0.0,11.569999694824219,d2,0,0.0,7207AC59155B50A39D0F4331B895719280E314DE60D6DB62522A0DD3C6A1D471,0.14707363584866504,0.10753359006983894,0.04907333365049827,2.9970174208283424,161,0.01187646939702656,"[10.0, 18.0, 30.5, 41.5, 52.5, 64.5, 75.0]","[6.5, 18.5, 29.5, 41.0, 52.5, 64.0, 75.5]",1,1,0.5,"[4.5, 12.5, 22.5, 34.5, 46.0, 58.0, 68.5]","[11.0, 22.5, 34.5, 46.0, 57.5, 69.0]",1,0,0.4166666666666667
synthetic_nist4_4_0V,nist4,4,20014,0.0,11.569999694824219,d3,0,0.0,AD513E67787C98CAFAE29313538241D2D10DA228177EA9FDA9DE4F95EBFCC24B,0.14708899952292143,0.10752896015873607,0.049078459971803455,2.9970174208283424,161,0.012010644080105775,"[10.0, 18.0, 30.5, 41.5, 52.5, 64.5, 75.0]","[6.5, 18.5, 29.5, 41.0, 52.5, 64.0, 75.5]",1,1,0.5,"[4.5, 12.5, 22.5, 34.5, 46.0, 58.0, 68.5]","[11.0, 22.5, 34.5, 46.0, 57.5, 69.0]",1,0,0.4166666666666667
synthetic_nist4_4_0V,nist4,4,20014,0.0,11.569999694824219,d4,0,0.0,B9DDDB723A4F692FF448273DCA0741CE46182829AF4F81B9761F772466C0E062,0.1471940354429898,0.10757996289996627,0.04911350678846138,2.9970174208283424,161,0.012033060100508032,"[10.0, 18.0, 30.5, 41.5, 52.5, 64.5, 75.0]","[6.5, 18.5, 29.5, 41.0, 52.5, 64.0, 75.5]",1,1,0.5,"[4.5, 12.5, 22.5, 34.5, 46.0, 58.0, 68.5]","[11.0, 22.5, 34.5, 46.0, 57.5, 69.0]",1,0,0.4166666666666667
synthetic_nist4_4_0V,nist4,4,20014,0.0,11.569999694824219,h4s,0,0.0,C760F03EB2B680DBD0767571506C358CACC7B25D5CE37FC06740BA490B279A3C,0.1470411066933414,0.10757778807086234,0.049062479807908774,2.9970174208283424,161,0.01177792297386975,"[10.0, 18.0, 30.5, 41.5, 52.5, 64.5, 75.0]","[6.5, 18.5, 29.5, 41.0, 52.5, 64.0, 75.5]",1,1,0.5,"[4.5, 12.5, 22.5, 34.5, 46.0, 58.0, 68.5]","[11.0, 22.5, 34.5, 46.0, 57.5, 69.0]",1,0,0.4166666666666667
synthetic_nist4_4_0V,nist4,4,20014,0.0,11.569999694824219,equal4,0,0.0,3A0674245E4DD799AFB969F24D7A252C244D391B93EF88F64E50116664D9DF03,0.14707227624258293,0.10758417460674084,0.04907287999745219,2.9970174208283424,161,0.011765179380496836,"[10.0, 18.0, 30.5, 41.5, 52.5, 64.5, 75.0]","[6.5, 18.5, 29.5, 41.0, 52.5, 64.0, 75.5]",1,1,0.5,"[4.5, 12.5, 22.5, 34.5, 46.0, 58.0, 68.5]","[11.0, 22.5, 34.5, 46.0, 57.5, 69.0]",1,0,0.4166666666666667
synthetic_nist4_4_4V,nist4,4,20014,4.0,11.539999961853027,H1,0,0.0,50E66E9A0152E7D78E11D38E7DA9B8D094C63A506C9B866A67B1BD7FD00F8284,0.15662518078610208,0.12391413442836785,0.05573501752504374,2.8101755008101463,161,-0.09009094888008899,"[18.0, 29.0, 40.0, 52.5, 64.0, 75.5]","[18.5, 29.5, 41.0, 52.5, 64.0, 75.5]",0,0,0.3333333333333333,"[21.0, 35.0, 45.5, 57.5, 69.0]","[23.0, 34.5, 46.0, 57.5, 69.0]",0,0,0.6
synthetic_nist4_4_4V,nist4,4,20014,4.0,11.539999961853027,G1,0,0.0,B274B4ABD668D9A352ACF12501457CA5A9FC215E87F964088D6855990F58C412,0.15749963853282062,0.12452903218706202,0.056046193017985885,2.8101755008101463,161,-0.09060278021215652,"[18.0, 29.0, 40.0, 52.5, 64.0, 75.5]","[18.5, 29.5, 41.0, 52.5, 64.0, 75.5]",0,0,0.3333333333333333,"[21.0, 35.0, 45.5, 57.5, 69.0]","[23.0, 34.5, 46.0, 57.5, 69.0]",0,0,0.6
synthetic_nist4_4_4V,nist4,4,20014,4.0,11.539999961853027,C,0,0.0001,C2A80DB04710276A222C470ABA30B1DEA17119641779F87A622A7A49686072F0,0.17566753367351964,0.12944040011313762,0.06251123234932351,2.8101755008101463,161,-0.07186625725502924,"[18.0, 29.0, 40.0, 52.5, 64.0, 75.5]","[7.0, 18.5, 29.5, 41.0, 52.5, 64.0, 75.5]",0,1,0.3333333333333333,"[21.0, 35.0, 45.5, 57.5, 69.0]","[11.5, 23.0, 34.5, 46.0, 57.5, 69.0]",0,1,0.6
synthetic_nist4_4_4V,nist4,4,20014,4.0,11.539999961853027,d1,0,0.0,07802B23110EBDA8C31FA2F07EB898FC405B5B1BEA23C58375F8AC0D3D290FBB,0.12190652337322408,0.09151370531838873,0.04338039504581818,2.8101755008101463,161,-0.005869369190301954,"[18.0, 29.0, 40.0, 52.5, 64.0, 75.5]","[7.0, 18.5, 29.5, 41.0, 52.5, 64.0, 75.5]",0,1,0.3333333333333333,"[21.0, 35.0, 45.5, 57.5, 69.0]","[11.5, 23.0, 34.5, 46.0, 57.5, 69.0]",0,1,0.6
synthetic_nist4_4_4V,nist4,4,20014,4.0,11.539999961853027,g1,0,0.0,F5A64085E8CCB4FFD33EAA6B30AADB7D0CCE79A9CD47A0B0CD45A893A5150E93,0.11910615133757321,0.08938234660381116,0.04238388360557412,2.8101755008101463,161,0.01345172140353955,"[18.0, 29.0, 40.0, 52.5, 64.0, 75.5]","[7.0, 18.5, 29.5, 41.0, 52.5, 64.0, 75.5]",0,1,0.3333333333333333,"[21.0, 35.0, 45.5, 57.5, 69.0]","[11.5, 23.0, 34.5, 46.0, 57.5, 69.0]",0,1,0.6
synthetic_nist4_4_4V,nist4,4,20014,4.0,11.539999961853027,d2,0,0.0,815A2A1A1C07D810562C75C32A74394BB527A12F4C5F1B8F55C39533579F3F27,0.11860453812976855,0.08904702216386795,0.042205384715501226,2.8101755008101463,161,0.013941133660929543,"[18.0, 29.0, 40.0, 52.5, 64.0, 75.5]","[6.5, 18.5, 29.5, 41.0, 52.5, 64.0, 75.5]",0,1,0.3333333333333333,"[21.0, 35.0, 45.5, 57.5, 69.0]","[11.5, 23.0, 34.5, 46.0, 57.5, 69.0]",0,1,0.6
synthetic_nist4_4_4V,nist4,4,20014,4.0,11.539999961853027,d3,0,0.0,1BEFAF8CFAADA5C56DD2D0151F1414F408C638AD6A573175C28F987DE8EB3900,0.11859113268880532,0.08903680933836083,0.04220061439387563,2.8101755008101463,161,0.013961745645874036,"[18.0, 29.0, 40.0, 52.5, 64.0, 75.5]","[6.5, 18.5, 29.5, 41.0, 52.5, 64.0, 75.5]",0,1,0.3333333333333333,"[21.0, 35.0, 45.5, 57.5, 69.0]","[11.5, 23.0, 34.5, 46.0, 57.5, 69.0]",0,1,0.6
synthetic_nist4_4_4V,nist4,4,20014,4.0,11.539999961853027,d4,0,0.0,E53C7D96AB532607D4A4DB5EEE82D54C6DA7614AC87B664F562654FF08A08907,0.11861063109716619,0.08903036104596179,0.042207552895885646,2.8101755008101463,161,0.013993788950191521,"[18.0, 29.0, 40.0, 52.5, 64.0, 75.5]","[6.5, 18.5, 29.5, 41.0, 52.5, 64.0, 75.5]",0,1,0.3333333333333333,"[21.0, 35.0, 45.5, 57.5, 69.0]","[11.5, 23.0, 34.5, 46.0, 57.5, 69.0]",0,1,0.6
synthetic_nist4_4_4V,nist4,4,20014,4.0,11.539999961853027,h4s,0,0.0,A0B9F1013C1C446F9BDD920BF0D2D3CC7EFA6BAAE7C9CC5BB2354C853EA95C31,0.11861841748688277,0.08906439286859139,0.04221032368002861,2.8101755008101463,161,0.01393222403915032,"[18.0, 29.0, 40.0, 52.5, 64.0, 75.5]","[7.0, 18.5, 29.5, 41.0, 52.5, 64.0, 75.5]",0,1,0.3333333333333333,"[21.0, 35.0, 45.5, 57.5, 69.0]","[11.5, 23.0, 34.5, 46.0, 57.5, 69.0]",0,1,0.6
synthetic_nist4_4_4V,nist4,4,20014,4.0,11.539999961853027,equal4,0,0.0,C1B329F2441DF23C575AC9AFFFE285E8B52482D6C16E0990DCAB273D97B68BF1,0.11862047130916271,0.08906543122963136,0.04221105453199118,2.8101755008101463,161,0.013934473374060221,"[18.0, 29.0, 40.0, 52.5, 64.0, 75.5]","[7.0, 18.5, 29.5, 41.0, 52.5, 64.0, 75.5]",0,1,0.3333333333333333,"[21.0, 35.0, 45.5, 57.5, 69.0]","[11.5, 23.0, 34.5, 46.0, 57.5, 69.0]",0,1,0.6
synthetic_nist4_4_6V,nist4,4,20014,6.0,11.569999694824219,H1,0,0.0,21C7B7C5966A424D86390D374CC978B38A6350E8D67091375415B1790F6D1817,0.12358608746602859,0.09944008841462758,0.048442627334259546,2.55118465423584,161,-0.0581698964193741,"[6.5, 19.5, 28.5, 41.0, 52.0, 64.0, 76.0]","[18.5, 29.5, 41.0, 52.5, 64.0, 75.5]",1,0,0.5,"[10.5, 23.0, 34.5, 46.5, 57.5, 69.0]","[23.0, 34.5, 46.0, 57.5, 69.0]",1,0,0.1
synthetic_nist4_4_6V,nist4,4,20014,6.0,11.569999694824219,G1,0,0.0,45552490A9B20B97F1CD1830F42B962F5B74E78032B686262A48183D22B7441F,0.12409815341677569,0.09967445263997739,0.04864334426390119,2.55118465423584,161,-0.059228728750940436,"[6.5, 19.5, 28.5, 41.0, 52.0, 64.0, 76.0]","[18.5, 29.5, 41.0, 52.5, 64.0, 75.5]",1,0,0.5,"[10.5, 23.0, 34.5, 46.5, 57.5, 69.0]","[23.0, 34.5, 46.0, 57.5, 69.0]",1,0,0.1
synthetic_nist4_4_6V,nist4,4,20014,6.0,11.569999694824219,C,0,0.0001,7F9333A9850D373E47AF97060A89ACA321EBBA4380F9D32813DE62143586CE71,0.151974817507742,0.11903513870809389,0.05957029306185727,2.55118465423584,161,-0.060432266791044555,"[6.5, 19.5, 28.5, 41.0, 52.0, 64.0, 76.0]","[6.5, 18.0, 29.5, 41.0, 52.5, 64.0, 75.5]",0,0,0.5,"[10.5, 23.0, 34.5, 46.5, 57.5, 69.0]","[11.0, 22.5, 34.5, 46.0, 57.5, 69.0]",0,0,0.25
synthetic_nist4_4_6V,nist4,4,20014,6.0,11.569999694824219,d1,0,0.0,53D97E645B1A80AA32CE81EDD006836337D0F492990A6009ACAE2B06DB57FD66,0.11030822668877127,0.08431487398580735,0.04323804100405741,2.55118465423584,161,0.011142698018262105,"[6.5, 19.5, 28.5, 41.0, 52.0, 64.0, 76.0]","[6.5, 18.0, 29.5, 41.0, 52.5, 64.0, 75.5]",0,0,0.5,"[10.5, 23.0, 34.5, 46.5, 57.5, 69.0]","[11.5, 23.0, 34.5, 46.0, 57.5, 69.0]",0,0,0.25
synthetic_nist4_4_6V,nist4,4,20014,6.0,11.569999694824219,g1,0,0.0,1CB3BE5F5F674BF95115AFF8773F94D88C9F699B3D178F1AD0988207D3C333C4,0.111831319849743,0.08586743295840595,0.04383505508472886,2.55118465423584,161,0.02027173342634432,"[6.5, 19.5, 28.5, 41.0, 52.0, 64.0, 76.0]","[6.5, 18.0, 29.5, 41.0, 52.5, 64.0, 75.5]",0,0,0.5,"[10.5, 23.0, 34.5, 46.5, 57.5, 69.0]","[11.5, 23.0, 34.5, 46.0, 57.5, 69.0]",0,0,0.25
synthetic_nist4_4_6V,nist4,4,20014,6.0,11.569999694824219,d2,0,0.0,27FA158623BEE0B54F943E438DDA505247987717BE7F3C0A9CD2C4AE7A0F25FC,0.11189383181050788,0.08580188541123586,0.04385955819572911,2.55118465423584,161,0.021402811180360568,"[6.5, 19.5, 28.5, 41.0, 52.0, 64.0, 76.0]","[6.5, 18.0, 29.5, 41.0, 52.5, 64.0, 75.5]",0,0,0.5,"[10.5, 23.0, 34.5, 46.5, 57.5, 69.0]","[11.5, 23.0, 34.5, 46.0, 57.5, 69.0]",0,0,0.25
synthetic_nist4_4_6V,nist4,4,20014,6.0,11.569999694824219,d3,0,0.0,4C6327C69F46B59375427242C738ECC44C052DFE0AFFB6C5A34988FAB5CD7E4F,0.11185796471340385,0.08578072613255577,0.04384549919884527,2.55118465423584,161,0.02139660415256986,"[6.5, 19.5, 28.5, 41.0, 52.0, 64.0, 76.0]","[6.5, 18.0, 29.5, 41.0, 52.5, 64.0, 75.5]",0,0,0.5,"[10.5, 23.0, 34.5, 46.5, 57.5, 69.0]","[11.5, 23.0, 34.5, 46.0, 57.5, 69.0]",0,0,0.25
synthetic_nist4_4_6V,nist4,4,20014,6.0,11.569999694824219,d4,0,0.0,076CB3047ACEDEBFCEE4A1AF5C9D5B10CAACE3AA4CDA9BF0F061A21BBE19D589,0.11183809811582893,0.08576099326984482,0.04383771199397088,2.55118465423584,161,0.021384754698283923,"[6.5, 19.5, 28.5, 41.0, 52.0, 64.0, 76.0]","[6.5, 18.0, 29.5, 41.0, 52.5, 64.0, 75.5]",0,0,0.5,"[10.5, 23.0, 34.5, 46.5, 57.5, 69.0]","[11.5, 23.0, 34.5, 46.0, 57.5, 69.0]",0,0,0.25
synthetic_nist4_4_6V,nist4,4,20014,6.0,11.569999694824219,h4s,0,0.0,1CCFDEE781AFCCEA117F3164547C1DEAC44F799299F51C3BF989F1E558F4040A,0.11189575187385402,0.08581291944343851,0.043860310812104,2.55118465423584,161,0.021406932647183814,"[6.5, 19.5, 28.5, 41.0, 52.0, 64.0, 76.0]","[6.5, 18.0, 29.5, 41.0, 52.5, 64.0, 75.5]",0,0,0.5,"[10.5, 23.0, 34.5, 46.5, 57.5, 69.0]","[11.5, 23.0, 34.5, 46.0, 57.5, 69.0]",0,0,0.25
synthetic_nist4_4_6V,nist4,4,20014,6.0,11.569999694824219,equal4,0,0.0,9ED286029BEE413F052EBE0977008A896FE9F9F2095AC1181B8991F4069D2A10,0.11189745658727825,0.0858144807797041,0.0438609790167443,2.55118465423584,161,0.021401262477688168,"[6.5, 19.5, 28.5, 41.0, 52.0, 64.0, 76.0]","[6.5, 18.0, 29.5, 41.0, 52.5, 64.0, 75.5]",0,0,0.5,"[10.5, 23.0, 34.5, 46.5, 57.5, 69.0]","[11.5, 23.0, 34.5, 46.0, 57.5, 69.0]",0,0,0.25
synthetic_nist4_4_8V,nist4,4,20014,8.0,11.510000228881836,H1,0,0.0,5F10C59B0243B7AC8CC20C5D9D5CA8E97D4C3C44B1266D10AD38CACCF535F111,0.1780559708687301,0.14503921260652336,0.06517064311805351,2.732149973511696,161,-0.028598627295368207,"[6.5, 19.5, 28.0, 40.5, 52.5, 64.0, 74.5]","[18.5, 29.5, 41.0, 52.5, 64.0, 75.5]",1,0,0.6666666666666666,"[10.5, 23.0, 33.0, 46.0, 58.5, 69.5]","[23.0, 34.5, 46.0, 57.5, 69.0]",1,0,0.6
synthetic_nist4_4_8V,nist4,4,20014,8.0,11.510000228881836,G1,0,0.0,76A520E41E1561C68B7C28BDA0B9A26077F0B08E75A2E137553B0DE0788B0242,0.17809168057735536,0.14509140830834089,0.06518371330416023,2.732149973511696,161,-0.029565175277938754,"[6.5, 19.5, 28.0, 40.5, 52.5, 64.0, 74.5]","[18.5, 29.5, 41.0, 52.5, 64.0, 75.5]",1,0,0.6666666666666666,"[10.5, 23.0, 33.0, 46.0, 58.5, 69.5]","[23.0, 34.5, 46.0, 57.5, 69.0]",1,0,0.6
synthetic_nist4_4_8V,nist4,4,20014,8.0,11.510000228881836,C,0,0.0001,4127EC74096F23AA6AACAD0CAAB1A64157082D1C0B268DFC4BFD4C9ABC55F4AB,0.21408212131097978,0.17247757103918873,0.07835665076460464,2.732149973511696,161,-0.017819791858703454,"[6.5, 19.5, 28.0, 40.5, 52.5, 64.0, 74.5]","[7.0, 18.5, 29.5, 40.5, 52.0, 63.5, 75.5]",0,0,0.7142857142857143,"[10.5, 23.0, 33.0, 46.0, 58.5, 69.5]","[11.5, 23.0, 34.5, 46.0, 57.5, 69.5]",0,0,0.5833333333333334
synthetic_nist4_4_8V,nist4,4,20014,8.0,11.510000228881836,d1,0,0.0,0A9265D21DC9BCF167E374F418B9DA72D2A1B57530951805BA1AEC9C9B58DEAA,0.1902683215579072,0.15546037243991534,0.06964051146626879,2.732149973511696,161,0.0317223826712518,"[6.5, 19.5, 28.0, 40.5, 52.5, 64.0, 74.5]","[7.0, 18.5, 30.0, 41.0, 52.5, 64.0, 75.5]",0,0,0.7142857142857143,"[10.5, 23.0, 33.0, 46.0, 58.5, 69.5]","[11.5, 23.0, 34.5, 46.0, 57.5, 69.0]",0,0,0.6666666666666666
synthetic_nist4_4_8V,nist4,4,20014,8.0,11.510000228881836,g1,0,0.0,0D21862B69A2BD2EB0F928F7A97C159E7A965E9A5440A85FB6E001B90FB9F172,0.1925439640454311,0.15677270980447716,0.07047342419418867,2.732149973511696,161,0.04076923307332193,"[6.5, 19.5, 28.0, 40.5, 52.5, 64.0, 74.5]","[7.0, 18.5, 30.0, 41.0, 52.5, 64.0, 75.5]",0,0,0.7142857142857143,"[10.5, 23.0, 33.0, 46.0, 58.5, 69.5]","[11.5, 23.0, 34.5, 46.0, 57.5, 69.0]",0,0,0.6666666666666666
synthetic_nist4_4_8V,nist4,4,20014,8.0,11.510000228881836,d2,0,0.0,D1A9923CE565B0B234E8E00B7A7BB945B7390AC3F5ECC4AA2FFF5CDB003FB1ED,0.19251454961658385,0.15668135639627156,0.07046265815677037,2.732149973511696,161,0.041586010363994175,"[6.5, 19.5, 28.0, 40.5, 52.5, 64.0, 74.5]","[7.0, 18.5, 30.0, 41.0, 52.5, 64.0, 75.5]",0,0,0.7142857142857143,"[10.5, 23.0, 33.0, 46.0, 58.5, 69.5]","[11.5, 23.0, 34.5, 46.0, 57.5, 69.0]",0,0,0.6666666666666666
synthetic_nist4_4_8V,nist4,4,20014,8.0,11.510000228881836,d3,0,0.0,5CA00623EE88AB8E2C8F4AD561C815F9C393D72CD1600DC58A77FEED861056BA,0.1925388879909079,0.15669023318459158,0.07047156629671877,2.732149973511696,161,0.041617817910654206,"[6.5, 19.5, 28.0, 40.5, 52.5, 64.0, 74.5]","[7.0, 18.5, 30.0, 41.0, 52.5, 64.0, 75.5]",0,0,0.7142857142857143,"[10.5, 23.0, 33.0, 46.0, 58.5, 69.5]","[11.5, 23.0, 34.5, 46.0, 57.5, 69.0]",0,0,0.6666666666666666
synthetic_nist4_4_8V,nist4,4,20014,8.0,11.510000228881836,d4,0,0.0,B7F737DF60560FB3B855471FA63C9D394A748168478D859ED66DA07B97A7947E,0.19249165220436018,0.15665447681864597,0.07045427742641308,2.732149973511696,161,0.041476157534381615,"[6.5, 19.5, 28.0, 40.5, 52.5, 64.0, 74.5]","[7.0, 18.5, 30.0, 41.0, 52.5, 64.0, 75.5]",0,0,0.7142857142857143,"[10.5, 23.0, 33.0, 46.0, 58.5, 69.5]","[11.5, 23.0, 34.5, 46.0, 57.5, 69.0]",0,0,0.6666666666666666
synthetic_nist4_4_8V,nist4,4,20014,8.0,11.510000228881836,h4s,0,0.0,1344A0663411E1B136D69BADAEF4727A51DBC72519E5D197A2D2D68E89B09558,0.19250928703598072,0.15663513842021456,0.07046073198849478,2.732149973511696,161,0.041764482624412326,"[6.5, 19.5, 28.0, 40.5, 52.5, 64.0, 74.5]","[7.0, 18.5, 30.0, 41.0, 52.5, 64.0, 75.5]",0,0,0.7142857142857143,"[10.5, 23.0, 33.0, 46.0, 58.5, 69.5]","[11.5, 23.0, 34.5, 46.0, 57.5, 69.0]",0,0,0.6666666666666666
synthetic_nist4_4_8V,nist4,4,20014,8.0,11.510000228881836,equal4,0,0.0,B4EC54A98F87785E743F0800A63137C7FE7F4F606F58B17832127ADA8D6B85FF,0.19249997858824303,0.1566114827111271,0.0704573249838179,2.732149973511696,161,0.041825950353967474,"[6.5, 19.5, 28.0, 40.5, 52.5, 64.0, 74.5]","[7.0, 18.5, 29.5, 41.0, 52.5, 64.0, 75.5]",0,0,0.6428571428571429,"[10.5, 23.0, 33.0, 46.0, 58.5, 69.5]","[11.5, 23.0, 34.5, 46.0, 57.5, 69.0]",0,0,0.6666666666666666
synthetic_equal4_0_0V,equal4,0,20015,0.0,11.680000305175781,H1,0,0.0,C25F8E8EA41931E90F9A5BCCC93B57FBCB481E20302A0FCC46199ED1290817AC,0.18847463118281557,0.1558931255626336,0.05870617071445254,3.2104739397764206,161,-0.11074181257671914,"[6.0, 18.5, 29.5, 41.0, 52.0, 63.5, 75.5]","[18.0, 29.5, 41.0, 52.5, 64.0, 75.5]",1,0,0.25,"[10.0, 22.0, 34.5, 45.5, 58.0, 70.0]","[22.5, 34.0, 46.0, 57.5, 69.0]",1,0,0.6
synthetic_equal4_0_0V,equal4,0,20015,0.0,11.680000305175781,G1,0,0.0,D51DE240B1875522184EF3DEB21A741FC14F824951B5D5A91559C1ECE6BF045C,0.18510228853160965,0.15335928565122603,0.05765575176869378,3.2104739397764206,161,-0.10749375575181583,"[6.0, 18.5, 29.5, 41.0, 52.0, 63.5, 75.5]","[18.0, 29.5, 41.0, 52.5, 64.0, 75.5]",1,0,0.25,"[10.0, 22.0, 34.5, 45.5, 58.0, 70.0]","[22.5, 34.0, 46.0, 57.5, 69.0]",1,0,0.6
synthetic_equal4_0_0V,equal4,0,20015,0.0,11.680000305175781,C,0,0.0001,FD5F78F772F39F4E9279D39C09658C64D4A7AA403DC5DA7F333BDCD8BFEF00F7,0.13369245228670076,0.10358619277787783,0.041642590718556395,3.2104739397764206,161,0.003074923978528436,"[6.0, 18.5, 29.5, 41.0, 52.0, 63.5, 75.5]","[18.0, 29.5, 40.5, 52.0, 64.0, 76.0]",1,0,0.3333333333333333,"[10.0, 22.0, 34.5, 45.5, 58.0, 70.0]","[22.5, 34.0, 45.5, 57.5, 69.0]",1,0,0.5
synthetic_equal4_0_0V,equal4,0,20015,0.0,11.680000305175781,d1,0,0.0,C357A2D4F060E5EC2DF0606E6EACD9B9DC91F06A1ACB3F142F15613A598B3F09,0.13604707838572838,0.10410081002548892,0.04237601081265988,3.2104739397764206,161,0.02356495263679705,"[6.0, 18.5, 29.5, 41.0, 52.0, 63.5, 75.5]","[6.5, 18.0, 29.5, 41.0, 52.5, 64.0, 75.5]",0,0,0.2857142857142857,"[10.0, 22.0, 34.5, 45.5, 58.0, 70.0]","[11.0, 22.5, 34.0, 46.0, 57.5, 69.0]",0,0,0.6666666666666666
synthetic_equal4_0_0V,equal4,0,20015,0.0,11.680000305175781,g1,0,0.0,0ED8F1F835C08F9FD11270861315A8DF1381ADCCA869CA9F9AE8D1CE299E19FE,0.13920977932777198,0.10644463199532088,0.0433611304558562,3.2104739397764206,161,0.03700388565092631,"[6.0, 18.5, 29.5, 41.0, 52.0, 63.5, 75.5]","[6.5, 18.0, 29.5, 41.0, 52.5, 64.0, 75.5]",0,0,0.2857142857142857,"[10.0, 22.0, 34.5, 45.5, 58.0, 70.0]","[11.0, 22.5, 34.0, 46.0, 57.5, 69.0]",0,0,0.6666666666666666
synthetic_equal4_0_0V,equal4,0,20015,0.0,11.680000305175781,d2,0,0.0,794D9D2F6AB8559F2F7B6D5B4930710388365627F4D94354E32222BE53982C89,0.1388200207198923,0.10610119514572232,0.04323972825319361,3.2104739397764206,161,0.0350199396120419,"[6.0, 18.5, 29.5, 41.0, 52.0, 63.5, 75.5]","[6.5, 18.0, 29.5, 41.0, 52.5, 64.0, 75.5]",0,0,0.2857142857142857,"[10.0, 22.0, 34.5, 45.5, 58.0, 70.0]","[11.0, 22.5, 34.0, 46.0, 57.5, 69.0]",0,0,0.6666666666666666
synthetic_equal4_0_0V,equal4,0,20015,0.0,11.680000305175781,d3,0,0.0,B09140283145C056CBA9EDB40A4140988316F51756C653A473254C03891C21ED,0.1388309153960169,0.10610694176465366,0.04324312173226523,3.2104739397764206,161,0.03503471207718209,"[6.0, 18.5, 29.5, 41.0, 52.0, 63.5, 75.5]","[6.5, 18.0, 29.5, 41.0, 52.5, 64.0, 75.5]",0,0,0.2857142857142857,"[10.0, 22.0, 34.5, 45.5, 58.0, 70.0]","[11.0, 22.5, 34.0, 46.0, 57.5, 69.0]",0,0,0.6666666666666666
synthetic_equal4_0_0V,equal4,0,20015,0.0,11.680000305175781,d4,0,0.0,8A485DC4D7FACEA5A978AAEFD64536A4EFB93C111E279619E84F6ED43C7F081B,0.13877604613993905,0.10610149733386702,0.04322603102942599,3.2104739397764206,161,0.03500179416262863,"[6.0, 18.5, 29.5, 41.0, 52.0, 63.5, 75.5]","[6.5, 18.0, 29.5, 41.0, 52.5, 64.0, 75.5]",0,0,0.2857142857142857,"[10.0, 22.0, 34.5, 45.5, 58.0, 70.0]","[11.0, 22.5, 34.0, 46.0, 57.5, 69.0]",0,0,0.6666666666666666
synthetic_equal4_0_0V,equal4,0,20015,0.0,11.680000305175781,h4s,0,0.0,6A0513E372BC0BA14AC1A295868F1AD542963A240803C8A6D10ED4AE68F6ACE3,0.13881299012267265,0.10613696061664764,0.04323753835931765,3.2104739397764206,161,0.03496076358389688,"[6.0, 18.5, 29.5, 41.0, 52.0, 63.5, 75.5]","[6.5, 18.0, 29.5, 41.0, 52.5, 64.0, 75.5]",0,0,0.2857142857142857,"[10.0, 22.0, 34.5, 45.5, 58.0, 70.0]","[11.0, 22.5, 34.0, 46.0, 57.5, 69.0]",0,0,0.6666666666666666
synthetic_equal4_0_0V,equal4,0,20015,0.0,11.680000305175781,equal4,0,0.0,0D8B25A877003A17150190F38A5A6CEEE03AD7D6A9E45F6C547FC303C8A8E06C,0.13880537425742964,0.10613200077439965,0.04323516616587025,3.2104739397764206,161,0.03494766122887131,"[6.0, 18.5, 29.5, 41.0, 52.0, 63.5, 75.5]","[6.5, 18.0, 29.5, 41.0, 52.5, 64.0, 75.5]",0,0,0.2857142857142857,"[10.0, 22.0, 34.5, 45.5, 58.0, 70.0]","[11.0, 22.5, 34.0, 46.0, 57.5, 69.0]",0,0,0.6666666666666666
synthetic_equal4_0_4V,equal4,0,20015,4.0,11.670000076293945,H1,0,0.0,C5BAD1D99F9FD3E34B9908121CAAE3EC780DBBA131D9D2A534A3BCE3EDF68338,0.1296264298634498,0.10447837261957411,0.04431753155630856,2.9249469749629498,161,-0.02247873816338385,"[17.5, 29.5, 40.0, 53.0, 63.5, 75.0]","[18.0, 29.5, 41.0, 52.5, 64.0, 75.5]",0,0,0.5,"[21.5, 33.0, 45.0, 58.0, 69.5]","[22.5, 34.5, 46.0, 57.5, 69.5]",0,0,0.8
synthetic_equal4_0_4V,equal4,0,20015,4.0,11.670000076293945,G1,0,0.0,6A1748E506FBE7C2B1500E0F22AC424487143646903479E3808BD39B77633A9B,0.1299605924203221,0.10479032299163178,0.044431777236566244,2.9249469749629498,161,-0.021693515203754354,"[17.5, 29.5, 40.0, 53.0, 63.5, 75.0]","[18.0, 29.5, 41.0, 52.5, 64.0, 75.5]",0,0,0.5,"[21.5, 33.0, 45.0, 58.0, 69.5]","[22.5, 34.5, 46.0, 57.5, 69.5]",0,0,0.8
synthetic_equal4_0_4V,equal4,0,20015,4.0,11.670000076293945,C,0,0.0001,5B6F732D1CB14AA3E2B94023F311468B650A6ABE421179AB35F638E7873669BC,0.15015342937537401,0.11551187724245261,0.0513354363893301,2.9249469749629498,161,0.011289931648636457,"[17.5, 29.5, 40.0, 53.0, 63.5, 75.0]","[6.5, 18.0, 29.5, 40.5, 52.0, 64.0, 75.5]",0,1,0.5,"[21.5, 33.0, 45.0, 58.0, 69.5]","[11.0, 22.5, 34.5, 46.0, 57.5, 69.5]",0,1,0.8
synthetic_equal4_0_4V,equal4,0,20015,4.0,11.670000076293945,d1,0,0.0,FCFE4322C9E706DA7ADB6117CEDA384754EF1EE9BEBE018E37F3ED6E0CCF9554,0.14813315519266604,0.11945897780405068,0.050644731839811365,2.9249469749629498,161,0.06997325641583212,"[17.5, 29.5, 40.0, 53.0, 63.5, 75.0]","[6.5, 18.0, 29.5, 41.0, 52.5, 64.0, 75.5]",0,1,0.5,"[21.5, 33.0, 45.0, 58.0, 69.5]","[11.0, 22.5, 34.5, 46.0, 57.5, 69.5]",0,1,0.8
synthetic_equal4_0_4V,equal4,0,20015,4.0,11.670000076293945,g1,0,0.0,95D0DC8F1BA23F6EC5426A5DAE754A9278E163EAC4C51BE382A15F85FD472BF4,0.15302108381541238,0.12329921251313286,0.052315848842815586,2.9249469749629498,161,0.07878903253293186,"[17.5, 29.5, 40.0, 53.0, 63.5, 75.0]","[6.5, 18.0, 29.5, 41.0, 52.5, 64.0, 75.5]",0,1,0.5,"[21.5, 33.0, 45.0, 58.0, 69.5]","[11.0, 22.5, 34.5, 46.0, 57.5, 69.5]",0,1,0.8
synthetic_equal4_0_4V,equal4,0,20015,4.0,11.670000076293945,d2,0,0.0,52EA485FCB7818E1278E78C37025D35380475FD3D942E409ECFA11682FF30064,0.1526907053854993,0.12302463538713337,0.052202896904629675,2.9249469749629498,161,0.07846695550295137,"[17.5, 29.5, 40.0, 53.0, 63.5, 75.0]","[6.5, 18.0, 29.5, 41.0, 52.5, 64.0, 75.5]",0,1,0.5,"[21.5, 33.0, 45.0, 58.0, 69.5]","[11.0, 22.5, 34.5, 46.0, 57.5, 69.5]",0,1,0.8
synthetic_equal4_0_4V,equal4,0,20015,4.0,11.670000076293945,d3,0,0.0,7C8CA30CFE3000EA3493C230E0F9DFD3F82EE7FA946040D82B91CE8574893FD6,0.15277205895974819,0.12308864371839517,0.05223071059661974,2.9249469749629498,161,0.07860726560032145,"[17.5, 29.5, 40.0, 53.0, 63.5, 75.0]","[6.5, 18.0, 29.5, 41.0, 52.5, 64.0, 75.5]",0,1,0.5,"[21.5, 33.0, 45.0, 58.0, 69.5]","[11.0, 22.5, 34.5, 46.0, 57.5, 69.5]",0,1,0.8
synthetic_equal4_0_4V,equal4,0,20015,4.0,11.670000076293945,d4,0,0.0,1708D0BBE5ABE0713D0FFD0070D66407FF4A437CE5CCA1C475509D343F47E2E3,0.15259991632779885,0.12297142718149268,0.0521718573478522,2.9249469749629498,161,0.07840116895874094,"[17.5, 29.5, 40.0, 53.0, 63.5, 75.0]","[6.5, 18.0, 29.5, 41.0, 52.5, 64.0, 75.5]",0,1,0.5,"[21.5, 33.0, 45.0, 58.0, 69.5]","[11.0, 22.5, 34.5, 46.0, 57.5, 69.5]",0,1,0.8
synthetic_equal4_0_4V,equal4,0,20015,4.0,11.670000076293945,h4s,0,0.0,2B7F7F39158935110583FF5F5B439E1FD5E56700935C6B17A6713C71D9910861,0.15270506144541565,0.12305628695750828,0.05220780504827783,2.9249469749629498,161,0.07843637570553685,"[17.5, 29.5, 40.0, 53.0, 63.5, 75.0]","[6.5, 18.0, 29.5, 41.0, 52.5, 64.0, 75.5]",0,1,0.5,"[21.5, 33.0, 45.0, 58.0, 69.5]","[11.0, 22.5, 34.5, 46.0, 57.5, 69.5]",0,1,0.8
synthetic_equal4_0_4V,equal4,0,20015,4.0,11.670000076293945,equal4,0,0.0,EA3DEBB0A39841778177A5C5A7C65380ABA3E5B04E031ECE72AA28BCC8AB7E25,0.1527005435606638,0.1230530417437509,0.05220626044429337,2.9249469749629498,161,0.07843235868567265,"[17.5, 29.5, 40.0, 53.0, 63.5, 75.0]","[6.5, 18.0, 29.5, 41.0, 52.5, 64.0, 75.5]",0,1,0.5,"[21.5, 33.0, 45.0, 58.0, 69.5]","[11.0, 22.5, 34.5, 46.0, 57.5, 69.5]",0,1,0.8
synthetic_equal4_0_6V,equal4,0,20015,6.0,11.600000381469727,H1,0,0.0,ECBBE2FBA56BBDF957F3AFB32878CE3AAE4CBB3E24AEAEBBB857B6797FB1997E,0.11936839954397592,0.09844339830129877,0.043896150855093685,2.719336370471865,161,-0.014139692313529505,"[6.0, 17.5, 29.0, 40.0, 52.0, 64.0, 75.5]","[18.0, 29.5, 41.0, 52.5, 64.0, 75.5]",1,0,0.4166666666666667,"[10.5, 22.5, 34.5, 46.0, 58.0, 69.0]","[22.5, 34.5, 46.0, 57.5, 69.0]",1,0,0.1
synthetic_equal4_0_6V,equal4,0,20015,6.0,11.600000381469727,G1,0,0.0,411F7179AF5A871FD7A5CD82231B10144B4AAB7CEA82697D674640E9A50B85FC,0.11905197170807072,0.09803409875885392,0.043779788701687014,2.719336370471865,161,-0.01447561590047264,"[6.0, 17.5, 29.0, 40.0, 52.0, 64.0, 75.5]","[18.0, 29.5, 41.0, 52.5, 64.0, 75.5]",1,0,0.4166666666666667,"[10.5, 22.5, 34.5, 46.0, 58.0, 69.0]","[22.5, 34.5, 46.0, 57.5, 69.0]",1,0,0.1
synthetic_equal4_0_6V,equal4,0,20015,6.0,11.600000381469727,C,0,0.0001,E0DA5908DA5EB03080A71842395FF1F22A5C905B6F03FEA07A92D4911F80A51C,0.14673813642694813,0.11629288278300293,0.053961009759703187,2.719336370471865,161,-0.0003063532014764984,"[6.0, 17.5, 29.0, 40.0, 52.0, 64.0, 75.5]","[6.5, 18.0, 29.5, 40.5, 52.0, 63.5, 75.5]",0,0,0.35714285714285715,"[10.5, 22.5, 34.5, 46.0, 58.0, 69.0]","[11.0, 22.5, 34.5, 46.0, 57.5, 69.0]",0,0,0.16666666666666666
synthetic_equal4_0_6V,equal4,0,20015,6.0,11.600000381469727,d1,0,0.0,B1365C245EDB490DF71A415BFD699D52738BFD3F0CA27E468458B0E824757CDA,0.14084619521195207,0.10535193070688326,0.05179432627068204,2.719336370471865,161,0.054746935482466626,"[6.0, 17.5, 29.0, 40.0, 52.0, 64.0, 75.5]","[7.0, 18.5, 29.5, 40.5, 52.0, 63.5, 75.5]",0,0,0.5,"[10.5, 22.5, 34.5, 46.0, 58.0, 69.0]","[11.5, 23.0, 34.5, 46.0, 57.5, 69.0]",0,0,0.3333333333333333
synthetic_equal4_0_6V,equal4,0,20015,6.0,11.600000381469727,g1,0,0.0,D88C1579AE132B6E6FF4BC60FD6F494B131710D78767CE55B58E741FD79BD8CE,0.14467750175997016,0.10736616451281661,0.05320323860297776,2.719336370471865,161,0.06285674812457298,"[6.0, 17.5, 29.0, 40.0, 52.0, 64.0, 75.5]","[7.0, 18.5, 29.5, 40.5, 52.0, 63.5, 75.5]",0,0,0.5,"[10.5, 22.5, 34.5, 46.0, 58.0, 69.0]","[11.5, 23.0, 34.5, 46.0, 57.5, 69.0]",0,0,0.3333333333333333
synthetic_equal4_0_6V,equal4,0,20015,6.0,11.600000381469727,d2,0,0.0,2FDF5BCF4AC48F043609BEADE712C31B3A70CB35A64E6F95C0C82D71B66E1FE4,0.1448870361998119,0.10729222297263534,0.053280292123136945,2.719336370471865,161,0.06317397930387476,"[6.0, 17.5, 29.0, 40.0, 52.0, 64.0, 75.5]","[7.0, 18.5, 29.5, 40.5, 52.0, 63.5, 75.5]",0,0,0.5,"[10.5, 22.5, 34.5, 46.0, 58.0, 69.0]","[11.5, 23.0, 34.5, 46.0, 57.5, 69.0]",0,0,0.3333333333333333
synthetic_equal4_0_6V,equal4,0,20015,6.0,11.600000381469727,d3,0,0.0,88FAB1D8AE2A8283FE3E838ADC8D3BBB6CF158FC196BEA7B87F22A571705EB78,0.14494733181499286,0.1073215346673492,0.05330246503849809,2.719336370471865,161,0.06329781281246995,"[6.0, 17.5, 29.0, 40.0, 52.0, 64.0, 75.5]","[7.0, 18.5, 29.5, 40.5, 52.0, 63.5, 75.5]",0,0,0.5,"[10.5, 22.5, 34.5, 46.0, 58.0, 69.0]","[11.5, 23.0, 34.5, 46.0, 57.5, 69.0]",0,0,0.3333333333333333
synthetic_equal4_0_6V,equal4,0,20015,6.0,11.600000381469727,d4,0,0.0,8D22CD4E54B77650F669AAD0F5F5921865E3CB5963B9EA91BE5A04554B305303,0.1448538531241463,0.10724694523902506,0.053268089485748675,2.719336370471865,161,0.06314537293850357,"[6.0, 17.5, 29.0, 40.0, 52.0, 64.0, 75.5]","[7.0, 18.5, 29.5, 40.5, 52.0, 63.5, 75.5]",0,0,0.5,"[10.5, 22.5, 34.5, 46.0, 58.0, 69.0]","[11.5, 23.0, 34.5, 46.0, 57.5, 69.0]",0,0,0.3333333333333333
synthetic_equal4_0_6V,equal4,0,20015,6.0,11.600000381469727,h4s,0,0.0,D441EA3321CB03FAF8340A94CD6CD0D591DB902CE7B7946FC4495BA2CF159AF5,0.1449549410544761,0.10740702052351943,0.05330526323572218,2.719336370471865,161,0.06315262235342438,"[6.0, 17.5, 29.0, 40.0, 52.0, 64.0, 75.5]","[7.0, 18.5, 29.5, 40.5, 52.0, 63.5, 75.5]",0,0,0.5,"[10.5, 22.5, 34.5, 46.0, 58.0, 69.0]","[11.5, 23.0, 34.5, 46.0, 57.5, 69.0]",0,0,0.3333333333333333
synthetic_equal4_0_6V,equal4,0,20015,6.0,11.600000381469727,equal4,0,0.0,0018B84399D0DA8B37F9503D90BED0DDFC90B7D08FAE74A4BB1CB9AD26518CCB,0.14494417022628514,0.10738866609920349,0.05330130240604774,2.719336370471865,161,0.06315933464395797,"[6.0, 17.5, 29.0, 40.0, 52.0, 64.0, 75.5]","[7.0, 18.5, 29.5, 40.5, 52.0, 63.5, 75.5]",0,0,0.5,"[10.5, 22.5, 34.5, 46.0, 58.0, 69.0]","[11.5, 23.0, 34.5, 46.0, 57.5, 69.0]",0,0,0.3333333333333333
synthetic_equal4_0_8V,equal4,0,20015,8.0,11.699999809265137,H1,0,0.0,DFC3CD174FB7B7DBFFD3D1939ED6EDD05C0CF14F8DB7F7072777DCAF4878AD24,0.19789989735236024,0.16254955512812788,0.06760628642744236,2.9272410571575165,161,-0.035512772949863665,"[7.5, 19.5, 29.0, 42.0, 51.5, 63.5, 75.5]","[6.0, 17.5, 29.0, 40.5, 52.0, 64.0, 75.5]",0,0,0.8571428571428571,"[6.0, 10.5, 23.5, 34.0, 46.0, 57.5, 69.0]","[10.5, 22.5, 34.0, 46.0, 57.5, 69.5]",1,0,0.25
synthetic_equal4_0_8V,equal4,0,20015,8.0,11.699999809265137,G1,0,0.0,662C96EE182FA6E44DE3A4E3E388725D796DA661070304D3E5EC28C76DE679E5,0.1990169116609494,0.16351048008579275,0.06798787929484831,2.9272410571575165,161,-0.03692351976953308,"[7.5, 19.5, 29.0, 42.0, 51.5, 63.5, 75.5]","[6.0, 17.5, 29.0, 40.5, 52.0, 64.0, 75.5]",0,0,0.8571428571428571,"[6.0, 10.5, 23.5, 34.0, 46.0, 57.5, 69.0]","[10.5, 22.5, 34.0, 46.0, 57.5, 69.5]",1,0,0.25
synthetic_equal4_0_8V,equal4,0,20015,8.0,11.699999809265137,C,0,0.0001,269DC9CC132CCB3B23ED4D4F9842CA4E9EDC27EBA70072962D78A27690874644,0.2400308115552245,0.2020650033301078,0.08199899047204035,2.9272410571575165,161,-0.019421600846585278,"[7.5, 19.5, 29.0, 42.0, 51.5, 63.5, 75.5]","[6.0, 17.5, 29.0, 40.5, 52.0, 63.5, 75.5]",0,0,0.7857142857142857,"[6.0, 10.5, 23.5, 34.0, 46.0, 57.5, 69.0]","[11.0, 22.5, 34.0, 46.0, 57.5, 69.5]",1,0,0.3333333333333333
synthetic_equal4_0_8V,equal4,0,20015,8.0,11.699999809265137,d1,0,0.0,B500340E4DE7003D0CE8636FE0B0436A9262BAE0E4F4DBE10D4113257E292064,0.20036310743475516,0.16513278100477613,0.06844776481418882,2.9272410571575165,161,0.05111403125829948,"[7.5, 19.5, 29.0, 42.0, 51.5, 63.5, 75.5]","[6.0, 18.0, 29.5, 40.5, 52.0, 64.0, 75.5]",0,0,0.8571428571428571,"[6.0, 10.5, 23.5, 34.0, 46.0, 57.5, 69.0]","[11.0, 22.5, 34.5, 46.0, 57.5, 69.5]",1,0,0.4166666666666667
synthetic_equal4_0_8V,equal4,0,20015,8.0,11.699999809265137,g1,0,0.0,DB770EB5D0B6268E5107D525E48FBE1810AB6768BA1708490F0BEF867E98973A,0.20132812617856405,0.16557839712972597,0.068777433169123,2.9272410571575165,161,0.0551256935071686,"[7.5, 19.5, 29.0, 42.0, 51.5, 63.5, 75.5]","[6.0, 18.0, 29.5, 40.5, 52.0, 64.0, 75.5]",0,0,0.8571428571428571,"[6.0, 10.5, 23.5, 34.0, 46.0, 57.5, 69.0]","[11.0, 22.5, 34.5, 46.0, 57.5, 69.5]",1,0,0.4166666666666667
synthetic_equal4_0_8V,equal4,0,20015,8.0,11.699999809265137,d2,0,0.0,7916F42094C823AAA4810F67FCB2C04F3DED5F02AB4A6476C343AA7A530ECA73,0.20076431100014525,0.1649261296882948,0.06858482341563508,2.9272410571575165,161,0.05600535428810934,"[7.5, 19.5, 29.0, 42.0, 51.5, 63.5, 75.5]","[6.0, 18.0, 29.5, 40.5, 52.0, 64.0, 75.5]",0,0,0.8571428571428571,"[6.0, 10.5, 23.5, 34.0, 46.0, 57.5, 69.0]","[11.0, 22.5, 34.5, 46.0, 57.5, 69.5]",1,0,0.4166666666666667
synthetic_equal4_0_8V,equal4,0,20015,8.0,11.699999809265137,d3,0,0.0,82AA3A22361DF03E9612EE2B9B310C42975D7265B89418058C26A668B42E1E9B,0.20075444203083884,0.16492131418369202,0.06858145199212957,2.9272410571575165,161,0.056034306110524984,"[7.5, 19.5, 29.0, 42.0, 51.5, 63.5, 75.5]","[6.0, 18.0, 29.5, 40.5, 52.0, 64.0, 75.5]",0,0,0.8571428571428571,"[6.0, 10.5, 23.5, 34.0, 46.0, 57.5, 69.0]","[11.0, 22.5, 34.5, 46.0, 57.5, 69.5]",1,0,0.4166666666666667
synthetic_equal4_0_8V,equal4,0,20015,8.0,11.699999809265137,d4,0,0.0,31061FFDA6DA210ACD5DD5AE33645D7D24A216D66487BDCC7F44CBCBC3C801A0,0.20071663809811732,0.16488489720345653,0.06856853746545297,2.9272410571575165,161,0.05605035584119166,"[7.5, 19.5, 29.0, 42.0, 51.5, 63.5, 75.5]","[6.0, 18.0, 29.5, 40.5, 52.0, 64.0, 75.5]",0,0,0.8571428571428571,"[6.0, 10.5, 23.5, 34.0, 46.0, 57.5, 69.0]","[11.0, 22.5, 34.5, 46.0, 57.5, 69.5]",1,0,0.4166666666666667
synthetic_equal4_0_8V,equal4,0,20015,8.0,11.699999809265137,h4s,0,0.0,F4BF3409E7779D961779971BC49134DE6A3361FE8490CFF195AB55CD5438BCE9,0.2006098132883516,0.16473280549373315,0.0685320441231966,2.9272410571575165,161,0.056138436605008495,"[7.5, 19.5, 29.0, 42.0, 51.5, 63.5, 75.5]","[6.0, 18.0, 29.5, 40.5, 52.0, 64.0, 75.5]",0,0,0.8571428571428571,"[6.0, 10.5, 23.5, 34.0, 46.0, 57.5, 69.0]","[11.0, 22.5, 34.5, 46.0, 57.5, 69.5]",1,0,0.4166666666666667
synthetic_equal4_0_8V,equal4,0,20015,8.0,11.699999809265137,equal4,0,0.0,D496921C497BF680AC73CFA7C209093D33D4E3A747E8E446B3F3FDC4AFD365DA,0.20066011935296688,0.16478500891222347,0.06854922961070276,2.9272410571575165,161,0.056068263543040855,"[7.5, 19.5, 29.0, 42.0, 51.5, 63.5, 75.5]","[6.0, 18.0, 29.5, 40.5, 52.0, 64.0, 75.5]",0,0,0.8571428571428571,"[6.0, 10.5, 23.5, 34.0, 46.0, 57.5, 69.0]","[11.0, 22.5, 34.5, 46.0, 57.5, 69.5]",1,0,0.4166666666666667
synthetic_equal4_1_0V,equal4,1,20016,0.0,11.770000457763672,H1,0,0.0,18E84C323202557C98937AE268EED363CF71F71E63DE1031C34CB96E36AA4494,0.21496968604926628,0.17628616802625774,0.07636833909311583,2.814905870705843,161,-0.10982952891669659,"[7.0, 19.5, 28.5, 42.0, 53.0, 65.0, 77.0]","[17.5, 29.0, 40.5, 52.5, 64.0, 76.0]",1,0,1.0833333333333333,"[15.0, 24.0, 34.5, 46.0, 59.0, 69.5]","[22.0, 34.0, 46.0, 57.5, 69.5]",1,0,0.8
synthetic_equal4_1_0V,equal4,1,20016,0.0,11.770000457763672,G1,0,0.0,D90B344127030E6C5E24B9143FD6134A7DB6D30840140B2916B59EF2FAA37768,0.2130063324655967,0.17510383393360962,0.07567085446171064,2.814905870705843,161,-0.10752215567305222,"[7.0, 19.5, 28.5, 42.0, 53.0, 65.0, 77.0]","[17.5, 29.0, 40.5, 52.5, 64.0, 76.0]",1,0,1.0833333333333333,"[15.0, 24.0, 34.5, 46.0, 59.0, 69.5]","[22.0, 34.0, 46.0, 57.5, 69.5]",1,0,0.8
synthetic_equal4_1_0V,equal4,1,20016,0.0,11.770000457763672,C,0,0.0001,E5A0CF85D6B9C981D4A82CB59BE75729141310241A2F393F8A93F68F21DF28CB,0.16810523055879667,0.141504482614883,0.05971966320729722,2.814905870705843,161,0.005151769181030877,"[7.0, 19.5, 28.5, 42.0, 53.0, 65.0, 77.0]","[17.5, 29.5, 40.5, 52.0, 64.0, 76.0]",1,0,1.25,"[15.0, 24.0, 34.5, 46.0, 59.0, 69.5]","[22.0, 34.0, 45.5, 57.5, 69.0]",1,0,1.0
synthetic_equal4_1_0V,equal4,1,20016,0.0,11.770000457763672,d1,0,0.0,8A28BDFCFC9C2932E80EDA7FB3A75DC0A3C68FA25DDC14FF68FA025855DA55DB,0.1763501998428046,0.14248863063891481,0.06264870228096986,2.814905870705843,161,0.032204307176126455,"[7.0, 19.5, 28.5, 42.0, 53.0, 65.0, 77.0]","[6.0, 17.5, 29.5, 40.5, 52.5, 64.0, 76.0]",0,0,1.1428571428571428,"[15.0, 24.0, 34.5, 46.0, 59.0, 69.5]","[10.5, 22.0, 34.0, 45.5, 57.5, 69.5]",1,1,0.9
synthetic_equal4_1_0V,equal4,1,20016,0.0,11.770000457763672,g1,0,0.0,2B76126CB39217A875E1F96D3017EED669F48652A3C04749A1E2C3DB0E238002,0.1795906947371213,0.14497201674565766,0.06379989349060848,2.814905870705843,161,0.043316765624729005,"[7.0, 19.5, 28.5, 42.0, 53.0, 65.0, 77.0]","[6.0, 17.5, 29.5, 40.5, 52.5, 64.0, 76.0]",0,0,1.1428571428571428,"[15.0, 24.0, 34.5, 46.0, 59.0, 69.5]","[10.5, 22.0, 34.0, 45.5, 57.5, 69.5]",1,1,0.9
synthetic_equal4_1_0V,equal4,1,20016,0.0,11.770000457763672,d2,0,0.0,C391E018A9BC025A543C1A0D06176AD9247FDBED75BFECE05D2CCD9A10ECA56C,0.17949184884716804,0.14470540803874501,0.0637647783235324,2.814905870705843,161,0.04228720080500804,"[7.0, 19.5, 28.5, 42.0, 53.0, 65.0, 77.0]","[6.0, 17.5, 29.5, 40.5, 52.5, 64.0, 76.0]",0,0,1.1428571428571428,"[15.0, 24.0, 34.5, 46.0, 59.0, 69.5]","[10.5, 22.0, 34.0, 45.5, 57.5, 69.5]",1,1,0.9
synthetic_equal4_1_0V,equal4,1,20016,0.0,11.770000457763672,d3,0,0.0,0968D8190B266045A69B725CFE19D6D37E6F1380BD047B885C3ED4F2175BEBBB,0.17949382760571003,0.14470441715780252,0.06376548128080091,2.814905870705843,161,0.0423178742437259,"[7.0, 19.5, 28.5, 42.0, 53.0, 65.0, 77.0]","[6.0, 17.5, 29.5, 40.5, 52.5, 64.0, 76.0]",0,0,1.1428571428571428,"[15.0, 24.0, 34.5, 46.0, 59.0, 69.5]","[10.5, 22.0, 34.0, 45.5, 57.5, 69.5]",1,1,0.9
synthetic_equal4_1_0V,equal4,1,20016,0.0,11.770000457763672,d4,0,0.0,5F0969344DDB2A98D355B4A51E31AC6CAA0B65E01B80A75F841F3885577BD4B5,0.1795384635891288,0.14475409887869906,0.06378133828827079,2.814905870705843,161,0.04248998890289609,"[7.0, 19.5, 28.5, 42.0, 53.0, 65.0, 77.0]","[6.0, 17.5, 29.5, 40.5, 52.5, 64.0, 76.0]",0,0,1.1428571428571428,"[15.0, 24.0, 34.5, 46.0, 59.0, 69.5]","[10.5, 22.0, 34.0, 45.5, 57.5, 69.5]",1,1,0.9
synthetic_equal4_1_0V,equal4,1,20016,0.0,11.770000457763672,h4s,0,0.0,1AAC4BAF23C9E96881C7BDEDA9548A25A5E1C599E7E76F67393A10CA8613A4EE,0.17939538392605722,0.14460449964270827,0.06373050899960413,2.814905870705843,161,0.042092330684387905,"[7.0, 19.5, 28.5, 42.0, 53.0, 65.0, 77.0]","[6.0, 17.5, 29.5, 40.5, 52.5, 64.0, 76.0]",0,0,1.1428571428571428,"[15.0, 24.0, 34.5, 46.0, 59.0, 69.5]","[10.5, 22.0, 34.0, 45.5, 57.5, 69.5]",1,1,0.9
synthetic_equal4_1_0V,equal4,1,20016,0.0,11.770000457763672,equal4,0,0.0,37A6C44A8C119265000FB67ADEB58C3E710347EF1D99909D8D583B13ED4D2411,0.1793963180020561,0.14460611914903482,0.06373084083165884,2.814905870705843,161,0.04210147981225334,"[7.0, 19.5, 28.5, 42.0, 53.0, 65.0, 77.0]","[6.0, 17.5, 29.5, 40.5, 52.5, 64.0, 76.0]",0,0,1.1428571428571428,"[15.0, 24.0, 34.5, 46.0, 59.0, 69.5]","[10.5, 22.0, 34.0, 45.5, 57.5, 69.5]",1,1,0.9
synthetic_equal4_1_4V,equal4,1,20016,4.0,11.739999771118164,H1,0,0.0,A1E88442FCF8073FB5F77A3AA6E27EB72463ED6B11A668A351C614B3E07FA97B,0.16063891398202115,0.1322259240963074,0.052005358863383054,3.0888915583491325,161,-0.03828514476092706,"[17.5, 29.0, 41.5, 52.5, 64.0, 75.5]","[18.0, 29.5, 41.0, 52.5, 64.0, 76.0]",0,0,0.3333333333333333,"[7.5, 22.0, 34.5, 46.0, 57.0, 69.0]","[22.5, 34.0, 46.0, 58.0, 69.5]",1,0,0.5
synthetic_equal4_1_4V,equal4,1,20016,4.0,11.739999771118164,G1,0,0.0,548137D27690CE043F06097744D37CBA4F26D03AC6D368999B2EC81E03AC47A1,0.16099867924751515,0.13252354397074037,0.052121829532132034,3.0888915583491325,161,-0.03802548323451362,"[17.5, 29.0, 41.5, 52.5, 64.0, 75.5]","[18.0, 29.5, 41.0, 52.5, 64.0, 76.0]",0,0,0.3333333333333333,"[7.5, 22.0, 34.5, 46.0, 57.0, 69.0]","[22.5, 34.0, 46.0, 58.0, 69.5]",1,0,0.5
synthetic_equal4_1_4V,equal4,1,20016,4.0,11.739999771118164,C,0,0.0001,9FE206DD1A8A5484EE344BFEFBDE36C88B90E5DE89A547C4B574CC241F614BD3,0.1824872597162772,0.14521903144369214,0.05907855820416307,3.0888915583491325,161,-0.0032888831142683208,"[17.5, 29.0, 41.5, 52.5, 64.0, 75.5]","[18.0, 29.5, 40.5, 52.0, 64.0, 76.0]",0,0,0.5,"[7.5, 22.0, 34.5, 46.0, 57.0, 69.0]","[22.5, 34.5, 46.0, 57.5, 69.5]",1,0,0.3
synthetic_equal4_1_4V,equal4,1,20016,4.0,11.739999771118164,d1,0,0.0,97893038F4898109CB399163BE13A5E21090DD5B430D86B1404BDBBE4EDFAE7F,0.16839515885124545,0.13772219588390047,0.05451637121933952,3.0888915583491325,161,0.07121534564572832,"[17.5, 29.0, 41.5, 52.5, 64.0, 75.5]","[6.5, 18.0, 29.5, 41.0, 52.5, 64.0, 76.0]",0,1,0.3333333333333333,"[7.5, 22.0, 34.5, 46.0, 57.0, 69.0]","[11.0, 22.5, 34.5, 46.0, 57.5, 69.5]",1,1,0.3
synthetic_equal4_1_4V,equal4,1,20016,4.0,11.739999771118164,g1,0,0.0,CBCD54B04A8DA136C9E639B439991FD8FA160BA2CB64AFC8DFBDE10475A3526C,0.17227213436606578,0.14108201345394117,0.055771506092670065,3.0888915583491325,161,0.08078334792893126,"[17.5, 29.0, 41.5, 52.5, 64.0, 75.5]","[6.5, 18.0, 29.5, 41.0, 52.5, 64.0, 76.0]",0,1,0.3333333333333333,"[7.5, 22.0, 34.5, 46.0, 57.0, 69.0]","[11.0, 22.5, 34.5, 46.0, 57.5, 69.5]",1,1,0.3
synthetic_equal4_1_4V,equal4,1,20016,4.0,11.739999771118164,d2,0,0.0,CBFEB01902D941EB8DA23F233532ABABD366661F388AFF2840D30028AEB74C31,0.1720711532683359,0.14101579167550396,0.055706440325894724,3.0888915583491325,161,0.08103260761184722,"[17.5, 29.0, 41.5, 52.5, 64.0, 75.5]","[6.5, 18.0, 29.5, 41.0, 52.5, 64.0, 76.0]",0,1,0.3333333333333333,"[7.5, 22.0, 34.5, 46.0, 57.0, 69.0]","[11.0, 22.5, 34.5, 46.0, 57.5, 69.5]",1,1,0.3
synthetic_equal4_1_4V,equal4,1,20016,4.0,11.739999771118164,d3,0,0.0,B0D0CDE1F39501488ADE32A361239DFAC1FB43A0FBED3FC62F540CDC2FAA3F9F,0.17205352365023122,0.1409999973007611,0.05570073290050549,3.0888915583491325,161,0.08104067874250945,"[17.5, 29.0, 41.5, 52.5, 64.0, 75.5]","[6.5, 18.0, 29.5, 41.0, 52.5, 64.0, 76.0]",0,1,0.3333333333333333,"[7.5, 22.0, 34.5, 46.0, 57.0, 69.0]","[11.0, 22.5, 34.5, 46.0, 57.5, 69.5]",1,1,0.3
synthetic_equal4_1_4V,equal4,1,20016,4.0,11.739999771118164,d4,0,0.0,6240A6781605C3601892613CA701C13A72C0AF06AD032532C1FB1E5D1A1BD26F,0.17222712804135284,0.14113246195990106,0.05575693571236931,3.0888915583491325,161,0.08122964046016243,"[17.5, 29.0, 41.5, 52.5, 64.0, 75.5]","[6.5, 18.0, 29.5, 41.0, 52.5, 64.0, 76.0]",0,1,0.3333333333333333,"[7.5, 22.0, 34.5, 46.0, 57.0, 69.0]","[11.0, 22.5, 34.5, 46.0, 57.5, 69.5]",1,1,0.3
synthetic_equal4_1_4V,equal4,1,20016,4.0,11.739999771118164,h4s,0,0.0,871776787FF9408E587B945D2B6B3397A2B56EE07777C2A496CF51980BCDD5CB,0.17199587165832925,0.1409496116619673,0.05568206860271034,3.0888915583491325,161,0.0809737374508603,"[17.5, 29.0, 41.5, 52.5, 64.0, 75.5]","[6.5, 18.0, 29.5, 41.0, 52.5, 64.0, 76.0]",0,1,0.3333333333333333,"[7.5, 22.0, 34.5, 46.0, 57.0, 69.0]","[11.0, 22.5, 34.5, 46.0, 57.5, 69.5]",1,1,0.3
synthetic_equal4_1_4V,equal4,1,20016,4.0,11.739999771118164,equal4,0,0.0,2BB7AE32B79F40EA4DBDCBCDEF1F236DF825A779CE39A7CFB5BF3298880BA963,0.17198887400144458,0.14094738481762986,0.05567980317618031,3.0888915583491325,161,0.08098120635710888,"[17.5, 29.0, 41.5, 52.5, 64.0, 75.5]","[6.5, 18.0, 29.5, 41.0, 52.5, 64.0, 76.0]",0,1,0.3333333333333333,"[7.5, 22.0, 34.5, 46.0, 57.0, 69.0]","[11.0, 22.5, 34.5, 46.0, 57.5, 69.5]",1,1,0.3
synthetic_equal4_1_6V,equal4,1,20016,6.0,11.739999771118164,H1,0,0.0,3004E7C6DDA62A5DCF0ECE5C8A34AED780C43BED6894F986CC6F9988B564DEC6,0.185603105132391,0.15525268161270236,0.06413438323059231,2.893971934914589,161,-0.11610777033290462,"[4.0, 16.5, 29.0, 40.0, 52.0, 63.5, 76.0]","[18.0, 29.5, 41.0, 52.5, 64.0, 76.0]",1,0,0.6666666666666666,"[7.0, 23.5, 34.0, 46.0, 57.5, 69.0]","[22.5, 34.5, 46.0, 58.0, 69.5]",1,0,0.5
synthetic_equal4_1_6V,equal4,1,20016,6.0,11.739999771118164,G1,0,0.0,572BDF0580EF7F58F8738DD51D4E25B331E547913D01383644B53D32CD044CD9,0.18650527596218755,0.1559650670716782,0.06444612461927415,2.893971934914589,161,-0.11669875927101706,"[4.0, 16.5, 29.0, 40.0, 52.0, 63.5, 76.0]","[18.0, 29.5, 41.0, 52.5, 64.0, 76.0]",1,0,0.6666666666666666,"[7.0, 23.5, 34.0, 46.0, 57.5, 69.0]","[22.5, 34.5, 46.0, 58.0, 69.5]",1,0,0.5
synthetic_equal4_1_6V,equal4,1,20016,6.0,11.739999771118164,C,0,0.0001,EAE69DC4B1D85CB0797F4D8FDED62A4274CD27914F9F61583FB2C2C6E16E9805,0.20600466120966113,0.16227217206748792,0.07118405632214296,2.893971934914589,161,-0.10327656193844603,"[4.0, 16.5, 29.0, 40.0, 52.0, 63.5, 76.0]","[6.5, 18.0, 29.5, 40.5, 52.0, 64.0, 76.0]",0,0,0.7857142857142857,"[7.0, 23.5, 34.0, 46.0, 57.5, 69.0]","[11.0, 22.5, 34.5, 46.0, 57.5, 69.5]",1,1,0.4
synthetic_equal4_1_6V,equal4,1,20016,6.0,11.739999771118164,d1,0,0.0,060C9996127EF4DE38185F86A0C8B39453CCEC556D811782F9CDE1651D331D72,0.14091072859352705,0.11252550981643823,0.04869111786935342,2.893971934914589,161,-0.03310363867424243,"[4.0, 16.5, 29.0, 40.0, 52.0, 63.5, 76.0]","[6.5, 18.0, 29.5, 41.0, 52.5, 64.0, 76.0]",0,0,0.9285714285714286,"[7.0, 23.5, 34.0, 46.0, 57.5, 69.0]","[11.0, 23.0, 34.5, 46.0, 57.5, 69.5]",1,1,0.3
synthetic_equal4_1_6V,equal4,1,20016,6.0,11.739999771118164,g1,0,0.0,8AF9164A283E15B1F41A007EBC745A8D8CCE4754A179BD0B16635E2ED7E0A6D3,0.1366246834959733,0.10864742546377021,0.04721009276131959,2.893971934914589,161,-0.023783743640361642,"[4.0, 16.5, 29.0, 40.0, 52.0, 63.5, 76.0]","[6.5, 18.0, 29.5, 41.0, 52.5, 64.0, 76.0]",0,0,0.9285714285714286,"[7.0, 23.5, 34.0, 46.0, 57.5, 69.0]","[11.0, 23.0, 34.5, 46.0, 57.5, 69.5]",1,1,0.3
synthetic_equal4_1_6V,equal4,1,20016,6.0,11.739999771118164,d2,0,0.0,9E5EBFBD84FDAD1C97F52DEFC360F0D9CA3F1B686D2D72B3EADF168B3C8330B5,0.13592463403663982,0.10809458657572775,0.046968193573947506,2.893971934914589,161,-0.023122351320159638,"[4.0, 16.5, 29.0, 40.0, 52.0, 63.5, 76.0]","[6.5, 18.0, 29.5, 41.0, 52.5, 64.0, 76.0]",0,0,0.9285714285714286,"[7.0, 23.5, 34.0, 46.0, 57.5, 69.0]","[11.0, 23.0, 34.5, 46.0, 57.5, 69.5]",1,1,0.3
synthetic_equal4_1_6V,equal4,1,20016,6.0,11.739999771118164,d3,0,0.0,625BA7D7767374F56BFE8000816EB297ECFA27B499B4177C4EF8F128B5620C24,0.13592383754747406,0.10810079487613315,0.04696791835041954,2.893971934914589,161,-0.02318565369734066,"[4.0, 16.5, 29.0, 40.0, 52.0, 63.5, 76.0]","[6.5, 18.0, 29.5, 41.0, 52.5, 64.0, 76.0]",0,0,0.9285714285714286,"[7.0, 23.5, 34.0, 46.0, 57.5, 69.0]","[11.0, 23.0, 34.5, 46.0, 57.5, 69.5]",1,1,0.3
synthetic_equal4_1_6V,equal4,1,20016,6.0,11.739999771118164,d4,0,0.0,F1A8E916E7F5FE9053899DD9A1299DB1BCDD2EBE08AA4978CA4B79E5852C7D4F,0.13593557272464757,0.10809079867278613,0.04697197339222279,2.893971934914589,161,-0.02313035245701347,"[4.0, 16.5, 29.0, 40.0, 52.0, 63.5, 76.0]","[6.5, 18.0, 29.5, 41.0, 52.5, 64.0, 76.0]",0,0,0.9285714285714286,"[7.0, 23.5, 34.0, 46.0, 57.5, 69.0]","[11.0, 23.0, 34.5, 46.0, 57.5, 69.5]",1,1,0.3
synthetic_equal4_1_6V,equal4,1,20016,6.0,11.739999771118164,h4s,0,0.0,AFC6734192ABAA71AFAA7017AE891E3FE976D9B16C86F07AB136665034DFE6A9,0.13592094118647843,0.1080660517313026,0.04696691752488952,2.893971934914589,161,-0.023124520549758897,"[4.0, 16.5, 29.0, 40.0, 52.0, 63.5, 76.0]","[6.5, 18.0, 29.5, 41.0, 52.5, 64.0, 76.0]",0,0,0.9285714285714286,"[7.0, 23.5, 34.0, 46.0, 57.5, 69.0]","[11.0, 23.0, 34.5, 46.0, 57.5, 69.5]",1,1,0.3
synthetic_equal4_1_6V,equal4,1,20016,6.0,11.739999771118164,equal4,0,0.0,84592CAB4AB05576BD5B769AF6E056B9FE611E70114F6A6C425B7F22D885612C,0.13591671652644968,0.108062461176193,0.04696545771113743,2.893971934914589,161,-0.023118997702768408,"[4.0, 16.5, 29.0, 40.0, 52.0, 63.5, 76.0]","[6.5, 18.0, 29.5, 41.0, 52.5, 64.0, 76.0]",0,0,0.9285714285714286,"[7.0, 23.5, 34.0, 46.0, 57.5, 69.0]","[11.0, 23.0, 34.5, 46.0, 57.5, 69.5]",1,1,0.3
synthetic_equal4_1_8V,equal4,1,20016,8.0,11.710000038146973,H1,0,0.0,B10D0CAC820D41B43988D7FC8F6686A6F2BD7BD5C90AF1A7CC201F2A457B8FE0,0.14712904417393843,0.11519845490060422,0.05249898550738655,2.802512139081955,161,-0.013328192368010926,"[7.5, 18.0, 29.5, 40.5, 52.0, 64.5, 76.0]","[18.0, 29.5, 41.0, 52.5, 64.0, 75.5]",1,0,0.3333333333333333,"[10.5, 21.5, 34.0, 46.0, 57.5, 70.0]","[22.5, 34.5, 46.0, 58.0, 69.5]",1,0,0.5
synthetic_equal4_1_8V,equal4,1,20016,8.0,11.710000038146973,G1,0,0.0,AA9FD23B2476281FB00DC32ED63D7A2A4C6D36A183103B73E5BB5888BCCA2C24,0.14781339369563665,0.1159598934203849,0.052743176964099525,2.802512139081955,161,-0.014085769797935618,"[7.5, 18.0, 29.5, 40.5, 52.0, 64.5, 76.0]","[18.0, 29.5, 41.0, 52.5, 64.0, 75.5]",1,0,0.3333333333333333,"[10.5, 21.5, 34.0, 46.0, 57.5, 70.0]","[22.5, 34.5, 46.0, 58.0, 69.5]",1,0,0.5
synthetic_equal4_1_8V,equal4,1,20016,8.0,11.710000038146973,C,0,0.0001,74C285BBE4DB3FD1EC6D260E7B838FD2BA44E6B47CAD6CAD42285580097FAF0F,0.19307604981909243,0.15197303373459148,0.06889392096704357,2.802512139081955,161,0.013710929005643966,"[7.5, 18.0, 29.5, 40.5, 52.0, 64.5, 76.0]","[6.5, 18.0, 29.5, 41.0, 52.0, 64.0, 76.0]",0,0,0.2857142857142857,"[10.5, 21.5, 34.0, 46.0, 57.5, 70.0]","[11.0, 23.0, 34.5, 46.0, 57.5, 69.5]",0,0,0.5
synthetic_equal4_1_8V,equal4,1,20016,8.0,11.710000038146973,d1,0,0.0,ABB866C9CF32A4CA882CA508BF1A27264F868033C5CDB5BDD134B31C189C1E3E,0.16613482997985154,0.12285841427026142,0.05928068166522693,2.802512139081955,161,0.059104994488937884,"[7.5, 18.0, 29.5, 40.5, 52.0, 64.5, 76.0]","[6.5, 18.5, 30.0, 41.0, 52.0, 64.0, 76.0]",0,0,0.42857142857142855,"[10.5, 21.5, 34.0, 46.0, 57.5, 70.0]","[11.5, 23.0, 34.5, 46.0, 57.5, 69.5]",0,0,0.5833333333333334
synthetic_equal4_1_8V,equal4,1,20016,8.0,11.710000038146973,g1,0,0.0,BFCA1B9BF5F3B9E60F1ECF523F32E263E3B8077E999962D4690F07A4986C668F,0.16928768179907402,0.12436549643760328,0.06040569082228103,2.802512139081955,161,0.06896164208673727,"[7.5, 18.0, 29.5, 40.5, 52.0, 64.5, 76.0]","[6.5, 18.5, 30.0, 41.0, 52.0, 64.0, 76.0]",0,0,0.42857142857142855,"[10.5, 21.5, 34.0, 46.0, 57.5, 70.0]","[11.5, 23.0, 34.5, 46.0, 57.5, 69.5]",0,0,0.5833333333333334
synthetic_equal4_1_8V,equal4,1,20016,8.0,11.710000038146973,d2,0,0.0,784F7ADF6D3EC8E6EA8F7DB8144E4D0D9508E1F711456E217735D4331C0A0BA8,0.16891691076782522,0.12397696352592721,0.06027339129498255,2.802512139081955,161,0.0695314435751079,"[7.5, 18.0, 29.5, 40.5, 52.0, 64.5, 76.0]","[6.5, 18.5, 30.0, 41.0, 52.0, 64.0, 76.0]",0,0,0.42857142857142855,"[10.5, 21.5, 34.0, 46.0, 57.5, 70.0]","[11.5, 23.0, 34.5, 46.0, 57.5, 69.5]",0,0,0.5833333333333334
synthetic_equal4_1_8V,equal4,1,20016,8.0,11.710000038146973,d3,0,0.0,4710F8FD5196968EA6F2B515EB436F88620B55814E26544583D4EBECED93EA70,0.16893445492671547,0.12399745008890858,0.06027965144945096,2.802512139081955,161,0.06957057880249268,"[7.5, 18.0, 29.5, 40.5, 52.0, 64.5, 76.0]","[6.5, 18.5, 30.0, 41.0, 52.0, 64.0, 76.0]",0,0,0.42857142857142855,"[10.5, 21.5, 34.0, 46.0, 57.5, 70.0]","[11.5, 23.0, 34.5, 46.0, 57.5, 69.5]",0,0,0.5833333333333334
synthetic_equal4_1_8V,equal4,1,20016,8.0,11.710000038146973,d4,0,0.0,ED8D494B900BD1D74052873643ECC42630B488BF02990805F490BC08422A9166,0.16896761819236475,0.12399133099879352,0.06029148485605313,2.802512139081955,161,0.06952765495487437,"[7.5, 18.0, 29.5, 40.5, 52.0, 64.5, 76.0]","[6.5, 18.5, 30.0, 41.0, 52.0, 64.0, 76.0]",0,0,0.42857142857142855,"[10.5, 21.5, 34.0, 46.0, 57.5, 70.0]","[11.5, 23.0, 34.5, 46.0, 57.5, 69.5]",0,0,0.5833333333333334
synthetic_equal4_1_8V,equal4,1,20016,8.0,11.710000038146973,h4s,0,0.0,0B5FEE29A7A9051480160F512A28A05DD56A009CFF894869364B19C8D6B50443,0.16903696435936208,0.12408929934250827,0.060316229143876285,2.802512139081955,161,0.06958870358927094,"[7.5, 18.0, 29.5, 40.5, 52.0, 64.5, 76.0]","[6.5, 18.5, 30.0, 41.0, 52.0, 64.0, 76.0]",0,0,0.42857142857142855,"[10.5, 21.5, 34.0, 46.0, 57.5, 70.0]","[11.5, 23.0, 34.5, 46.0, 57.5, 69.5]",0,0,0.5833333333333334
synthetic_equal4_1_8V,equal4,1,20016,8.0,11.710000038146973,equal4,0,0.0,06CCA874EA93806E71347CB341493975DCC085931CB79EF9AB874608973ED1E2,0.16902373543271815,0.1240437812119815,0.06031150876230881,2.802512139081955,161,0.06951485048424198,"[7.5, 18.0, 29.5, 40.5, 52.0, 64.5, 76.0]","[6.5, 18.5, 30.0, 41.0, 52.0, 64.0, 76.0]",0,0,0.42857142857142855,"[10.5, 21.5, 34.0, 46.0, 57.5, 70.0]","[11.5, 23.0, 34.5, 46.0, 57.5, 69.5]",0,0,0.5833333333333334
synthetic_equal4_2_0V,equal4,2,20017,0.0,11.710000038146973,H1,0,0.0,E7AC5DF3928D0CCF53812E8CFC4288CC15FA1D404625BA7471DEFEA5FD2355AC,0.2156370708455467,0.1778128887555614,0.07020000821149243,3.0717527866363525,161,-0.13225975327240014,"[6.0, 19.0, 29.0, 40.5, 53.5, 63.5, 74.5]","[18.0, 29.5, 41.0, 52.5, 64.0, 76.0]",1,0,0.8333333333333334,"[10.0, 24.0, 34.5, 45.5, 57.0, 69.0]","[22.5, 34.5, 46.0, 57.5, 69.5]",1,0,0.6
synthetic_equal4_2_0V,equal4,2,20017,0.0,11.710000038146973,G1,0,0.0,1CC1EA46DEFA9A2581E88BC1177A43202846A83669727A35A72C447F08A1ABB1,0.21398161938684657,0.17686767792849808,0.0696610809039623,3.0717527866363525,161,-0.13078262096976642,"[6.0, 19.0, 29.0, 40.5, 53.5, 63.5, 74.5]","[18.0, 29.5, 41.0, 52.5, 64.0, 75.5]",1,0,0.75,"[10.0, 24.0, 34.5, 45.5, 57.0, 69.0]","[22.5, 34.5, 46.0, 57.5, 69.5]",1,0,0.6
synthetic_equal4_2_0V,equal4,2,20017,0.0,11.710000038146973,C,0,0.0001,C05B51132A2A1F2EBC8E97B433EC43D00D97E5EDC2833AB11D57D3CB593D568A,0.16606522770992263,0.1423040007860024,0.0540620418519318,3.0717527866363525,161,-0.04285649506386763,"[6.0, 19.0, 29.0, 40.5, 53.5, 63.5, 74.5]","[18.0, 29.5, 41.0, 52.5, 64.0, 76.0]",1,0,0.8333333333333334,"[10.0, 24.0, 34.5, 45.5, 57.0, 69.0]","[22.5, 34.0, 46.0, 57.5, 69.0]",1,0,0.6
synthetic_equal4_2_0V,equal4,2,20017,0.0,11.710000038146973,d1,0,0.0,1FD8A2BA0A0435CB0615BB6E8F974B6AD9DD61A46A8F680967971C272118829C,0.1643695956115532,0.13190037442475372,0.05351003385644914,3.0717527866363525,161,0.02711452983366036,"[6.0, 19.0, 29.0, 40.5, 53.5, 63.5, 74.5]","[6.5, 18.0, 29.5, 41.0, 52.5, 64.0, 76.0]",0,0,0.7857142857142857,"[10.0, 24.0, 34.5, 45.5, 57.0, 69.0]","[11.0, 22.5, 34.5, 46.0, 57.5, 69.5]",0,0,0.6666666666666666
synthetic_equal4_2_0V,equal4,2,20017,0.0,11.710000038146973,g1,0,0.0,585365B4B2D88EB62762DBEE909E597BCD23430622C916B791A00903DDCF06D4,0.1688249628136281,0.13274673552986999,0.05496046542159916,3.0717527866363525,161,0.04150760553268172,"[6.0, 19.0, 29.0, 40.5, 53.5, 63.5, 74.5]","[6.5, 18.0, 29.5, 41.0, 52.5, 64.0, 76.0]",0,0,0.7857142857142857,"[10.0, 24.0, 34.5, 45.5, 57.0, 69.0]","[11.0, 22.5, 34.5, 46.0, 57.5, 69.5]",0,0,0.6666666666666666
synthetic_equal4_2_0V,equal4,2,20017,0.0,11.710000038146973,d2,0,0.0,16255B57952C45912B62DE43DF8A8A3EBA401589B0A64F8EEB81C21B341F7739,0.16868132435728087,0.1328329732699424,0.054913704348581775,3.0717527866363525,161,0.04060847650033347,"[6.0, 19.0, 29.0, 40.5, 53.5, 63.5, 74.5]","[6.5, 18.0, 29.5, 41.0, 52.5, 64.0, 76.0]",0,0,0.7857142857142857,"[10.0, 24.0, 34.5, 45.5, 57.0, 69.0]","[10.5, 22.5, 34.5, 46.0, 57.5, 69.5]",0,0,0.5833333333333334
synthetic_equal4_2_0V,equal4,2,20017,0.0,11.710000038146973,d3,0,0.0,D88619679E0E360B6F307723ADAC98FEFA857DC347A6C59D7271952AFF661370,0.1687087134477509,0.13282944627615237,0.05492262078566916,3.0717527866363525,161,0.04074136167764664,"[6.0, 19.0, 29.0, 40.5, 53.5, 63.5, 74.5]","[6.5, 18.0, 29.5, 41.0, 52.5, 64.0, 76.0]",0,0,0.7857142857142857,"[10.0, 24.0, 34.5, 45.5, 57.0, 69.0]","[10.5, 22.5, 34.5, 46.0, 57.5, 69.5]",0,0,0.5833333333333334
synthetic_equal4_2_0V,equal4,2,20017,0.0,11.710000038146973,d4,0,0.0,3FA72A222D95E2CA089880C60E5BCB8B0A7FAF4F89036BD351A5627045823650,0.16860904007912744,0.1327783961473785,0.05489017241643285,3.0717527866363525,161,0.04060665911399059,"[6.0, 19.0, 29.0, 40.5, 53.5, 63.5, 74.5]","[6.5, 18.0, 29.5, 41.0, 52.5, 64.0, 76.0]",0,0,0.7857142857142857,"[10.0, 24.0, 34.5, 45.5, 57.0, 69.0]","[11.0, 22.5, 34.5, 46.0, 57.5, 69.5]",0,0,0.6666666666666666
synthetic_equal4_2_0V,equal4,2,20017,0.0,11.710000038146973,h4s,0,0.0,A1C01A978B0B3E9480F475C5E3124B5D9AF43C0C6269FCA91BC79D34DCB67F6E,0.16855263447857538,0.13277206657836155,0.05487180974063502,3.0717527866363525,161,0.0404458676250825,"[6.0, 19.0, 29.0, 40.5, 53.5, 63.5, 74.5]","[6.5, 18.0, 29.5, 41.0, 52.5, 64.0, 76.0]",0,0,0.7857142857142857,"[10.0, 24.0, 34.5, 45.5, 57.0, 69.0]","[11.0, 22.5, 34.5, 46.0, 57.5, 69.5]",0,0,0.6666666666666666
synthetic_equal4_2_0V,equal4,2,20017,0.0,11.710000038146973,equal4,0,0.0,5D800BA05DB9FA00CB477311007ACF5E456386A81FA58546A7934D47E24BC29E,0.1685265329955107,0.1327530012367675,0.054863312480315694,3.0717527866363525,161,0.04042214386581634,"[6.0, 19.0, 29.0, 40.5, 53.5, 63.5, 74.5]","[6.5, 18.0, 29.5, 41.0, 52.5, 64.0, 76.0]",0,0,0.7857142857142857,"[10.0, 24.0, 34.5, 45.5, 57.0, 69.0]","[11.0, 22.5, 34.5, 46.0, 57.5, 69.5]",0,0,0.6666666666666666
synthetic_equal4_2_4V,equal4,2,20017,4.0,11.65999984741211,H1,0,0.0,207D3373A611CB751284634C82FD9F35A6B27FD91133ABB4354EE07AE2F1A228,0.143193654691711,0.12115182639649195,0.05596960756739853,2.558418057858944,161,-0.02952131934417701,"[16.0, 29.5, 41.0, 52.5, 63.5, 75.5]","[18.5, 29.5, 41.0, 52.5, 64.0, 75.5]",0,0,0.5,"[23.0, 34.5, 46.0, 58.0, 69.5]","[23.0, 34.5, 46.0, 57.5, 69.5]",0,0,0.1
synthetic_equal4_2_4V,equal4,2,20017,4.0,11.65999984741211,G1,0,0.0,B31356CB24B5C33E8A3F6B129219DB510F9D03BD4BA8EAE7BC65FAC82D1B649B,0.14245427844221897,0.12079701521752044,0.05568061013509038,2.558418057858944,161,-0.0290732810401028,"[16.0, 29.5, 41.0, 52.5, 63.5, 75.5]","[18.5, 29.5, 41.0, 52.5, 64.0, 75.5]",0,0,0.5,"[23.0, 34.5, 46.0, 58.0, 69.5]","[23.0, 34.5, 46.0, 57.5, 69.5]",0,0,0.1
synthetic_equal4_2_4V,equal4,2,20017,4.0,11.65999984741211,C,0,0.0001,676CB7235B599C430DFFDA553AAA7717A4D5BCC4ED295001BD747D2BF2B124D2,0.1517649906453317,0.12623378585862077,0.059319855947365704,2.558418057858944,161,0.016600216837218087,"[16.0, 29.5, 41.0, 52.5, 63.5, 75.5]","[6.5, 18.0, 29.5, 41.0, 52.0, 64.0, 76.0]",0,1,0.5833333333333334,"[23.0, 34.5, 46.0, 58.0, 69.5]","[11.0, 22.5, 34.5, 46.0, 57.5, 69.0]",0,1,0.3
synthetic_equal4_2_4V,equal4,2,20017,4.0,11.65999984741211,d1,0,0.0,AB50A9DEA106EFAE7F227CD1E0A8876472B7D73A9E8C47D31A6201E13FDC15E8,0.1761863842147454,0.14558340551227517,0.0688653614187628,2.558418057858944,161,0.09667575495861332,"[16.0, 29.5, 41.0, 52.5, 63.5, 75.5]","[6.5, 18.5, 30.0, 41.0, 52.5, 64.0, 75.5]",0,1,0.5833333333333334,"[23.0, 34.5, 46.0, 58.0, 69.5]","[11.5, 23.0, 34.5, 46.0, 57.5, 69.0]",0,1,0.2
synthetic_equal4_2_4V,equal4,2,20017,4.0,11.65999984741211,g1,0,0.0,C2E15B15453A76444997A961E9A65E48DF8C0D5BE5FFAF1AC94E5C90B16BCB9F,0.18108613597506634,0.1495433334978471,0.07078051040908122,2.558418057858944,161,0.10467635215439411,"[16.0, 29.5, 41.0, 52.5, 63.5, 75.5]","[6.5, 18.5, 30.0, 41.0, 52.5, 64.0, 75.5]",0,1,0.5833333333333334,"[23.0, 34.5, 46.0, 58.0, 69.5]","[11.5, 23.0, 34.5, 46.0, 57.5, 69.0]",0,1,0.2
synthetic_equal4_2_4V,equal4,2,20017,4.0,11.65999984741211,d2,0,0.0,2D943F609357A35BC1F013F6D226539A40478AA2121BBA3E8FBE00AC5FA2FAC2,0.18089502143487024,0.14928314020359737,0.070705810131068,2.558418057858944,161,0.10437827770199094,"[16.0, 29.5, 41.0, 52.5, 63.5, 75.5]","[6.5, 18.5, 30.0, 41.0, 52.5, 64.0, 75.5]",0,1,0.5833333333333334,"[23.0, 34.5, 46.0, 58.0, 69.5]","[11.5, 23.0, 34.5, 46.0, 57.5, 69.0]",0,1,0.2
synthetic_equal4_2_4V,equal4,2,20017,4.0,11.65999984741211,d3,0,0.0,852503B1516DABBCBFD8E7F43EFA83FB4CB9ABEC8E239AB9E4489B153545B29B,0.1808978216322501,0.1492757498755218,0.07070690463451369,2.558418057858944,161,0.10437181883532068,"[16.0, 29.5, 41.0, 52.5, 63.5, 75.5]","[6.5, 18.5, 30.0, 41.0, 52.5, 64.0, 75.5]",0,1,0.5833333333333334,"[23.0, 34.5, 46.0, 58.0, 69.5]","[11.5, 23.0, 34.5, 46.0, 57.5, 69.0]",0,1,0.2
synthetic_equal4_2_4V,equal4,2,20017,4.0,11.65999984741211,d4,0,0.0,73D8936DD21481DFCF22A94D75B4884C89C96B69470ED38CD9AA7F5CC0A07474,0.180851622115272,0.14922713638740295,0.0706888467894183,2.558418057858944,161,0.10442448381959281,"[16.0, 29.5, 41.0, 52.5, 63.5, 75.5]","[6.5, 18.5, 30.0, 41.0, 52.5, 64.0, 75.5]",0,1,0.5833333333333334,"[23.0, 34.5, 46.0, 58.0, 69.5]","[11.5, 23.0, 34.5, 46.0, 57.5, 69.0]",0,1,0.2
synthetic_equal4_2_4V,equal4,2,20017,4.0,11.65999984741211,h4s,0,0.0,AF3DF57A2F0F1140648F963568A64134A23042A2CD20208EB6D837A21CE188C2,0.18090281291833715,0.14924712988160413,0.0707088555612091,2.558418057858944,161,0.10435102259890633,"[16.0, 29.5, 41.0, 52.5, 63.5, 75.5]","[6.5, 18.5, 30.0, 41.0, 52.5, 64.0, 75.5]",0,1,0.5833333333333334,"[23.0, 34.5, 46.0, 58.0, 69.5]","[11.5, 23.0, 34.5, 46.0, 57.5, 69.0]",0,1,0.2
synthetic_equal4_2_4V,equal4,2,20017,4.0,11.65999984741211,equal4,0,0.0,1FC4C6A8FE239C97059197729BFD73DEBA1FEC181B534A37959CCECCCBC7659F,0.18090462167182067,0.14925220194533004,0.07070956254241491,2.558418057858944,161,0.10435471283445447,"[16.0, 29.5, 41.0, 52.5, 63.5, 75.5]","[6.5, 18.5, 30.0, 41.0, 52.5, 64.0, 75.5]",0,1,0.5833333333333334,"[23.0, 34.5, 46.0, 58.0, 69.5]","[11.5, 23.0, 34.5, 46.0, 57.5, 69.0]",0,1,0.2
synthetic_equal4_2_6V,equal4,2,20017,6.0,11.6899995803833,H1,0,0.0,2C92B924AFD0FEFDDB420189F35A629091606EFA9D03EE8FFC01CE3CEB5B5CC3,0.1301101729274932,0.10465878774903668,0.044696948755567636,2.9109408259391785,161,-0.039575847603311266,"[6.0, 19.0, 31.0, 41.0, 52.5, 64.0, 75.5]","[18.0, 29.5, 41.0, 52.5, 64.0, 75.5]",1,0,0.4166666666666667,"[9.5, 23.0, 34.5, 46.0, 57.5, 69.5]","[22.5, 34.5, 46.0, 57.5, 69.5]",1,0,0.1
synthetic_equal4_2_6V,equal4,2,20017,6.0,11.6899995803833,G1,0,0.0,B8A0C6886FEE7B75AC122261FE77A4E0C6F5DA966CC991B53C6E0522AA8F17FD,0.130943596195734,0.10501440275772851,0.044983255938734756,2.9109408259391785,161,-0.039771726791694856,"[6.0, 19.0, 31.0, 41.0, 52.5, 64.0, 75.5]","[18.0, 29.5, 41.0, 52.5, 64.0, 75.5]",1,0,0.4166666666666667,"[9.5, 23.0, 34.5, 46.0, 57.5, 69.5]","[22.5, 34.5, 46.0, 57.5, 69.5]",1,0,0.1
synthetic_equal4_2_6V,equal4,2,20017,6.0,11.6899995803833,C,0,0.0001,B86A179CC9458B96FF9ED0685C9FB38A96BB4041D60829B225FF1A0D4ED40D87,0.1676930051803187,0.12896656895472858,0.05760783719339766,2.9109408259391785,161,-0.033637342173374774,"[6.0, 19.0, 31.0, 41.0, 52.5, 64.0, 75.5]","[6.5, 18.0, 29.5, 40.5, 52.0, 64.0, 75.5]",0,0,0.5714285714285714,"[9.5, 23.0, 34.5, 46.0, 57.5, 69.5]","[11.0, 22.5, 34.5, 46.0, 57.5, 69.5]",0,0,0.3333333333333333
synthetic_equal4_2_6V,equal4,2,20017,6.0,11.6899995803833,d1,0,0.0,76F64862C7BD49FF212E0698D86BB4F7FBC6C800B4DCC45D75A98E1777B2EF23,0.13020901120259246,0.10181259388474297,0.04473090282094008,2.9109408259391785,161,0.06100126787707765,"[6.0, 19.0, 31.0, 41.0, 52.5, 64.0, 75.5]","[6.5, 18.0, 29.5, 41.0, 52.5, 64.0, 75.5]",0,0,0.42857142857142855,"[9.5, 23.0, 34.5, 46.0, 57.5, 69.5]","[11.0, 23.0, 34.5, 46.0, 57.5, 69.5]",0,0,0.25
synthetic_equal4_2_6V,equal4,2,20017,6.0,11.6899995803833,g1,0,0.0,E88FEA6CC1FD3402DEA70512A250E8BEDFE250C4CB71C44C10F941525275D9D8,0.13370283533139743,0.10448715305071532,0.04593114162266074,2.9109408259391785,161,0.07013825472062511,"[6.0, 19.0, 31.0, 41.0, 52.5, 64.0, 75.5]","[6.5, 18.0, 29.5, 41.0, 52.5, 64.0, 75.5]",0,0,0.42857142857142855,"[9.5, 23.0, 34.5, 46.0, 57.5, 69.5]","[11.0, 23.0, 34.5, 46.0, 57.5, 69.5]",0,0,0.25
synthetic_equal4_2_6V,equal4,2,20017,6.0,11.6899995803833,d2,0,0.0,955E12C71588B5A01192802F6BBEA5BF9EF2E2ED884199052A87DD6B7D769ADE,0.13340898365054882,0.10414657615969733,0.04583019430067119,2.9109408259391785,161,0.07041376578384397,"[6.0, 19.0, 31.0, 41.0, 52.5, 64.0, 75.5]","[6.5, 18.0, 29.5, 41.0, 52.5, 64.0, 75.5]",0,0,0.42857142857142855,"[9.5, 23.0, 34.5, 46.0, 57.5, 69.5]","[11.0, 23.0, 34.5, 46.0, 57.5, 69.5]",0,0,0.25
synthetic_equal4_2_6V,equal4,2,20017,6.0,11.6899995803833,d3,0,0.0,F081C33EBE08EC368ED6337F39D4E0D48BCED9A6D1A2E118298126AC9C6F3126,0.13336035552718545,0.10410280952877972,0.045813489006310666,2.9109408259391785,161,0.07030971470051763,"[6.0, 19.0, 31.0, 41.0, 52.5, 64.0, 75.5]","[6.5, 18.0, 29.5, 41.0, 52.5, 64.0, 75.5]",0,0,0.42857142857142855,"[9.5, 23.0, 34.5, 46.0, 57.5, 69.5]","[11.0, 23.0, 34.5, 46.0, 57.5, 69.5]",0,0,0.25
synthetic_equal4_2_6V,equal4,2,20017,6.0,11.6899995803833,d4,0,0.0,E8FE0EE78FDE4FD7AE526549554EA2C2622D5B69226D5F876EC89568DFE30DD3,0.1334198820378901,0.10411982202717329,0.04583393824051502,2.9109408259391785,161,0.07044278882640581,"[6.0, 19.0, 31.0, 41.0, 52.5, 64.0, 75.5]","[6.5, 18.0, 29.5, 41.0, 52.5, 64.0, 75.5]",0,0,0.42857142857142855,"[9.5, 23.0, 34.5, 46.0, 57.5, 69.5]","[11.0, 23.0, 34.5, 46.0, 57.5, 69.5]",0,0,0.25
synthetic_equal4_2_6V,equal4,2,20017,6.0,11.6899995803833,h4s,0,0.0,4AE70109DC0BEF8E58B12BDDB90D83B83C847F0C92561DD253EFB34D4AAD4879,0.1333669169900933,0.10404818497239525,0.04581574307580235,2.9109408259391785,161,0.07052240457374209,"[6.0, 19.0, 31.0, 41.0, 52.5, 64.0, 75.5]","[6.5, 18.0, 29.5, 41.0, 52.5, 64.0, 75.5]",0,0,0.42857142857142855,"[9.5, 23.0, 34.5, 46.0, 57.5, 69.5]","[11.0, 23.0, 34.5, 46.0, 57.5, 69.5]",0,0,0.25
synthetic_equal4_2_6V,equal4,2,20017,6.0,11.6899995803833,equal4,0,0.0,E1E15F41451364E5F11E9691A169DE495CCFFF35704850578466A7D63EED870B,0.133369184650702,0.10405496784676768,0.04581652208875531,2.9109408259391785,161,0.07048409403538945,"[6.0, 19.0, 31.0, 41.0, 52.5, 64.0, 75.5]","[6.5, 18.0, 29.5, 41.0, 52.5, 64.0, 75.5]",0,0,0.42857142857142855,"[9.5, 23.0, 34.5, 46.0, 57.5, 69.5]","[11.0, 23.0, 34.5, 46.0, 57.5, 69.5]",0,0,0.25
synthetic_equal4_2_8V,equal4,2,20017,8.0,11.609999656677246,H1,0,0.0,031E6985B505C34DAD47316EA334682B19EF9C9D8505A3159BD331CBFE90CAAA,0.17415213832820037,0.13689720767162603,0.061058507657847066,2.8522174060344696,161,-0.047566876995452444,"[7.0, 18.5, 30.0, 41.5, 52.5, 64.0, 75.5]","[18.0, 29.5, 41.0, 52.5, 64.0, 75.5]",1,0,0.25,"[4.0, 10.5, 22.0, 35.0, 46.0, 58.0, 69.5]","[22.5, 34.5, 46.0, 57.5, 69.5]",2,0,0.3
synthetic_equal4_2_8V,equal4,2,20017,8.0,11.609999656677246,G1,0,0.0,BA938704DB975827DDBD0EAD09F4B01F5EDFF5FD6B62F70CD7C6456FC91BC6D2,0.1755198550837579,0.13752072587933228,0.06153803518357629,2.8522174060344696,161,-0.048452546889459866,"[7.0, 18.5, 30.0, 41.5, 52.5, 64.0, 75.5]","[18.0, 29.5, 41.0, 52.5, 64.0, 75.5]",1,0,0.25,"[4.0, 10.5, 22.0, 35.0, 46.0, 58.0, 69.5]","[22.5, 34.5, 46.0, 57.5, 69.5]",2,0,0.3
synthetic_equal4_2_8V,equal4,2,20017,8.0,11.609999656677246,C,0,0.0001,4ADBCCAAC97713F53750688FDBDCADA31A705DBB20AD9298C0A90833A47964F8,0.2256451629840658,0.17005270024217803,0.0791121891713674,2.8522174060344696,161,-0.04472682184267859,"[7.0, 18.5, 30.0, 41.5, 52.5, 64.0, 75.5]","[6.5, 18.0, 29.5, 40.5, 52.0, 64.0, 75.5]",0,0,0.42857142857142855,"[4.0, 10.5, 22.0, 35.0, 46.0, 58.0, 69.5]","[11.0, 22.5, 34.5, 46.0, 57.5, 69.5]",1,0,0.3333333333333333
synthetic_equal4_2_8V,equal4,2,20017,8.0,11.609999656677246,d1,0,0.0,44DAF228ED2E904F0A693C64206672772A0EE192ACF0CF496DB26ACC18A09AA0,0.1738266645711074,0.13455748681835136,0.060944395123366225,2.8522174060344696,161,0.008853054807885834,"[7.0, 18.5, 30.0, 41.5, 52.5, 64.0, 75.5]","[6.5, 18.0, 29.5, 41.0, 52.5, 64.0, 75.5]",0,0,0.2857142857142857,"[4.0, 10.5, 22.0, 35.0, 46.0, 58.0, 69.5]","[11.0, 23.0, 34.5, 46.0, 57.5, 69.5]",1,0,0.4166666666666667
synthetic_equal4_2_8V,equal4,2,20017,8.0,11.609999656677246,g1,0,0.0,4A279D63B014AE072A578903140835E0DEA783E5B1748D6E3E6F4623560B9445,0.1733211354232819,0.13525630873830422,0.06076715437490296,2.8522174060344696,161,0.022584427240657512,"[7.0, 18.5, 30.0, 41.5, 52.5, 64.0, 75.5]","[6.5, 18.0, 29.5, 41.0, 52.5, 64.0, 75.5]",0,0,0.2857142857142857,"[4.0, 10.5, 22.0, 35.0, 46.0, 58.0, 69.5]","[11.0, 23.0, 34.5, 46.0, 57.5, 69.5]",1,0,0.4166666666666667
synthetic_equal4_2_8V,equal4,2,20017,8.0,11.609999656677246,d2,0,0.0,6D06B8444823257E4140F7127A5379C13376ECB11456EFB3ACA8AC96C76AC43E,0.17247868403283464,0.13491776417825163,0.06047178720244799,2.8522174060344696,161,0.023559435102972925,"[7.0, 18.5, 30.0, 41.5, 52.5, 64.0, 75.5]","[6.5, 18.0, 29.5, 41.0, 52.5, 64.0, 75.5]",0,0,0.2857142857142857,"[4.0, 10.5, 22.0, 35.0, 46.0, 58.0, 69.5]","[11.0, 23.0, 34.5, 46.0, 57.5, 69.5]",1,0,0.4166666666666667
synthetic_equal4_2_8V,equal4,2,20017,8.0,11.609999656677246,d3,0,0.0,D810205BA1200B38FE6F5DB101757C1E054BE110D6C1BD4D3DCE07D3E6F85128,0.1724866553323517,0.13492519995024116,0.06047458197520977,2.8522174060344696,161,0.023500482962460992,"[7.0, 18.5, 30.0, 41.5, 52.5, 64.0, 75.5]","[6.5, 18.0, 29.5, 41.0, 52.5, 64.0, 75.5]",0,0,0.2857142857142857,"[4.0, 10.5, 22.0, 35.0, 46.0, 58.0, 69.5]","[11.0, 23.0, 34.5, 46.0, 57.5, 69.5]",1,0,0.4166666666666667
synthetic_equal4_2_8V,equal4,2,20017,8.0,11.609999656677246,d4,0,0.0,9F142ABF26C1CA2F662ABC4A9B30F5E39204CAF5D80CD5DC38C8275ADCF54819,0.17251516535297243,0.13491325150967015,0.06048457771416025,2.8522174060344696,161,0.023443085100987682,"[7.0, 18.5, 30.0, 41.5, 52.5, 64.0, 75.5]","[6.5, 18.0, 29.5, 41.0, 52.5, 64.0, 75.5]",0,0,0.2857142857142857,"[4.0, 10.5, 22.0, 35.0, 46.0, 58.0, 69.5]","[11.0, 23.0, 34.5, 46.0, 57.5, 69.5]",1,0,0.4166666666666667
synthetic_equal4_2_8V,equal4,2,20017,8.0,11.609999656677246,h4s,0,0.0,B30F93CAAB00B24B2FA4C02FC99F26DEBBF342EB26221A7AB3A06FBDA67822AC,0.17243842537255313,0.1348873884156809,0.06045767233862438,2.8522174060344696,161,0.023531635899258697,"[7.0, 18.5, 30.0, 41.5, 52.5, 64.0, 75.5]","[6.5, 18.0, 29.5, 41.0, 52.5, 64.0, 75.5]",0,0,0.2857142857142857,"[4.0, 10.5, 22.0, 35.0, 46.0, 58.0, 69.5]","[11.0, 23.0, 34.5, 46.0, 57.5, 69.5]",1,0,0.4166666666666667
synthetic_equal4_2_8V,equal4,2,20017,8.0,11.609999656677246,equal4,0,0.0,85ABD105F9DDC906FCA5051BB9934075F49D62536DAB64488AEC3868025D1502,0.1724161695058584,0.13487738233221613,0.060449869333619344,2.8522174060344696,161,0.023557482657502897,"[7.0, 18.5, 30.0, 41.5, 52.5, 64.0, 75.5]","[6.5, 18.0, 29.5, 41.0, 52.5, 64.0, 75.5]",0,0,0.2857142857142857,"[4.0, 10.5, 22.0, 35.0, 46.0, 58.0, 69.5]","[11.0, 23.0, 34.5, 46.0, 57.5, 69.5]",1,0,0.4166666666666667
synthetic_equal4_3_0V,equal4,3,20018,0.0,11.710000038146973,H1,0,0.0,624A6E4CF564E3D282A294BAEE41500A39267E9333598B07E7F165C1453742ED,0.18062246669933454,0.15394430408566634,0.06115842802850677,2.953353650867939,161,-0.09075381629955695,"[7.0, 17.0, 26.5, 40.5, 53.0, 64.5, 76.5]","[18.0, 29.5, 41.0, 52.5, 64.0, 75.5]",1,0,1.0833333333333333,"[10.5, 22.5, 28.5, 45.5, 57.5, 69.5]","[22.5, 34.0, 46.0, 57.5, 69.0]",2,1,0.25
synthetic_equal4_3_0V,equal4,3,20018,0.0,11.710000038146973,G1,0,0.0,CD06D4CEAB8ED77B65D8854B0546D37E36C8A0B1616A3B1D5B3B4D7E079BB927,0.17879395451233698,0.15231094155344904,0.06053929723580262,2.953353650867939,161,-0.0882931514324979,"[7.0, 17.0, 26.5, 40.5, 53.0, 64.5, 76.5]","[18.0, 29.5, 41.0, 52.5, 64.0, 75.5]",1,0,1.0833333333333333,"[10.5, 22.5, 28.5, 45.5, 57.5, 69.5]","[22.5, 34.0, 46.0, 57.5, 69.0]",2,1,0.25
synthetic_equal4_3_0V,equal4,3,20018,0.0,11.710000038146973,C,0,0.0001,1AC1839031FF661106B1D838D91FDEAB85F23C9CCF758161B1076124F85D70AA,0.14975909269416013,0.12504080995361996,0.05070814754953189,2.953353650867939,161,0.030562912293287538,"[7.0, 17.0, 26.5, 40.5, 53.0, 64.5, 76.5]","[18.0, 29.5, 41.0, 52.5, 64.0, 76.0]",1,0,1.0,"[10.5, 22.5, 28.5, 45.5, 57.5, 69.5]","[22.0, 34.0, 45.5, 57.0, 69.0]",2,1,0.375
synthetic_equal4_3_0V,equal4,3,20018,0.0,11.710000038146973,d1,0,0.0,3153A2E791BAC80AF66541EB4F31246E0FE1DBCA29BABDA7EE4DF9EE6F9305C4,0.15568287734692826,0.12336059021098274,0.05271392990852138,2.953353650867939,161,0.06519688994432829,"[7.0, 17.0, 26.5, 40.5, 53.0, 64.5, 76.5]","[6.0, 18.0, 29.5, 41.0, 52.5, 64.0, 75.5]",0,0,1.0714285714285714,"[10.5, 22.5, 28.5, 45.5, 57.5, 69.5]","[11.0, 22.5, 34.0, 45.5, 57.5, 69.0]",1,1,0.2
synthetic_equal4_3_0V,equal4,3,20018,0.0,11.710000038146973,g1,0,0.0,1C9227031B9222F80ABFD7A9F7B7628D11D942C675789C56D49186B4C4FD4902,0.16185242807430247,0.12847301498148012,0.05480292819884164,2.953353650867939,161,0.07808441354065948,"[7.0, 17.0, 26.5, 40.5, 53.0, 64.5, 76.5]","[6.0, 18.0, 29.5, 41.0, 52.5, 64.0, 75.5]",0,0,1.0714285714285714,"[10.5, 22.5, 28.5, 45.5, 57.5, 69.5]","[11.0, 22.5, 34.0, 45.5, 57.5, 69.0]",1,1,0.2
synthetic_equal4_3_0V,equal4,3,20018,0.0,11.710000038146973,d2,0,0.0,A123E854BDE0B2FA3D4CF37700DDA87822BE423E52BFA666564FA0EC66E76087,0.16081964169873258,0.12730957257636585,0.054453228671571555,2.953353650867939,161,0.07671017893908187,"[7.0, 17.0, 26.5, 40.5, 53.0, 64.5, 76.5]","[6.0, 18.0, 29.5, 41.0, 52.5, 64.0, 75.5]",0,0,1.0714285714285714,"[10.5, 22.5, 28.5, 45.5, 57.5, 69.5]","[11.0, 22.5, 34.0, 45.5, 57.5, 69.0]",1,1,0.2
synthetic_equal4_3_0V,equal4,3,20018,0.0,11.710000038146973,d3,0,0.0,034899BDCA965FA13F1CBB904ED36E63B0FA6837A441EF035E6A0A64CDD1394A,0.16081520932518625,0.1273102525691068,0.054451727878212446,2.953353650867939,161,0.07669265471074892,"[7.0, 17.0, 26.5, 40.5, 53.0, 64.5, 76.5]","[6.0, 18.0, 29.5, 41.0, 52.5, 64.0, 75.5]",0,0,1.0714285714285714,"[10.5, 22.5, 28.5, 45.5, 57.5, 69.5]","[11.0, 22.5, 34.0, 45.5, 57.5, 69.0]",1,1,0.2
synthetic_equal4_3_0V,equal4,3,20018,0.0,11.710000038146973,d4,0,0.0,D310FCDEAB4CCCC67F1563199F0FC9A60EC79022E59EEE927F2D103B7D21DC60,0.16069191235309815,0.12723288851680223,0.05440997975500618,2.953353650867939,161,0.07645114464974552,"[7.0, 17.0, 26.5, 40.5, 53.0, 64.5, 76.5]","[6.0, 18.0, 29.5, 41.0, 52.5, 64.0, 75.5]",0,0,1.0714285714285714,"[10.5, 22.5, 28.5, 45.5, 57.5, 69.5]","[11.0, 22.5, 34.0, 45.5, 57.5, 69.0]",1,1,0.2
synthetic_equal4_3_0V,equal4,3,20018,0.0,11.710000038146973,h4s,0,0.0,A99B9CB55E1593D9D1389695B74336692925225969AB07E0B41CB195C265DB40,0.16074492018480152,0.12726968147369647,0.05442792810727608,2.953353650867939,161,0.07644783238076275,"[7.0, 17.0, 26.5, 40.5, 53.0, 64.5, 76.5]","[6.0, 18.0, 29.5, 41.0, 52.5, 64.0, 75.5]",0,0,1.0714285714285714,"[10.5, 22.5, 28.5, 45.5, 57.5, 69.5]","[11.0, 22.5, 34.0, 45.5, 57.5, 69.0]",1,1,0.2
synthetic_equal4_3_0V,equal4,3,20018,0.0,11.710000038146973,equal4,0,0.0,791B1C08C9D0B723B31596D4A1CC0F25DED5DDCCB0DADA805CDBC7F0D24D132F,0.16073049156351374,0.12725468109483304,0.05442304260320394,2.953353650867939,161,0.07642215943854788,"[7.0, 17.0, 26.5, 40.5, 53.0, 64.5, 76.5]","[6.0, 18.0, 29.5, 41.0, 52.5, 64.0, 75.5]",0,0,1.0714285714285714,"[10.5, 22.5, 28.5, 45.5, 57.5, 69.5]","[11.0, 22.5, 34.0, 45.5, 57.5, 69.0]",1,1,0.2
synthetic_equal4_3_4V,equal4,3,20018,4.0,11.720000267028809,H1,0,0.0,1904CEE0FF4B4C807F78A19C5ADAAED1A05CBB6BB0B2B6DA9F97813B380A0458,0.1499205332105134,0.121852747517528,0.051043368831960104,2.937120661139488,161,-0.08836742099490225,"[7.5, 17.0, 29.0, 41.0, 53.0, 64.5, 75.5]","[17.5, 29.0, 40.5, 52.5, 64.0, 75.5]",1,0,0.3333333333333333,"[10.5, 21.5, 33.0, 46.0, 58.0, 69.5]","[22.0, 34.0, 46.0, 57.5, 69.5]",1,0,0.4
synthetic_equal4_3_4V,equal4,3,20018,4.0,11.720000267028809,G1,0,0.0,262C6BE9FAEFCB4B538BF83BB5A662307D2A6978F00708DEDA62FC8B5C078D08,0.15036990154667193,0.12186376796746105,0.05119636504423835,2.937120661139488,161,-0.08826366733320011,"[7.5, 17.0, 29.0, 41.0, 53.0, 64.5, 75.5]","[17.5, 29.0, 40.5, 52.5, 64.0, 75.5]",1,0,0.3333333333333333,"[10.5, 21.5, 33.0, 46.0, 58.0, 69.5]","[22.0, 34.0, 46.0, 57.5, 69.5]",1,0,0.4
synthetic_equal4_3_4V,equal4,3,20018,4.0,11.720000267028809,C,0,0.0001,592D148CF734DF15C91B7FD7E77E3644CC16F94756A865AC7B075A87A3BD4AE4,0.15716465018272305,0.12229525478360076,0.05350976970818397,2.937120661139488,161,-0.053096826772512117,"[7.5, 17.0, 29.0, 41.0, 53.0, 64.5, 75.5]","[6.0, 17.5, 29.5, 40.5, 52.0, 64.0, 76.0]",0,0,0.7142857142857143,"[10.5, 21.5, 33.0, 46.0, 58.0, 69.5]","[10.5, 22.5, 34.0, 45.5, 57.5, 69.5]",0,0,0.5
synthetic_equal4_3_4V,equal4,3,20018,4.0,11.720000267028809,d1,0,0.0,C91A1AD0CCA17E6C751B2A60D06CDF5EBADAB481813D600420F09760BFF33193,0.12331508890150397,0.09530709949987275,0.0419850265374057,2.937120661139488,161,0.025867502673627425,"[7.5, 17.0, 29.0, 41.0, 53.0, 64.5, 75.5]","[6.0, 18.0, 29.5, 40.5, 52.0, 64.0, 75.5]",0,0,0.7142857142857143,"[10.5, 21.5, 33.0, 46.0, 58.0, 69.5]","[11.0, 22.5, 34.0, 45.5, 57.5, 69.5]",0,0,0.5833333333333334
synthetic_equal4_3_4V,equal4,3,20018,4.0,11.720000267028809,g1,0,0.0,E491C18E62432B333D7A443B6A6A05D14D1EB3A5A3666486DC0F4791CBD5F0D8,0.1257422705017507,0.09579781033330081,0.042811407840823136,2.937120661139488,161,0.03840980861590516,"[7.5, 17.0, 29.0, 41.0, 53.0, 64.5, 75.5]","[6.0, 18.0, 29.5, 40.5, 52.0, 64.0, 75.5]",0,0,0.7142857142857143,"[10.5, 21.5, 33.0, 46.0, 58.0, 69.5]","[11.0, 22.5, 34.0, 45.5, 57.5, 69.5]",0,0,0.5833333333333334
synthetic_equal4_3_4V,equal4,3,20018,4.0,11.720000267028809,d2,0,0.0,210A9D8FCB3CAD56C3B13765CA19FDCAC5F645D5114D7CD1C440009FEAC10040,0.12538630556243205,0.09526989090701808,0.04269021263627183,2.937120661139488,161,0.03842871293703221,"[7.5, 17.0, 29.0, 41.0, 53.0, 64.5, 75.5]","[6.0, 18.0, 29.5, 40.5, 52.0, 64.0, 75.5]",0,0,0.7142857142857143,"[10.5, 21.5, 33.0, 46.0, 58.0, 69.5]","[11.0, 22.5, 34.0, 45.5, 57.5, 69.5]",0,0,0.5833333333333334
synthetic_equal4_3_4V,equal4,3,20018,4.0,11.720000267028809,d3,0,0.0,953F69B428B1A0D06A081C93EB3669D35EEC58FD04F48682482B540E6A165299,0.12542291897964666,0.0953030765565656,0.042702678388087556,2.937120661139488,161,0.03844900695340974,"[7.5, 17.0, 29.0, 41.0, 53.0, 64.5, 75.5]","[6.0, 18.0, 29.5, 40.5, 52.0, 64.0, 75.5]",0,0,0.7142857142857143,"[10.5, 21.5, 33.0, 46.0, 58.0, 69.5]","[11.0, 22.5, 34.0, 45.5, 57.5, 69.5]",0,0,0.5833333333333334
synthetic_equal4_3_4V,equal4,3,20018,4.0,11.720000267028809,d4,0,0.0,31900393FB0258A929C2AE3395ECED1FECA52D866CC0615E7B26740DB63FB419,0.12545156172583138,0.09532925447229273,0.04271243036953105,2.937120661139488,161,0.03851768298086172,"[7.5, 17.0, 29.0, 41.0, 53.0, 64.5, 75.5]","[6.0, 18.0, 29.5, 40.5, 52.0, 64.0, 75.5]",0,0,0.7142857142857143,"[10.5, 21.5, 33.0, 46.0, 58.0, 69.5]","[11.0, 22.5, 34.0, 45.5, 57.5, 69.5]",0,0,0.5833333333333334
synthetic_equal4_3_4V,equal4,3,20018,4.0,11.720000267028809,h4s,0,0.0,6DB264F65AF2A45F744BB05DC81AD8466B4E14EB3C9284A2C859883CDF5FDCBA,0.12536086993625228,0.095252255683545,0.04268155258136966,2.937120661139488,161,0.03837236560742307,"[7.5, 17.0, 29.0, 41.0, 53.0, 64.5, 75.5]","[6.0, 18.0, 29.5, 40.5, 52.0, 64.0, 75.5]",0,0,0.7142857142857143,"[10.5, 21.5, 33.0, 46.0, 58.0, 69.5]","[11.0, 22.5, 34.0, 45.5, 57.5, 69.5]",0,0,0.5833333333333334
synthetic_equal4_3_4V,equal4,3,20018,4.0,11.720000267028809,equal4,0,0.0,0FB06512F401A2580BAABF95AF39DCC3D25CABE930F93D889B55066BCFF1CD42,0.12536271921636918,0.09525388469977408,0.04268218220484457,2.937120661139488,161,0.038371599516513186,"[7.5, 17.0, 29.0, 41.0, 53.0, 64.5, 75.5]","[6.0, 18.0, 29.5, 40.5, 52.0, 64.0, 75.5]",0,0,0.7142857142857143,"[10.5, 21.5, 33.0, 46.0, 58.0, 69.5]","[11.0, 22.5, 34.0, 45.5, 57.5, 69.5]",0,0,0.5833333333333334
synthetic_equal4_3_6V,equal4,3,20018,6.0,11.75,H1,0,0.0,9A1F2BA7486C8E40949CB2771012C828247C3A4F7162E8C18D39CD8D57F820A3,0.1566026428889707,0.12918269431785398,0.05667378394709536,2.763228992000222,161,-0.08918394776558654,"[4.5, 18.5, 30.5, 41.0, 51.5, 64.0, 75.5]","[17.5, 29.0, 40.5, 52.0, 64.0, 75.5]",1,0,0.5833333333333334,"[10.5, 22.5, 34.0, 45.5, 57.5, 69.0]","[22.0, 34.0, 46.0, 57.5, 69.5]",1,0,0.3
synthetic_equal4_3_6V,equal4,3,20018,6.0,11.75,G1,0,0.0,035F0D881D82FDB2DA93EA86E6D40612CF1162B1374A2A82DB31C61BDC6A7ADE,0.15737547043833847,0.1298894557454016,0.05695346672098243,2.763228992000222,161,-0.09005812688597611,"[4.5, 18.5, 30.5, 41.0, 51.5, 64.0, 75.5]","[17.5, 29.0, 40.5, 52.0, 64.0, 75.5]",1,0,0.5833333333333334,"[10.5, 22.5, 34.0, 45.5, 57.5, 69.0]","[22.0, 34.0, 46.0, 57.5, 69.5]",1,0,0.3
synthetic_equal4_3_6V,equal4,3,20018,6.0,11.75,C,0,0.0001,315A79C8E751685A7A6384289A3CB1CFFBC54AB96B1FDA70FE8711636742FBB0,0.174402917446429,0.13063652238444143,0.06311562232132767,2.763228992000222,161,-0.07130119057592027,"[4.5, 18.5, 30.5, 41.0, 51.5, 64.0, 75.5]","[6.0, 17.5, 29.0, 40.5, 52.0, 64.0, 76.0]",0,0,0.7857142857142857,"[10.5, 22.5, 34.0, 45.5, 57.5, 69.0]","[10.5, 22.0, 34.0, 46.0, 57.5, 69.5]",0,0,0.25
synthetic_equal4_3_6V,equal4,3,20018,6.0,11.75,d1,0,0.0,253620DE4A22EE9CB39462D7580599B9002D3E605A6687E59C78A7C628CF212B,0.12692792930636157,0.08411154015602902,0.0459346401162656,2.763228992000222,161,0.007735956842021913,"[4.5, 18.5, 30.5, 41.0, 51.5, 64.0, 75.5]","[6.0, 17.5, 29.5, 40.5, 52.0, 64.0, 75.5]",0,0,0.6428571428571429,"[10.5, 22.5, 34.0, 45.5, 57.5, 69.0]","[10.5, 22.5, 34.0, 46.0, 57.5, 69.5]",0,0,0.16666666666666666
synthetic_equal4_3_6V,equal4,3,20018,6.0,11.75,g1,0,0.0,E81C6BBEA2B0726A8FF2E6FF3478FA814B5D40513287B34CEEE2F588D270068D,0.12688574944164624,0.08319941011506209,0.04591937541513608,2.763228992000222,161,0.014813418679448388,"[4.5, 18.5, 30.5, 41.0, 51.5, 64.0, 75.5]","[6.0, 17.5, 29.5, 40.5, 52.0, 64.0, 75.5]",0,0,0.6428571428571429,"[10.5, 22.5, 34.0, 45.5, 57.5, 69.0]","[10.5, 22.5, 34.0, 46.0, 57.5, 69.5]",0,0,0.16666666666666666
synthetic_equal4_3_6V,equal4,3,20018,6.0,11.75,d2,0,0.0,D6CCC1CE817DD88750C088142DF94C9304715DD986AB6E767384A411676F71F3,0.12679814235204045,0.08322752691712809,0.04588767080800456,2.763228992000222,161,0.015400292745195561,"[4.5, 18.5, 30.5, 41.0, 51.5, 64.0, 75.5]","[6.0, 17.5, 29.5, 40.5, 52.0, 64.0, 75.5]",0,0,0.6428571428571429,"[10.5, 22.5, 34.0, 45.5, 57.5, 69.0]","[10.5, 22.5, 34.0, 46.0, 57.5, 69.5]",0,0,0.16666666666666666
synthetic_equal4_3_6V,equal4,3,20018,6.0,11.75,d3,0,0.0,7E4E479A4061C04E23E43F5AFEAFBCA09F6ECD999504ACCDA3DAB9956EDAEA4E,0.12682291973543441,0.08326577539816037,0.045896637630322104,2.763228992000222,161,0.015359195412038276,"[4.5, 18.5, 30.5, 41.0, 51.5, 64.0, 75.5]","[6.0, 17.5, 29.5, 40.5, 52.0, 64.0, 75.5]",0,0,0.6428571428571429,"[10.5, 22.5, 34.0, 45.5, 57.5, 69.0]","[10.5, 22.5, 34.0, 46.0, 57.5, 69.5]",0,0,0.16666666666666666
synthetic_equal4_3_6V,equal4,3,20018,6.0,11.75,d4,0,0.0,E756B2F70D26168557D88DEBAE7D2597BCD551FA2E9C69F580A8A93DF7DE7FB4,0.12688104915506562,0.0832810873131019,0.04591767440280802,2.763228992000222,161,0.015294002924368989,"[4.5, 18.5, 30.5, 41.0, 51.5, 64.0, 75.5]","[6.0, 17.5, 29.5, 40.5, 52.0, 64.0, 75.5]",0,0,0.6428571428571429,"[10.5, 22.5, 34.0, 45.5, 57.5, 69.0]","[10.5, 22.5, 34.0, 46.0, 57.5, 69.5]",0,0,0.16666666666666666
synthetic_equal4_3_6V,equal4,3,20018,6.0,11.75,h4s,0,0.0,CFE7CD469D7C14CAC790D42ED54ECE54C62E704B0D1E24904A12D0998FDD6BEF,0.12668471706725729,0.08311371728546502,0.045846622713506584,2.763228992000222,161,0.015357312682715262,"[4.5, 18.5, 30.5, 41.0, 51.5, 64.0, 75.5]","[6.0, 17.5, 29.5, 40.5, 52.0, 64.0, 75.5]",0,0,0.6428571428571429,"[10.5, 22.5, 34.0, 45.5, 57.5, 69.0]","[10.5, 22.5, 34.0, 46.0, 57.5, 69.5]",0,0,0.16666666666666666
synthetic_equal4_3_6V,equal4,3,20018,6.0,11.75,equal4,0,0.0,4A66448C880A927D24E6C982C6CE1DB57021D424B6FB1FDC118FCE6669C6EED0,0.12666677777442123,0.08309584912722526,0.04584013056504983,2.763228992000222,161,0.015361767574589446,"[4.5, 18.5, 30.5, 41.0, 51.5, 64.0, 75.5]","[6.0, 17.5, 29.5, 40.5, 52.0, 64.0, 75.5]",0,0,0.6428571428571429,"[10.5, 22.5, 34.0, 45.5, 57.5, 69.0]","[10.5, 22.5, 34.0, 46.0, 57.5, 69.5]",0,0,0.16666666666666666
synthetic_equal4_3_8V,equal4,3,20018,8.0,11.720000267028809,H1,0,0.0,4EDBFC09C72A5FDC33FE5050A059A86A1C7249A4575B646261B6CE096E346B9F,0.1980148737089493,0.1567104864946526,0.06915667677423937,2.8632791936397552,161,-0.015617369974946014,"[9.0, 17.5, 30.0, 40.0, 52.5, 64.0, 75.5]","[18.0, 29.5, 41.0, 52.5, 64.0, 75.5]",1,0,0.3333333333333333,"[12.5, 21.0, 34.5, 46.0, 57.0, 70.0]","[22.5, 34.0, 46.0, 57.5, 69.5]",1,0,0.6
synthetic_equal4_3_8V,equal4,3,20018,8.0,11.720000267028809,G1,0,0.0,AB88B0565FF42064530A90A5C7602E5378B44D8156A46A85DA7949E26074D608,0.19850142540977755,0.15725731889584235,0.06932660491184783,2.8632791936397552,161,-0.015885773901567327,"[9.0, 17.5, 30.0, 40.0, 52.5, 64.0, 75.5]","[18.0, 29.5, 41.0, 52.5, 64.0, 75.5]",1,0,0.3333333333333333,"[12.5, 21.0, 34.5, 46.0, 57.0, 70.0]","[22.5, 34.0, 46.0, 57.5, 69.5]",1,0,0.6
synthetic_equal4_3_8V,equal4,3,20018,8.0,11.720000267028809,C,0,0.0001,F705F1CC6A831578C6DCB6E96BBF52234D54FEE839A1C360797B326D8051CE18,0.2370668503868491,0.19121867607446005,0.08279557610499501,2.8632791936397552,161,0.008116631814920755,"[9.0, 17.5, 30.0, 40.0, 52.5, 64.0, 75.5]","[6.0, 17.5, 29.0, 40.5, 52.0, 64.0, 75.5]",0,0,0.7142857142857143,"[12.5, 21.0, 34.5, 46.0, 57.0, 70.0]","[10.5, 22.0, 34.0, 46.0, 57.5, 69.5]",0,0,0.75
synthetic_equal4_3_8V,equal4,3,20018,8.0,11.720000267028809,d1,0,0.0,4F3519E684B1340579FA93EF6750F9291A0C126C281A9C87864099AE804D4307,0.2191281664561021,0.1755224298627943,0.07653049236094572,2.8632791936397552,161,0.07631086718337321,"[9.0, 17.5, 30.0, 40.0, 52.5, 64.0, 75.5]","[6.0, 18.0, 29.5, 40.5, 52.5, 64.0, 75.5]",0,0,0.6428571428571429,"[12.5, 21.0, 34.5, 46.0, 57.0, 70.0]","[11.0, 22.5, 34.0, 46.0, 57.5, 69.5]",0,0,0.75
synthetic_equal4_3_8V,equal4,3,20018,8.0,11.720000267028809,g1,0,0.0,97C3F0CA53FDFBC75821D903CEF83BEF5C37EE6B049D604A25845351E1A30736,0.22209337281672722,0.177497734709047,0.07756609041481757,2.8632791936397552,161,0.08361757556497125,"[9.0, 17.5, 30.0, 40.0, 52.5, 64.0, 75.5]","[6.0, 18.0, 29.5, 40.5, 52.5, 64.0, 75.5]",0,0,0.6428571428571429,"[12.5, 21.0, 34.5, 46.0, 57.0, 70.0]","[11.0, 22.5, 34.0, 46.0, 57.5, 69.5]",0,0,0.75
synthetic_equal4_3_8V,equal4,3,20018,8.0,11.720000267028809,d2,0,0.0,403AD23A5E2A17023A390D78C399DB33D4FEA495C14CBAB3A1E8E9A07C83969C,0.22194508684501021,0.17741303093245495,0.07751430155257655,2.8632791936397552,161,0.08450641129628657,"[9.0, 17.5, 30.0, 40.0, 52.5, 64.0, 75.5]","[6.0, 18.0, 29.5, 40.5, 52.5, 64.0, 75.5]",0,0,0.6428571428571429,"[12.5, 21.0, 34.5, 46.0, 57.0, 70.0]","[11.0, 22.5, 34.0, 46.0, 57.5, 69.5]",0,0,0.75
synthetic_equal4_3_8V,equal4,3,20018,8.0,11.720000267028809,d3,0,0.0,BEBD782541CF2A83684CD95D2C25D24BBE12977C5D2DD7998E6A22D46159C859,0.22195953810615907,0.17742022449115974,0.07751934865422873,2.8632791936397552,161,0.08450249071747805,"[9.0, 17.5, 30.0, 40.0, 52.5, 64.0, 75.5]","[6.0, 18.0, 29.5, 40.5, 52.5, 64.0, 75.5]",0,0,0.6428571428571429,"[12.5, 21.0, 34.5, 46.0, 57.0, 70.0]","[11.0, 22.5, 34.0, 46.0, 57.5, 69.5]",0,0,0.75
synthetic_equal4_3_8V,equal4,3,20018,8.0,11.720000267028809,d4,0,0.0,B71389E98CE570353CEA8B4DC9D7F591506D4F629D803A95F3D4CE675FFB2BCC,0.22191312485140152,0.1774121301526331,0.07750313882919292,2.8632791936397552,161,0.08438590398602049,"[9.0, 17.5, 30.0, 40.0, 52.5, 64.0, 75.5]","[6.0, 18.0, 29.5, 40.5, 52.5, 64.0, 75.5]",0,0,0.6428571428571429,"[12.5, 21.0, 34.5, 46.0, 57.0, 70.0]","[11.0, 22.5, 34.0, 46.0, 57.5, 69.5]",0,0,0.75
synthetic_equal4_3_8V,equal4,3,20018,8.0,11.720000267028809,h4s,0,0.0,891CDE1DF8F8F3508C1BE27B24E0101C380145EC4E17E7BC82CC87C2676EB43C,0.22192059464255623,0.17740056826299208,0.07750574765307965,2.8632791936397552,161,0.0844445111091185,"[9.0, 17.5, 30.0, 40.0, 52.5, 64.0, 75.5]","[6.0, 18.0, 29.5, 40.5, 52.5, 64.0, 75.5]",0,0,0.6428571428571429,"[12.5, 21.0, 34.5, 46.0, 57.0, 70.0]","[11.0, 22.5, 34.0, 46.0, 57.5, 69.5]",0,0,0.75
synthetic_equal4_3_8V,equal4,3,20018,8.0,11.720000267028809,equal4,0,0.0,FE90E58AF6DBEEF571B731CCDB5CB474959A3F6DFCA7C27857760238D8215C13,0.22191656368373203,0.17739753981022546,0.07750433984107404,2.8632791936397552,161,0.0844567907765878,"[9.0, 17.5, 30.0, 40.0, 52.5, 64.0, 75.5]","[6.0, 18.0, 29.5, 40.5, 52.5, 64.0, 75.5]",0,0,0.6428571428571429,"[12.5, 21.0, 34.5, 46.0, 57.0, 70.0]","[11.0, 22.5, 34.0, 46.0, 57.5, 69.5]",0,0,0.75
synthetic_equal4_4_0V,equal4,4,20019,0.0,11.539999961853027,H1,0,0.0,EC9513E20BCA4A4363E7575A948B5E945BF8576E374588847F2D7577BFB816F5,0.1814141399909982,0.14946176153058127,0.05551192598123213,3.2680210024118423,161,-0.02998070562582301,"[7.5, 16.0, 33.0, 42.5, 53.5, 63.5, 75.5]","[18.0, 29.5, 41.0, 52.5, 64.0, 75.5]",2,1,1.0,"[11.0, 23.0, 36.0, 46.5, 58.0, 69.0]","[23.0, 34.5, 46.0, 57.5, 69.0]",1,0,0.5
synthetic_equal4_4_0V,equal4,4,20019,0.0,11.539999961853027,G1,0,0.0,33485DECE11B39FA8DF713CCE832BF261BA2967C5773E9678AFFDEFB426DA08A,0.1799508727340131,0.14828795946336218,0.05506417266021455,3.2680210024118423,161,-0.026836186719722814,"[7.5, 16.0, 33.0, 42.5, 53.5, 63.5, 75.5]","[18.0, 29.5, 41.0, 52.5, 64.0, 75.5]",2,1,1.0,"[11.0, 23.0, 36.0, 46.5, 58.0, 69.0]","[23.0, 34.5, 46.0, 57.5, 69.0]",1,0,0.5
synthetic_equal4_4_0V,equal4,4,20019,0.0,11.539999961853027,C,0,0.0001,F11B63C7D5D2E982BE9FD5AEA0E5B493557A20AE9E960ED747BDD500C9D89F27,0.19225337167118176,0.16395912534320115,0.05882868302538333,3.2680210024118423,161,0.07832715208844646,"[7.5, 16.0, 33.0, 42.5, 53.5, 63.5, 75.5]","[7.0, 18.5, 29.5, 41.0, 52.5, 64.0, 76.0]",1,1,1.0833333333333333,"[11.0, 23.0, 36.0, 46.5, 58.0, 69.0]","[11.5, 23.0, 34.5, 46.0, 57.5, 69.0]",0,0,0.5
synthetic_equal4_4_0V,equal4,4,20019,0.0,11.539999961853027,d1,0,0.0,63A737EC8321C3364C00AF503199AA4BE37B473038BAFE064A6354E545A74AA0,0.19584355056005345,0.16639109524776755,0.05992726191646821,3.2680210024118423,161,0.1098457754832571,"[7.5, 16.0, 33.0, 42.5, 53.5, 63.5, 75.5]","[7.0, 18.5, 30.0, 41.0, 52.5, 64.0, 76.0]",0,0,1.3571428571428572,"[11.0, 23.0, 36.0, 46.5, 58.0, 69.0]","[11.5, 23.0, 34.5, 46.0, 57.5, 69.0]",0,0,0.5
synthetic_equal4_4_0V,equal4,4,20019,0.0,11.539999961853027,g1,0,0.0,5A2A66951115CE76E1F271D1BEA02DF6E8252AA4B2A88484C9AB9135124A8848,0.2020036362815031,0.17105266812506206,0.06181222095342159,3.2680210024118423,161,0.12097191042122171,"[7.5, 16.0, 33.0, 42.5, 53.5, 63.5, 75.5]","[7.0, 18.5, 30.0, 41.0, 52.5, 64.0, 76.0]",0,0,1.3571428571428572,"[11.0, 23.0, 36.0, 46.5, 58.0, 69.0]","[11.5, 23.0, 34.5, 46.0, 57.5, 69.0]",0,0,0.5
synthetic_equal4_4_0V,equal4,4,20019,0.0,11.539999961853027,d2,0,0.0,E273A4CB4642C2832587C4DD63CA2818F82F8B3754D511A0BAC1B910081A0A82,0.2009232078828657,0.17026648559081164,0.061481614633009316,3.2680210024118423,161,0.11932188073196304,"[7.5, 16.0, 33.0, 42.5, 53.5, 63.5, 75.5]","[7.0, 18.5, 30.0, 41.0, 52.5, 64.0, 76.0]",0,0,1.3571428571428572,"[11.0, 23.0, 36.0, 46.5, 58.0, 69.0]","[11.5, 23.0, 34.5, 46.0, 57.5, 69.0]",0,0,0.5
synthetic_equal4_4_0V,equal4,4,20019,0.0,11.539999961853027,d3,0,0.0,227AC9F123CF28841E47FCBBA15AACFF2FD6A0B3F7EBAA90CAA2BCC1315CFA2E,0.20097305626827622,0.17030425027001256,0.06149686801888833,3.2680210024118423,161,0.11938991161317837,"[7.5, 16.0, 33.0, 42.5, 53.5, 63.5, 75.5]","[7.0, 18.5, 30.0, 41.0, 52.5, 64.0, 76.0]",0,0,1.3571428571428572,"[11.0, 23.0, 36.0, 46.5, 58.0, 69.0]","[11.5, 23.0, 34.5, 46.0, 57.5, 69.0]",0,0,0.5
synthetic_equal4_4_0V,equal4,4,20019,0.0,11.539999961853027,d4,0,0.0,8175E2BBBAAB567699035729F09B5A119F0DE122393645E83260D91EEB15BEEC,0.20116509795768756,0.1704501920113606,0.06155563192807668,3.2680210024118423,161,0.11964537892548471,"[7.5, 16.0, 33.0, 42.5, 53.5, 63.5, 75.5]","[7.0, 18.5, 30.0, 41.0, 52.5, 64.0, 76.0]",0,0,1.3571428571428572,"[11.0, 23.0, 36.0, 46.5, 58.0, 69.0]","[11.5, 23.0, 34.5, 46.0, 57.5, 69.0]",0,0,0.5
synthetic_equal4_4_0V,equal4,4,20019,0.0,11.539999961853027,h4s,0,0.0,BA7B520A42B75B0437C8C1FB29E96DA37451ABC752DDBB295FFEF72E64BAE06E,0.20087887797299261,0.17021269698031477,0.06146804987628334,3.2680210024118423,161,0.11931666657502144,"[7.5, 16.0, 33.0, 42.5, 53.5, 63.5, 75.5]","[7.0, 18.5, 30.0, 41.0, 52.5, 64.0, 76.0]",0,0,1.3571428571428572,"[11.0, 23.0, 36.0, 46.5, 58.0, 69.0]","[11.5, 23.0, 34.5, 46.0, 57.5, 69.0]",0,0,0.5
synthetic_equal4_4_0V,equal4,4,20019,0.0,11.539999961853027,equal4,0,0.0,0B734CDF47A9C3356A56C05B4C78FB9F6095A1E919F1B470CF73759187D40901,0.20086847525612908,0.1702040387115077,0.06146486669084608,3.2680210024118423,161,0.11929986542322157,"[7.5, 16.0, 33.0, 42.5, 53.5, 63.5, 75.5]","[7.0, 18.5, 30.0, 41.0, 52.5, 64.0, 76.0]",0,0,1.3571428571428572,"[11.0, 23.0, 36.0, 46.5, 58.0, 69.0]","[11.5, 23.0, 34.5, 46.0, 57.5, 69.0]",0,0,0.5
synthetic_equal4_4_4V,equal4,4,20019,4.0,11.520000457763672,H1,0,0.0,B64010B0C6FD1D39CEDFC19337241D3E4D7D15EFEDEE73F6FF6B0DA2E71AB3D0,0.13306546451305423,0.11035485385616327,0.044069209113081716,3.0194656811654568,161,-0.09069384481347172,"[7.0, 18.5, 29.0, 41.0, 52.5, 64.0, 75.5]","[7.0, 18.5, 29.5, 41.0, 52.5, 64.0, 75.5]",0,0,0.07142857142857142,"[10.5, 23.0, 34.0, 46.0, 57.5, 69.5]","[11.5, 23.0, 34.5, 46.0, 57.5, 69.5]",0,0,0.25
synthetic_equal4_4_4V,equal4,4,20019,4.0,11.520000457763672,G1,0,0.0,4E1A584D7903EFABD0FC25302C9C00BD4890FDAF1385BA2071ACBEA65EFF0694,0.13331286274263457,0.1104027659947527,0.04415114355304688,3.0194656811654568,161,-0.09093439870120622,"[7.0, 18.5, 29.0, 41.0, 52.5, 64.0, 75.5]","[7.0, 18.5, 29.5, 41.0, 52.5, 64.0, 75.5]",0,0,0.07142857142857142,"[10.5, 23.0, 34.0, 46.0, 57.5, 69.5]","[11.5, 23.0, 34.5, 46.0, 57.5, 69.5]",0,0,0.25
synthetic_equal4_4_4V,equal4,4,20019,4.0,11.520000457763672,C,0,0.0001,013020B2AD902547086002542CBB21F7F3D6B42E3F689C4D6DA91B30DF96ABF2,0.125442514882009,0.09319385877370788,0.041544606936413514,3.0194656811654568,161,-0.04853930319254489,"[7.0, 18.5, 29.0, 41.0, 52.5, 64.0, 75.5]","[7.0, 18.5, 29.5, 41.0, 52.5, 64.0, 75.5]",0,0,0.07142857142857142,"[10.5, 23.0, 34.0, 46.0, 57.5, 69.5]","[11.5, 23.0, 34.5, 46.0, 57.5, 69.0]",0,0,0.3333333333333333
synthetic_equal4_4_4V,equal4,4,20019,4.0,11.520000457763672,d1,0,0.0,E5F024BAD9A015049A1767E1E9F0DC6E0B26A901169E36DBF7C1A47E888C4833,0.08746439864121044,0.06647108976949029,0.02896684641484345,3.0194656811654568,161,0.010649136786771395,"[7.0, 18.5, 29.0, 41.0, 52.5, 64.0, 75.5]","[7.0, 18.5, 30.0, 41.0, 52.5, 64.0, 75.5]",0,0,0.14285714285714285,"[10.5, 23.0, 34.0, 46.0, 57.5, 69.5]","[11.5, 23.0, 34.5, 46.0, 57.5, 69.0]",0,0,0.3333333333333333
synthetic_equal4_4_4V,equal4,4,20019,4.0,11.520000457763672,g1,0,0.0,55E5FA9C3F50193B0183982FF51390E349D0695E16DF7C0EE05983D19EFC6E5E,0.08679965481988113,0.06482510264494358,0.02874669361579831,3.0194656811654568,161,0.020077737087314453,"[7.0, 18.5, 29.0, 41.0, 52.5, 64.0, 75.5]","[7.0, 18.5, 30.0, 41.0, 52.5, 64.0, 75.5]",0,0,0.14285714285714285,"[10.5, 23.0, 34.0, 46.0, 57.5, 69.5]","[11.5, 23.0, 34.5, 46.0, 57.5, 69.0]",0,0,0.3333333333333333
synthetic_equal4_4_4V,equal4,4,20019,4.0,11.520000457763672,d2,0,0.0,881095655DF1F3694E2E7893C30F662CEC4216D045FAB76B94CC93BB7154D071,0.0865954899040984,0.06475045622661942,0.028679077375926385,3.0194656811654568,161,0.01961431807768965,"[7.0, 18.5, 29.0, 41.0, 52.5, 64.0, 75.5]","[7.0, 18.5, 30.0, 41.0, 52.5, 64.0, 75.5]",0,0,0.14285714285714285,"[10.5, 23.0, 34.0, 46.0, 57.5, 69.5]","[11.5, 23.0, 34.5, 46.0, 57.5, 69.0]",0,0,0.3333333333333333
synthetic_equal4_4_4V,equal4,4,20019,4.0,11.520000457763672,d3,0,0.0,3938D3D1637CAB4CD10601EC9278ABDA8AD71CA9154D3C2AE8D2A1B887894220,0.08661549870690723,0.0647666090622151,0.02868570397974362,3.0194656811654568,161,0.01962228082785649,"[7.0, 18.5, 29.0, 41.0, 52.5, 64.0, 75.5]","[7.0, 18.5, 30.0, 41.0, 52.5, 64.0, 75.5]",0,0,0.14285714285714285,"[10.5, 23.0, 34.0, 46.0, 57.5, 69.5]","[11.5, 23.0, 34.5, 46.0, 57.5, 69.0]",0,0,0.3333333333333333
synthetic_equal4_4_4V,equal4,4,20019,4.0,11.520000457763672,d4,0,0.0,EC85A36A407356A72BFE303176A937A748AFD4C0A4E9DD7A5767C67479D2164B,0.08660337927136452,0.06476696604220718,0.028681690211473855,3.0194656811654568,161,0.019687481552813642,"[7.0, 18.5, 29.0, 41.0, 52.5, 64.0, 75.5]","[7.0, 18.5, 30.0, 41.0, 52.5, 64.0, 75.5]",0,0,0.14285714285714285,"[10.5, 23.0, 34.0, 46.0, 57.5, 69.5]","[11.5, 23.0, 34.5, 46.0, 57.5, 69.0]",0,0,0.3333333333333333
synthetic_equal4_4_4V,equal4,4,20019,4.0,11.520000457763672,h4s,0,0.0,6EBE1CE3471183A89BF7B74F9F7750E6077BFA8E6420C1056F3C706545FBEC88,0.08661822071086482,0.06475807039605118,0.028686605465054273,3.0194656811654568,161,0.019569972175699862,"[7.0, 18.5, 29.0, 41.0, 52.5, 64.0, 75.5]","[7.0, 18.5, 30.0, 41.0, 52.5, 64.0, 75.5]",0,0,0.14285714285714285,"[10.5, 23.0, 34.0, 46.0, 57.5, 69.5]","[11.5, 23.0, 34.5, 46.0, 57.5, 69.0]",0,0,0.3333333333333333
synthetic_equal4_4_4V,equal4,4,20019,4.0,11.520000457763672,equal4,0,0.0,427C31ADECD966C7D979B41BCB9BB6DDC51F72CD33325C0AAADBD1B51B63C070,0.08643291888910813,0.06462625247970084,0.0286252363880972,3.0194656811654568,161,0.019670646989093342,"[7.0, 18.5, 29.0, 41.0, 52.5, 64.0, 75.5]","[7.0, 18.5, 30.0, 41.0, 52.5, 64.0, 75.5]",0,0,0.14285714285714285,"[10.5, 23.0, 34.0, 46.0, 57.5, 69.5]","[11.5, 23.0, 34.5, 46.0, 57.5, 69.0]",0,0,0.3333333333333333
synthetic_equal4_4_6V,equal4,4,20019,6.0,11.529999732971191,H1,0,0.0,D5F98DA7772BA35A1308913E4695D77374C89063F4400F206EAE02E52BFCC85B,0.12678911495559345,0.0972432278513168,0.043615949976379444,2.906943790614605,161,-0.04091557434626988,"[19.0, 29.0, 41.0, 52.0, 64.0, 75.0]","[7.0, 18.5, 29.5, 41.0, 52.5, 64.0, 75.5]",0,1,0.3333333333333333,"[22.5, 34.5, 46.0, 57.5, 69.0]","[11.5, 23.0, 34.5, 46.5, 58.0, 69.5]",0,1,0.4
synthetic_equal4_4_6V,equal4,4,20019,6.0,11.529999732971191,G1,0,0.0,5669FBE8AA162A147A002A6C5A0BD4158642BA637E804E3D29BE6CDEDA94F9E0,0.12754035178473083,0.09792663113023184,0.04387437837515442,2.906943790614605,161,-0.041861273325193,"[19.0, 29.0, 41.0, 52.0, 64.0, 75.0]","[7.0, 18.5, 29.5, 41.0, 52.5, 64.0, 75.5]",0,1,0.3333333333333333,"[22.5, 34.5, 46.0, 57.5, 69.0]","[11.5, 23.0, 34.5, 46.5, 58.0, 69.5]",0,1,0.4
synthetic_equal4_4_6V,equal4,4,20019,6.0,11.529999732971191,C,0,0.0001,C6621EA59D555825B0B4E5567639FDA875C21906DD2A2A4F2F1B0C1ED6E90F1F,0.16757068154648253,0.1235952780159734,0.05764496791699355,2.906943790614605,161,-0.031546765996247346,"[19.0, 29.0, 41.0, 52.0, 64.0, 75.0]","[7.0, 18.5, 29.5, 41.0, 52.5, 64.0, 75.5]",0,1,0.3333333333333333,"[22.5, 34.5, 46.0, 57.5, 69.0]","[11.5, 23.0, 34.5, 46.0, 57.5, 69.5]",0,1,0.2
synthetic_equal4_4_6V,equal4,4,20019,6.0,11.529999732971191,d1,0,0.0,2170A1ADF9AAE75F3709CA8117C58B9DD9B3E0785D2CD50A521310BD39C3F3F8,0.13202672079598343,0.10122775004147003,0.04541770681024055,2.906943790614605,161,0.04154478490167523,"[19.0, 29.0, 41.0, 52.0, 64.0, 75.0]","[7.0, 18.5, 30.0, 41.0, 52.5, 64.0, 75.5]",0,1,0.4166666666666667,"[22.5, 34.5, 46.0, 57.5, 69.0]","[11.5, 23.0, 34.5, 46.0, 57.5, 69.5]",0,1,0.2
synthetic_equal4_4_6V,equal4,4,20019,6.0,11.529999732971191,g1,0,0.0,334BC4594F4479D43141019C98CA690CCEAD91C117B20E35EB5DDF9C9968D98B,0.13317215979302646,0.10233313129833026,0.045811742292020834,2.906943790614605,161,0.04708659243972405,"[19.0, 29.0, 41.0, 52.0, 64.0, 75.0]","[7.0, 18.5, 30.0, 41.0, 52.5, 64.0, 75.5]",0,1,0.4166666666666667,"[22.5, 34.5, 46.0, 57.5, 69.0]","[11.5, 23.0, 34.5, 46.0, 57.5, 69.5]",0,1,0.2
synthetic_equal4_4_6V,equal4,4,20019,6.0,11.529999732971191,d2,0,0.0,480D24CF303667D85835E33869D6C9A48F24D6141F3A4988E20510FA6C896A38,0.132936195064363,0.10211880431041954,0.045730569505183574,2.906943790614605,161,0.04744650779858879,"[19.0, 29.0, 41.0, 52.0, 64.0, 75.0]","[7.0, 18.5, 30.0, 41.0, 52.5, 64.0, 75.5]",0,1,0.4166666666666667,"[22.5, 34.5, 46.0, 57.5, 69.0]","[11.5, 23.0, 34.5, 46.0, 57.5, 69.5]",0,1,0.2
synthetic_equal4_4_6V,equal4,4,20019,6.0,11.529999732971191,d3,0,0.0,237270C9C331EB896FEA1E4C06810DFF34EBC6FB261636D188EC0264C3726807,0.1329463412564529,0.10213963888724398,0.04573405983482898,2.906943790614605,161,0.04743608732863983,"[19.0, 29.0, 41.0, 52.0, 64.0, 75.0]","[7.0, 18.5, 30.0, 41.0, 52.5, 64.0, 75.5]",0,1,0.4166666666666667,"[22.5, 34.5, 46.0, 57.5, 69.0]","[11.5, 23.0, 34.5, 46.0, 57.5, 69.5]",0,1,0.2
synthetic_equal4_4_6V,equal4,4,20019,6.0,11.529999732971191,d4,0,0.0,D3C34A5EBEB0F68DF7A898AD874B47311CB02B2829043D9ED7ABF261826F6118,0.1329661128063777,0.10216115028684183,0.045740861325105,2.906943790614605,161,0.04741662270996882,"[19.0, 29.0, 41.0, 52.0, 64.0, 75.0]","[7.0, 18.5, 30.0, 41.0, 52.5, 64.0, 75.5]",0,1,0.4166666666666667,"[22.5, 34.5, 46.0, 57.5, 69.0]","[11.5, 23.0, 34.5, 46.0, 57.5, 69.5]",0,1,0.2
synthetic_equal4_4_6V,equal4,4,20019,6.0,11.529999732971191,h4s,0,0.0,DFFBA343798264C263F73F3AA67824E61811DCE694BC8CA6D0CFDA99F2E44E4A,0.13290081992951183,0.10211110848540104,0.04571840032084455,2.906943790614605,161,0.04743379916741241,"[19.0, 29.0, 41.0, 52.0, 64.0, 75.0]","[7.0, 18.5, 30.0, 41.0, 52.5, 64.0, 75.5]",0,1,0.4166666666666667,"[22.5, 34.5, 46.0, 57.5, 69.0]","[11.5, 23.0, 34.5, 46.0, 57.5, 69.5]",0,1,0.2
synthetic_equal4_4_6V,equal4,4,20019,6.0,11.529999732971191,equal4,0,0.0,1EC92AA9EECD111BEA5BB1622FCB9A532A827DD4586AA979C32FD9B8A24F768F,0.1329208484371375,0.10213004240060444,0.045725290205571714,2.906943790614605,161,0.04745685292974762,"[19.0, 29.0, 41.0, 52.0, 64.0, 75.0]","[7.0, 18.5, 30.0, 41.0, 52.5, 64.0, 75.5]",0,1,0.4166666666666667,"[22.5, 34.5, 46.0, 57.5, 69.0]","[11.5, 23.0, 34.5, 46.0, 57.5, 69.5]",0,1,0.2
synthetic_equal4_4_8V,equal4,4,20019,8.0,11.529999732971191,H1,0,0.0,6B539019868DB889C1F58A0E3E4B1C3595BC7A047DAF20D5B5706F64BBBAB955,0.16159722105057517,0.1246948772752137,0.054243300915289984,2.9791184961795807,161,-0.02761764273695324,"[6.5, 19.0, 29.0, 40.5, 52.5, 64.0, 75.5]","[18.5, 29.5, 41.0, 52.5, 64.0, 75.5]",1,0,0.25,"[12.0, 23.0, 34.5, 45.5, 58.0, 70.0]","[23.0, 34.5, 46.0, 57.5, 69.5]",1,0,0.3
synthetic_equal4_4_8V,equal4,4,20019,8.0,11.529999732971191,G1,0,0.0,9973617318842383DCC0BC21AA3AE0E5574123F84FFE7F58360C0B0D90721832,0.1617229333887138,0.12505591125082896,0.054285498746057655,2.9791184961795807,161,-0.028858123046363364,"[6.5, 19.0, 29.0, 40.5, 52.5, 64.0, 75.5]","[18.5, 29.5, 41.0, 52.5, 64.0, 75.5]",1,0,0.25,"[12.0, 23.0, 34.5, 45.5, 58.0, 70.0]","[23.0, 34.5, 46.0, 57.5, 69.5]",1,0,0.3
synthetic_equal4_4_8V,equal4,4,20019,8.0,11.529999732971191,C,0,0.0001,1427CC3071C2313D719C08E150AD2804AC4F12F692CE87A5ABB9D5062286854D,0.20691109436515595,0.16650054720664245,0.0694537980380769,2.9791184961795807,161,-0.012618652515992614,"[6.5, 19.0, 29.0, 40.5, 52.5, 64.0, 75.5]","[7.0, 18.5, 30.0, 41.0, 52.0, 64.0, 75.5]",0,0,0.42857142857142855,"[12.0, 23.0, 34.5, 45.5, 58.0, 70.0]","[11.5, 23.0, 34.5, 46.0, 57.5, 69.0]",0,0,0.4166666666666667
synthetic_equal4_4_8V,equal4,4,20019,8.0,11.529999732971191,d1,0,0.0,FAD3E5937D65D04062BB1CC95127C3B4B60C80C3CC331730AECBA59D5E68C58C,0.17431227717746003,0.13152070919641798,0.0585113607938046,2.9791184961795807,161,0.04194528857095641,"[6.5, 19.0, 29.0, 40.5, 52.5, 64.0, 75.5]","[7.0, 18.5, 30.0, 41.0, 52.5, 64.0, 75.5]",0,0,0.35714285714285715,"[12.0, 23.0, 34.5, 45.5, 58.0, 70.0]","[11.5, 23.0, 34.5, 46.0, 57.5, 69.0]",0,0,0.4166666666666667
synthetic_equal4_4_8V,equal4,4,20019,8.0,11.529999732971191,g1,0,0.0,55C6BB4CF7BB7215264D64B7AD601724EF083BBF9D988A555A01D76D5FE5EDA9,0.1756961962728826,0.13147624336784672,0.05897590058877996,2.9791184961795807,161,0.049656680374412066,"[6.5, 19.0, 29.0, 40.5, 52.5, 64.0, 75.5]","[7.0, 18.5, 30.0, 41.0, 52.5, 64.0, 75.5]",0,0,0.35714285714285715,"[12.0, 23.0, 34.5, 45.5, 58.0, 70.0]","[11.5, 23.0, 34.5, 46.0, 57.5, 69.0]",0,0,0.4166666666666667
synthetic_equal4_4_8V,equal4,4,20019,8.0,11.529999732971191,d2,0,0.0,D7B03BEA40E3F3659F0803ED81E188D3560B084597B9F4406215E5B500DECFE1,0.1759104588684605,0.13148731025664703,0.05904782206348889,2.9791184961795807,161,0.05158959130137603,"[6.5, 19.0, 29.0, 40.5, 52.5, 64.0, 75.5]","[7.0, 18.5, 30.0, 41.0, 52.5, 64.0, 75.5]",0,0,0.35714285714285715,"[12.0, 23.0, 34.5, 45.5, 58.0, 70.0]","[11.5, 23.0, 34.5, 46.0, 57.5, 69.0]",0,0,0.4166666666666667
synthetic_equal4_4_8V,equal4,4,20019,8.0,11.529999732971191,d3,0,0.0,68ABBDAFCB9D11B3B4BA3F7A5A4C841A272B935CE1C708F5376D4EBFC6944456,0.17590913680110634,0.13149060910532934,0.05904737828545326,2.9791184961795807,161,0.051561121059500656,"[6.5, 19.0, 29.0, 40.5, 52.5, 64.0, 75.5]","[7.0, 18.5, 30.0, 41.0, 52.5, 64.0, 75.5]",0,0,0.35714285714285715,"[12.0, 23.0, 34.5, 45.5, 58.0, 70.0]","[11.5, 23.0, 34.5, 46.0, 57.5, 69.0]",0,0,0.4166666666666667
synthetic_equal4_4_8V,equal4,4,20019,8.0,11.529999732971191,d4,0,0.0,833867BC78B7B9CBD6BFA58853B75517238C1F14674A0EA1B1EE9E7372AB8F5D,0.17589234916750773,0.13148175887994884,0.059041743184459414,2.9791184961795807,161,0.051527238919498015,"[6.5, 19.0, 29.0, 40.5, 52.5, 64.0, 75.5]","[7.0, 18.5, 30.0, 41.0, 52.5, 64.0, 75.5]",0,0,0.35714285714285715,"[12.0, 23.0, 34.5, 45.5, 58.0, 70.0]","[11.5, 23.0, 34.5, 46.0, 57.5, 69.0]",0,0,0.4166666666666667
synthetic_equal4_4_8V,equal4,4,20019,8.0,11.529999732971191,h4s,0,0.0,E8C8F86F50624B8709EAB3414B7BB711C15D16FBFCAE78274AB40A42543B5856,0.17570587215914332,0.1314123694478355,0.05897914849122934,2.9791184961795807,161,0.05050915363967789,"[6.5, 19.0, 29.0, 40.5, 52.5, 64.0, 75.5]","[7.0, 18.5, 30.0, 41.0, 52.5, 64.0, 75.5]",0,0,0.35714285714285715,"[12.0, 23.0, 34.5, 45.5, 58.0, 70.0]","[11.5, 23.0, 34.5, 46.0, 57.5, 69.0]",0,0,0.4166666666666667
synthetic_equal4_4_8V,equal4,4,20019,8.0,11.529999732971191,equal4,0,0.0,6782504BBDEF9E0ED29501D1F67FAB02E08D899D2923C7A0BD424471AF9E7616,0.1756588193448097,0.13139386650938426,0.05896335428418656,2.9791184961795807,161,0.05058515108890415,"[6.5, 19.0, 29.0, 40.5, 52.5, 64.0, 75.5]","[7.0, 18.5, 30.0, 41.0, 52.5, 64.0, 75.5]",0,0,0.35714285714285715,"[12.0, 23.0, 34.5, 45.5, 58.0, 70.0]","[11.5, 23.0, 34.5, 46.0, 57.5, 69.0]",0,0,0.4166666666666667
